,author_image,author_name,current_rating,rev_app_id,review_body,review_date,review_id,review_permalink,review_title
0,https://lh3.googleusercontent.com/a-/AAuE7mDdKpSIt4YmuCb2f9p_ib8V7Q2ATsih_f5gUOBi6A=w48-h48-p-rw, saketh kumar ,5,com.brakefield.idfree,  Good  ,"May 15, 2018",gp:AOqpTOELtKPveixz7g4_2bFlUUedAwWNj1GuiNa3crv04QY4Z48X6F6FXV-hlza9pqmpd_Qg3btAV27dKCbIqQ,/store/apps/details?id=com.brakefield.idfree&reviewId=Z3A6QU9xcFRPRUx0S1B2ZWl4ejdnNF8yYkZsVVVlZEF3V05qMUd1aU5hM2NydjA0UVk0WjQ4WDZGNkZYVi1obHphOXBxbXBkX1FnM2J0QVYyN2RLQ2JJcVE,
1,https://lh3.googleusercontent.com/a-/AAuE7mAc81qAJqI9WbIRM2wEiXhFAaPNQDfk4P46JXfu9w=w48-h48-p-rw, Teresa Rushing ,5,com.brakefield.idfree,  Amazing  ,"May 26, 2018",gp:AOqpTOEqP2JuUcGA_GthaMdc7ILqfYhAt_ZRRxPN9suVlgCv79LsH5GW6cMAm4sNu0fzxXQtnp_xSjpMBS5_hA,/store/apps/details?id=com.brakefield.idfree&reviewId=Z3A6QU9xcFRPRXFQMkp1VWNHQV9HdGhhTWRjN0lMcWZZaEF0X1pSUnhQTjlzdVZsZ0N2NzlMc0g1R1c2Y01BbTRzTnUwZnp4WFF0bnBfeFNqcE1CUzVfaEE,
2,https://lh3.googleusercontent.com/a-/AAuE7mD7EB_nIdRdewrlHTpmPbkPIMr9-JZQr-yv-t8Tyg=w48-h48-p-rw, Chris Hill ,4,com.brakefield.idfree,"  Only decent vector based design app for android. Tons of features if you 
purchase the upgrade package. Haven't encountered any issues on my S8+ or 
my Galaxy tab S3: it's simple enough to use with your fingers and even 
better with an S-pen. Closest thing you'll get to a mobile adobe 
illustrator experience.  ","May 4, 2018",gp:AOqpTOEar93dmLIP2uKmb6SSM-aJyrmiLJYYrKsSwYdCAypBzF4Vol1F0gt0-7fY2AL1C_SQue6twTgNjG0xIQ,/store/apps/details?id=com.brakefield.idfree&reviewId=Z3A6QU9xcFRPRWFyOTNkbUxJUDJ1S21iNlNTTS1hSnlybWlMSllZcktzU3dZZENBeXBCekY0Vm9sMUYwZ3QwLTdmWTJBTDFDX1NRdWU2dHdUZ05qRzB4SVE,
3,https://lh3.googleusercontent.com/a-/AAuE7mCFOJZqEBePdsru2EUROfyvxn_JR8pT5-UDaWmatw=w48-h48-p-rw, Muhammad Noufal ,5,com.brakefield.idfree,"  Awesome apps for art painting. But after some days, this app is not 
working. That tells us to purchase it. It was so bad for me... Please fix 
that problem.  ","May 3, 2018",gp:AOqpTOGBwFJaLYFt6ihBKdqRvDD4Fi_G26ZX8lUpGVFYM0IaTl09ilCYR8YcCP8B70E5ne5Dt-3lO92cW1E-zg,/store/apps/details?id=com.brakefield.idfree&reviewId=Z3A6QU9xcFRPR0J3RkphTFlGdDZpaEJLZHFSdkRENEZpX0cyNlpYOGxVcEdWRllNMElhVGwwOWlsQ1lSOFljQ1A4QjcwRTVuZTVEdC0zbE85MmNXMUUtemc,
4,https://lh3.googleusercontent.com/a-/AAuE7mDvxoO2OOZk7wMvgaIrSrmD-K87US2mRj9GwqqJDg=w48-h48-p-rw, kishore kajare ,4,com.brakefield.idfree,"  Best vector design app on android.. just one thing needed is ""stroke 
stabilisation"". This feature must be added for calligraphy designers.. 
kindly add soon.. then it will become masterpiece  ","May 3, 2018",gp:AOqpTOHkidVtKddiJ-QDlwmtkWRgKc8Xckvib9T10dEOYL-i6_fKEaVCnGqpgW2BEiII-yLo91fFD8voQSWovg,/store/apps/details?id=com.brakefield.idfree&reviewId=Z3A6QU9xcFRPSGtpZFZ0S2RkaUotUURsd210a1dSZ0tjOFhja3ZpYjlUMTBkRU9ZTC1pNl9mS0VhVkNuR3FwZ1cyQkVpSUkteUxvOTFmRkQ4dm9RU1dvdmc,
5,https://lh6.googleusercontent.com/-ZNFP1YdnooQ/AAAAAAAAAAI/AAAAAAAAAAA/ACHi3re9LoaMIr25DE-2fxX8EaK_nziWGQ/w48-h48-p-rw/photo.jpg, John Carlo Diaz ,3,com.brakefield.idfree,"  So i have this problem that after i save my work then importing it again it 
messed up some of the lines are connecting to each other its just like 
after you make this line ""("" it will become like this ""()"" is there 
anything solution for that? I want to upgrade the app because it has pen 
tool that helps a lot. Please feedback.  ","April 30, 2018",gp:AOqpTOHqKpI7TubrXZkgnOPmT_Pp2yaOJWG_1FbUGvD9Lg9P7inKWLDf58S4tjgBc8bzxoL09T0O5v09ZXOPvA,/store/apps/details?id=com.brakefield.idfree&reviewId=Z3A6QU9xcFRPSHFLcEk3VHViclhaa2duT1BtVF9QcDJ5YU9KV0dfMUZiVUd2RDlMZzlQN2luS1dMRGY1OFM0dGpnQmM4Ynp4b0wwOVQwTzV2MDlaWE9QdkE,
6,https://lh4.googleusercontent.com/-ZqS6Sm5qEKM/AAAAAAAAAAI/AAAAAAAAAAA/ACHi3rcmVxi-Oa-Mrdw1yUibdeRvHRrHiA/w48-h48-p-rw/photo.jpg, Duc Yam ,5,com.brakefield.idfree,"  Nice app for making designs. It may be hard to understand first about its 
use but later on you'll get used to it. You can watch youtube for guides.  ","May 3, 2018",gp:AOqpTOEMTbkET9y9IV3BKHayuGfEEnvcQccXSBJRbt97Q84sgacG3c0EUI8Solo4bn2ZWkHxb7bh-5I8tj6xfg,/store/apps/details?id=com.brakefield.idfree&reviewId=Z3A6QU9xcFRPRU1UYmtFVDl5OUlWM0JLSGF5dUdmRUVudmNRY2NYU0JKUmJ0OTdRODRzZ2FjRzNjMEVVSThTb2xvNGJuMlpXa0h4YjdiaC01STh0ajZ4Zmc,
7,https://lh3.googleusercontent.com/a-/AAuE7mAld_AsvIoFLwBiLpMNAhrfT03HXjQc5SSFloJH=w48-h48-p-rw, Snook Snook ,2,com.brakefield.idfree,"  You need to fix the symmetry tool its very wonky when zoomin in & out or 
when hitting the undo & redo the vector lines get destroyed  ","April 26, 2018",gp:AOqpTOGA7QDDhD1-4QUvmhweB4u19ft17BZ_bpuV3kGKdcS9DjWCsmaZmnaHcskdVtFL39dawPNSV72nz1iFpQ,/store/apps/details?id=com.brakefield.idfree&reviewId=Z3A6QU9xcFRPR0E3UUREaEQxLTRRVXZtaHdlQjR1MTlmdDE3QlpfYnB1VjNrR0tkY1M5RGpXQ3NtYVptbmFIY3NrZFZ0RkwzOWRhd1BOU1Y3Mm56MWlGcFE,
8,https://lh3.googleusercontent.com/a-/AAuE7mDl0Z3XtMU3gGfWqPPb0dppD4fK2fpFKPOe3cKfYg=w48-h48-p-rw, Kvng Peth ,5,com.brakefield.idfree,"  I really love the new brush you added.... Please add more. To forget to add 
layer blending mode.  ","April 26, 2018",gp:AOqpTOGB67a_VNMZPYgT_5mLV4aUHvaueOGJdlYZhp_AS4f-vdC7_Rt_sOTi-cJW25jA3WbQ5G5kUcbkPMA0xA,/store/apps/details?id=com.brakefield.idfree&reviewId=Z3A6QU9xcFRPR0I2N2FfVk5NWlBZZ1RfNW1MVjRhVUh2YXVlT0dKZGxZWmhwX0FTNGYtdmRDN19SdF9zT1RpLWNKVzI1akEzV2JRNUc1a1VjYmtQTUEweEE,
9,https://lh4.googleusercontent.com/-5E7c0vkhnwo/AAAAAAAAAAI/AAAAAAAAAAA/Eq1IxEb6_Pk/w48-h48-p-rw/photo.jpg, ,4,com.brakefield.idfree,"  same problem about lines using Pen tool after saving projects, the lines 
become messy when opening save projects.  ","May 3, 2018",gp:AOqpTOGV_ILPVpw3HwMaIcWWa37f3vaPzy_rTXQVjPsqBBKpmBSXGIzSqbck_oLN9j4zOEN6TgxOKUdyT2qvuA,/store/apps/details?id=com.brakefield.idfree&reviewId=Z3A6QU9xcFRPR1ZfSUxQVnB3M0h3TWFJY1dXYTM3ZjN2YVB6eV9yVFhRVmpQc3FCQktwbUJTWEdJelNxYmNrX29MTjlqNHpPRU42VGd4T0tVZHlUMnF2dUE,
10,https://lh3.googleusercontent.com/a-/AAuE7mDvLrPz1KWWanv1jBCSDVn1Xa7NtUSpKQxXPJX8ag=w48-h48-p-rw, Kaan Burak ÇAKIROĞLU ,5,com.brakefield.idfree,"  Wow! I sent an e-mail for improvement, they've updated within a week. Thanks  ","April 28, 2018",gp:AOqpTOHEueTiNl-lbDqivKE_ojYqEwCQvU4fswZQrHmT8zlBnaS-I9yqolSRcm8dnMEMljH2ku04xHyZn44UrQ,/store/apps/details?id=com.brakefield.idfree&reviewId=Z3A6QU9xcFRPSEV1ZVRpTmwtbGJEcWl2S0Vfb2pZcUV3Q1F2VTRmc3daUXJIbVQ4emxCbmFTLUk5eXFvbFNSY204ZG5NRU1sakgya3UwNHhIeVpuNDRVclE,
11,https://lh3.googleusercontent.com/a-/AAuE7mA0S8Qz6Gjaf20hTR76HfPTvI120RdfkzNWPOtYWA=w48-h48-p-rw, ajay dhiman ,4,com.brakefield.idfree,"  There is one problem...when i reduce the opacity of a layer and save it 
into png.. then the layer in which i reduced the opacity don't show in photo  ","May 11, 2018",gp:AOqpTOHxvwP2wS8dvuzbNM8pzqjD4QHfYkrxPvkRNZhn9TsQ6g3z3BqLvHVAY6-WB_5eV1RPOd9VthFTSZzISA,/store/apps/details?id=com.brakefield.idfree&reviewId=Z3A6QU9xcFRPSHh2d1Ayd1M4ZHZ1emJOTThwenFqRDRRSGZZa3J4UHZrUk5aaG45VHNRNmczejNCcUx2SFZBWTYtV0JfNWVWMVJQT2Q5VnRoRlRTWnpJU0E,
12,https://lh3.googleusercontent.com/-CrCS4ILqv3A/AAAAAAAAAAI/AAAAAAAAAAA/UFQ0WZU7Jdw/w48-h48-p-rw/photo.jpg, ,4,com.brakefield.idfree,"  Its a great art app on the go...just had one problem when i reduced the 
canvass to not infinite and the lines i would draw freehandes would come 
out weird, not straight and that was disappointing.  ","May 7, 2018",gp:AOqpTOGYnfsnKqiRzdt0gzq0Oc4HNRYyfAeHbNrDAZIic_p9zfDhlYHfnUt_llBarzcAsru5UcifHUZuYa1bng,/store/apps/details?id=com.brakefield.idfree&reviewId=Z3A6QU9xcFRPR1luZnNuS3FpUnpkdDBnenEwT2M0SE5SWXlmQWVIYk5yREFaSWljX3A5emZEaGxZSGZuVXRfbGxCYXJ6Y0FzcnU1VWNpZkhVWnVZYTFibmc,
13,https://lh6.googleusercontent.com/-MEXXi9SRdMQ/AAAAAAAAAAI/AAAAAAAAAAA/ACHi3rdgOcRI2UNLrXPMdJgy97QZWU5RQw/w48-h48-p-rw/photo.jpg, kenneth sonesen ,4,com.brakefield.idfree,  It kept on freezing when loading... Other than that its really great  ,"May 5, 2018",gp:AOqpTOF-tcBXKCZtElVb2qoRl0GBLh_Iyndzn2q5Z4cZtIt9aKycfpIuO_b9iWxrgslckvRuBzcnXbZCUByUuw,/store/apps/details?id=com.brakefield.idfree&reviewId=Z3A6QU9xcFRPRi10Y0JYS0NadEVsVmIycW9SbDBHQkxoX0l5bmR6bjJxNVo0Y1p0SXQ5YUt5Y2ZwSXVPX2I5aVd4cmdzbGNrdlJ1QnpjblhiWkNVQnlVdXc,
14,https://lh3.googleusercontent.com/-IaiQJHn0w34/AAAAAAAAAAI/AAAAAAAAAAA/ACHi3rc6lR8_b5ECnZRJqdDxIklRFIqHPQ/w48-h48-p-rw/photo.jpg, crazy moe ,4,com.brakefield.idfree,"  one of the best app in its catogary but it need some improvements like the 
fill opition its ridiculous how its complicated to color the interior of 
the shapes -_-  ","April 30, 2018",gp:AOqpTOEriZ_I_RryuJ-eD5BRmPnJBpscuLNzNAr0DQvxMHte3nbK7bax1E2blMrS3g7K7re7ap5Agpq00mLiuQ,/store/apps/details?id=com.brakefield.idfree&reviewId=Z3A6QU9xcFRPRXJpWl9JX1JyeXVKLWVENUJSbVBuSkJwc2N1TE56TkFyMERRdnhNSHRlM25iSzdiYXgxRTJibE1yUzNnN0s3cmU3YXA1QWdwcTAwbUxpdVE,
15,https://lh3.googleusercontent.com/a-/AAuE7mCs0Wd-Y2-ro9cEhehkF3Ea3PfGGfTteGETAdVS0Bo=w48-h48-p-rw, Fernando Buzi ,4,com.brakefield.idfree,"  Easy to use, with a lot of cool features. Missing a few features for a 5* 
rating, but it was worth my money as is.  ","May 3, 2018",gp:AOqpTOHZXRNAOlNIyjiPDY-Ihu760LLvtGAuYeTF8rO9n3Q8B2Kvm8aXa-lWspX4VLQr0cqiROuvHAFXsWjQjA,/store/apps/details?id=com.brakefield.idfree&reviewId=Z3A6QU9xcFRPSFpYUk5BT2xOSXlqaVBEWS1JaHU3NjBMTHZ0R0F1WWVURjhyTzluM1E4QjJLdm04YVhhLWxXc3BYNFZMUXIwY3FpUk91dkhBRlhzV2pRakE,
16,https://lh3.googleusercontent.com/a-/AAuE7mAW8ytSz6ljSfCsxJdVUNQ5w79QrmpwJskSGpLftQE=w48-h48-p-rw, ,2,com.brakefield.idfree,"  The brushes stop painting, after a couple of strokes it just doesn't work 
and doesn't save the changes  ","May 5, 2018",gp:AOqpTOE6juUZp37sp6bs7v4wimISNWBQTDDzsm9qUb2YrcPZgGeWUeLZ4UG-GlykY-UTnOaXjQ_PFD8BnNd0eA,/store/apps/details?id=com.brakefield.idfree&reviewId=Z3A6QU9xcFRPRTZqdVVacDM3c3A2YnM3djR3aW1JU05XQlFURER6c205cVViMllyY1BaZ0dlV1VlTFo0VUctR2x5a1ktVVRuT2FYalFfUEZEOEJuTmQwZUE,
17,https://lh6.googleusercontent.com/-jFAlE9R4IwU/AAAAAAAAAAI/AAAAAAAAAAA/ACHi3reAdsgfAJocOUvZNoTznmVbO2xtfQ/w48-h48-p-rw/photo.jpg, Ruslan Gopkalo ,5,com.brakefield.idfree,  Best APP if you need to make vector images and export them to Illustrator or SketchApp.  ,"May 9, 2018",gp:AOqpTOH8o1lpPphO5yED6k8jZ0xg63OE2cY1tkZicYrs6I4qSPOP7hYaMmVp4_ckS5nKxi7lxUqTfmJCpKn3Ig,/store/apps/details?id=com.brakefield.idfree&reviewId=Z3A6QU9xcFRPSDhvMWxwUHBoTzV5RUQ2azhqWjB4ZzYzT0UyY1kxdGtaaWNZcnM2STRxU1BPUDdoWWFNbVZwNF9ja1M1bkt4aTdseFVxVGZtSkNwS24zSWc,
18,https://lh3.googleusercontent.com/a-/AAuE7mD4RBUpQacC52REMzgdvIb2k59SqTi2cCUl8lJUJA=w48-h48-p-rw, Rahul Raju ,4,com.brakefield.idfree,"  An awesome vector grapgics app.Got almost every tools offered by adobe 
illustrator.  ","May 12, 2018",gp:AOqpTOGh9GaXMTV8-DO7Y-Zo_Dh2KiP9pBUox6kv-Ny6u-dfnatni-iyxsfHQwuJshmyTyRTNCFDZjl2T_Qf4A,/store/apps/details?id=com.brakefield.idfree&reviewId=Z3A6QU9xcFRPR2g5R2FYTVRWOC1ETzdZLVpvX0RoMktpUDlwQlVveDZrdi1OeTZ1LWRmbmF0bmktaXl4c2ZIUXd1SnNobXlUeVJUTkNGRFpqbDJUX1FmNEE,
19,https://lh3.googleusercontent.com/a-/AAuE7mDT_jCSoZwfZ4XJwzqnHmtfCEfK76Gwd23pUYSb=w48-h48-p-rw, Johnpaul Mora ,3,com.brakefield.idfree,  Please fix some bugs in this app  ,"May 2, 2018",gp:AOqpTOFTqKuB4z4ptZkAtBKDrXtkHvznovqki0FCBOlrpEnFyjwVHjwGq3bFnJiKI-hqHZwFWrioaxL-fuiDxA,/store/apps/details?id=com.brakefield.idfree&reviewId=Z3A6QU9xcFRPRlRxS3VCNHo0cHRaa0F0QktEclh0a0h2em5vdnFraTBGQ0JPbHJwRW5GeWp3Vkhqd0dxM2JGbkppS0ktaHFIWndGV3Jpb2F4TC1mdWlEeEE,
20,https://lh3.googleusercontent.com/a-/AAuE7mBLDFBeEbYB782Nm0iSMGu5XY5URQX3DSVfBgbn=w48-h48-p-rw, ,4,com.brakefield.idfree,  it is very useful i have drawn my own picture and set as profile  ,"May 4, 2018",gp:AOqpTOH69PSvfgAtWkcIDEsHP_-mITIrY9E8WMhwi25TQvl_7h1HBTtZyJB1Hv23fyPROVM8pVdHGPJ_pB1p3Q,/store/apps/details?id=com.brakefield.idfree&reviewId=Z3A6QU9xcFRPSDY5UFN2ZmdBdFdrY0lERXNIUF8tbUlUSXJZOUU4V01od2kyNVRRdmxfN2gxSEJUdFp5SkIxSHYyM2Z5UFJPVk04cFZkSEdQSl9wQjFwM1E,
21,https://lh3.googleusercontent.com/a-/AAuE7mBbQJcELCtbms-gNYkyM0p_KHxWlKM_fQs2p1ViXA=w48-h48-p-rw, Shakti Editor ,5,com.brakefield.idfree,  Super se Upar  ,"May 4, 2018",gp:AOqpTOF7hf0sU10SghfAVGLMZpuLS9z_04Od4sGg7LKbNUxxy1OtJ25QXUTm6WMdbg6AIEPJ9qxUOFwOgfo2ig,/store/apps/details?id=com.brakefield.idfree&reviewId=Z3A6QU9xcFRPRjdoZjBzVTEwU2doZkFWR0xNWnB1TFM5el8wNE9kNHNHZzdMS2JOVXh4eTFPdEoyNVFYVVRtNldNZGJnNkFJRVBKOXF4VU9Gd09nZm8yaWc,
22,https://lh3.googleusercontent.com/a-/AAuE7mDRL5KOSlliqzGoHFj-VdNqWV7aDoUuhUywUI90UQ=w48-h48-p-rw, Rap Joey Rap ,5,com.brakefield.idfree,  I want to buy it  ,"May 9, 2018",gp:AOqpTOHOj9q9NAfyAL30-6SKmrPflayg6zbZ5gO9Xdz0F1oDCpJtTOB59w-2QQ87JndkLrjFlrdWZ4RyrC6TNQ,/store/apps/details?id=com.brakefield.idfree&reviewId=Z3A6QU9xcFRPSE9qOXE5TkFmeUFMMzAtNlNLbXJQZmxheWc2emJaNWdPOVhkejBGMW9EQ3BKdFRPQjU5dy0yUVE4N0puZGtMcmpGbHJkV1o0UnlyQzZUTlE,
23,https://lh3.googleusercontent.com/a-/AAuE7mAhi-iSI8PcwzQE6k7mKho59vkUzSnnL487VjkwnA=w48-h48-p-rw, AndroGamer ,5,com.brakefield.idfree,  Thank for made this app  ,"June 18, 2018",gp:AOqpTOGPdET2wA2UzWPomHlzX2U97_SEpaizaeuE6sJHwvn-roFgEgG9Be4SPIbFv5eJmSwRqgtb5bUHr5W9ug,/store/apps/details?id=com.brakefield.idfree&reviewId=Z3A6QU9xcFRPR1BkRVQyd0EyVXpXUG9tSGx6WDJVOTdfU0VwYWl6YWV1RTZzSkh3dm4tcm9GZ0VnRzlCZTRTUEliRnY1ZUptU3dScWd0YjViVUhyNVc5dWc,
24,https://lh3.googleusercontent.com/a-/AAuE7mBN3CA79Ao3bGLw2vJtSWoUi5lbYQ8UPTZYNCk_5g=w48-h48-p-rw, Sidhu Moose Wala ,5,com.brakefield.idfree,  Best ever app to make vector image.  ,"June 9, 2018",gp:AOqpTOFWjGD7JvhH5Op_yrYqESCE1cKkmrg6SrD3NdwVtodxg-9rfUYNh_1WcsEgCgs9pkkfySyOKeZaA57JVw,/store/apps/details?id=com.brakefield.idfree&reviewId=Z3A6QU9xcFRPRldqR0Q3SnZoSDVPcF95cllxRVNDRTFjS2ttcmc2U3JEM05kd1Z0b2R4Zy05cmZVWU5oXzFXY3NFZ0Nnczlwa2tmeVN5T0tlWmFBNTdKVnc,
25,https://lh3.googleusercontent.com/-NNnivO65ATc/AAAAAAAAAAI/AAAAAAAAAAA/ACHi3rf8yP6dP8fPg1i3X1CvSXGZ1T8eLg/w48-h48-p-rw/photo.jpg, Kapila Hazelett ,5,com.brakefield.idfree,  Definitely best in class in my opinion.  ,"May 12, 2018",gp:AOqpTOEnOse_DdreD_LG03ZsPWBe6b5Yk6QK48KeDGfTF-KKJxJboFiSwTWBAxBd_UYf5jV8a7dPvcnlYukRlg,/store/apps/details?id=com.brakefield.idfree&reviewId=Z3A6QU9xcFRPRW5Pc2VfRGRyZURfTEcwM1pzUFdCZTZiNVlrNlFLNDhLZURHZlRGLUtLSnhKYm9GaVN3VFdCQXhCZF9VWWY1alY4YTdkUHZjbmxZdWtSbGc,
26,https://lh3.googleusercontent.com/a-/AAuE7mBPQ0ozTcHQR8JMRvOVOdaW6GO87TTn-Hb4JGNJbA=w48-h48-p-rw, ABHI NANDH ,4,com.brakefield.idfree,  Good app for improving our talent  ,"May 13, 2018",gp:AOqpTOHv1-pvTX65A3mgMnZUewBTfN_xpgx66KgVrIghrEId5yZDlKsIK_q3lGYinVdGqgB_RhicICbGUFr3Fg,/store/apps/details?id=com.brakefield.idfree&reviewId=Z3A6QU9xcFRPSHYxLXB2VFg2NUEzbWdNblpVZXdCVGZOX3hwZ3g2NktnVnJJZ2hyRUlkNXlaRGxLc0lLX3EzbEdZaW5WZEdxZ0JfUmhpY0lDYkdVRnIzRmc,
27,https://lh3.googleusercontent.com/a-/AAuE7mB5_f93bMGcroe990q3sH3aL2LlScaNarte-B7CTw=w48-h48-p-rw, Hammad Samaa ,1,com.brakefield.idfree,  Worst app  ,"April 30, 2018",gp:AOqpTOFJxaxOaW615p_VC0iHmaoVXxmHB7IcTsziYNuQalb2utBNlxGCTwPxVB1RYRG-nKzo9AG4-e8CJ2SkJw,/store/apps/details?id=com.brakefield.idfree&reviewId=Z3A6QU9xcFRPRkp4YXhPYVc2MTVwX1ZDMGlIbWFvVlh4bUhCN0ljVHN6aVlOdVFhbGIydXRCTmx4R0NUd1B4VkIxUllSRy1uS3pvOUFHNC1lOENKMlNrSnc,
28,https://lh4.googleusercontent.com/-QK8RrV9fi1A/AAAAAAAAAAI/AAAAAAAAAAA/ZwLq8zW_HOM/w48-h48-p-rw/photo.jpg, ,5,com.brakefield.idfree,  Just wowwww  ,"May 8, 2018",gp:AOqpTOEUyOqZd9p0cIQ33WZCeuRa2GwPIEgke4sGrskDS_8-rBhBarOANTrIqm7tH1zNa7mIGPqbC8-qoVjOzA,/store/apps/details?id=com.brakefield.idfree&reviewId=Z3A6QU9xcFRPRVV5T3FaZDlwMGNJUTMzV1pDZXVSYTJHd1BJRWdrZTRzR3Jza0RTXzgtckJoQmFyT0FOVHJJcW03dEgxek5hN21JR1BxYkM4LXFvVmpPekE,
29,https://lh3.googleusercontent.com/a-/AAuE7mDPwzR-a60xC-pbJqsHpg8zXSr-L9n7l8AQ3QHt=w48-h48-p-rw, Hacker Media ,2,com.brakefield.idfree,  Just a app  ,"November 15, 2018",gp:AOqpTOGuysRr-i-sIhdAoH6UVernGF3G9DuofvkIi9eVMXMQbx_qTu6-h8Rvc5WCH-Qdj01wiNIdSJW4cU3qLg,/store/apps/details?id=com.brakefield.idfree&reviewId=Z3A6QU9xcFRPR3V5c1JyLWktc0loZEFvSDZVVmVybkdGM0c5RHVvZnZrSWk5ZVZNWE1RYnhfcVR1Ni1oOFJ2YzVXQ0gtUWRqMDF3aU5JZFNKVzRjVTNxTGc,
30,https://lh3.googleusercontent.com/a-/AAuE7mDZIUGQ9PFVZKRY7qivial5yCL7PYxreKPxvlegPg=w48-h48-p-rw, Muhammad Abdul Azis ,5,com.brakefield.idfree,  This great amazing!  ,"May 15, 2018",gp:AOqpTOFv3EJmvDKgRmi73yOjtp0C6UrEGr5288pAQg3ZSbbsxI-cYwyBmdEXP2ZrVXz34SiedsgwLdWR2J3xuQ,/store/apps/details?id=com.brakefield.idfree&reviewId=Z3A6QU9xcFRPRnYzRUptdkRLZ1JtaTczeU9qdHAwQzZVckVHcjUyODhwQVFnM1pTYmJzeEktY1l3eUJtZEVYUDJaclZYejM0U2llZHNnd0xkV1IySjN4dVE,
31,https://lh6.googleusercontent.com/-wntFwlGAhos/AAAAAAAAAAI/AAAAAAAAAAA/X2yl1-XOK5g/w48-h48-p-rw/photo.jpg, ,5,com.brakefield.idfree,  It is nice to edit in Victor  ,"May 7, 2018",gp:AOqpTOGsZt00EXe9DTCA4SOg0O3YVjut5XjCaG12F8qAipDc_mCDUEyXZjLoBjYrVzettkcmy-Wz1Io49DZXyw,/store/apps/details?id=com.brakefield.idfree&reviewId=Z3A6QU9xcFRPR3NadDAwRVhlOURUQ0E0U09nME8zWVZqdXQ1WGpDYUcxMkY4cUFpcERjX21DRFVFeVhaakxvQmpZclZ6ZXR0a2NteS1XejFJbzQ5RFpYeXc,
32,https://lh3.googleusercontent.com/a-/AAuE7mChXK9qcmv4UjKHnHP4g97lKW_95svy6_FBWxKSSQ=w48-h48-p-rw, ,5,com.brakefield.idfree,  Bindaas  ,"May 7, 2018",gp:AOqpTOGwddwtkYRNi1oWiAKZEvMdew6ZvHchHAamlkhCzFevjO-CcRZX5G0k_Rdais38Pk2gSB39inFLAN8adw,/store/apps/details?id=com.brakefield.idfree&reviewId=Z3A6QU9xcFRPR3dkZHd0a1lSTmkxb1dpQUtaRXZNZGV3Nlp2SGNoSEFhbWxraEN6RmV2ak8tQ2NSWlg1RzBrX1JkYWlzMzhQazJnU0IzOWluRkxBTjhhZHc,
33,https://lh3.googleusercontent.com/a-/AAuE7mDrqIiTH33jM2DXiTRgSpxVYoXbWJ74hxImSwegxA=w48-h48-p-rw, Mighty White ,5,com.brakefield.idfree,  Excellent app. Superb.  ,"April 29, 2018",gp:AOqpTOHW1Wg9665Kp8gZG4BQ8J4FsNwN2whBvXVR86mE5iy9LeNRgoMug7tcRv619EZqihFqS79oTo6CTLhoFQ,/store/apps/details?id=com.brakefield.idfree&reviewId=Z3A6QU9xcFRPSFcxV2c5NjY1S3A4Z1pHNEJROEo0RnNOd04yd2hCdlhWUjg2bUU1aXk5TGVOUmdvTXVnN3RjUnY2MTlFWnFpaEZxUzc5b1RvNkNUTGhvRlE,
34,https://lh3.googleusercontent.com/a-/AAuE7mBj4wQEeInU89GkRsz_utQ1mvv38LnNzAzvwsB0=w48-h48-p-rw, Biswojit Sahoo ,5,com.brakefield.idfree,  Wow very nice  ,"May 5, 2018",gp:AOqpTOEB_JAL9hO0VooPNvLC_4osoG-MHgjSsyDK-3CpXz-7n6WQunEUg0q2Gcc-FULBTK3WeLDU1K6SEoTycw,/store/apps/details?id=com.brakefield.idfree&reviewId=Z3A6QU9xcFRPRUJfSkFMOWhPMFZvb1BOdkxDXzRvc29HLU1IZ2pTc3lESy0zQ3BYei03bjZXUXVuRVVnMHEyR2NjLUZVTEJUSzNXZUxEVTFLNlNFb1R5Y3c,
35,https://lh3.googleusercontent.com/a-/AAuE7mB-bhhGgG6a32fP1I39XL8j8rorsj1xnr3vnOFj5w=w48-h48-p-rw, all in one ,5,com.brakefield.idfree,  Best app in world  ,"May 11, 2018",gp:AOqpTOHvAQrRPMfK_RYuqNE_LxIxxbcP8R-m08lyVjw6mF42Y727-hbSI2FqyLL1cbCC5EBEqWqJ-TdaBAtbhA,/store/apps/details?id=com.brakefield.idfree&reviewId=Z3A6QU9xcFRPSHZBUXJSUE1mS19SWXVxTkVfTHhJeHhiY1A4Ui1tMDhseVZqdzZtRjQyWTcyNy1oYlNJMkZxeUxMMWNiQ0M1RUJFcVdxSi1UZGFCQXRiaEE,
36,https://lh3.googleusercontent.com/a-/AAuE7mDXWFr1iRYjFQRi15RYARNhCFkFPsaUhyiBqPnm=w48-h48-p-rw, ,5,com.brakefield.idfree,  Goood app  ,"May 2, 2018",gp:AOqpTOFewgXeiOaGv-aUD8bK7UygzsW_U_PUrYnPkMBQUFOFPhd9QrFoUVbnni7aEyUOG3LSpGA1EyEDvurXnA,/store/apps/details?id=com.brakefield.idfree&reviewId=Z3A6QU9xcFRPRmV3Z1hlaU9hR3YtYVVEOGJLN1V5Z3pzV19VX1BVclluUGtNQlFVRk9GUGhkOVFyRm9VVmJubmk3YUV5VU9HM0xTcEdBMUV5RUR2dXJYbkE,
37,https://lh3.googleusercontent.com/a-/AAuE7mDk1BSROFPaI_KD-pmf5Yylaga_Eh8V7BqDLowz=w48-h48-p-rw, ,5,com.brakefield.idfree,  Awesome!  ,"May 12, 2018",gp:AOqpTOGbIdx3Mrzlm4dKo23GvKPR_gufW588OmG3_Z0CKMCCKiVpOxb3GJRBEaocRC-m1P0TS3CXGBnDDeiqTQ,/store/apps/details?id=com.brakefield.idfree&reviewId=Z3A6QU9xcFRPR2JJZHgzTXJ6bG00ZEtvMjNHdktQUl9ndWZXNTg4T21HM19aMENLTUNDS2lWcE94YjNHSlJCRWFvY1JDLW0xUDBUUzNDWEdCbkREZWlxVFE,
38,https://lh3.googleusercontent.com/a-/AAuE7mDVJazm697bGoHPZpZXcLcSZLXYbXYVDCc-bz_FTg=w48-h48-p-rw, Aswin Creative Designer ,4,com.brakefield.idfree,  Good app  ,"May 9, 2018",gp:AOqpTOELUQ8OylirfHNZSUv1GuQ5RULGrwHhSmtta2_yC_JxeCuaR4iTTjBEArQFZUOAOKOaIwRgsqFlREPg5g,/store/apps/details?id=com.brakefield.idfree&reviewId=Z3A6QU9xcFRPRUxVUThPeWxpcmZITlpTVXYxR3VRNVJVTEdyd0hoU210dGEyX3lDX0p4ZUN1YVI0aVRUakJFQXJRRlpVT0FPS09hSXdSZ3NxRmxSRVBnNWc,
39,https://lh3.googleusercontent.com/a-/AAuE7mBWvcMOVVqdA5u2dREF1dUoqb8Pfw7Gv2-cOv1S=w48-h48-p-rw, Mohammad Ratul Hossain. ,5,com.brakefield.idfree,  Nice  ,"July 29, 2018",gp:AOqpTOEjzi3Ul7yRESv8BMP_oDQOnJ0yXzTIEopuumQRC2okzt3AGen00CqBxENNdXGErrWobFzWgi10oH5_jg,/store/apps/details?id=com.brakefield.idfree&reviewId=Z3A6QU9xcFRPRWp6aTNVbDd5UkVTdjhCTVBfb0RRT25KMHlYelRJRW9wdXVtUVJDMm9renQzQUdlbjAwQ3FCeEVOTmRYR0VycldvYkZ6V2dpMTBvSDVfamc,
40,https://lh6.googleusercontent.com/-wDECLEP50nw/AAAAAAAAAAI/AAAAAAAAAAA/fkG8EeAb_c8/w48-h48-p-rw/photo.jpg, ,5,com.pixelart.coloringbook.colorbynumber,  It is fun and super super awesome  ,"December 23, 2018",gp:AOqpTOE_wJ3QwFqhZRqFyz3Jxn1BU13ZrfcX9MD1JBcm7Ypv7i8DY7bUcbL2gi0NGrI6Xxaal6-Zk7SdVU8hrg,/store/apps/details?id=com.pixelart.coloringbook.colorbynumber&reviewId=Z3A6QU9xcFRPRV93SjNRd0ZxaFpScUZ5ejNKeG4xQlUxM1pyZmNYOU1EMUpCY203WXB2N2k4RFk3YlVjYkwyZ2kwTkdySTZYeGFhbDYtWms3U2RWVThocmc,
41,https://lh6.googleusercontent.com/-yOc2sZ1YU0E/AAAAAAAAAAI/AAAAAAAAAAA/VmO5mOTsY3E/w48-h48-p-rw/photo.jpg, ,3,com.pixelart.coloringbook.colorbynumber,  i love this app this app is my bff  ,"March 6, 2019",gp:AOqpTOGCBW-URD9Bjwo_Nd_OcEYsS3SdXbyUQqQzca7hKMG-W2W2_rpHXWvagfdQHQH0P6SACFYK-tdNB_tP8Q,/store/apps/details?id=com.pixelart.coloringbook.colorbynumber&reviewId=Z3A6QU9xcFRPR0NCVy1VUkQ5Qmp3b19OZF9PY0VZc1MzU2RYYnlVUXFRemNhN2hLTUctVzJXMl9ycEhYV3ZhZ2ZkUUhRSDBQNlNBQ0ZZSy10ZE5CX3RQOFE,
42,https://lh6.googleusercontent.com/-SScK6ydzq68/AAAAAAAAAAI/AAAAAAAAAAA/Z4tiSADfUbs/w48-h48-p-rw/photo.jpg, ,5,com.pixelart.coloringbook.colorbynumber,  I love this game because the pictures are sooooooooooooo cute ☺☺☺☺☺☺☺  ,"September 30, 2018",gp:AOqpTOGGkTXr-lZ9BBt025zjrdi1SB07Gv2-43g4F1EcEoInTinRx6SY7uFyCUkwCmoMH5FO5jFp7WpL2FtXTQ,/store/apps/details?id=com.pixelart.coloringbook.colorbynumber&reviewId=Z3A6QU9xcFRPR0drVFhyLWxaOUJCdDAyNXpqcmRpMVNCMDdHdjItNDNnNEYxRWNFb0luVGluUng2U1k3dUZ5Q1Vrd0Ntb01INUZPNWpGcDdXcEwyRnRYVFE,
43,https://lh6.googleusercontent.com/-XGzycvdeIxU/AAAAAAAAAAI/AAAAAAAAAAA/RsT7D9vTQrI/w48-h48-p-rw/photo.jpg, ,5,com.pixelart.coloringbook.colorbynumber,  It's so fun!  ,"November 18, 2018",gp:AOqpTOFd_3M_5O2cigtDn9IhFxQBn6t-Pxc_V_5UG1rpxYrIVaez4sPJsJDBO7nRBdeSqNfPxwNqSZ_7r7tMKg,/store/apps/details?id=com.pixelart.coloringbook.colorbynumber&reviewId=Z3A6QU9xcFRPRmRfM01fNU8yY2lndERuOUloRnhRQm42dC1QeGNfVl81VUcxcnB4WXJJVmFlejRzUEpzSkRCTzduUkJkZVNxTmZQeHdOcVNaXzdyN3RNS2c,
44,https://lh4.googleusercontent.com/-Z_TZQgMdSF8/AAAAAAAAAAI/AAAAAAAAAAA/_qZqmveWgO4/w48-h48-p-rw/photo.jpg, ,5,com.pixelart.coloringbook.colorbynumber,  Get it  ,"August 26, 2018",gp:AOqpTOGwC-ZCVdIU0BM2_B-6AD6lC_HnoeELsiHX5Dgd8ZQeIkgqHOXPtpQdYjxhnoRfEwsjY-Fex_j5YhA8dQ,/store/apps/details?id=com.pixelart.coloringbook.colorbynumber&reviewId=Z3A6QU9xcFRPR3dDLVpDVmRJVTBCTTJfQi02QUQ2bENfSG5vZUVMc2lIWDVEZ2Q4WlFlSWtncUhPWFB0cFFkWWp4aG5vUmZFd3NqWS1GZXhfajVZaEE4ZFE,
45,https://lh6.googleusercontent.com/-oAEfH8N2NQw/AAAAAAAAAAI/AAAAAAAAAAA/uxMXHpojEmc/w48-h48-p-rw/photo.jpg, ,5,com.pixelart.coloringbook.colorbynumber,  It's awesome and wonderful  ,"November 6, 2018",gp:AOqpTOGBw2Xa7ibdZnzKd8z0Io1WNA7qSL0G6j46_4tPu5vMejidz0Uz2ZYLzR_dvHO6NeRBXRG07rfIemjXng,/store/apps/details?id=com.pixelart.coloringbook.colorbynumber&reviewId=Z3A6QU9xcFRPR0J3MlhhN2liZFpuektkOHowSW8xV05BN3FTTDBHNmo0Nl80dFB1NXZNZWppZHowVXoyWllMelJfZHZITzZOZVJCWFJHMDdyZkllbWpYbmc,
46,https://lh6.googleusercontent.com/-Tk-EAbLZd_4/AAAAAAAAAAI/AAAAAAAAAAA/ACHi3rcY0hM21LVrHjUyyWITn8hDkpaycg/w48-h48-p-rw/photo.jpg, Lourdes Macias ,5,com.pixelart.coloringbook.colorbynumber,  Good to pass the time.  ,"August 31, 2018",gp:AOqpTOHmAy0JR61o7i8VPLKiuamKVfusZ_T5vAMxoMT54NJhyu-csoGp8t8neB_JKxMANgk5emlQYgIq1m2Wjw,/store/apps/details?id=com.pixelart.coloringbook.colorbynumber&reviewId=Z3A6QU9xcFRPSG1BeTBKUjYxbzdpOFZQTEtpdWFtS1ZmdXNaX1Q1dkFNeG9NVDU0TkpoeXUtY3NvR3A4dDhuZUJfSkt4TUFOZ2s1ZW1sUVlnSXExbTJXanc,
47,https://lh5.googleusercontent.com/-Rc40BMlDNYY/AAAAAAAAAAI/AAAAAAAAAAA/GLvWPIk58VI/w48-h48-p-rw/photo.jpg, ,5,com.pixelart.coloringbook.colorbynumber,  I LOVE IT!!!  ,"October 25, 2018",gp:AOqpTOHCjwPj1Hy0ENMYFb5ANVdH2k_S2C7eVGdQwVkxg_qfAupllpOsZaZ-bar0JZ2TzZUYGATyMG8e3afVxg,/store/apps/details?id=com.pixelart.coloringbook.colorbynumber&reviewId=Z3A6QU9xcFRPSENqd1BqMUh5MEVOTVlGYjVBTlZkSDJrX1MyQzdlVkdkUXdWa3hnX3FmQXVwbGxwT3NaYVotYmFyMEpaMlR6WlVZR0FUeU1HOGUzYWZWeGc,
48,https://lh4.googleusercontent.com/-bmQZDAxmbNA/AAAAAAAAAAI/AAAAAAAAAAA/vbYFOEFo-9c/w48-h48-p-rw/photo.jpg, ,5,com.pixelart.coloringbook.colorbynumber,  Love it very much.  ,"December 13, 2018",gp:AOqpTOGQpHoJ_wHCZUcoaD63w9FQY5EAi7bpxVWwQZxGosrrf1RD0v7mbxW5VXmV_OLnicOqxPUydKIZJsiK2g,/store/apps/details?id=com.pixelart.coloringbook.colorbynumber&reviewId=Z3A6QU9xcFRPR1FwSG9KX3dIQ1pVY29hRDYzdzlGUVk1RUFpN2JweFZXd1FaeEdvc3JyZjFSRDB2N21ieFc1VlhtVl9PTG5pY09xeFBVeWRLSVpKc2lLMmc,
49,https://lh3.googleusercontent.com/a-/AAuE7mAyslSTZb5LYsunFnWi9u3fDSwVRF8nkgOOkiEQ=w48-h48-p-rw, ,5,com.pixelart.coloringbook.colorbynumber,  It's really good  ,"September 19, 2018",gp:AOqpTOGdMvjyOHfWVWg09f1jzI8dAdMMKaxasoLfGIkxnXGO2uF_qwtTMvxFFq5w62DO7JToICJ1d08oAm3sTQ,/store/apps/details?id=com.pixelart.coloringbook.colorbynumber&reviewId=Z3A6QU9xcFRPR2RNdmp5T0hmV1ZXZzA5ZjFqekk4ZEFkTU1LYXhhc29MZkdJa3huWEdPMnVGX3F3dFRNdnhGRnE1dzYyRE83SlRvSUNKMWQwOG9BbTNzVFE,
50,https://lh3.googleusercontent.com/a-/AAuE7mCA232xixi0nrnDTk0N_X-mJuptT4LDfXAUYGR8Qw=w48-h48-p-rw, ,5,com.pixelart.coloringbook.colorbynumber,  It's pretty good  ,"September 29, 2018",gp:AOqpTOEF56unnlPoNpGSAQALkUSxILeypN6goh0PSOGVYsQLVaohlNaC_W0zLdafKvMFBaBwh3PS_qztO_-Itw,/store/apps/details?id=com.pixelart.coloringbook.colorbynumber&reviewId=Z3A6QU9xcFRPRUY1NnVubmxQb05wR1NBUUFMa1VTeElMZXlwTjZnb2gwUFNPR1ZZc1FMVmFvaGxOYUNfVzB6TGRhZkt2TUZCYUJ3aDNQU19xenRPXy1JdHc,
51,https://lh4.googleusercontent.com/-PS66L9ERaYU/AAAAAAAAAAI/AAAAAAAAAAA/bo95Hq85M98/w48-h48-p-rw/photo.jpg, ,5,com.pixelart.coloringbook.colorbynumber,  It's a good game  ,"November 15, 2018",gp:AOqpTOGZ9QLP3axoskgzbhfEPwIRbeW3jn5zSI_4IL1jIJ593geuMxw-TPGXdMkGVJSFH4XT1GD3OO29XAXN_Q,/store/apps/details?id=com.pixelart.coloringbook.colorbynumber&reviewId=Z3A6QU9xcFRPR1o5UUxQM2F4b3NrZ3piaGZFUHdJUmJlVzNqbjV6U0lfNElMMWpJSjU5M2dldU14dy1UUEdYZE1rR1ZKU0ZINFhUMUdEM09PMjlYQVhOX1E,
52,https://lh3.googleusercontent.com/a-/AAuE7mCgrhJU3YRQyUVntX88tAwlvQFUZdZXxXasJUUsIQ=w48-h48-p-rw, ,5,com.pixelart.coloringbook.colorbynumber,  It's a good game  ,"October 2, 2018",gp:AOqpTOGKEckXXH2Y4uxKC97SbOPn41oQp8xpgEP01PH1emwdaS4dsiH3dpyjA7Vfl6dfzPN9_mEJJTVAA8-MeQ,/store/apps/details?id=com.pixelart.coloringbook.colorbynumber&reviewId=Z3A6QU9xcFRPR0tFY2tYWEgyWTR1eEtDOTdTYk9QbjQxb1FwOHhwZ0VQMDFQSDFlbXdkYVM0ZHNpSDNkcHlqQTdWZmw2ZGZ6UE45X21FSkpUVkFBOC1NZVE,
53,https://lh3.googleusercontent.com/a-/AAuE7mAe_4teIwQFFQLYSxKWjvzGBzUAdfCrrgYHRsyJPg=w48-h48-p-rw, Skyhopper24 ,5,com.pixelart.coloringbook.colorbynumber,  It's pretty cool  ,"August 29, 2018",gp:AOqpTOHLCcAR3blMfpa3Ar8Y0ATyQRTaQiIywNCIm-5-uq8bM6Z4nempevvdH2CUmj8pncpOkV-Rrg0G9KV5_g,/store/apps/details?id=com.pixelart.coloringbook.colorbynumber&reviewId=Z3A6QU9xcFRPSExDY0FSM2JsTWZwYTNBcjhZMEFUeVFSVGFRaUl5d05DSW0tNS11cThiTTZaNG5lbXBldnZkSDJDVW1qOHBuY3BPa1YtUnJnMEc5S1Y1X2c,
54,https://lh4.googleusercontent.com/-bxxXOOSuKJA/AAAAAAAAAAI/AAAAAAAAAAA/B4xGOMUhXFo/w48-h48-p-rw/photo.jpg, ,5,com.pixelart.coloringbook.colorbynumber,  Its really fun ☺  ,"September 12, 2018",gp:AOqpTOFNFufndi1oRGqaFlcdWHat7Gnl2YmzD0e1QtANWa1CUwDbvRDhW_-nZSCIHHLOPgmie6rDmjvEFawFHw,/store/apps/details?id=com.pixelart.coloringbook.colorbynumber&reviewId=Z3A6QU9xcFRPRk5GdWZuZGkxb1JHcWFGbGNkV0hhdDdHbmwyWW16RDBlMVF0QU5XYTFDVXdEYnZSRGhXXy1uWlNDSUhITE9QZ21pZTZyRG1qdkVGYXdGSHc,
55,https://lh4.googleusercontent.com/-PkLtN624cAU/AAAAAAAAAAI/AAAAAAAAAAA/JuJCthljQUk/w48-h48-p-rw/photo.jpg, ,5,com.pixelart.coloringbook.colorbynumber,  It's very amazing  ,"September 16, 2018",gp:AOqpTOFFvhf2i3ESWYeuhzrFyUzIF57eX9QaP_42gbxqqKjleEMz6-CtauCKPj69lYTDK0-i5KBP8JwxPprRMQ,/store/apps/details?id=com.pixelart.coloringbook.colorbynumber&reviewId=Z3A6QU9xcFRPRkZ2aGYyaTNFU1dZZXVoenJGeVV6SUY1N2VYOVFhUF80MmdieHFxS2psZUVNejYtQ3RhdUNLUGo2OWxZVERLMC1pNUtCUDhKd3hQcHJSTVE,
56,https://lh3.googleusercontent.com/-_g2STwbgkp4/AAAAAAAAAAI/AAAAAAAAAAA/ACHi3rfVRcv7kdZ7Dbljg0HHPZMLxPirEQ/w48-h48-p-rw/photo.jpg, Bella Koffi ,5,com.pixelart.coloringbook.colorbynumber,  It's a great app  ,"December 3, 2018",gp:AOqpTOGH_1bSmseAa3JwloQL4gmS5em-wLYBOi1qTD340EqhU-dfn1KHa4QfXSI5ZzWMGjlE3mn_jdg7ANz1HQ,/store/apps/details?id=com.pixelart.coloringbook.colorbynumber&reviewId=Z3A6QU9xcFRPR0hfMWJTbXNlQWEzSndsb1FMNGdtUzVlbS13TFlCT2kxcVREMzQwRXFoVS1kZm4xS0hhNFFmWFNJNVp6V01HamxFM21uX2pkZzdBTnoxSFE,
57,https://lh5.googleusercontent.com/-eOjEPoZ5jzA/AAAAAAAAAAI/AAAAAAAAAAA/SGP_kNzYNS8/w48-h48-p-rw/photo.jpg, ,5,com.pixelart.coloringbook.colorbynumber,  10/10  ,"September 8, 2018",gp:AOqpTOHzSgDwr-JDCkn_RA8_a4vRlK8VOzWsZZEqi3cBelyBY86xBgE6bljMsKLybQ9YfM9J5mCqv0rqmUS2Mw,/store/apps/details?id=com.pixelart.coloringbook.colorbynumber&reviewId=Z3A6QU9xcFRPSHpTZ0R3ci1KRENrbl9SQThfYTR2UmxLOFZPeldzWlpFcWkzY0JlbHlCWTg2eEJnRTZibGpNc0tMeWJROVlmTTlKNW1DcXYwcnFtVVMyTXc,
58,https://lh3.googleusercontent.com/a-/AAuE7mCeccDaTHEiLGZ3J7edMjRxifeCRij2BlNy54uq6w=w48-h48-p-rw, cutemangle Is awesome ,5,com.pixelart.coloringbook.colorbynumber,  It's cool game  ,"September 14, 2018",gp:AOqpTOFhgzNAW8dUPD79rLyGJ6HB2qZBhAPvtcSItUJsVZNyViJWctoaKBCiL-EAuXssYbtFgFyM489vI8bwNw,/store/apps/details?id=com.pixelart.coloringbook.colorbynumber&reviewId=Z3A6QU9xcFRPRmhnek5BVzhkVVBENzlyTHlHSjZIQjJxWkJoQVB2dGNTSXRVSnNWWk55VmlKV2N0b2FLQkNpTC1FQXVYc3NZYnRGZ0Z5TTQ4OXZJOGJ3Tnc,
59,https://lh4.googleusercontent.com/-GIp-qDX-qNY/AAAAAAAAAAI/AAAAAAAAAAA/ACHi3rfL_tXrEezW8WlF8c9uvKihCKloKw/w48-h48-p-rw/photo.jpg, Chrissandra H ,3,com.pixelart.coloringbook.colorbynumber,  It's a good app  ,"October 1, 2018",gp:AOqpTOF-pLluZwvQbeSAvpGjffCV_8v-YmtIj4AEuG_BKUK14_X30A2JONuCRKxEwPIM7BqrDFgaIeNsQS7Z_g,/store/apps/details?id=com.pixelart.coloringbook.colorbynumber&reviewId=Z3A6QU9xcFRPRi1wTGx1Wnd2UWJlU0F2cEdqZmZDVl84di1ZbXRJajRBRXVHX0JLVUsxNF9YMzBBMkpPTnVDUkt4RXdQSU03QnFyREZnYUllTnNRUzdaX2c,
60,https://lh3.googleusercontent.com/-Khab8ToF6vk/AAAAAAAAAAI/AAAAAAAAAAA/ACHi3rfiQFW4QydJO5tresZr2JbZfZ1aeg/w48-h48-p-rw/photo.jpg, Myra Granada ,5,com.pixelart.coloringbook.colorbynumber,  It's the best!  ,"October 3, 2018",gp:AOqpTOESxtmve2bAFBotEKbGaUC_wXKWh22_lhG2P9Q010RwAFFt0bQQJFUmf-6GETiC_-Eo4YPaz12QtYCexA,/store/apps/details?id=com.pixelart.coloringbook.colorbynumber&reviewId=Z3A6QU9xcFRPRVN4dG12ZTJiQUZCb3RFS2JHYVVDX3dYS1doMjJfbGhHMlA5UTAxMFJ3QUZGdDBiUVFKRlVtZi02R0VUaUNfLUVvNFlQYXoxMlF0WUNleEE,
61,https://lh3.googleusercontent.com/a-/AAuE7mAgUA7JAngDoFdjjleizbU_gDvecltE_e9wenZq8w=w48-h48-p-rw, ,3,com.pixelart.coloringbook.colorbynumber,  Meh.  ,"September 18, 2018",gp:AOqpTOENB1KUXTyO72bB1LBw8Bbuex2QR9FcjeoWgtKk8uU0yBJ4LScuvLiqa2shg5ypam5XlwFtXsfifaINIA,/store/apps/details?id=com.pixelart.coloringbook.colorbynumber&reviewId=Z3A6QU9xcFRPRU5CMUtVWFR5TzcyYkIxTEJ3OEJidWV4MlFSOUZjamVvV2d0S2s4dVUweUJKNExTY3V2TGlxYTJzaGc1eXBhbTVYbHdGdFhzZmlmYUlOSUE,
62,https://lh6.googleusercontent.com/-KzGG_SeYVKc/AAAAAAAAAAI/AAAAAAAAAAA/ACHi3rc7qIsfbtpDqJ90V-D3teaxlUlhTA/w48-h48-p-rw/photo.jpg, Jeanie Seifert ,5,com.pixelart.coloringbook.colorbynumber,  It's really fun  ,"September 23, 2018",gp:AOqpTOFUMIEhjMVMhj-uspfYDtF5G-Twb9Bi0jtx6o8zv3try8kdyLlojATt5KkYrzwE7MX7vkomt6AR0fnYhg,/store/apps/details?id=com.pixelart.coloringbook.colorbynumber&reviewId=Z3A6QU9xcFRPRlVNSUVoak1WTWhqLXVzcGZZRHRGNUctVHdiOUJpMGp0eDZvOHp2M3RyeThrZHlMbG9qQVR0NUtrWXJ6d0U3TVg3dmtvbXQ2QVIwZm5ZaGc,
63,https://lh5.googleusercontent.com/-M4fRhSEJCUw/AAAAAAAAAAI/AAAAAAAAAAA/xb92n_ReY48/w48-h48-p-rw/photo.jpg, ,5,com.pixelart.coloringbook.colorbynumber,  It's so cool  ,"October 14, 2018",gp:AOqpTOEudXBhFLt3xqZa_-KK0V4i7mgaxS0xw_bqzl80O7wLC6VBnk_VgZprKBaUd6mDlx-0WcwSACFDuEu_TA,/store/apps/details?id=com.pixelart.coloringbook.colorbynumber&reviewId=Z3A6QU9xcFRPRXVkWEJoRkx0M3hxWmFfLUtLMFY0aTdtZ2F4UzB4d19icXpsODBPN3dMQzZWQm5rX1ZnWnByS0JhVWQ2bURseC0wV2N3U0FDRkR1RXVfVEE,
64,https://lh3.googleusercontent.com/a-/AAuE7mCmYv7HjI2aTVnUAsau7VsiYp0oss227sS3ilMl3w=w48-h48-p-rw, xbox113 mix ,5,com.pixelart.coloringbook.colorbynumber,  It's so cool  ,"November 27, 2018",gp:AOqpTOGV1qFdQ3LyU1PQbFIr9YIQ7Uf_CFYPq-l0QL063KA7-TokkQEyUThoIHUB-pU1xz60cmKSoy4LXsXE5w,/store/apps/details?id=com.pixelart.coloringbook.colorbynumber&reviewId=Z3A6QU9xcFRPR1YxcUZkUTNMeVUxUFFiRklyOVlJUTdVZl9DRllQcS1sMFFMMDYzS0E3LVRva2tRRXlVVGhvSUhVQi1wVTF4ejYwY21LU295NExYc1hFNXc,
65,https://lh6.googleusercontent.com/-w17uKv6rm_U/AAAAAAAAAAI/AAAAAAAAAAA/iSkJLy0IMh4/w48-h48-p-rw/photo.jpg, ,5,com.pixelart.coloringbook.colorbynumber,  It's great !  ,"November 1, 2018",gp:AOqpTOEjimpRaW0gYq_R2SYVeoWfIx9SKoXN0sYM1CRgABDaYmbwTiXG1eqecsMOsMu36301tWyOAqR4rxwdzg,/store/apps/details?id=com.pixelart.coloringbook.colorbynumber&reviewId=Z3A6QU9xcFRPRWppbXBSYVcwZ1lxX1IyU1lWZW9XZkl4OVNLb1hOMHNZTTFDUmdBQkRhWW1id1RpWEcxZXFlY3NNT3NNdTM2MzAxdFd5T0FxUjRyeHdkemc,
66,https://lh3.googleusercontent.com/a-/AAuE7mArazEytt---84wNWFwshfLQYZpVjsMCe4Bi5vojw=w48-h48-p-rw, San Antonio Mobile Barber ,5,com.pixelart.coloringbook.colorbynumber,  It's Soo fun  ,"November 4, 2018",gp:AOqpTOEOoz6lGRS2U_rSnfMRRrUSrhfehTVFjgG-4N4OoxgxR1y_vMjGRyoVG1yt4G__RO3JTHHq5vzKLsJp6A,/store/apps/details?id=com.pixelart.coloringbook.colorbynumber&reviewId=Z3A6QU9xcFRPRU9vejZsR1JTMlVfclNuZk1SUnJVU3JoZmVoVFZGamdHLTRONE9veGd4UjF5X3ZNakdSeW9WRzF5dDRHX19STzNKVEhIcTV2ektMc0pwNkE,
67,https://lh3.googleusercontent.com/a-/AAuE7mAnjAdWqkElxHDfG-RaT_wLGVDN0xXdUMPAR8_HmA=w48-h48-p-rw, Charlotte Stene ,5,com.pixelart.coloringbook.colorbynumber,  It's the best game EVER!!!!!!!!  ,"September 1, 2018",gp:AOqpTOFVdNapb7g8OalKAZLzjcGpra2HDWVZ5W7BA2Ojow0w7fUIFmQnlBA6tbfBEA7RhFwFbmmLvtCcbNEMdw,/store/apps/details?id=com.pixelart.coloringbook.colorbynumber&reviewId=Z3A6QU9xcFRPRlZkTmFwYjdnOE9hbEtBWkx6amNHcHJhMkhEV1ZaNVc3QkEyT2pvdzB3N2ZVSUZtUW5sQkE2dGJmQkVBN1JoRndGYm1tTHZ0Q2NiTkVNZHc,
68,https://lh3.googleusercontent.com/a-/AAuE7mB2WTMaaM8WJr32g3JUAlXDlEenMDprsyiRm-UL-Q=w48-h48-p-rw, ,5,com.pixelart.coloringbook.colorbynumber,  It's great!  ,"September 28, 2018",gp:AOqpTOHkj2kIH2xHlPOLDKvMS2qDS0rRA6KNiIbQ3iZWf8hpyiLeG7N72hJDWFAztjxBn2RLvIgpqy0ukDKbYQ,/store/apps/details?id=com.pixelart.coloringbook.colorbynumber&reviewId=Z3A6QU9xcFRPSGtqMmtJSDJ4SGxQT0xES3ZNUzJxRFMwclJBNktOaUliUTNpWldmOGhweWlMZUc3TjcyaEpEV0ZBenRqeEJuMlJMdklncHF5MHVrREtiWVE,
69,https://lh3.googleusercontent.com/-Z5XqroS8ONY/AAAAAAAAAAI/AAAAAAAAAAA/uXDB7pujuuM/w48-h48-p-rw/photo.jpg, ,5,com.pixelart.coloringbook.colorbynumber,  It's so fun  ,"October 8, 2018",gp:AOqpTOH9ZlWlSErHirfncnHxIHgMcuLW3Yw1uJwAkR8rqe0EHdsF9mS4nqbIradhdtjHu3ik5Lr2-Cvn47FPcQ,/store/apps/details?id=com.pixelart.coloringbook.colorbynumber&reviewId=Z3A6QU9xcFRPSDlabFdsU0VySGlyZm5jbkh4SUhnTWN1TFczWXcxdUp3QWtSOHJxZTBFSGRzRjltUzRucWJJcmFkaGR0akh1M2lrNUxyMi1Ddm40N0ZQY1E,
70,https://lh3.googleusercontent.com/a-/AAuE7mCa8viMoRhUoBpLnpRHnPJ2QM6E5wT4GA57SQE22Ao=w48-h48-p-rw, Hernan Berrios ,5,com.pixelart.coloringbook.colorbynumber,  It is awsome!  ,"November 17, 2018",gp:AOqpTOFAHCsjMlRU2r_zAIpFVjnyNkZBdcwlHMBVLL9TZKHtcoEmWVIMdZ_DOmvH009nyQMBWUae_1Bh_v__BA,/store/apps/details?id=com.pixelart.coloringbook.colorbynumber&reviewId=Z3A6QU9xcFRPRkFIQ3NqTWxSVTJyX3pBSXBGVmpueU5rWkJkY3dsSE1CVkxMOVRaS0h0Y29FbVdWSU1kWl9ET212SDAwOW55UU1CV1VhZV8xQmhfdl9fQkE,
71,https://lh3.googleusercontent.com/a-/AAuE7mDH3eKm-miunlg7m_P-CBusrcXDLwGxCMtKV2goWA=w48-h48-p-rw, Hillary Reynolds ,5,com.pixelart.coloringbook.colorbynumber,  Great game!  ,"October 14, 2018",gp:AOqpTOFtHO-9XfIFR0LU52N3TtaOBX6KgTY9QS5-kbgZRvlZjDgettbI3P7dko5s_bwFaF4HsvDaqK6CEMu70A,/store/apps/details?id=com.pixelart.coloringbook.colorbynumber&reviewId=Z3A6QU9xcFRPRnRITy05WGZJRlIwTFU1Mk4zVHRhT0JYNktnVFk5UVM1LWtiZ1pSdmxaakRnZXR0YkkzUDdka281c19id0ZhRjRIc3ZEYXFLNkNFTXU3MEE,
72,https://lh6.googleusercontent.com/-nx610DIviUU/AAAAAAAAAAI/AAAAAAAAAAA/ACHi3rdSBijrQdDz7TmwyAfBBi28w1Av-g/w48-h48-p-rw/photo.jpg, Glen Nelson ,5,com.pixelart.coloringbook.colorbynumber,  I love it!  ,"October 21, 2018",gp:AOqpTOHHzbPgULyJmUE4_5KADRF-iXBHAvQrVsjPFyU-byLGE04teYm0EFEGUopsIBuiloCavkwMODRT1Ikvcg,/store/apps/details?id=com.pixelart.coloringbook.colorbynumber&reviewId=Z3A6QU9xcFRPSEh6YlBnVUx5Sm1VRTRfNUtBRFJGLWlYQkhBdlFyVnNqUEZ5VS1ieUxHRTA0dGVZbTBFRkVHVW9wc0lCdWlsb0Nhdmt3TU9EUlQxSWt2Y2c,
73,https://lh3.googleusercontent.com/a-/AAuE7mDMfvmTq8tuRgZ7SktiMxKxxSsWY0TYrqYxNtIA=w48-h48-p-rw, Anja Smuts ,5,com.pixelart.coloringbook.colorbynumber,  Love the app!  ,"September 2, 2018",gp:AOqpTOGxt8IfNvqAGwm48OUoF5fapni3Pl5oO3_VOPn1Aqw5xNMIQwediDSFUpKLeDxx9CXDd6_kjWIdv4jRJQ,/store/apps/details?id=com.pixelart.coloringbook.colorbynumber&reviewId=Z3A6QU9xcFRPR3h0OElmTnZxQUd3bTQ4T1VvRjVmYXBuaTNQbDVvTzNfVk9QbjFBcXc1eE5NSVF3ZWRpRFNGVXBLTGVEeHg5Q1hEZDZfa2pXSWR2NGpSSlE,
74,https://lh3.googleusercontent.com/a-/AAuE7mAsQJKphFsimpktRAwEolheXVP0Xx27klrZxvbM=w48-h48-p-rw, Ender Leader ,1,com.pixelart.coloringbook.colorbynumber,  Only ads👎👎👎👎  ,"November 5, 2018",gp:AOqpTOFuw2eXpZpUOMoH-KTDlEnqLbxHeWFlUZSdfpfgRgjZv55N1ivmu6grofWlfoBXkCOYLDot-cl8cAQ2Iw,/store/apps/details?id=com.pixelart.coloringbook.colorbynumber&reviewId=Z3A6QU9xcFRPRnV3MmVYcFpwVU9Nb0gtS1REbEVucUxieEhlV0ZsVVpTZGZwZmdSZ2padjU1TjFpdm11Nmdyb2ZXbGZvQlhrQ09ZTERvdC1jbDhjQVEySXc,
75,https://lh4.googleusercontent.com/-PDZmplXEZMQ/AAAAAAAAAAI/AAAAAAAAAAA/NghZERxwMgs/w48-h48-p-rw/photo.jpg, ,5,com.pixelart.coloringbook.colorbynumber,  Bella  ,"January 23, 2019",gp:AOqpTOH7XPR3WfcxddclkbnoB01etrnbTqDT4ZvZbygjMnT9uiFNnK0F0fY8e9EHTH9EO6qMqNwo0n_YF0wHCg,/store/apps/details?id=com.pixelart.coloringbook.colorbynumber&reviewId=Z3A6QU9xcFRPSDdYUFIzV2ZjeGRkY2xrYm5vQjAxZXRybmJUcURUNFp2WmJ5Z2pNblQ5dWlGTm5LMEYwZlk4ZTlFSFRIOUVPNnFNcU53bzBuX1lGMHdIQ2c,
76,https://lh4.googleusercontent.com/-6sCg879CFMw/AAAAAAAAAAI/AAAAAAAAAAA/ACHi3rcIXpK8lHwJAUsWJ3yzHLnMCoAvwg/w48-h48-p-rw/photo.jpg, Lee-Anne Page ,5,com.pixelart.coloringbook.colorbynumber,"  Awesome, relaxing, fun  ","January 6, 2019",gp:AOqpTOF-oPQzSb_MZ0qm8jvCFBU9VwZtACZdUJyWjqBTfWahySTFpECECsxt9cTTvoHYU0vyc8e0gVvVt462Vg,/store/apps/details?id=com.pixelart.coloringbook.colorbynumber&reviewId=Z3A6QU9xcFRPRi1vUFF6U2JfTVowcW04anZDRkJVOVZ3WnRBQ1pkVUp5V2pxQlRmV2FoeVNURnBFQ0VDc3h0OWNUVHZvSFlVMHZ5YzhlMGdWdlZ0NDYyVmc,
77,https://lh4.googleusercontent.com/-aFJLPh4UC2E/AAAAAAAAAAI/AAAAAAAAAAA/QlJKcGLSAu0/w48-h48-p-rw/photo.jpg, ,5,com.pixelart.coloringbook.colorbynumber,  Creative and addictive!  ,"November 1, 2018",gp:AOqpTOHQfrHTDHff0uIjDQ6GPqOmTHnFXMMA8AoWCJrANKybukd745_vSD-VYbLQOHafVxapsTpZX6bVFZT9nw,/store/apps/details?id=com.pixelart.coloringbook.colorbynumber&reviewId=Z3A6QU9xcFRPSFFmckhUREhmZjB1SWpEUTZHUHFPbVRIbkZYTU1BOEFvV0NKckFOS3lidWtkNzQ1X3ZTRC1WWWJMUU9IYWZWeGFwc1RwWlg2YlZGWlQ5bnc,
78,https://lh3.googleusercontent.com/a-/AAuE7mDsX4FaUyfGa-QkH-P3xfi3Bh_TmlTFCt19ew16=w48-h48-p-rw, littlebubble 200 ,5,com.pixelart.coloringbook.colorbynumber,  Its AMAZING!!  ,"October 3, 2018",gp:AOqpTOEEaxTGrd1z5Yfgx5-YJRuJUKLzLOE3KlWhg-9qJTM2mkln9oxp9QffyVZ3NGUiQ5swACKw6ykMFQTmYQ,/store/apps/details?id=com.pixelart.coloringbook.colorbynumber&reviewId=Z3A6QU9xcFRPRUVheFRHcmQxejVZZmd4NS1ZSlJ1SlVLTHpMT0UzS2xXaGctOXFKVE0ybWtsbjlveHA5UWZmeVZaM05HVWlRNXN3QUNLdzZ5a01GUVRtWVE,
79,https://lh3.googleusercontent.com/-VBJdJmrOpAI/AAAAAAAAAAI/AAAAAAAAAAA/ACHi3rc2l2jKpGiTuxE8lAI305b0Y7AWJA/w48-h48-p-rw/photo.jpg, Heather Slone ,5,com.pixelart.coloringbook.colorbynumber,  this game is asome and I love it 🤗🤗🤗🤗  ,"February 12, 2019",gp:AOqpTOF0d3L7WmV5ToVuVeWARIO-mA5yqY-gxgZ2NpqWih9x3pCTg7szeaVoX0jMB2ihw4j1KdmBv2IBjLZrpA,/store/apps/details?id=com.pixelart.coloringbook.colorbynumber&reviewId=Z3A6QU9xcFRPRjBkM0w3V21WNVRvVnVWZVdBUklPLW1BNXlxWS1neGdaMk5wcVdpaDl4M3BDVGc3c3plYVZvWDBqTUIyaWh3NGoxS2RtQnYySUJqTFpycEE,
80,https://lh3.googleusercontent.com/a-/AAuE7mDQOrQCUmUtEIzjyxjOkp5vh-1QAiyJUdjx9ApN=w48-h48-p-rw, Echo And Dust ,5,com.otmane.warriorcoloring,"  Well, I really like the app, but, you could add more things to color.  ","July 15, 2018",gp:AOqpTOGK-lsqX0qrE_bwUnIvhty0znZvaeEG58jq2u4mbZM31AAUCS8AjPudw-SHZ-x1JRIEwoZUgR5tlczjydU,/store/apps/details?id=com.otmane.warriorcoloring&reviewId=Z3A6QU9xcFRPR0stbHNxWDBxckVfYndVbkl2aHR5MHpuWnZhZUVHNThqcTJ1NG1iWk0zMUFBVUNTOEFqUHVkdy1TSFoteDFKUklFd29aVWdSNXRsY3pqeWRV,
81,https://lh3.googleusercontent.com/a-/AAuE7mBiIcMVRb67zQr56rCdFowdC3J7uSYd5bgE4xOdeQ=w48-h48-p-rw, ,1,com.otmane.warriorcoloring,  It sucks there are only 5 t cooling pages you can do this sucks!😫🐺  ,"August 9, 2017",gp:AOqpTOHSYqrqaHOHQTCko_ow9WZVYyiZYtZCAjQo-yoeGvLxZRvaewrJXmKrv9g1lsUslvn6OpHp0jjC4pfT-Gg,/store/apps/details?id=com.otmane.warriorcoloring&reviewId=Z3A6QU9xcFRPSFNZcXJxYUhPSFFUQ2tvX293OVdaVll5aVpZdFpDQWpRby15b2VHdkx4WlJ2YWV3ckpYbUtydjlnMWxzVXNsdm42T3BIcDBqakM0cGZULUdn,
82,https://lh6.googleusercontent.com/-dieO9bZGueQ/AAAAAAAAAAI/AAAAAAAAAAA/ACHi3recn9TS-2k37qf8aCZHXCcU66KDkA/w48-h48-p-rw/photo.jpg, Katryana Whalls ,1,com.otmane.warriorcoloring,  Theres no credit st all not even a psnit brush dont bother  ,"December 29, 2017",gp:AOqpTOHJTfJejtnpzeyCQo75IUX2wSizSePOlRyLq3AnQSji_DduuAPeynSoMK1AFTa2NdMnlzfQj3iDCs6weoY,/store/apps/details?id=com.otmane.warriorcoloring&reviewId=Z3A6QU9xcFRPSEpUZkplanRucHpleUNRbzc1SVVYMndTaXpTZVBPbFJ5THEzQW5RU2ppX0RkdXVBUGV5blNvTUsxQUZUYTJOZE1ubHpmUWozaURDczZ3ZW9Z,
83,https://lh4.googleusercontent.com/-_DPT32hA74c/AAAAAAAAAAI/AAAAAAAAAAA/ACHi3rfj1bKGgNDrqFNrK3XO8-bGP5M8MA/w48-h48-p-rw/photo.jpg, Richard Clausen ,3,com.otmane.warriorcoloring,  I agree with Calico cat. There needs to be a zoom and a pen or brush or Something!  ,"July 7, 2017",gp:AOqpTOFfRicjZmlzBAnzb1xRh_4nCUnQ_Vf915h-c98R6KZWIBpoTVP7rOuQO9GSJHJwRDCYTeeXEpyKlcYMh4c,/store/apps/details?id=com.otmane.warriorcoloring&reviewId=Z3A6QU9xcFRPRmZSaWNqWm1sekJBbnpiMXhSaF80bkNVblFfVmY5MTVoLWM5OFI2S1pXSUJwb1RWUDdyT3VRTzlHU0pISndSRENZVGVlWEVweUtsY1lNaDRj,
84,https://lh3.googleusercontent.com/a-/AAuE7mALnqxUwryq6KBBwWZYB-Gxb5q2VLNo2tqH9zgo4Q=w48-h48-p-rw, KityKaty Productions ,2,com.otmane.warriorcoloring,  It is just a fill tool you can't even take your time on it  ,"July 13, 2017",gp:AOqpTOGgfliUXuJWMtGMndcyc36s-JSPHprkxeRD-GVXJ5Dv5Z4rFa36yav-hgZZ2MSfmV8Sj59i9o3slNGWOTg,/store/apps/details?id=com.otmane.warriorcoloring&reviewId=Z3A6QU9xcFRPR2dmbGlVWHVKV010R01uZGN5YzM2cy1KU1BIcHJreGVSRC1HVlhKNUR2NVo0ckZhMzZ5YXYtaGdaWjJNU2ZtVjhTajU5aTlvM3NsTkdXT1Rn,
85,https://lh3.googleusercontent.com/a-/AAuE7mD9sst32vUnDmZahOkRCZAqjVAOusVh8TdZsvUlUQ=w48-h48-p-rw, LiLLeeAnn COLLINS ,3,com.otmane.warriorcoloring,  I wish there were more pictures but it's okay over all.  ,"November 12, 2017",gp:AOqpTOFlQcmr1Qrdu3WXlzyUJitBwx5s7P8tetgftJcND5pi1N_jaDr7oC7sO_HvEMMHgWUgXFuMamyeCeYiUQQ,/store/apps/details?id=com.otmane.warriorcoloring&reviewId=Z3A6QU9xcFRPRmxRY21yMVFyZHUzV1hsenlVSml0Qnd4NXM3UDh0ZXRnZnRKY05ENXBpMU5famFEcjdvQzdzT19IdkVNTUhnV1VnWEZ1TWFteWVDZVlpVVFR,
86,https://lh3.googleusercontent.com/a-/AAuE7mBgVjL36W6L3zeL9bORwfMGLfjHujj1MSkNjTKu6Q=w48-h48-p-rw, ,5,com.otmane.warriorcoloring,  I love it but can you plz make it better like more warrior cats to color plz🙂  ,"November 18, 2017",gp:AOqpTOGLNvHkQXY62oCp6RCqQ6FhvZYixzqEjip4vuUO1CG-_BFt0eyuNfqyfwvh1mNw9yX86cRV69USa8apAIg,/store/apps/details?id=com.otmane.warriorcoloring&reviewId=Z3A6QU9xcFRPR0xOdkhrUVhZNjJvQ3A2UkNxUTZGaHZaWWl4enFFamlwNHZ1VU8xQ0ctX0JGdDBleXVOZnF5Znd2aDFtTnc5eVg4NmNSVjY5VVNhOGFwQUln,
87,https://lh3.googleusercontent.com/a-/AAuE7mDDdputmJ_UfYoFXUrDvNxuAYqPUy1cwASgyPBP=w48-h48-p-rw, ,1,com.otmane.warriorcoloring,  Well for one it's warrior cats for two it's coloring so nope  ,"October 29, 2017",gp:AOqpTOEHibIsJnQGlJaeSvB-gO-wz2IZFa2TUBYoFHlx8EqZYyb3XU4X2JkAPWazMqrpiCD7rtxsy5c08H3rl8M,/store/apps/details?id=com.otmane.warriorcoloring&reviewId=Z3A6QU9xcFRPRUhpYklzSm5RR2xKYWVTdkItZ08td3oySVpGYTJUVUJZb0ZIbHg4RXFaWXliM1hVNFgySmtBUFdhek1xcnBpQ0Q3cnR4c3k1YzA4SDNybDhN,
88,https://lh3.googleusercontent.com/a-/AAuE7mDKre1KxtDdiQUYrER9RIbQ9w8aCjGWgc9cu4Nmfw=w48-h48-p-rw, Aldo Rubalcava ,1,com.otmane.warriorcoloring,  I hate this so much  ,"September 30, 2017",gp:AOqpTOGfnpslj3naNEOm6PhZuVzwMh6OocXmkjznNf747CaNToWirY86lN9clnjzS84rD3aWd3ZCVQBpDAAMTVI,/store/apps/details?id=com.otmane.warriorcoloring&reviewId=Z3A6QU9xcFRPR2ZucHNsajNuYU5FT202UGhadVZ6d01oNk9vY1hta2p6bk5mNzQ3Q2FOVG9XaXJZODZsTjljbG5qelM4NHJEM2FXZDNaQ1ZRQnBEQUFNVFZJ,
89,https://lh3.googleusercontent.com/a-/AAuE7mBNg4L-VNZy7Qqj1zyIOSezFPlbBGUqj9BYMM-I=w48-h48-p-rw, Uni The Only ,5,com.otmane.warriorcoloring,  I pretend it to be my art  ,"January 25, 2019",gp:AOqpTOFPyVhXvaUWcGOWBeQ3mH8PEr9Q3BMHs2fwuRSU4Z3Bxd5LKchNC1WZhKrdOlMbp9WbpUOBYfB-L3sj0F8,/store/apps/details?id=com.otmane.warriorcoloring&reviewId=Z3A6QU9xcFRPRlB5VmhYdmFVV2NHT1dCZVEzbUg4UEVyOVEzQk1IczJmd3VSU1U0WjNCeGQ1TEtjaE5DMVdaaEtyZE9sTWJwOVdicFVPQllmQi1MM3NqMEY4,
90,https://lh3.googleusercontent.com/a-/AAuE7mBkAn9MEkjbH8PCqkA3n70mjJIfaDFMyj4C4OohOQ=w48-h48-p-rw, Sea Kittie ,4,com.otmane.warriorcoloring,  I like this app but I think there should be more options  ,"November 7, 2017",gp:AOqpTOHNyDlfnuLLdzjzxP_8_eF1Szpocg_DVxmA_-gqsmBXQN7UzIzvrh4HSP5hPXlmyGreR-j-q4uH6kNi9jw,/store/apps/details?id=com.otmane.warriorcoloring&reviewId=Z3A6QU9xcFRPSE55RGxmbnVMTGR6anp4UF84X2VGMVN6cG9jZ19EVnhtQV8tZ3FzbUJYUU43VXpJenZyaDRIU1A1aFBYbG15R3JlUi1qLXE0dUg2a05pOWp3,
91,https://lh3.googleusercontent.com/a-/AAuE7mD-YmYNMzEXOJFNsPkBTfNv69uzbiZirHQ3btg=w48-h48-p-rw, vaporeon girl ,3,com.otmane.warriorcoloring,"  The game is great,you can color them ,but, there aren't that many. Plz add 
more.  ","June 23, 2018",gp:AOqpTOG7xSkmYC6EmZQQw5gJV3WHf17Iw63tG3BsdlbUBwK_w0X55_zqKrrusOvMkxPtcYkLHxJePUtg8IyF9g8,/store/apps/details?id=com.otmane.warriorcoloring&reviewId=Z3A6QU9xcFRPRzd4U2ttWUM2RW1aUVF3NWdKVjNXSGYxN0l3NjN0RzNCc2RsYlVCd0tfdzBYNTVfenFLcnJ1c092TWt4UHRjWWtMSHhKZVBVdGc4SXlGOWc4,
92,https://lh3.googleusercontent.com/a-/AAuE7mCSnbaLJNb_Ef-LUxa9wjzjETcMsthT96c43oohsg=w48-h48-p-rw, Ruby's studio mew ,1,com.otmane.warriorcoloring,"  You can't zoom,please add more pictures to color  ","January 16, 2018",gp:AOqpTOHGzpShrMOKpC1N4w17aHw00XNTuqK9nT1JWk3nzq1lO2UigkUTw1S366OO--3mTBwrX4B161PL_PhXKQs,/store/apps/details?id=com.otmane.warriorcoloring&reviewId=Z3A6QU9xcFRPSEd6cFNock1PS3BDMU40dzE3YUh3MDBYTlR1cUs5blQxSldrM256cTFsTzJVaWdrVVR3MVMzNjZPTy0tM21UQndyWDRCMTYxUExfUGhYS1Fz,
93,https://lh3.googleusercontent.com/a-/AAuE7mBMPW3wj1lpQEJgnKwIk1iBg15cTolU3VlqyiUS_w=w48-h48-p-rw, Genesis Dimler ,5,com.otmane.warriorcoloring,  This is cool! I love the art and its like with the characters its like ur coloring ur cat OC  ,"January 10, 2018",gp:AOqpTOEdoh-6jjIOFeDdew7LF_OKPXhd3s8ZwJ8DpaL5rlXC3gFQNM9bLjf0Dg266XN8QmffNOUR2PWQBJ_U0Uo,/store/apps/details?id=com.otmane.warriorcoloring&reviewId=Z3A6QU9xcFRPRWRvaC02ampJT0ZlRGRldzdMRl9PS1BYaGQzczhad0o4RHBhTDVybFhDM2dGUU5NOWJMamYwRGcyNjZYTjhRbWZmTk9VUjJQV1FCSl9VMFVv,
94,https://lh3.googleusercontent.com/a-/AAuE7mAptVmspwpm3Ijxrt7fp5KnTGdSSx9VkQWbdewFeg=w48-h48-p-rw, I'm that Guy ,4,com.otmane.warriorcoloring,  It's alright we just need a zoom in thingy  ,"January 1, 2018",gp:AOqpTOGoHrfwK6sEo2wMRjUUkGbIcmSdyu-4pQ4YvQRDVHea9zeAjVds9rzR9-mO_QQk7akjUJFhEkURZ0gDGF0,/store/apps/details?id=com.otmane.warriorcoloring&reviewId=Z3A6QU9xcFRPR29IcmZ3SzZzRW8yd01SalVVa0diSWNtU2R5dS00cFE0WXZRUkRWSGVhOXplQWpWZHM5cnpSOS1tT19RUWs3YWtqVUpGaEVrVVJaMGdER0Yw,
95,https://lh3.googleusercontent.com/-1SHsew6dNLA/AAAAAAAAAAI/AAAAAAAAAAA/ACHi3rf5T4zIzA36xdbNPv9kH59ROLwhaw/w48-h48-p-rw/photo.jpg, Jason White ,2,com.otmane.warriorcoloring,"  It was fine I guess,but can you pls add a zoom in button?  ","November 8, 2017",gp:AOqpTOFvQlGY9yOtnchhvjbeZCIp3J-ipUHe0O3Ofgbz3FX-tXVVM93Wje1JI5tsaPL9SlKSzH9OxlK0PlHzFis,/store/apps/details?id=com.otmane.warriorcoloring&reviewId=Z3A6QU9xcFRPRnZRbEdZOXlPdG5jaGh2amJlWkNJcDNKLWlwVUhlME8zT2ZnYnozRlgtdFhWVk05M1dqZTFKSTV0c2FQTDlTbEtTekg5T3hsSzBQbEh6Rmlz,
96,https://lh3.googleusercontent.com/a-/AAuE7mCFGDbm2jS450x3qvX049mNHzuon_j13ipOH20o5A=w48-h48-p-rw, Experiment EX-4 ,3,com.otmane.warriorcoloring,  Its ok it needs like a pencil option  ,"January 12, 2018",gp:AOqpTOHDVFYb3jALwK6BURpyKpg_YQn1-ds_UCDGStSEIK6VMyeuS7t7JwEUkHurz1ESlyhYgOtHIIYbVievn-E,/store/apps/details?id=com.otmane.warriorcoloring&reviewId=Z3A6QU9xcFRPSERWRlliM2pBTHdLNkJVUnB5S3BnX1lRbjEtZHNfVUNER1N0U0VJSzZWTXlldVM3dDdKd0VVa0h1cnoxRVNseWhZZ090SElJWWJWaWV2bi1F,
97,https://lh3.googleusercontent.com/a-/AAuE7mCHN5BueFLaaebB_iaYDDNHMAc_0-8ulOUhB8_h=w48-h48-p-rw, ,3,com.otmane.warriorcoloring,  Please ADD MORE cats THANK YOU  ,"April 4, 2018",gp:AOqpTOGO3QuYKkRHQ7LZ27xt__Qevp_DxjewYeVU11GGfSh8SEIwH0f0oh0qeXhGaVegDSMp4RjwOKLTj9xpMCY,/store/apps/details?id=com.otmane.warriorcoloring&reviewId=Z3A6QU9xcFRPR08zUXVZS2tSSFE3TFoyN3h0X19RZXZwX0R4amV3WWVWVTExR0dmU2g4U0VJd0gwZjBvaDBxZVhoR2FWZWdEU01wNFJqd09LTFRqOXhwTUNZ,
98,https://lh3.googleusercontent.com/a-/AAuE7mCVrwGLC7RJe0yqS72aKC3tRw7DzROrFyHnd851=w48-h48-p-rw, Idk Idk ,1,com.otmane.warriorcoloring,"  No zoom in, terrible graphics, and Lag . Lots  ","January 31, 2018",gp:AOqpTOGJoZ7CNJTZHZNGb1OxBWyq5T0tFiDQv7OuqZSJWHvGEil4EFMQq8WOxeEaduDjr2OQPoYGR1OGhzmHc1o,/store/apps/details?id=com.otmane.warriorcoloring&reviewId=Z3A6QU9xcFRPR0pvWjdDTkpUWkhaTkdiMU94Qld5cTVUMHRGaURRdjdPdXFaU0pXSHZHRWlsNEVGTVFxOFdPeGVFYWR1RGpyMk9RUG9ZR1IxT0doem1IYzFv,
99,https://lh3.googleusercontent.com/a-/AAuE7mD3ZkOo_qMAyQ1lxNgRz4LoOzcasZDIk_ZL_RNc=w48-h48-p-rw, ,5,com.otmane.warriorcoloring,  I like it because I could make dang characters car over good job.  ,"January 17, 2018",gp:AOqpTOG9wTmw6ZkpIj8Wr2ECdw__M9cxCgGU5vLpvtIo_X3HVzzffWGFDUaD7uHvW94m6KX9rSCH7Gh6L7DjTNw,/store/apps/details?id=com.otmane.warriorcoloring&reviewId=Z3A6QU9xcFRPRzl3VG13NlprcElqOFdyMkVDZHdfX005Y3hDZ0dVNXZMcHZ0SW9fWDNIVnp6ZmZXR0ZEVWFEN3VIdlc5NG02S1g5clNDSDdHaDZMN0RqVE53,
100,https://lh3.googleusercontent.com/-YNPM1yLdZ-s/AAAAAAAAAAI/AAAAAAAAAAA/ACHi3rdpzdic_s7cPMtsnOVrJomxv7h9xg/w48-h48-p-rw/photo.jpg, Pam schieber ,5,com.otmane.warriorcoloring,  I LOVE COLORING THANKS FOR MAKING IT I HOPE YOU MAKE MORE  ,"August 8, 2018",gp:AOqpTOHoyBYyVos48MM_k0xB4vBjBDoM0XLIe1__jDFZz4PDtmKeEwf8SeMfs8rcr58lzomm0003UzI1FiIc8JQ,/store/apps/details?id=com.otmane.warriorcoloring&reviewId=Z3A6QU9xcFRPSG95Qll5Vm9zNDhNTV9rMHhCNHZCakJEb00wWExJZTFfX2pERlp6NFBEdG1LZUV3ZjhTZU1mczhyY3I1OGx6b21tMDAwM1V6STFGaUljOEpR,
101,https://lh3.googleusercontent.com/-pM6Oq_eDwXk/AAAAAAAAAAI/AAAAAAAAAAA/ACHi3rfLR3GChl-xcTUlqyE6GD9bSp6PiQ/w48-h48-p-rw/photo.jpg, Christina Johnson ,5,com.otmane.warriorcoloring,  I love warrior cats this is awesome and u should check out warrior cat amino  ,"December 24, 2017",gp:AOqpTOG94c0DH4XxrFus0U0S4As9Ucm7mOIDtdefly9chcUSWbJnNV4tMc5FqQ7BDL4I0PbxqBtiMUllnyaWaiY,/store/apps/details?id=com.otmane.warriorcoloring&reviewId=Z3A6QU9xcFRPRzk0YzBESDRYeHJGdXMwVTBTNEFzOVVjbTdtT0lEdGRlZmx5OWNoY1VTV2JKbk5WNHRNYzVGcVE3QkRMNEkwUGJ4cUJ0aU1VbGxueWFXYWlZ,
102,https://lh3.googleusercontent.com/a-/AAuE7mCauR-TS6HQfo8qRXo_dCI1UfFDK17GqPQ2A7Yumw=w48-h48-p-rw, Mangle The killer ,5,com.otmane.warriorcoloring,  It was relaxing and good if you have seen the warriors books series  ,"October 11, 2017",gp:AOqpTOHEuPg0WYMM61xhVN5vkhcZkiPFXcJ7uxRkoz21J4PAc4yk2sygXcbnh7uc5j1ZUBj3x-q5wTxmMADh_8g,/store/apps/details?id=com.otmane.warriorcoloring&reviewId=Z3A6QU9xcFRPSEV1UGcwV1lNTTYxeGhWTjV2a2hjWmtpUEZYY0o3dXhSa296MjFKNFBBYzR5azJzeWdYY2JuaDd1YzVqMVpVQmozeC1xNXdUeG1NQURoXzhn,
103,https://lh3.googleusercontent.com/a-/AAuE7mDvqSJRSka5N9VZTFq9rjEowE0ZgiujFTkPCnsD2w=w48-h48-p-rw, ,2,com.otmane.warriorcoloring,  There are almost nothing... ignore me go to people who can explain better  ,"January 1, 2018",gp:AOqpTOHmJZ0vKYmK5rB9NF4NSi3sPMDEqwXThNDC9YpLTIi0k2K-8Rqosm_jrVWuPJCFn-CCYcRkVfmcaWdyVpE,/store/apps/details?id=com.otmane.warriorcoloring&reviewId=Z3A6QU9xcFRPSG1KWjB2S1ltSzVyQjlORjROU2kzc1BNREVxd1hUaE5EQzlZcExUSWkwazJLLThScW9zbV9qclZXdVBKQ0ZuLUNDWWNSa1ZmbWNhV2R5VnBF,
104,https://lh3.googleusercontent.com/a-/AAuE7mCwXUheVEyWFOukx-WzF9Pqd92dyE4V7S-rWM8F9g=w48-h48-p-rw, Wafflez !!! ,5,com.otmane.warriorcoloring,"  I loved the art and colours, best warrior cat colouring game EVER!!!  ","August 29, 2017",gp:AOqpTOGu9jDZ7orCyTbPM4l6aubdAQd-lAsOlJ382djAeB4K7T6TaJMIrrThvkUxOQLYVG3f4ZxmNJyzTzVDXFo,/store/apps/details?id=com.otmane.warriorcoloring&reviewId=Z3A6QU9xcFRPR3U5akRaN29yQ3lUYlBNNGw2YXViZEFRZC1sQXNPbEozODJkakFlQjRLN1Q2VGFKTUlyclRodmtVeE9RTFlWRzNmNFp4bU5KeXpUelZEWEZv,
105,https://lh3.googleusercontent.com/-pZW1L46pAeg/AAAAAAAAAAI/AAAAAAAAAAA/ACHi3reybp3Q2cxPHTASsofN1DMDpRBfBA/w48-h48-p-rw/photo.jpg, Lemon Lime ,1,com.otmane.warriorcoloring,  !!!!!!!!!!!  ,"April 16, 2017",gp:AOqpTOGLbvGlJnVIjvudskvsVhPWuYSyWbabZJ-_-SV4oF2LOW333_6iN7uWvg9nqrcDD-AmmdOnhNYhTks3_4o,/store/apps/details?id=com.otmane.warriorcoloring&reviewId=Z3A6QU9xcFRPR0xidkdsSm5WSWp2dWRza3ZzVmhQV3VZU3lXYmFiWkotXy1TVjRvRjJMT1czMzNfNmlON3VXdmc5bnFyY0RELUFtbWRPbmhOWWhUa3MzXzRv,Uh WARNING DO NOT GET THIS APP
106,https://lh3.googleusercontent.com/-uJJWXBlEdH4/AAAAAAAAAAI/AAAAAAAAAAA/ACHi3rd-BBSOwe_7jUFRDO8rXZtyfPOfsw/w48-h48-p-rw/photo.jpg, Catherine Touchet ,1,com.otmane.warriorcoloring,  Bad it needs more  ,"June 3, 2017",gp:AOqpTOEsWo1-iDAQ0xLlj1-Z8z2qccquvCBWElSqv6n4CZrxh43Ktq_SSyjLeAEdCmVvgu2YnLbkmA_eIpfFojI,/store/apps/details?id=com.otmane.warriorcoloring&reviewId=Z3A6QU9xcFRPRXNXbzEtaURBUTB4TGxqMS1aOHoycWNjcXV2Q0JXRWxTcXY2bjRDWnJ4aDQzS3RxX1NTeWpMZUFFZENtVnZndTJZbkxia21BX2VJcGZGb2pJ,
107,https://lh3.googleusercontent.com/a-/AAuE7mD06nnHQIb3lej1vwSOmciqAyVbiXUp3L9mOI5sHA=w48-h48-p-rw, ,3,com.otmane.warriorcoloring,  Well it's good I thought it would be a bit more professional thoe  ,"January 2, 2018",gp:AOqpTOFZMLdl9h-ieqkDG6t171v7b8faXSLn5Pha7HAdzoPBkSmenAT_bIAG_EeqA25EqJRYe6JqkKcXR5l6M4Q,/store/apps/details?id=com.otmane.warriorcoloring&reviewId=Z3A6QU9xcFRPRlpNTGRsOWgtaWVxa0RHNnQxNzF2N2I4ZmFYU0xuNVBoYTdIQWR6b1BCa1NtZW5BVF9iSUFHX0VlcUEyNUVxSlJZZTZKcWtLY1hSNWw2TTRR,
108,https://lh3.googleusercontent.com/a-/AAuE7mBDsYKmalWfJL_kH9tn6003w2s3uVU3MASOQF2x=w48-h48-p-rw, Moon Angel ,5,com.otmane.warriorcoloring,  Amazing So good but pls make more and more of all but over all 10 at of 10  ,"August 19, 2017",gp:AOqpTOGUUPx6jXL3lCSWU738MI_dGAnrSEmRJumx55WLJB1JknDD5BxzV-aIJo4YEKrnVTo4GZQmvwuyph4_P1k,/store/apps/details?id=com.otmane.warriorcoloring&reviewId=Z3A6QU9xcFRPR1VVUHg2alhMM2xDU1dVNzM4TUlfZEdBbnJTRW1SSnVteDU1V0xKQjFKa25ERDVCeHpWLWFJSm80WUVLcm5WVG80R1pRbXZ3dXlwaDRfUDFr,
109,https://lh3.googleusercontent.com/-0Sq9aZ21C5U/AAAAAAAAAAI/AAAAAAAAAAA/ACHi3reR7o2aDNFFdQNgmfI24xcCm_atzg/w48-h48-p-rw/photo.jpg, Ethan Shipp ,1,com.otmane.warriorcoloring,  it is not cool at all i think that explains it all  ,"January 19, 2019",gp:AOqpTOH4h3XA0z421XuXJbjjVTFyaK7mCvC1kybwpn9u1s2Yh3ZVgkC2qnPwexMz_meDG-L3qbBjf3p-zwu1t24,/store/apps/details?id=com.otmane.warriorcoloring&reviewId=Z3A6QU9xcFRPSDRoM1hBMHo0MjFYdVhKYmpqVlRGeWFLN21DdkMxa3lid3BuOXUxczJZaDNaVmdrQzJxblB3ZXhNel9tZURHLUwzcWJCamYzcC16d3UxdDI0,
110,https://lh3.googleusercontent.com/a-/AAuE7mAI4CNB-4--xQk7mjTXO_cPnCoHpAWKkTPB8CKI=w48-h48-p-rw, ,1,com.otmane.warriorcoloring,  It won't let me edit.  ,"January 10, 2019",gp:AOqpTOH7EXvmD9e4a7ITVeqlJXhqbTX2Sk1USiUUqIltdXtElT7iooUwBeGpI1ixHEyLo5cV4E2l90VGCNrx4JA,/store/apps/details?id=com.otmane.warriorcoloring&reviewId=Z3A6QU9xcFRPSDdFWHZtRDllNGE3SVRWZXFsSlhocWJUWDJTazFVU2lVVXFJbHRkWHRFbFQ3aW9vVXdCZUdwSTFpeEhFeUxvNWNWNEUybDkwVkdDTnJ4NEpB,
111,https://lh3.googleusercontent.com/a-/AAuE7mDML2hdXq4Xc0zGvv_mh51rfTn6Hjw16Mbmdm705A=w48-h48-p-rw, unicorn kittykat ,1,com.otmane.warriorcoloring,  Soo bad!  ,"August 11, 2018",gp:AOqpTOFccMB4rlSicONv5VpAyxMzPVRZwQNQ3g1ZypangfTLfM8znzsPNtcn0JY_zlAsOw8VZ6b-IEkp7hsP82U,/store/apps/details?id=com.otmane.warriorcoloring&reviewId=Z3A6QU9xcFRPRmNjTUI0cmxTaWNPTnY1VnBBeXhNelBWUlp3UU5RM2cxWnlwYW5nZlRMZk04em56c1BOdGNuMEpZX3psQXNPdzhWWjZiLUlFa3A3aHNQODJV,
112,https://lh5.googleusercontent.com/-_61HriMM5YQ/AAAAAAAAAAI/AAAAAAAAAAA/ACHi3rdgezeLbF_k30LD8f1Lk-NpHmQlmQ/w48-h48-p-rw/photo.jpg, Tammy Foote ,5,com.otmane.warriorcoloring,  I love how you make it so there's some are fighting some are in love  ,"April 16, 2017",gp:AOqpTOFus7l4UJJtx8Ox65IACrAB58DDFlnXUrgczx5hrb5rG5NbhLkrPJtcjf_wg14gY1eiYMRQww_GAbaM0vM,/store/apps/details?id=com.otmane.warriorcoloring&reviewId=Z3A6QU9xcFRPRnVzN2w0VUpKdHg4T3g2NUlBQ3JBQjU4RERGbG5YVXJnY3p4NWhyYjVyRzVOYmhMa3JQSnRjamZfd2cxNGdZMWVpWU1SUXd3X0dBYmFNMHZN,
113,https://lh6.googleusercontent.com/-GzwhUF--ccQ/AAAAAAAAAAI/AAAAAAAAAAA/ACHi3rcRlsJf-Fsaie_88lxpBUE8I35eww/w48-h48-p-rw/photo.jpg, Katherine Burke ,1,com.otmane.warriorcoloring,"  Wow, that was horrible.....  ","June 1, 2017",gp:AOqpTOE28fln9eDJ7XB2fsNoxu1N-u_PbKHYEUwDa_e01n04stF2z916POVq7E220zW9xiAyOgSYUhLBHhMIZY0,/store/apps/details?id=com.otmane.warriorcoloring&reviewId=Z3A6QU9xcFRPRTI4ZmxuOWVESjdYQjJmc05veHUxTi11X1BiS0hZRVV3RGFfZTAxbjA0c3RGMno5MTZQT1ZxN0UyMjB6Vzl4aUF5T2dTWVVoTEJIaE1JWlkw,
114,https://lh3.googleusercontent.com/a-/AAuE7mCbWCfCVmfGFZ8Gbn21TevsL2k1ehlAXeE0Lq_suQ=w48-h48-p-rw, Luna the Shiny umbreon COOKIEUMBREON ,5,com.otmane.warriorcoloring,  Lovey-dovey  it  ,"January 27, 2018",gp:AOqpTOEYens7ifZZQwq9R0GBQ9bs9XIdZvjV8oDVMzViN8F8we3PLkUN7iCT0PVnck9HREh0Mqr4ZElLAaUNwQ4,/store/apps/details?id=com.otmane.warriorcoloring&reviewId=Z3A6QU9xcFRPRVllbnM3aWZaWlF3cTlSMEdCUTliczlYSWRadmpWOG9EVk16VmlOOEY4d2UzUExrVU43aUNUMFBWbmNrOUhSRWgwTXFyNFpFbExBYVVOd1E0,
115,https://lh3.googleusercontent.com/-iCmgkz5mUYI/AAAAAAAAAAI/AAAAAAAAAAA/ACHi3rdcLiSkMhEWYimEJKus4ylOUMN2BQ/w48-h48-p-rw/photo.jpg, Family Coleman ,1,com.otmane.warriorcoloring,  You can't friggin soon in!?!  ,"December 2, 2017",gp:AOqpTOE0I2N-fY7s7OOjQJ63Z6bluIUGTrOC__ALyfa_QjHn8jwwHhr4BBGmr8XAcPTUfgwevWuPIz2hCpehdmk,/store/apps/details?id=com.otmane.warriorcoloring&reviewId=Z3A6QU9xcFRPRTBJMk4tZlk3czdPT2pRSjYzWjZibHVJVUdUck9DX19BTHlmYV9RakhuOGp3d0hocjRCQkdtcjhYQWNQVFVmZ3dldld1UEl6MmhDcGVoZG1r,
116,https://lh4.googleusercontent.com/-aJ1OXX9A2AU/AAAAAAAAAAI/AAAAAAAAAAA/D65D2EpWob8/w48-h48-p-rw/photo.jpg, ,3,com.otmane.warriorcoloring,  Its ok. But I want better drawing thingys  ,"December 7, 2018",gp:AOqpTOHLvvKkgsVhkJW0NorTZ_ybBq0KASFppVNw5zdZAQiZ4HKc_ePw3qfl2P2XJSUQuykjwF2fUvmgmWUYjJ8,/store/apps/details?id=com.otmane.warriorcoloring&reviewId=Z3A6QU9xcFRPSEx2dktrZ3NWaGtKVzBOb3JUWl95YkJxMEtBU0ZwcFZOdzV6ZFpBUWlaNEhLY19lUHczcWZsMlAyWEpTVVF1eWtqd0YyZlV2bWdtV1VZako4,
117,https://lh3.googleusercontent.com/a-/AAuE7mCOJru9pakK9zZuwoFbmL_hHeVoXJnNmehjPdQs9w=w48-h48-p-rw, zero blackfire ,1,com.otmane.warriorcoloring,  Can't do hardly anything. :(  ,"June 23, 2017",gp:AOqpTOFl2o9XUnOzLW1oHzWGJOIdFSTXq9q1j2lopuceLzT9p62V1sHAVU22Y3V0D-Yn4ua8SR1gy2dKcvzzX5Q,/store/apps/details?id=com.otmane.warriorcoloring&reviewId=Z3A6QU9xcFRPRmwybzlYVW5PekxXMW9IeldHSk9JZEZTVFhxOXExajJsb3B1Y2VMelQ5cDYyVjFzSEFWVTIyWTNWMEQtWW40dWE4U1IxZ3kyZEtjdnp6WDVR,
118,https://lh3.googleusercontent.com/a-/AAuE7mBBktDMaaMpTKKQGOfrTrBkGKIQc4kJui_6e_SDPw=w48-h48-p-rw, ,1,com.otmane.warriorcoloring,  Never got it plz  ,"June 29, 2017",gp:AOqpTOFdrlzPi8-JBeBaxA41CQ6gDyYHpiTQomxYbcrSaVcX9BffP9mqA1V6DnBbP8nbmaF0QjR2qNxrE_balEs,/store/apps/details?id=com.otmane.warriorcoloring&reviewId=Z3A6QU9xcFRPRmRybHpQaTgtSkJlQmF4QTQxQ1E2Z0R5WUhwaVRRb214WWJjclNhVmNYOUJmZlA5bXFBMVY2RG5CYlA4bmJtYUYwUWpSMnFOeHJFX2JhbEVz,
119,https://lh3.googleusercontent.com/a-/AAuE7mBjwsXXEP2vUQL9F-2PXBr-uqPy4mqlpUMkuUwn=w48-h48-p-rw, ,5,com.otmane.warriorcoloring,"  I love warrior cats, reading, drawing, it met with my expectations  ","July 22, 2018",gp:AOqpTOH-iiIds_-HxmJdfgKwNlF61bgUOFLlAhia6wYaJu4ex7zcft8EGT6OWnSJT5GkaYIau7pExeUErH-Otyc,/store/apps/details?id=com.otmane.warriorcoloring&reviewId=Z3A6QU9xcFRPSC1paUlkc18tSHhtSmRmZ0t3TmxGNjFiZ1VPRkxsQWhpYTZ3WWFKdTRleDd6Y2Z0OEVHVDZPV25TSlQ1R2thWUlhdTdwRXhlVUVySC1PdHlj,
