,author_image,author_name,current_rating,rev_app_id,review_body,review_date,review_id,review_permalink,review_title
0,https://lh3.googleusercontent.com/-pfRKM1fv03A/AAAAAAAAAAI/AAAAAAAAAAA/aub2XsXkbl4/w48-h48-p-rw/photo.jpg, ,2,com.rr.motopizza.deliveryboy.foodorder,  nice  ,"March 21, 2019",gp:AOqpTOFL8fZKKjyG-qzEtbhaFnOs1rSPo-aeZQxwPPb1WdAR5qa8RdYFWiQ9zcJazMSMjBOLCtYQfusZfdZqhg,/store/apps/details?id=com.rr.motopizza.deliveryboy.foodorder&reviewId=Z3A6QU9xcFRPRkw4ZlpLS2p5Ry1xekV0YmhhRm5PczFyU1BvLWFlWlF4d1BQYjFXZEFSNXFhOFJkWUZXaVE5emNKYXpNU01qQk9MQ3RZUWZ1c1pmZFpxaGc,
1,https://lh4.googleusercontent.com/-FShTObwyNDw/AAAAAAAAAAI/AAAAAAAAAAA/znsakscc_RU/w48-h48-p-rw/photo.jpg, ,5,com.rr.motopizza.deliveryboy.foodorder,  s a n i y a h Sanaya SEO Thalia diarrhea dog Nia Love's puppy well I cut do thank you excuse you I love you Jesus Noah Black Santa Santa Ana I love you shower asss Navi Navi using the bus go round and round baby on the bus go away buckle my shoe what's its mean let me see the bus yeah yeah yeah yeah yeah there we go this is the way we brush our teeth brush your teeth brush your teeth this is the way we wash your teeth early in the morning this is the way we dress up girl dress up girl dress up go  ,"February 23, 2019",gp:AOqpTOGwwh79mil-F7QQAAn9ZU-QHKAJl1SIMp6j35qsvFHwhFdjIn8Ktx8gwdrIeMNYP4UUGrI9a4T37_FvZg,/store/apps/details?id=com.rr.motopizza.deliveryboy.foodorder&reviewId=Z3A6QU9xcFRPR3d3aDc5bWlsLUY3UVFBQW45WlUtUUhLQUpsMVNJTXA2ajM1cXN2Rkh3aEZkakluOEt0eDhnd2RySWVNTllQNFVVR3JJOWE0VDM3X0Z2Wmc,
2,https://lh3.googleusercontent.com/a-/AAuE7mC8yXkaY7jnIFiKlPXdT65cabYs4IXtQh6taGX-=w48-h48-p-rw, Ayaz AhmEd ,5,com.rr.motopizza.deliveryboy.foodorder,  wow big pizza delivery boy simulator is deliver applications at play store and I really love pizza and enjoy this beautiful applications and good work team for best app  ,"January 19, 2019",gp:AOqpTOFEHSecklXCJPdkaTEZYu74woXfZo9yGoy66MiLik12SjE9pHKB0Hs-y9Ia9tM6JJx1AemQWKxBgZKkOg,/store/apps/details?id=com.rr.motopizza.deliveryboy.foodorder&reviewId=Z3A6QU9xcFRPRkVIU2Vja2xYQ0pQZGthVEVaWXU3NHdvWGZabzl5R295NjZNaUxpazEyU2pFOXBIS0IwSHMteTlJYTl0TTZKSngxQWVtUVdLeEJnWktrT2c,
3,https://lh3.googleusercontent.com/a-/AAuE7mAkSPLcr3wD4HE0cCY7ZgS_6gmoGElVmcKwOiM4=w48-h48-p-rw, Afzal jani ,5,com.rr.motopizza.deliveryboy.foodorder,  wow big pizza delivery boy simulator is perfect delivery application and I really like this awesome applications and please install this app and enjoy  ,"January 22, 2019",gp:AOqpTOHEIVRnsTLsaVViwfGx85LFqzob8_SyLXn6rYKEA1JUdxvK1wehvfQqD4A208UljxOal1iQOHTC8EqP1w,/store/apps/details?id=com.rr.motopizza.deliveryboy.foodorder&reviewId=Z3A6QU9xcFRPSEVJVlJuc1RMc2FWVml3Zkd4ODVMRnF6b2I4X1N5TFhuNnJZS0VBMUpVZHh2SzF3ZWh2ZlFxRDRBMjA4VWxqeE9hbDFpUU9IVEM4RXFQMXc,
4,https://lh3.googleusercontent.com/a-/AAuE7mBigxq_IQWc2xPkhOn_7pEzo1AkSHn_iroU2L7h=w48-h48-p-rw, ,5,com.rr.motopizza.deliveryboy.foodorder,  Big pizza delivery boy simulator is a very nice game. This is a very great full application . very will working application. My all friends please download application and used. Application I like it very much.  ,"January 24, 2019",gp:AOqpTOEhHzbACcYL2-PPVSh4vK8t_LDaclWxIS7g4p1GeZk3-xPixYcZefSJea4LBfJQ72Nn_jzKrW3Fvd23kA,/store/apps/details?id=com.rr.motopizza.deliveryboy.foodorder&reviewId=Z3A6QU9xcFRPRWhIemJBQ2NZTDItUFBWU2g0dks4dF9MRGFjbFd4SVM3ZzRwMUdlWmszLXhQaXhZY1plZlNKZWE0TEJmSlE3Mk5uX2p6S3JXM0Z2ZDIza0E,
5,https://lh5.googleusercontent.com/-r7HoCqsscLs/AAAAAAAAAAI/AAAAAAAAAAA/ARbLJjADDq0/w48-h48-p-rw/photo.jpg, ,1,com.rr.motopizza.deliveryboy.foodorder,  Rudratej bxjsxhsx sxksncq as scabby ekv ffefelf C. you want to watch it again and I don't have a good night my youngest we are all the way I am going ii II to explain the 30th birthday 🎊 at your 🏡 to get it to me redrew to the 💪 and I don't want p W Bush tax cuts for the day before yesterday and it was good for the d. you have to do that to you and the other day when you get the 💰 to pay the rent and bills to pay for my birthday is coming up with you guys doing today and tomorrow 🌃 for  ,"March 18, 2019",gp:AOqpTOH9YWttvgdDp9btEDyERSMXwLiH4UGj7--_rmkkG49OlIc_uUpKY_ULJjr34AnoUEDhCPHIzsx9y_PSvw,/store/apps/details?id=com.rr.motopizza.deliveryboy.foodorder&reviewId=Z3A6QU9xcFRPSDlZV3R0dmdkRHA5YnRFRHlFUlNNWHdMaUg0VUdqNy0tX3Jta2tHNDlPbEljX3VVcEtZX1VMSmpyMzRBbm9VRURoQ1BISXpzeDl5X1BTdnc,
6,https://lh3.googleusercontent.com/-fZECNBo0ZKk/AAAAAAAAAAI/AAAAAAAAAAA/IpIbabKokjk/w48-h48-p-rw/photo.jpg, ,5,com.rr.motopizza.deliveryboy.foodorder,  You are the pizza delivery driver and start your traffic car for the home delivery. Have fun and be the super fast moto pizza home delivery boy. This great pizza delivery game gives you the best experience  ,"January 20, 2019",gp:AOqpTOF3Uma-Mt--q_TB0WA9pWZc2-SoniRm6iso-dosfASKG1ofOHHuxcfubULeCnX-PDHimwKvtYefy5TFww,/store/apps/details?id=com.rr.motopizza.deliveryboy.foodorder&reviewId=Z3A6QU9xcFRPRjNVbWEtTXQtLXFfVEIwV0E5cFdaYzItU29uaVJtNmlzby1kb3NmQVNLRzFvZk9ISHV4Y2Z1YlVMZUNuWC1QREhpbXdLdnRZZWZ5NVRGd3c,
7,https://lh3.googleusercontent.com/a-/AAuE7mDiDwH9rIeCqjJKViGXKebKoy44p5ng3P93OIy2=w48-h48-p-rw, ,5,com.rr.motopizza.deliveryboy.foodorder,  this application is really amazing and fabulous and there is best online order to pizza and I really love pizza and good work dear team big pizza delivery boy simulator  ,"January 24, 2019",gp:AOqpTOFxgd6fKBed7yyqS91PaSor5JvUPbCmjn2kuVOuVrsaGldleqtivck_8bCqJe24uI-qCNnLkc2c6qQPXw,/store/apps/details?id=com.rr.motopizza.deliveryboy.foodorder&reviewId=Z3A6QU9xcFRPRnhnZDZmS0JlZDd5eXFTOTFQYVNvcjVKdlVQYkNtam4ya3VWT3VWcnNhR2xkbGVxdGl2Y2tfOGJDcUplMjR1SS1xQ05uTGtjMmM2cVFQWHc,
8,https://lh3.googleusercontent.com/a-/AAuE7mA9iiuSCqCP-WtT9ehapScD5VYF9KGMppnAmSky=w48-h48-p-rw, ,5,com.rr.motopizza.deliveryboy.foodorder,  this is really amazing and best applications at play store site and I really love pizza and there is best online order pizza and good luck team big pizza delivery boy simulator  ,"January 25, 2019",gp:AOqpTOEN7gan_0_o2HPUayHNW4tzA1GIQucx6nOoGBYT7fRPN_3OWhNTrS7UIPIAkkf5zuGIT2IlmztQRf71tw,/store/apps/details?id=com.rr.motopizza.deliveryboy.foodorder&reviewId=Z3A6QU9xcFRPRU43Z2FuXzBfbzJIUFVheUhOVzR0ekExR0lRdWN4Nm5Pb0dCWVQ3ZlJQTl8zT1doTlRyUzdVSVBJQWtrZjV6dUdJVDJJbG16dFFSZjcxdHc,
9,https://lh3.googleusercontent.com/a-/AAuE7mAIrKVHFLD6fn92gRpUvFVzEgfhevf7_SxQ5D0d=w48-h48-p-rw, ,5,com.rr.motopizza.deliveryboy.foodorder,"  This is best and fantastic app,its function much addicting and no more space in mobile I recommend all.  ","January 26, 2019",gp:AOqpTOHLGU6ew4DzFmydtZC753hOiPtUyL5L8p7_9RRpaWcQoQfuYS382xHr-CKDIJHRi1SNZRM_Hdgy8v5mwg,/store/apps/details?id=com.rr.motopizza.deliveryboy.foodorder&reviewId=Z3A6QU9xcFRPSExHVTZldzREekZteWR0WkM3NTNoT2lQdFV5TDVMOHA3XzlSUnBhV2NRb1FmdVlTMzgyeEhyLUNLRElKSFJpMVNOWlJNX0hkZ3k4djVtd2c,
10,https://lh3.googleusercontent.com/a-/AAuE7mCfsv5TI4D6t0wq0BbmcC_Z3J_guEb__GzEwbBs=w48-h48-p-rw, ,5,com.rr.motopizza.deliveryboy.foodorder,  big pizza delivery is my favourite game in these days it's looks like real. I am very glad to see that it is great app  ,"January 20, 2019",gp:AOqpTOF2PWbxfYuQDq98VTnjiWaGm0jFY7pK6EkXozUKSVrMd3-Mq1lVTWRRUdTUA17Vf4ZIonCSLvgAOGa28g,/store/apps/details?id=com.rr.motopizza.deliveryboy.foodorder&reviewId=Z3A6QU9xcFRPRjJQV2J4Zll1UURxOThWVG5qaVdhR20wakZZN3BLNkVrWG96VUtTVnJNZDMtTXExbFZUV1JSVWRUVUExN1ZmNFpJb25DU0x2Z0FPR2EyOGc,
11,https://lh3.googleusercontent.com/a-/AAuE7mBJUXYkR8a0m7rIZB2hMmvEUmRNPazATio_8Q8U=w48-h48-p-rw, ,5,com.rr.motopizza.deliveryboy.foodorder,"  I personally appreciate the developers to make much addicting app,because its work very easy and fast I liked.  ","January 21, 2019",gp:AOqpTOE4bnLdyHk16vzGMFs6G7sy_hjo2AOpHrHFLBiEQvupRaMwxgJFEnU6tBQI09aMBiB21y9STMyJvZRBwQ,/store/apps/details?id=com.rr.motopizza.deliveryboy.foodorder&reviewId=Z3A6QU9xcFRPRTRibkxkeUhrMTZ2ekdNRnM2RzdzeV9oam8yQU9wSHJIRkxCaUVRdnVwUmFNd3hnSkZFblU2dEJRSTA5YU1CaUIyMXk5U1RNeUp2WlJCd1E,
12,https://lh5.googleusercontent.com/-Fmohxd1mKco/AAAAAAAAAAI/AAAAAAAAAAA/T-R3nN8-YQw/w48-h48-p-rw/photo.jpg, ,5,com.rr.motopizza.deliveryboy.foodorder,  I will be there at the same time I don't have a car so I can get a you tube video call with the same name as a reference for a job in your company and I have a few questions about the same as the one I have you on a Sunday you G I love it on your own or I can come at you doing tonight and your wife I will get the money from you soon I love the way it e I will have a talk you we  ,"March 20, 2019",gp:AOqpTOFxm5LrSK0wW3hMbQEM85wtAJF2ucRCiA0nOKaZFcihC97srGpGc0BI4w5MgTxjfCPKGdEKmSkZ8CIAHA,/store/apps/details?id=com.rr.motopizza.deliveryboy.foodorder&reviewId=Z3A6QU9xcFRPRnhtNUxyU0swd1czaE1iUUVNODV3dEFKRjJ1Y1JDaUEwbk9LYVpGY2loQzk3c3JHcEdjMEJJNHc1TWdUeGpmQ1BLR2RFS21Ta1o4Q0lBSEE,
13,https://lh3.googleusercontent.com/a-/AAuE7mBRGiY4A3lSthHjBYR83WrbcTf2UzHhUswbdU49=w48-h48-p-rw, ,5,com.rr.motopizza.deliveryboy.foodorder,  beto suno apne baap ki game ha achi or jisne ye game download na kari usko uski ma ki kasam ue game khelne m itni badiya ha ki tum ise khelte khush bole to khush ho jayoge so this is good and graphics is also good khelne m bhi tikh ha bhai badiya boleto to itni badiya game 😍😍😍😍😍😍😍😍 kya bat h  ,"March 14, 2019",gp:AOqpTOH_A8U6Ccj6jT951UHral09p71WSoZdY0jrhGjGZ-AZy-tT9inFAqwniXVjMNGN0TPQmTCHzPpr9Gr1Cg,/store/apps/details?id=com.rr.motopizza.deliveryboy.foodorder&reviewId=Z3A6QU9xcFRPSF9BOFU2Q2NqNmpUOTUxVUhyYWwwOXA3MVdTb1pkWTBqcmhHakdaLUFaeS10VDlpbkZBcXduaVhWak1OR04wVFBRbVRDSHpQcHI5R3IxQ2c,
14,https://lh3.googleusercontent.com/a-/AAuE7mA0EnHWUV3R46ha-10V0JuFpOqP3dIUvtC3JUi6=w48-h48-p-rw, ,5,com.rr.motopizza.deliveryboy.foodorder,  Must install in mobile i really appreciate it very much and recommend that all users and friends to enjoy with this game app.  ,"January 25, 2019",gp:AOqpTOF2h6nQXeIJuW6qGWrELVUBveCLvXYON7nEoYiA1gf0XjOQoVmMZ5eV2CQlqkgGgpoKO5hbZ_vFWMiI2g,/store/apps/details?id=com.rr.motopizza.deliveryboy.foodorder&reviewId=Z3A6QU9xcFRPRjJoNm5RWGVJSnVXNnFHV3JFTFZVQnZlQ0x2WFlPTjduRW9ZaUExZ2YwWGpPUW9WbU1aNWVWMkNRbHFrZ0dncG9LTzVoYlpfdkZXTWlJMmc,
15,https://lh3.googleusercontent.com/a-/AAuE7mC2QhADu-y0jA3KukzHuDv_qAKJw3L2qswilt5J=w48-h48-p-rw, zaid zaidi ,5,com.rr.motopizza.deliveryboy.foodorder,"  Must install in mobile because such awasom and workable app,so fast and easy to use i like.  ","January 22, 2019",gp:AOqpTOH6rv-RtmgedGQMJdDaAjxXrYFtCuQmty0ZxvSm542QMa7hhRDqqV0ewf5s3WWH93IoMyt68t24ayQBLQ,/store/apps/details?id=com.rr.motopizza.deliveryboy.foodorder&reviewId=Z3A6QU9xcFRPSDZydi1SdG1nZWRHUU1KZERhQWp4WHJZRnRDdVFtdHkwWnh2U201NDJRTWE3aGhSRHFxVjBld2Y1czNXV0g5M0lvTXl0Njh0MjRheVFCTFE,
16,https://lh6.googleusercontent.com/-fEczAiDHIas/AAAAAAAAAAI/AAAAAAAAAAA/xzL5XuDm3nw/w48-h48-p-rw/photo.jpg, ,1,com.rr.motopizza.deliveryboy.foodorder,  stop working after 10 level. stupid dumb bloody hell people  ,"March 6, 2019",gp:AOqpTOF0wUoAI5wum66xnAZV_kyUNlHPnJtzy8Iv1qUfnmnrlistWbqBbjtIhRccLrKe3lBIOBC60dYVD9RT3g,/store/apps/details?id=com.rr.motopizza.deliveryboy.foodorder&reviewId=Z3A6QU9xcFRPRjB3VW9BSTV3dW02NnhuQVpWX2t5VU5sSFBuSnR6eThJdjFxVWZubW5ybGlzdFdicUJianRJaFJjY0xyS2UzbEJJT0JDNjBkWVZEOVJUM2c,
17,https://lh3.googleusercontent.com/a-/AAuE7mCLGBAg_LJap3qPoHYU-41m-bPFtDdUIK1klO4R=w48-h48-p-rw, ,5,com.rr.motopizza.deliveryboy.foodorder,  Big pizza Delivery boy this is a very interesting game with beautiful graphics and beautiful interface i really enjoy this game you must try this game  ,"January 17, 2019",gp:AOqpTOFjCsCUQ15nQaBtKs6MfYTducvY4vSIJSqEs829aWUWi9KusZ8V6iJC4_lga9elYL0abdf7oW1t1WcgUQ,/store/apps/details?id=com.rr.motopizza.deliveryboy.foodorder&reviewId=Z3A6QU9xcFRPRmpDc0NVUTE1blFhQnRLczZNZllUZHVjdlk0dlNJSlNxRXM4MjlhV1VXaTlLdXNaOFY2aUpDNF9sZ2E5ZWxZTDBhYmRmN29XMXQxV2NnVVE,
18,https://lh3.googleusercontent.com/a-/AAuE7mBC244VLZjbIgAvidZa0WQk00FfHrzkaqDxzRY=w48-h48-p-rw, Good account Good account ,5,com.rr.motopizza.deliveryboy.foodorder,  Big Pizza Delivery Boy Simulator is one of the best game for enjoyment for everyone. Very nice game with new graphics. I like it so much.  ,"January 22, 2019",gp:AOqpTOEzEMA3UqzXMJklTeYuD-rMGOqJUGtl0-P5oYsA471NX195W9zwQQgcjjcbKugmHdgf1YL4L6wTVWHmDQ,/store/apps/details?id=com.rr.motopizza.deliveryboy.foodorder&reviewId=Z3A6QU9xcFRPRXpFTUEzVXF6WE1Ka2xUZVl1RC1yTUdPcUpVR3RsMC1QNW9Zc0E0NzFOWDE5NVc5endRUWdjampjYkt1Z21IZGdmMVlMNEw2d1RWV0htRFE,
19,https://lh5.googleusercontent.com/-PVKXeh5Uwcc/AAAAAAAAAAI/AAAAAAAAAAA/ACHi3rdNmqd4x0uEBcifwf9GQWy8qXwQ6g/w48-h48-p-rw/photo.jpg, muhammad osama khan ,5,com.rr.motopizza.deliveryboy.foodorder,  big pizza delivvery boy semulator is the best android smartphone gaming applition or this android application is very nice application  ,"January 19, 2019",gp:AOqpTOFE2Z1lSbMIQVRIXOPY6L9bny4LK5eQ2tglp8RJh6I5irhhF0CpLcZdhr6i9qbwq-vwQURc65Hl765qlw,/store/apps/details?id=com.rr.motopizza.deliveryboy.foodorder&reviewId=Z3A6QU9xcFRPRkUyWjFsU2JNSVFWUklYT1BZNkw5Ym55NExLNWVRMnRnbHA4UkpoNkk1aXJoaEYwQ3BMY1pkaHI2aTlxYndxLXZ3UVVSYzY1SGw3NjVxbHc,
20,https://lh3.googleusercontent.com/a-/AAuE7mBOU0anSaCJCiG0WfFxTNGUrNSkqWxwVE7fs8t6=w48-h48-p-rw, ,5,com.rr.motopizza.deliveryboy.foodorder,  Big Pizza Delivery Boy Simulator the great application and fantastic work wow wonderful application and full secure for the all android phones support  ,"January 24, 2019",gp:AOqpTOGYZtvkWPv32f2hXRvEgBq87g7_P2DkTu9EbBH02GkEAahrEvIBwo9-_9orP8m2kOiVMp34_5a2ZJheAg,/store/apps/details?id=com.rr.motopizza.deliveryboy.foodorder&reviewId=Z3A6QU9xcFRPR1ladHZrV1B2MzJmMmhYUnZFZ0JxODdnN19QMkRrVHU5RWJCSDAyR2tFQWFockV2SUJ3bzktXzlvclA4bTJrT2lWTXAzNF81YTJaSmhlQWc,
21,https://lh3.googleusercontent.com/a-/AAuE7mCvmgVb_VVxvaJAdHV9KuTAiXFfl_Rz22LXFtU1=w48-h48-p-rw, ,5,com.rr.motopizza.deliveryboy.foodorder,  big pizza delivery boy the great application and fantastic work wow wonderful application and easy use for the all android phones  ,"January 21, 2019",gp:AOqpTOGmicZCiY-nJ8Pc2_m0l0zVWch8wVkxJnnmv3IuaxNGkUos-BGFVzcxkaVajaUDrCicP_75kmfCkTREbA,/store/apps/details?id=com.rr.motopizza.deliveryboy.foodorder&reviewId=Z3A6QU9xcFRPR21pY1pDaVktbko4UGMyX20wbDB6VldjaDh3Vmt4Sm5ubXYzSXVheE5Ha1Vvcy1CR0ZWemN4a2FWYWphVURyQ2ljUF83NWttZkNrVFJFYkE,
22,https://lh3.googleusercontent.com/a-/AAuE7mDmUDwNlW8oatmILd-KLNvMGVHddYGH_B7MZYwx=w48-h48-p-rw, ,5,com.rr.motopizza.deliveryboy.foodorder,  Big pizza delivery boy simulator is brilliant app.. its amazing app and has fantastic features .. i play this game and enjoy .  ,"January 21, 2019",gp:AOqpTOEjrwNd4XomjNoIvl_MQzuUMwotNixjV33eZHPIP-Fl7wHAwzDRkaMGveDeG7XUNUSZWx4OmW7M6Rs_5g,/store/apps/details?id=com.rr.motopizza.deliveryboy.foodorder&reviewId=Z3A6QU9xcFRPRWpyd05kNFhvbWpOb0l2bF9NUXp1VU13b3ROaXhqVjMzZVpIUElQLUZsN3dIQXd6RFJrYU1HdmVEZUc3WFVOVVNaV3g0T21XN002UnNfNWc,
23,https://lh3.googleusercontent.com/a-/AAuE7mDD71o6jNAkKktPAv2y3nH4GWs6A7u2ez_cU6Vf=w48-h48-p-rw, Qamar din kolachi ,5,com.rr.motopizza.deliveryboy.foodorder,  Big Pizza Delivery is amazing application in playstore wow i like this game and awesome features and easy to use application and usefull aplication in playstore wow  ,"January 26, 2019",gp:AOqpTOGGc3pc4D4g2MLEocRh6Uw3W1GzDD7y_mJ4EscVU7d7z0bwzrW-xVocV8rb7WPsEOxXkIh4SSz7FHusFg,/store/apps/details?id=com.rr.motopizza.deliveryboy.foodorder&reviewId=Z3A6QU9xcFRPR0djM3BjNEQ0ZzJNTEVvY1JoNlV3M1cxR3pERDd5X21KNEVzY1ZVN2Q3ejBid3pyVy14Vm9jVjhyYjdXUHNFT3hYa0loNFNTejdGSHVzRmc,
24,https://lh3.googleusercontent.com/a-/AAuE7mAHxTegbb4FBVc53xLBwQ53jHxXp1vShFzLtRKh3g=w48-h48-p-rw, ,1,com.rr.motopizza.deliveryboy.foodorder,  it is very bad game i ha d ever played  ,"February 26, 2019",gp:AOqpTOGQ_OdJv8CqEykNF1kHr4AGEnfjjPsdTV32hYcAX3K1p6d1Um7U5uF216sTvbkIeauZnekvIse2zUzHNg,/store/apps/details?id=com.rr.motopizza.deliveryboy.foodorder&reviewId=Z3A6QU9xcFRPR1FfT2RKdjhDcUV5a05GMWtIcjRBR0VuZmpqUHNkVFYzMmhZY0FYM0sxcDZkMVVtN1U1dUYyMTZzVHZia0llYXVabmVrdklzZTJ6VXpITmc,
25,https://lh4.googleusercontent.com/-hy9yATz5QcE/AAAAAAAAAAI/AAAAAAAAAAA/8T7Wcx11eBo/w48-h48-p-rw/photo.jpg, ,5,com.rr.motopizza.deliveryboy.foodorder,  big pizza is good and nice game and I like it wonderful and useful game.  ,"January 21, 2019",gp:AOqpTOFolsUI7Xdyb8H_9d8Nl1oj8LQR9FvTKU_Dwb4wum_XaIlr7XtyooS2tw2a-SgC5tciI8VuDnsXnuIrqQ,/store/apps/details?id=com.rr.motopizza.deliveryboy.foodorder&reviewId=Z3A6QU9xcFRPRm9sc1VJN1hkeWI4SF85ZDhObDFvajhMUVI5RnZUS1VfRHdiNHd1bV9YYUlscjdYdHlvb1MydHcyYS1TZ0M1dGNpSThWdURuc1hudUlycVE,
26,https://lh3.googleusercontent.com/a-/AAuE7mDA7i2Ti3hxb5c9Ww1d0SVSa_S-rMUtH2usqltP=w48-h48-p-rw, ,5,com.rr.motopizza.deliveryboy.foodorder,  no more space in android its work very well and convenient i personal recommend that all user.  ,"January 21, 2019",gp:AOqpTOE9vS8QEW26RlxtaQzungWq1J72CG5W8n2Zhhp27-rH77bvofjdcR2r6V-p16qPL_lcc-H0HsmIIHKBuw,/store/apps/details?id=com.rr.motopizza.deliveryboy.foodorder&reviewId=Z3A6QU9xcFRPRTl2UzhRRVcyNlJseHRhUXp1bmdXcTFKNzJDRzVXOG4yWmhocDI3LXJINzdidm9mamRjUjJyNlYtcDE2cVBMX2xjYy1IMEhzbUlJSEtCdXc,
27,https://lh4.googleusercontent.com/-vocjEbB0jjM/AAAAAAAAAAI/AAAAAAAAAAA/ACHi3rfMlB0-vRpK7YwTj9fJ_eFPYGh3TA/w48-h48-p-rw/photo.jpg, ghalib khan ,5,com.rr.motopizza.deliveryboy.foodorder,  big pizza delivery boy simulator thats a great application wow i like this application  ,"January 22, 2019",gp:AOqpTOGSk95uRRAjF7XxTc8gcR6ICwXBM7mwOk1aNf_VGZxKCXzmGyQsAcDtDAbdRbslHWGi11mCFBUgIn_dLA,/store/apps/details?id=com.rr.motopizza.deliveryboy.foodorder&reviewId=Z3A6QU9xcFRPR1NrOTV1UlJBakY3WHhUYzhnY1I2SUN3WEJNN213T2sxYU5mX1ZHWnhLQ1h6bUd5UXNBY0R0REFiZFJic2xIV0dpMTFtQ0ZCVWdJbl9kTEE,
28,https://lh3.googleusercontent.com/a-/AAuE7mCEiBtmmVLW67YTbsUpBBXgBQxXhCEzUbXfwjAR=w48-h48-p-rw, ,5,com.rr.motopizza.deliveryboy.foodorder,  big pizza delivery boy 👌 is great application for playing with the friends .. its ride is good. its for pizza lovers.  ,"January 23, 2019",gp:AOqpTOFqOFhyM5Vqhb72UFfEBy1LNYiPgrC_cwLpX2kmmz6MCQUv1yUUs-Xym1tFHkZZ84nDjoWOHOA-8EgUmQ,/store/apps/details?id=com.rr.motopizza.deliveryboy.foodorder&reviewId=Z3A6QU9xcFRPRnFPRmh5TTVWcWhiNzJVRmZFQnkxTE5ZaVBnckNfY3dMcFgya21tejZNQ1FVdjF5VVVzLVh5bTF0RkhrWlo4NG5Eam9XT0hPQS04RWdVbVE,
29,https://lh5.googleusercontent.com/--7uqJevzxfE/AAAAAAAAAAI/AAAAAAAAAAA/Pd2hNwn9Bro/w48-h48-p-rw/photo.jpg, ,5,com.rr.motopizza.deliveryboy.foodorder,  big pizza delivery boy thats a wow pizza application for us i like it  ,"January 25, 2019",gp:AOqpTOFhYCdpE241AqvitF0OweAI84B14tOMK9NwacfSdVoUsAsMmNq_ESAwjtT3C0gUH_1s-l0W_2P9iV7eAg,/store/apps/details?id=com.rr.motopizza.deliveryboy.foodorder&reviewId=Z3A6QU9xcFRPRmhZQ2RwRTI0MUFxdml0RjBPd2VBSTg0QjE0dE9NSzlOd2FjZlNkVm9Vc0FzTW1OcV9FU0F3anRUM0MwZ1VIXzFzLWwwV18yUDlpVjdlQWc,
30,https://lh4.googleusercontent.com/-jUV0p43RF6E/AAAAAAAAAAI/AAAAAAAAAAA/v-T6A883vpc/w48-h48-p-rw/photo.jpg, ,3,com.rr.motopizza.deliveryboy.foodorder,  Waste this game do not install this app  ,"February 21, 2019",gp:AOqpTOENmCGMv38r3R5CkG4GB0pLeQt4ctlmRo0EkPip3HXBpesUHEKSaNaB20o-Nl9sk0JySIasKPw8wetD2Q,/store/apps/details?id=com.rr.motopizza.deliveryboy.foodorder&reviewId=Z3A6QU9xcFRPRU5tQ0dNdjM4cjNSNUNrRzRHQjBwTGVRdDRjdGxtUm8wRWtQaXAzSFhCcGVzVUhFS1NhTmFCMjBvLU5sOXNrMEp5U0lhc0tQdzh3ZXREMlE,
31,https://lh3.googleusercontent.com/a-/AAuE7mAl1Y_3tDthvxzTrH2eMg4AbENPzmQlNXKdI5gg=w48-h48-p-rw, ,1,com.rr.motopizza.deliveryboy.foodorder,  visibility is very very bad I have ever seen this game before  ,"March 20, 2019",gp:AOqpTOEVD-1IyDk4Xwm1qHyO2U8p3jzETFPSSvu0gZllGbmbMqbBxVYu9Gxli4iAxNCQww4-i3YJva7qh9pXVw,/store/apps/details?id=com.rr.motopizza.deliveryboy.foodorder&reviewId=Z3A6QU9xcFRPRVZELTFJeURrNFh3bTFxSHlPMlU4cDNqekVURlBTU3Z1MGdabGxHYm1iTXFiQnhWWXU5R3hsaTRpQXhOQ1F3dzQtaTNZSnZhN3FoOXBYVnc,
32,https://lh5.googleusercontent.com/--9s9x4oyVJ8/AAAAAAAAAAI/AAAAAAAAAAA/yiYq-b7MCTw/w48-h48-p-rw/photo.jpg, ,1,com.rr.motopizza.deliveryboy.foodorder,  it was kinda bad cause i did not have alot of time  ,"March 9, 2019",gp:AOqpTOEpqSxgB6T1soXfZWDDryNSszCn1CfTB5_kL1rQb0jw9qs-PItLkMbWrjHxqZdx71gMWQpQAbE7F5ojLA,/store/apps/details?id=com.rr.motopizza.deliveryboy.foodorder&reviewId=Z3A6QU9xcFRPRXBxU3hnQjZUMXNvWGZaV0REcnlOU3N6Q24xQ2ZUQjVfa0wxclFiMGp3OXFzLVBJdExrTWJXcmpIeHFaZHg3MWdNV1FwUUFiRTdGNW9qTEE,
33,https://lh4.googleusercontent.com/-swT-QBwZsYs/AAAAAAAAAAI/AAAAAAAAAAA/LNkyLxIkSTE/w48-h48-p-rw/photo.jpg, ,1,com.rr.motopizza.deliveryboy.foodorder,  it it is not good game because they are giving less time  ,"March 18, 2019",gp:AOqpTOFuiUoxm8wRKIlgr5XawGdnyC42gwn7bRTnXLjpmwXmu2O2RcJzrrGM7tvbypd7aNEZLNA05dnOi4bTEA,/store/apps/details?id=com.rr.motopizza.deliveryboy.foodorder&reviewId=Z3A6QU9xcFRPRnVpVW94bTh3UktJbGdyNVhhd0dkbnlDNDJnd243YlJUblhManBtd1htdTJPMlJjSnpyckdNN3R2YnlwZDdhTkVaTE5BMDVkbk9pNGJURUE,
34,https://lh4.googleusercontent.com/-LbMnN0e2t_A/AAAAAAAAAAI/AAAAAAAAAAA/JdunKuEQ31c/w48-h48-p-rw/photo.jpg, ,1,com.rr.motopizza.deliveryboy.foodorder,  bakvaas game vahiaat game cracked bhi nai khel skta  ,"March 21, 2019",gp:AOqpTOEXKQbKX-h43djmahp_3eYqUd7I-TXJcnXQU0sos-3UvcVmv3y0DCuXETW1xW_aLLfRSDq4meOjZhBmWQ,/store/apps/details?id=com.rr.motopizza.deliveryboy.foodorder&reviewId=Z3A6QU9xcFRPRVhLUWJLWC1oNDNkam1haHBfM2VZcVVkN0ktVFhKY25YUVUwc29zLTNVdmNWbXYzeTBEQ3VYRVRXMXhXX2FMTGZSU0RxNG1lT2paaEJtV1E,
35,https://lh3.googleusercontent.com/-AIcIaUUmfOE/AAAAAAAAAAI/AAAAAAAAAAA/ACHi3reKYYCMuBw6Mu6JQHvcG3PxbE7D9Q/w48-h48-p-rw/photo.jpg, Shweta Bhonde ,2,com.rr.motopizza.deliveryboy.foodorder,  I hate this game..I don't like this game..  ,"March 4, 2019",gp:AOqpTOGpQIpfYoNWv7lzLhsKT6_atSZZyBL8nUmChn7wVfQJ_noRdx6QKXVNSrhniwAGx42j-Cz3agDq9N02Ww,/store/apps/details?id=com.rr.motopizza.deliveryboy.foodorder&reviewId=Z3A6QU9xcFRPR3BRSXBmWW9OV3Y3bHpMaHNLVDZfYXRTWlp5Qkw4blVtQ2huN3dWZlFKX25vUmR4NlFLWFZOU3Jobml3QUd4NDJqLUN6M2FnRHE5TjAyV3c,
36,https://lh5.googleusercontent.com/-vdcvdJnwB6o/AAAAAAAAAAI/AAAAAAAAAAA/dbF-DdwY2A0/w48-h48-p-rw/photo.jpg, ,3,com.rr.motopizza.deliveryboy.foodorder,  mm ..so sad tha game  ,"March 4, 2019",gp:AOqpTOG4GrtsyZe33s2lxMKShS1xjP8ErtiGqkcSK1iTewgOt2UenF2dZTUUUpM3QDnARFYwh6d1SvLhGj8FnA,/store/apps/details?id=com.rr.motopizza.deliveryboy.foodorder&reviewId=Z3A6QU9xcFRPRzRHcnRzeVplMzNzMmx4TUtTaFMxeGpQOEVydGlHcWtjU0sxaVRld2dPdDJVZW5GMmRaVFVVVXBNM1FEbkFSRll3aDZkMVN2TGhHajhGbkE,
37,https://lh5.googleusercontent.com/-hM0bxHLS0AM/AAAAAAAAAAI/AAAAAAAAAAA/lH1uIK-GStw/w48-h48-p-rw/photo.jpg, ,5,com.rr.motopizza.deliveryboy.foodorder,  i hate this game but my sister love it cause i dont know how to play  ,"February 18, 2019",gp:AOqpTOHmeZrp-DPC8vIutQzZIZpXOLkOjUk9AMfdaj7BRc7yBVBHcz9pviq-PKmL_a3J9pxXicNF8qia6m6Jgw,/store/apps/details?id=com.rr.motopizza.deliveryboy.foodorder&reviewId=Z3A6QU9xcFRPSG1lWnJwLURQQzh2SXV0UXpaSVpwWE9Ma09qVWs5QU1mZGFqN0JSYzd5QlZCSGN6OXB2aXEtUEttTF9hM0o5cHhYaWNORjhxaWE2bTZKZ3c,
38,https://lh6.googleusercontent.com/-bith4nKEMh4/AAAAAAAAAAI/AAAAAAAAAAA/ACHi3rehWUxz0li0qpVlTCkOZg53qKKQVQ/w48-h48-p-rw/photo.jpg, JASPAL SINGH ,5,com.rr.motopizza.deliveryboy.foodorder,  Harman and I think we have to make a difference between the two teams  ,"February 20, 2019",gp:AOqpTOGjsY3f6Q1RPNf5CLmZWHTzdd58i3VxiCjq1S3MzpH7EGB769HiXof661t0r9U2WMGnsvrckNYS4L1tHA,/store/apps/details?id=com.rr.motopizza.deliveryboy.foodorder&reviewId=Z3A6QU9xcFRPR2pzWTNmNlExUlBOZjVDTG1aV0hUemRkNThpM1Z4aUNqcTFTM016cEg3RUdCNzY5SGlYb2Y2NjF0MHI5VTJXTUduc3ZyY2tOWVM0TDF0SEE,
39,https://lh5.googleusercontent.com/-Ulof6p8lrcI/AAAAAAAAAAI/AAAAAAAAAAA/GQlUzd9dMjU/w48-h48-p-rw/photo.jpg, ,5,com.rr.motopizza.deliveryboy.foodorder,  l am enjoying this game . Good game amazing and two love this game  ,"February 23, 2019",gp:AOqpTOGcRYBUzIvtnx3tsssH1RrGkRk52KnCciQkUNl_F-os0n6JnARY6n-YeLO3as6i7x2l6N32Z_hrWEqC0A,/store/apps/details?id=com.rr.motopizza.deliveryboy.foodorder&reviewId=Z3A6QU9xcFRPR2NSWUJVekl2dG54M3Rzc3NIMVJyR2tSazUyS25DY2lRa1VObF9GLW9zMG42Sm5BUlk2bi1ZZUxPM2FzNmk3eDJsNk4zMlpfaHJXRXFDMEE,
40,https://lh3.googleusercontent.com/-w0ElFyUPcwg/AAAAAAAAAAI/AAAAAAAAAAA/PFapWYh1s1M/w48-h48-p-rw/photo.jpg, ,5,com.gameswing.impossibletracks.stuntdriving.simulator,  good  ,"February 22, 2019",gp:AOqpTOEchdSx6pdcBBLvLYHcuz8Sl0hAejSYO7zbfpSki2-3ohPpBp-Tz4QdpKtO8KzspUl-M4wJB-uZhS5wGvg,/store/apps/details?id=com.gameswing.impossibletracks.stuntdriving.simulator&reviewId=Z3A6QU9xcFRPRWNoZFN4NnBkY0JCTHZMWUhjdXo4U2wwaEFlalNZTzd6YmZwU2tpMi0zb2hQcEJwLVR6NFFkcEt0TzhLenNwVWwtTTR3SkItdVpoUzV3R3Zn,
41,https://lh6.googleusercontent.com/-wyZOHPxZTo8/AAAAAAAAAAI/AAAAAAAAAAA/MEmSQuhu45g/w48-h48-p-rw/photo.jpg, ,1,com.gameswing.impossibletracks.stuntdriving.simulator,  it is boring  ,"March 21, 2019",gp:AOqpTOH44TZv3pxWlB5Tbt2qhHGDe_cDdM_2bx9-zTIQhNHpu_C9ezJiNLE76Rx1Kpo7OKXaZIKT4YPxzTSrlaE,/store/apps/details?id=com.gameswing.impossibletracks.stuntdriving.simulator&reviewId=Z3A6QU9xcFRPSDQ0VFp2M3B4V2xCNVRidDJxaEhHRGVfY0RkTV8yYng5LXpUSVFoTkhwdV9DOWV6SmlOTEU3NlJ4MUtwbzdPS1hhWklLVDRZUHh6VFNybGFF,
42,https://lh3.googleusercontent.com/a-/AAuE7mC6guJmDBfJ3FWCihBJNWqziEZk7tTwnD3a1ART4w=w48-h48-p-rw, nguyen hien ,1,com.gameswing.impossibletracks.stuntdriving.simulator,  bad  ,"March 11, 2019",gp:AOqpTOHPDcnQLJ8zn_KAb3_N5OkQKNd8GaCgxRNb-ARs6rwyPC9SKmTdG17T353O5wvTGg8d_13b1ueOh2bR6m0,/store/apps/details?id=com.gameswing.impossibletracks.stuntdriving.simulator&reviewId=Z3A6QU9xcFRPSFBEY25RTEo4em5fS0FiM19ONU9rUUtOZDhHYUNneFJOYi1BUnM2cnd5UEM5U0ttVGRHMTdUMzUzTzV3dlRHZzhkXzEzYjF1ZU9oMmJSNm0w,
43,https://lh4.googleusercontent.com/-6CO-O0Gf_J4/AAAAAAAAAAI/AAAAAAAAAAA/mgJuYQQ-Mbc/w48-h48-p-rw/photo.jpg, ,1,com.gameswing.impossibletracks.stuntdriving.simulator,  bad  ,"March 1, 2019",gp:AOqpTOFFnmUGFyz56U2iOYQOEkMEBBxA27DyplpfrcXf_v5AkRi-7B-kHVBsqqhJJH204J5ImvCPol2TZWQFOHE,/store/apps/details?id=com.gameswing.impossibletracks.stuntdriving.simulator&reviewId=Z3A6QU9xcFRPRkZubVVHRnl6NTZVMmlPWVFPRWtNRUJCeEEyN0R5cGxwZnJjWGZfdjVBa1JpLTdCLWtIVkJzcXFoSkpIMjA0SjVJbXZDUG9sMlRaV1FGT0hF,
44,https://lh4.googleusercontent.com/-KQkrzKb1RWI/AAAAAAAAAAI/AAAAAAAAAAA/Z6QmCdBNhaM/w48-h48-p-rw/photo.jpg, ,5,com.gameswing.impossibletracks.stuntdriving.simulator,  pramod💏💅🎨🌒🌓🌔  ,"March 14, 2019",gp:AOqpTOEm9EGcQcfkyDS_nEPTa_FOlNl4ADxHGSYuFeI0MnZY0QZ3VB_xWCdCdLXBPruxRuDtNd-I_AoLFx-Gy_0,/store/apps/details?id=com.gameswing.impossibletracks.stuntdriving.simulator&reviewId=Z3A6QU9xcFRPRW05RUdjUWNma3lEU19uRVBUYV9GT2xObDRBRHhIR1NZdUZlSTBNblpZMFFaM1ZCX3hXQ2RDZExYQlBydXhSdUR0TmQtSV9Bb0xGeC1HeV8w,
45,https://lh4.googleusercontent.com/-f_L_k482NBM/AAAAAAAAAAI/AAAAAAAAAAA/cy8G9R27Qh4/w48-h48-p-rw/photo.jpg, ,5,com.gameswing.impossibletracks.stuntdriving.simulator,  nice  ,"March 4, 2019",gp:AOqpTOGX1340TkdsyMU-xP9gUl6DSfHpZseY5q0QDxx2h7SXien_ib1WM0GAPrjNBYLK9pdLeLLFsUGvWAemnOY,/store/apps/details?id=com.gameswing.impossibletracks.stuntdriving.simulator&reviewId=Z3A6QU9xcFRPR1gxMzQwVGtkc3lNVS14UDlnVWw2RFNmSHBac2VZNXEwUUR4eDJoN1NYaWVuX2liMVdNMEdBUHJqTkJZTEs5cGRMZUxMRnNVR3ZXQWVtbk9Z,
46,https://lh4.googleusercontent.com/-2k1Ky28hh9M/AAAAAAAAAAI/AAAAAAAAAAA/A-o0O7hEtd8/w48-h48-p-rw/photo.jpg, ,5,com.gameswing.impossibletracks.stuntdriving.simulator,  good  ,"March 9, 2019",gp:AOqpTOG1X_gm_f7O6KZ9FJWw-vFX__wkb3KhB9hRUyTWLX4x3vrGo-nbpM0kXCJm89r0WwOjCpA4sfLGNEY2-Ps,/store/apps/details?id=com.gameswing.impossibletracks.stuntdriving.simulator&reviewId=Z3A6QU9xcFRPRzFYX2dtX2Y3TzZLWjlGSld3LXZGWF9fd2tiM0toQjloUlV5VFdMWDR4M3ZyR28tbmJwTTBrWENKbTg5cjBXd09qQ3BBNHNmTEdORVkyLVBz,
47,https://lh5.googleusercontent.com/-i1Bo9Xwv2iQ/AAAAAAAAAAI/AAAAAAAAAAA/Dl65M5CfZuk/w48-h48-p-rw/photo.jpg, ,5,com.gameswing.impossibletracks.stuntdriving.simulator,  Good  ,"March 5, 2019",gp:AOqpTOFzYqt3FcBTDLEGVW5Q_JIGwylHZxdsy0yeL7xU_g1q31ymx7exYB_k1HNqBaSjClvuw2KWJBKt0o5Vk7o,/store/apps/details?id=com.gameswing.impossibletracks.stuntdriving.simulator&reviewId=Z3A6QU9xcFRPRnpZcXQzRmNCVERMRUdWVzVRX0pJR3d5bEhaeGRzeTB5ZUw3eFVfZzFxMzF5bXg3ZXhZQl9rMUhOcUJhU2pDbHZ1dzJLV0pCS3QwbzVWazdv,
48,https://lh6.googleusercontent.com/-oN4Nvw1y3SY/AAAAAAAAAAI/AAAAAAAAAAA/ACHi3rcsgipQjrxEtSRTLkjL0A8hvSO6Bg/w48-h48-p-rw/photo.jpg, Luko Luko ,1,com.steelcloudstudio.classic.car.parking.real.driving.test,  hb  ,"January 25, 2019",gp:AOqpTOHdoDLnzwBnV0aSvnU1bS_SZqFDfIKNoD7uEH1sX45Y6VWYiJ8quVH9YBQOiyYb2n7paM_sYKMxQHCdVA,/store/apps/details?id=com.steelcloudstudio.classic.car.parking.real.driving.test&reviewId=Z3A6QU9xcFRPSGRvRExuendCblYwYVN2blUxYlNfU1pxRkRmSUtOb0Q3dUVIMXNYNDVZNlZXWWlKOHF1Vkg5WUJRT2l5WWIybjdwYU1fc1lLTXhRSENkVkE,
49,https://lh6.googleusercontent.com/-FH84Mh69UGA/AAAAAAAAAAI/AAAAAAAAAAA/ifvXYu5h99o/w48-h48-p-rw/photo.jpg, ,5,com.steelcloudstudio.classic.car.parking.real.driving.test,  I love ❤😘 this game.....  ,"January 15, 2019",gp:AOqpTOFojYYxFKNBRVkzSwkWMjt_5l6nXulWZfi3sWA5Q-ctcb5uHeWiPyyTlTPnEpSPwKrFQyZyQxS8ZzjCQw,/store/apps/details?id=com.steelcloudstudio.classic.car.parking.real.driving.test&reviewId=Z3A6QU9xcFRPRm9qWVl4RktOQlJWa3pTd2tXTWp0XzVsNm5YdWxXWmZpM3NXQTVRLWN0Y2I1dUhlV2lQeXlUbFRQbkVwU1B3S3JGUXlaeVF4UzhaempDUXc,
50,https://lh3.googleusercontent.com/-gOr0RHoNOVY/AAAAAAAAAAI/AAAAAAAAAAA/dpk1B7gJJ2Q/w48-h48-p-rw/photo.jpg, ,5,com.steelcloudstudio.classic.car.parking.real.driving.test,  wow so good  ,"February 5, 2019",gp:AOqpTOE8aNV_XGKQkwH2Olbn2WhriDIPfewKerhlacACVWWXfW-SuYsg530DKz5N4AMIBSJ1H08DPIuoAQaobQ,/store/apps/details?id=com.steelcloudstudio.classic.car.parking.real.driving.test&reviewId=Z3A6QU9xcFRPRThhTlZfWEdLUWt3SDJPbGJuMldocmlESVBmZXdLZXJobGFjQUNWV1dYZlctU3VZc2c1MzBES3o1TjRBTUlCU0oxSDA4RFBJdW9BUWFvYlE,
51,https://lh4.googleusercontent.com/-5L34BHXv57w/AAAAAAAAAAI/AAAAAAAAAAA/LCbVMow96UE/w48-h48-p-rw/photo.jpg, ,4,com.steelcloudstudio.classic.car.parking.real.driving.test,  nice game  ,"January 9, 2019",gp:AOqpTOH5_3TVfm-cZj5vxnBVNzY6U9RRlkMiSgQokUIz5q9I6B2OidfhNn7Oqa7LZPOw4e-3TNqw6eBPnO0bkQ,/store/apps/details?id=com.steelcloudstudio.classic.car.parking.real.driving.test&reviewId=Z3A6QU9xcFRPSDVfM1RWZm0tY1pqNXZ4bkJWTnpZNlU5UlJsa01pU2dRb2tVSXo1cTlJNkIyT2lkZmhObjdPcWE3TFpQT3c0ZS0zVE5xdzZlQlBuTzBia1E,
52,https://lh3.googleusercontent.com/a-/AAuE7mC0kiEVDs32r8U2FipSLxSyG1mrGwWELCHI6Rcw=w48-h48-p-rw, ,4,com.steelcloudstudio.classic.car.parking.real.driving.test,  fantastic game  ,"January 21, 2019",gp:AOqpTOH8O8tTt6Q6iVVARsOG1KVw-654mUGXKgJX8Cl4xqVUS6HND9i-VOdcS-SZKDsrj_UjqXdpfDCcDQBO4w,/store/apps/details?id=com.steelcloudstudio.classic.car.parking.real.driving.test&reviewId=Z3A6QU9xcFRPSDhPOHRUdDZRNmlWVkFSc09HMUtWdy02NTRtVUdYS2dKWDhDbDR4cVZVUzZITkQ5aS1WT2RjUy1TWktEc3JqX1VqcVhkcGZEQ2NEUUJPNHc,
53,https://lh3.googleusercontent.com/a-/AAuE7mAsR236YQEI1z1hclLyxbfHAp77r5ndm69gOFDZ1w=w48-h48-p-rw, aao kabhi lapete me saini ,5,com.steelcloudstudio.classic.car.parking.real.driving.test,  nice game  ,"February 3, 2019",gp:AOqpTOF5QfrDsJAUaZZ4haGhEnh7gBLZSgpFbMsyIKApvG96V9lTgaH8qdWQeV3PASVv07tGFNAJV-NfgRvF_g,/store/apps/details?id=com.steelcloudstudio.classic.car.parking.real.driving.test&reviewId=Z3A6QU9xcFRPRjVRZnJEc0pBVWFaWjRoYUdoRW5oN2dCTFpTZ3BGYk1zeUlLQXB2Rzk2VjlsVGdhSDhxZFdRZVYzUEFTVnYwN3RHRk5BSlYtTmZnUnZGX2c,
54,https://lh6.googleusercontent.com/-Pu0Nfv9FQKM/AAAAAAAAAAI/AAAAAAAAAAA/nNhtghpImcI/w48-h48-p-rw/photo.jpg, ,5,com.steelcloudstudio.classic.car.parking.real.driving.test,  good  ,"December 28, 2018",gp:AOqpTOHZIrptj922309ImdmCZSEgmYXXbmF4svZ1h6GHzdauh6JhQcu7ujpt2vB4YHlLe88eqwIQ5aMiZEz6rQ,/store/apps/details?id=com.steelcloudstudio.classic.car.parking.real.driving.test&reviewId=Z3A6QU9xcFRPSFpJcnB0ajkyMjMwOUltZG1DWlNFZ21ZWFhibUY0c3ZaMWg2R0h6ZGF1aDZKaFFjdTd1anB0MnZCNFlIbExlODhlcXdJUTVhTWlaRXo2clE,
55,https://lh3.googleusercontent.com/a-/AAuE7mCrjOTpWLS8qDPzgdDMEaSm8i8r9CDejwaF5mEpMA=w48-h48-p-rw, Bala ankireddy Yenumula ,5,com.steelcloudstudio.classic.car.parking.real.driving.test,  super  ,"January 6, 2019",gp:AOqpTOHApL_pVaVX_7R7wBKvRG-hc89fEUoQC2rkCdz508jilf1ngD8at3vlf7l2tzzg40mHpU8w1l15H-KN3g,/store/apps/details?id=com.steelcloudstudio.classic.car.parking.real.driving.test&reviewId=Z3A6QU9xcFRPSEFwTF9wVmFWWF83Ujd3Qkt2UkctaGM4OWZFVW9RQzJya0NkejUwOGppbGYxbmdEOGF0M3ZsZjdsMnR6emc0MG1IcFU4dzFsMTVILUtOM2c,
56,https://lh3.googleusercontent.com/-iDcqmwofl04/AAAAAAAAAAI/AAAAAAAAAAA/qb1RUqGF7g4/w48-h48-p-rw/photo.jpg, ,5,com.steelcloudstudio.classic.car.parking.real.driving.test,  hhh  ,"February 5, 2019",gp:AOqpTOHJrNFuhr0T4s-cEgvPl66la8nvU0pT71-I6qBjYRYTKSOIAwgd69l7RNfYorUMA79txF7iCXqXr0zO8Q,/store/apps/details?id=com.steelcloudstudio.classic.car.parking.real.driving.test&reviewId=Z3A6QU9xcFRPSEpyTkZ1aHIwVDRzLWNFZ3ZQbDY2bGE4bnZVMHBUNzEtSTZxQmpZUllUS1NPSUF3Z2Q2OWw3Uk5mWW9yVU1BNzl0eEY3aUNYcVhyMHpPOFE,
57,https://lh3.googleusercontent.com/a-/AAuE7mB0ZUAplgiTzaP7w28xnJXnGCw4EmKwNL-jNkiY=w48-h48-p-rw, ,5,com.steelcloudstudio.classic.car.parking.real.driving.test,  suuuuuper  ,"February 8, 2019",gp:AOqpTOH7uG1JU8TjFcxryN2f_fSaiBMVusWhqY5UQMshLkKT0b2kqYVAhseVlIsmWIqc6KXaTzWO2QPY9M9Elw,/store/apps/details?id=com.steelcloudstudio.classic.car.parking.real.driving.test&reviewId=Z3A6QU9xcFRPSDd1RzFKVThUakZjeHJ5TjJmX2ZTYWlCTVZ1c1docVk1VVFNc2hMa0tUMGIya3FZVkFoc2VWbElzbVdJcWM2S1hhVHpXTzJRUFk5TTlFbHc,
58,https://lh3.googleusercontent.com/a-/AAuE7mD62URj9WRrwifi9m8fbw6ta003mciRwsw-hST-ng=w48-h48-p-rw, Rajesh Tiwari ,1,com.steelcloudstudio.classic.car.parking.real.driving.test,  this games is very dis use please never download this game😢😢😢😢😢😢😢😢😢😢😢😢😢😢😢😢😢😢😢😢😢😢😢😢😢😢😢😢😢😢😢😢😢😢😢😢😢😢😢😢😢😢😢😢😢😢😢😢😢😢😢😢😢😢😢😢😢😢😢😢😢😢😢😢😢😢😢😢😢😢😢😢😢😢😢😢😢😢😢😢😢😢😢😢😢😢😢😢😢😢😢😢😢😢😢😢😢😢😢😢😢😢😢😢😢😢😢😢😢😢😢😢😢😢😢😢😢😢😢😢😢😢😢😢😢😢😢😢😢😢😢😢😢😢😢😢😢😢😢😢😢😢😢  ,"January 14, 2019",gp:AOqpTOGqCDIYALnSv6q9BiQdDB7zYusrskrNReFftGw3KQEuZ1JwvtE_5xFXbAoIkY32xTJb3AxEi-sm2g293A,/store/apps/details?id=com.steelcloudstudio.classic.car.parking.real.driving.test&reviewId=Z3A6QU9xcFRPR3FDRElZQUxuU3Y2cTlCaVFkREI3ell1c3Jza3JOUmVGZnRHdzNLUUV1WjFKd3Z0RV81eEZYYkFvSWtZMzJ4VEpiM0F4RWktc20yZzI5M0E,
59,https://lh3.googleusercontent.com/a-/AAuE7mAyAgpQszJpEwN6r1tvFz3UDMyZpAxrQId4LruQHw=w48-h48-p-rw, Yadav Brothers233306 ,5,com.steelcloudstudio.classic.car.parking.real.driving.test,  Superb game  ,"February 5, 2019",gp:AOqpTOFTH9Py5R-D60lE3UoBxkJvyumIGmHNCExbvZnmL_DF182NxuhZdaiRKWO-WZPrZntwLtbTNRPRduPHUA,/store/apps/details?id=com.steelcloudstudio.classic.car.parking.real.driving.test&reviewId=Z3A6QU9xcFRPRlRIOVB5NVItRDYwbEUzVW9CeGtKdnl1bUlHbUhOQ0V4YnZabm1MX0RGMTgyTnh1aFpkYWlSS1dPLVdaUHJabnR3THRiVE5SUFJkdVBIVUE,
60,https://lh5.googleusercontent.com/-M0UYmoo-8HI/AAAAAAAAAAI/AAAAAAAAAAA/_1ZL9yr_A2I/w48-h48-p-rw/photo.jpg, ,5,com.steelcloudstudio.classic.car.parking.real.driving.test,  👍👍🤘🤘  ,"January 15, 2019",gp:AOqpTOG27zBF4FnwJq1PxzsccQYzGp9mAadTP2T4jAxN3x01UjXTz6lwIVItFNFLo-SlNeR96fyrCqEYSQkPdw,/store/apps/details?id=com.steelcloudstudio.classic.car.parking.real.driving.test&reviewId=Z3A6QU9xcFRPRzI3ekJGNEZud0pxMVB4enNjY1FZekdwOW1BYWRUUDJUNGpBeE4zeDAxVWpYVHo2bHdJVkl0Rk5GTG8tU2xOZVI5NmZ5ckNxRVlTUWtQZHc,
61,https://lh3.googleusercontent.com/a-/AAuE7mDrxn_xbR5OSR1MrEzbzZ60UB3bM7qzmvpwZii2jw=w48-h48-p-rw, Vara Prasad ,5,com.steelcloudstudio.classic.car.parking.real.driving.test,  excellent performance  ,"January 12, 2019",gp:AOqpTOE_4MxV6NExnwf4sK6UlQUpc5D5e17kFu_VP9OqO6d6Ri2MVuhbt_XkFs80aPDUg9J9ojc_SYkMvFX4gA,/store/apps/details?id=com.steelcloudstudio.classic.car.parking.real.driving.test&reviewId=Z3A6QU9xcFRPRV80TXhWNk5FeG53ZjRzSzZVbFFVcGM1RDVlMTdrRnVfVlA5T3FPNmQ2UmkyTVZ1aGJ0X1hrRnM4MGFQRFVnOUo5b2pjX1NZa012Rlg0Z0E,
62,https://lh5.googleusercontent.com/-Ed0Z-nFxTeo/AAAAAAAAAAI/AAAAAAAAAAA/ht29iw4t8vA/w48-h48-p-rw/photo.jpg, ,3,com.steelcloudstudio.classic.car.parking.real.driving.test,  Nice  ,"January 5, 2019",gp:AOqpTOGl5QEbDlW-1Yhw7Fvj7fSf9pbWC1fKo7MKzHjw_47RLc0sqTx_uIknyat1zHpCJljtxdK29kyIGbWdZg,/store/apps/details?id=com.steelcloudstudio.classic.car.parking.real.driving.test&reviewId=Z3A6QU9xcFRPR2w1UUViRGxXLTFZaHc3RnZqN2ZTZjlwYldDMWZLbzdNS3pIandfNDdSTGMwc3FUeF91SWtueWF0MXpIcENKbGp0eGRLMjlreUlHYldkWmc,
63,https://lh4.googleusercontent.com/-Q7ArZYuMETI/AAAAAAAAAAI/AAAAAAAAAAA/dsbHj1u8frU/w48-h48-p-rw/photo.jpg, ,4,com.steelcloudstudio.classic.car.parking.real.driving.test,  nice  ,"January 11, 2019",gp:AOqpTOHsXBWpWpD4sVmlLSlyEF1q_4dKw9QuduVdXsC_X9alG4CyZw6v7d2GX3bDG3KuhokSjgeZXBSA3VeAWQ,/store/apps/details?id=com.steelcloudstudio.classic.car.parking.real.driving.test&reviewId=Z3A6QU9xcFRPSHNYQldwV3BENHNWbWxMU2x5RUYxcV80ZEt3OVF1ZHVWZFhzQ19YOWFsRzRDeVp3NnY3ZDJHWDNiREczS3Vob2tTamdlWlhCU0EzVmVBV1E,
64,https://lh6.googleusercontent.com/-6DOnGGyLLTg/AAAAAAAAAAI/AAAAAAAAAAA/bNzE3yMdJzo/w48-h48-p-rw/photo.jpg, ,1,com.steelcloudstudio.classic.car.parking.real.driving.test,  it is a worst game in the world 😭😭😭😭😭😭😭😭😭😭😭😭😭😭😭😭  ,"January 18, 2019",gp:AOqpTOFqOge8QVuwqodQ7l8rM7S1QNuPpIlz5a7WHp5fMinClSeB2rA1oxYjEyhakq10_Mw5Tc3RZp5TfMHKTg,/store/apps/details?id=com.steelcloudstudio.classic.car.parking.real.driving.test&reviewId=Z3A6QU9xcFRPRnFPZ2U4UVZ1d3FvZFE3bDhyTTdTMVFOdVBwSWx6NWE3V0hwNWZNaW5DbFNlQjJyQTFveFlqRXloYWtxMTBfTXc1VGMzUlpwNVRmTUhLVGc,
65,https://lh4.googleusercontent.com/-XIq1Es0yveI/AAAAAAAAAAI/AAAAAAAAAAA/ACHi3rf2AouUDaCDCPvkzZlFGjh9ITsyXQ/w48-h48-p-rw/photo.jpg, collince onyino ,5,com.steelcloudstudio.classic.car.parking.real.driving.test,  #owesome...i love it ...  ,"January 17, 2019",gp:AOqpTOH_Q3IAIbtIo6g07c21FXTremCMUPPmmHr4ru3Pp3RS58QUtxm4IwBdR2BO2w9-2skVlXqyO4S6SmNABw,/store/apps/details?id=com.steelcloudstudio.classic.car.parking.real.driving.test&reviewId=Z3A6QU9xcFRPSF9RM0lBSWJ0SW82ZzA3YzIxRlhUcmVtQ01VUFBtbUhyNHJ1M1BwM1JTNThRVXR4bTRJd0JkUjJCTzJ3OS0yc2tWbFhxeU80UzZTbU5BQnc,
66,https://lh5.googleusercontent.com/-0vymt8DUyg0/AAAAAAAAAAI/AAAAAAAAAAA/ACHi3re0o-s3Pkmyx8OqoBMdVvjozMiehw/w48-h48-p-rw/photo.jpg, SURESH Kumar ,2,com.steelcloudstudio.classic.car.parking.real.driving.test,  not bad  ,"January 10, 2019",gp:AOqpTOFAn81kJCtLVnuNvmh50VVyN_ttB3U57469NE9yB7zGrFap2XbGvgJjn9it1rOmxEp8K6NTfHwIoEPxEw,/store/apps/details?id=com.steelcloudstudio.classic.car.parking.real.driving.test&reviewId=Z3A6QU9xcFRPRkFuODFrSkN0TFZudU52bWg1MFZWeU5fdHRCM1U1NzQ2OU5FOXlCN3pHckZhcDJYYkd2Z0pqbjlpdDFyT214RXA4SzZOVGZId0lvRVB4RXc,
67,https://lh6.googleusercontent.com/-zNmCVwFkRko/AAAAAAAAAAI/AAAAAAAAAAA/AxICvjBX3J8/w48-h48-p-rw/photo.jpg, ,5,com.steelcloudstudio.classic.car.parking.real.driving.test,  nice game  ,"January 9, 2019",gp:AOqpTOFLrWEEniBb-5vIVi8EXn2CEN-8MgUzZBcc3sDbtjwbHpDkIM_spRrNWph3lIY7Iy3gjE_6h0MnZ5G8SQ,/store/apps/details?id=com.steelcloudstudio.classic.car.parking.real.driving.test&reviewId=Z3A6QU9xcFRPRkxyV0VFbmlCYi01dklWaThFWG4yQ0VOLThNZ1V6WkJjYzNzRGJ0andiSHBEa0lNX3NwUnJOV3BoM2xJWTdJeTNnakVfNmgwTW5aNUc4U1E,
68,https://lh3.googleusercontent.com/a-/AAuE7mAwJWe8JJTSEhbil5m1A7cCKzmuC9AQWVzWxF7N5g=w48-h48-p-rw, Abbas hasani nejad ,5,com.steelcloudstudio.classic.car.parking.real.driving.test,  very nice  ,"January 15, 2019",gp:AOqpTOGtfkNv_t4VDFakHeKIurpzGFZAsArLPHh-PLih9_6k4j2MBvlaA54TBx0-0R7nhJwS7DIRK4ap0K_Qxg,/store/apps/details?id=com.steelcloudstudio.classic.car.parking.real.driving.test&reviewId=Z3A6QU9xcFRPR3Rma052X3Q0VkRGYWtIZUtJdXJwekdGWkFzQXJMUEhoLVBMaWg5XzZrNGoyTUJ2bGFBNTRUQngwLTBSN25oSndTN0RJUks0YXAwS19ReGc,
69,https://lh4.googleusercontent.com/-dFh9cvZ1gjw/AAAAAAAAAAI/AAAAAAAAAAA/WFkF3LIJtAw/w48-h48-p-rw/photo.jpg, ,5,com.steelcloudstudio.classic.car.parking.real.driving.test,  very good  ,"January 11, 2019",gp:AOqpTOGRc3MwhSKE9WFC1F40tpyF5Rc10kYdk5Voo4sX6PUikJGWeeZf51NneIm26lpAGO1kwqyqcobbO48S-A,/store/apps/details?id=com.steelcloudstudio.classic.car.parking.real.driving.test&reviewId=Z3A6QU9xcFRPR1JjM013aFNLRTlXRkMxRjQwdHB5RjVSYzEwa1lkazVWb280c1g2UFVpa0pHV2VlWmY1MU5uZUltMjZscEFHTzFrd3F5cWNvYmJPNDhTLUE,
70,https://lh5.googleusercontent.com/-A-TjKsdDkdU/AAAAAAAAAAI/AAAAAAAAAAA/ACHi3rdeCjQokMHNm-aZN94zJ8MyN81DZQ/w48-h48-p-rw/photo.jpg, devendra gupta ,5,com.steelcloudstudio.classic.car.parking.real.driving.test,  very good  ,"January 11, 2019",gp:AOqpTOGeiC0AYmz7FTSz5hlWnBNiAirVKbjGujJWJxqR5TZBxLTJJC_vM299msQMXYH7PmBM05hZHxJCBLUk4w,/store/apps/details?id=com.steelcloudstudio.classic.car.parking.real.driving.test&reviewId=Z3A6QU9xcFRPR2VpQzBBWW16N0ZUU3o1aGxXbkJOaUFpclZLYmpHdWpKV0p4cVI1VFpCeExUSkpDX3ZNMjk5bXNRTVhZSDdQbUJNMDVoWkh4SkNCTFVrNHc,
71,https://lh6.googleusercontent.com/-Xg4-O3VYpKk/AAAAAAAAAAI/AAAAAAAAAAA/Rirl4bnZV9E/w48-h48-p-rw/photo.jpg, ,5,com.steelcloudstudio.classic.car.parking.real.driving.test,  good  ,"January 23, 2019",gp:AOqpTOFD0Y7bv48TnHzpajb_oP61ifuJcSaiLSVmBPQrNFkNePO_TrlHQiDyQVOrYJ9HC7Pw2fbintIaTLjJBQ,/store/apps/details?id=com.steelcloudstudio.classic.car.parking.real.driving.test&reviewId=Z3A6QU9xcFRPRkQwWTdidjQ4VG5IenBhamJfb1A2MWlmdUpjU2FpTFNWbUJQUXJORmtOZVBPX1RybEhRaUR5UVZPcllKOUhDN1B3MmZiaW50SWFUTGpKQlE,
72,https://lh3.googleusercontent.com/a-/AAuE7mBltXVRQHCDvOtksGP-gMq2LItpe3-bOHhbTUBqxw=w48-h48-p-rw, ,5,com.steelcloudstudio.classic.car.parking.real.driving.test,  nice  ,"January 6, 2019",gp:AOqpTOF1NunKjaaiDaVyRrD3eZXeba1m15poyuufdsbOjbn3QOa7ptAsvtClkPMBgB8S9p2CwaASXmVJeeUS0w,/store/apps/details?id=com.steelcloudstudio.classic.car.parking.real.driving.test&reviewId=Z3A6QU9xcFRPRjFOdW5LamFhaURhVnlSckQzZVpYZWJhMW0xNXBveXV1ZmRzYk9qYm4zUU9hN3B0QXN2dENsa1BNQmdCOFM5cDJDd2FBU1htVkplZVVTMHc,
73,https://lh3.googleusercontent.com/a-/AAuE7mDDpn0WXGRRNwDTRWTXjhqd2Ybff0nm7vYKznSe=w48-h48-p-rw, madhu sudan ,5,com.steelcloudstudio.classic.car.parking.real.driving.test,  nice  ,"January 15, 2019",gp:AOqpTOFbbIQzE24FNezPYyd-LyghYx7B8tezJXtVwZLzfkfEEF4LiJ-0Iv5wy9tF4_JIPUQIOKPnTIxywxuW0A,/store/apps/details?id=com.steelcloudstudio.classic.car.parking.real.driving.test&reviewId=Z3A6QU9xcFRPRmJiSVF6RTI0Rk5lelBZeWQtTHlnaFl4N0I4dGV6Slh0VndaTHpma2ZFRUY0TGlKLTBJdjV3eTl0RjRfSklQVVFJT0tQblRJeHl3eHVXMEE,
74,https://lh6.googleusercontent.com/-RPbylC2oGdQ/AAAAAAAAAAI/AAAAAAAAAAA/ACHi3rfeG5489l6jAVdk-s75Za_W63pTsw/w48-h48-p-rw/photo.jpg, Aakash Kesharwani ,5,com.steelcloudstudio.classic.car.parking.real.driving.test,  this is the best very very  ,"February 21, 2019",gp:AOqpTOGyy5RyJkctn8uVgXuygzzlSb3GsYefh9-6hwNz_SgZ9ivsb4rokg2V48uUmIOwDf7FHym6a1il5qBcQw,/store/apps/details?id=com.steelcloudstudio.classic.car.parking.real.driving.test&reviewId=Z3A6QU9xcFRPR3l5NVJ5SmtjdG44dVZnWHV5Z3p6bFNiM0dzWWVmaDktNmh3TnpfU2daOWl2c2I0cm9rZzJWNDh1VW1JT3dEZjdGSHltNmExaWw1cUJjUXc,
75,https://lh3.googleusercontent.com/a-/AAuE7mC9kHcLQ9_3H91WUuN8SrTghyXxmEGsQe9aaWRHXw=w48-h48-p-rw, REYON ,5,com.steelcloudstudio.classic.car.parking.real.driving.test,  good game....  ,"February 22, 2019",gp:AOqpTOE_upKUcDp38q22VljswoVRTlONxFDrTSr_iW-GqRF-wmeL5on55bJomB5FTiVWQ_w2lwH-_fse9sTYQQ,/store/apps/details?id=com.steelcloudstudio.classic.car.parking.real.driving.test&reviewId=Z3A6QU9xcFRPRV91cEtVY0RwMzhxMjJWbGpzd29WUlRsT054RkRyVFNyX2lXLUdxUkYtd21lTDVvbjU1YkpvbUI1RlRpVldRX3cybHdILV9mc2U5c1RZUVE,
76,https://lh3.googleusercontent.com/a-/AAuE7mBMmTroA6JMnRMEMH6dQ5cV7fJusFAK_nYLzJr5hg=w48-h48-p-rw, Syed Syed Fazil ,5,com.steelcloudstudio.classic.car.parking.real.driving.test,  superb game.....  ,"January 25, 2019",gp:AOqpTOF-lCXMyZCcoWAHNAHByFw1PyfnBmxYQXtxs78Z3qXk_6wwo1QRh_Z0TM3XWYGx2mRYykCQWiX89FHqgQ,/store/apps/details?id=com.steelcloudstudio.classic.car.parking.real.driving.test&reviewId=Z3A6QU9xcFRPRi1sQ1hNeVpDY29XQUhOQUhCeUZ3MVB5Zm5CbXhZUVh0eHM3OFozcVhrXzZ3d28xUVJoX1owVE0zWFdZR3gybVJZeWtDUVdpWDg5RkhxZ1E,
77,https://lh3.googleusercontent.com/a-/AAuE7mDkUiEpI0Tk7Ss_vATjBSD0PvuL3n5t-flret6Y=w48-h48-p-rw, ,5,com.steelcloudstudio.classic.car.parking.real.driving.test,  good  ,"January 2, 2019",gp:AOqpTOE8HRy4gNQbuQKOPUFHYODOFsuFvsRCPN4Sj6hSyrK1qo7hFEJKhlJ3xqBoTgcgvR3T4D2ZIi2fnTxIQQ,/store/apps/details?id=com.steelcloudstudio.classic.car.parking.real.driving.test&reviewId=Z3A6QU9xcFRPRThIUnk0Z05RYnVRS09QVUZIWU9ET0ZzdUZ2c1JDUE40U2o2aFN5cksxcW83aEZFSktobEozeHFCb1RnY2d2UjNUNEQyWklpMmZuVHhJUVE,
78,https://lh3.googleusercontent.com/a-/AAuE7mA0HpkiJKngObvmIyWEV3cVlOsXemPMRkrSb41y=w48-h48-p-rw, ,5,com.steelcloudstudio.classic.car.parking.real.driving.test,  Good  ,"January 13, 2019",gp:AOqpTOE8J60clDblgVN1146dSaexEsXwaYMpo8LusB2Ps3n-Wu-xHNdwMdVsDRYcXp4JfcO6ns7l86xAhWvILw,/store/apps/details?id=com.steelcloudstudio.classic.car.parking.real.driving.test&reviewId=Z3A6QU9xcFRPRThKNjBjbERibGdWTjExNDZkU2FleEVzWHdhWU1wbzhMdXNCMlBzM24tV3UteEhOZHdNZFZzRFJZY1hwNEpmY082bnM3bDg2eEFoV3ZJTHc,
79,https://lh3.googleusercontent.com/a-/AAuE7mCYTBMHxxL6kGlOofK5sI-wBAVG4c7GURaPj7hu=w48-h48-p-rw, ,4,com.steelcloudstudio.classic.car.parking.real.driving.test,  good  ,"February 13, 2019",gp:AOqpTOEiJQg4Xs-ghivftTD-heB4PTaUcnCNJ1oqRBUrTlRTuzyFBFOg5Xft4Z8hwS4ZOx-_vqz-0buxhGHCyA,/store/apps/details?id=com.steelcloudstudio.classic.car.parking.real.driving.test&reviewId=Z3A6QU9xcFRPRWlKUWc0WHMtZ2hpdmZ0VEQtaGVCNFBUYVVjbkNOSjFvcVJCVXJUbFJUdXp5RkJGT2c1WGZ0NFo4aHdTNFpPeC1fdnF6LTBidXhoR0hDeUE,
80,https://lh3.googleusercontent.com/a-/AAuE7mAxlbLRudLL70cjM9Z_ycaHrYn2NrF-eZGv8uX7=w48-h48-p-rw, ,5,com.steelcloudstudio.classic.car.parking.real.driving.test,  superb  ,"January 7, 2019",gp:AOqpTOHEHYJKKinXHpqQFxj0Obffbst-5HYbXeuglwyok8d8WnAHoVa8FyUS4TZCnRMEQ68FC-ESpPv8sMCo1A,/store/apps/details?id=com.steelcloudstudio.classic.car.parking.real.driving.test&reviewId=Z3A6QU9xcFRPSEVIWUpLS2luWEhwcVFGeGowT2JmZmJzdC01SFliWGV1Z2x3eW9rOGQ4V25BSG9WYThGeVVTNFRaQ25STUVRNjhGQy1FU3BQdjhzTUNvMUE,
81,https://lh5.googleusercontent.com/-rCJi1QlGwqQ/AAAAAAAAAAI/AAAAAAAAAAA/HSNuRdn2KEA/w48-h48-p-rw/photo.jpg, ,5,com.steelcloudstudio.classic.car.parking.real.driving.test,  good  ,"January 11, 2019",gp:AOqpTOEZL_oXY__Ho7fISdI6Wq9q_Cik4uOfW35xp_LEsA8pUxcLKTLrke-4b3PylZ7FaWN3lg-i7hp2LrkYfA,/store/apps/details?id=com.steelcloudstudio.classic.car.parking.real.driving.test&reviewId=Z3A6QU9xcFRPRVpMX29YWV9fSG83ZklTZEk2V3E5cV9DaWs0dU9mVzM1eHBfTEVzQThwVXhjTEtUTHJrZS00YjNQeWxaN0ZhV04zbGctaTdocDJMcmtZZkE,
82,https://lh3.googleusercontent.com/-0AOESoDTyEM/AAAAAAAAAAI/AAAAAAAAAAA/IoDcC8VwW2A/w48-h48-p-rw/photo.jpg, ,5,com.steelcloudstudio.classic.car.parking.real.driving.test,  Super 😘😘😘😘😘😘😘😘😘😘😘😘😘😘😘😘😘😘😘😘😘😘😘😘😘😘😘😘😘😘😅😅😅😅😅😅😅😅😅😅😅😅😅😅😅😅😅😅😍😍😍😍😍😍😍😍  ,"January 17, 2019",gp:AOqpTOHIL-Ccm0R7Cr1ypSSkwRs35JXJ_mWvBNqPYuP_1zOE4oOUCPeA2JF3eaKyqHezT5gIK3k5QINBomNizQ,/store/apps/details?id=com.steelcloudstudio.classic.car.parking.real.driving.test&reviewId=Z3A6QU9xcFRPSElMLUNjbTBSN0NyMXlwU1Nrd1JzMzVKWEpfbVd2Qk5xUFl1UF8xek9FNG9PVUNQZUEySkYzZWFLeXFIZXpUNWdJSzNrNVFJTkJvbU5pelE,
83,https://lh3.googleusercontent.com/-mO3j6khraOg/AAAAAAAAAAI/AAAAAAAAAAA/VVCCkQEeIvM/w48-h48-p-rw/photo.jpg, ,3,com.steelcloudstudio.classic.car.parking.real.driving.test,  good  ,"January 8, 2019",gp:AOqpTOGqpfygQRdw38kHxc0uuPJ-_2M9sXMK7N590MwoPE1n_OdXHt5znJXxRGHM7cL56iBqgY_0uvxYwkF_hA,/store/apps/details?id=com.steelcloudstudio.classic.car.parking.real.driving.test&reviewId=Z3A6QU9xcFRPR3FwZnlnUVJkdzM4a0h4YzB1dVBKLV8yTTlzWE1LN041OTBNd29QRTFuX09kWEh0NXpuSlh4UkdITTdjTDU2aUJxZ1lfMHV2eFl3a0ZfaEE,
84,https://lh4.googleusercontent.com/-c4VL_Wky8Xk/AAAAAAAAAAI/AAAAAAAAAAA/kZalI9itzPE/w48-h48-p-rw/photo.jpg, ,5,com.steelcloudstudio.classic.car.parking.real.driving.test,  Nice  ,"January 26, 2019",gp:AOqpTOEpZsZHiXUdD3WBNSQ79q39lWEDpDR2oZSN34weK0wsX308UY67_bhgXsTXjD-N0FY81MPdiyxpFmvZpA,/store/apps/details?id=com.steelcloudstudio.classic.car.parking.real.driving.test&reviewId=Z3A6QU9xcFRPRXBac1pIaVhVZEQzV0JOU1E3OXEzOWxXRURwRFIyb1pTTjM0d2VLMHdzWDMwOFVZNjdfYmhnWHNUWGpELU4wRlk4MU1QZGl5eHBGbXZacEE,
85,https://lh3.googleusercontent.com/a-/AAuE7mDdoyF2eeO4zLWia7NHkixBHxtoYgNvU-m1bcZi=w48-h48-p-rw, ,5,com.steelcloudstudio.classic.car.parking.real.driving.test,  Best  ,"February 20, 2019",gp:AOqpTOGIqMsksPKEeBICIuoRWoTGBHJRG6YwekDUYe2BCOcrS16wnGoTtYwTK0ae__accObaF458EAF7aygzog,/store/apps/details?id=com.steelcloudstudio.classic.car.parking.real.driving.test&reviewId=Z3A6QU9xcFRPR0lxTXNrc1BLRWVCSUNJdW9SV29UR0JISlJHNll3ZWtEVVllMkJDT2NyUzE2d25Hb1R0WXdUSzBhZV9fYWNjT2JhRjQ1OEVBRjdheWd6b2c,
86,https://lh3.googleusercontent.com/-woW3EF2krQc/AAAAAAAAAAI/AAAAAAAAAAA/iAPaCi7byGA/w48-h48-p-rw/photo.jpg, ,5,com.steelcloudstudio.classic.car.parking.real.driving.test,  awesome  ,"February 10, 2019",gp:AOqpTOEwK6S1nSUjqgeWrSsu9C1gOSTIVh0smidxmG22tFBuTrOFV6qAVU5vQmr3_7RE2xotLEUAIDRI9tOa7g,/store/apps/details?id=com.steelcloudstudio.classic.car.parking.real.driving.test&reviewId=Z3A6QU9xcFRPRXdLNlMxblNVanFnZVdyU3N1OUMxZ09TVElWaDBzbWlkeG1HMjJ0RkJ1VHJPRlY2cUFWVTV2UW1yM183UkUyeG90TEVVQUlEUkk5dE9hN2c,
87,https://lh5.googleusercontent.com/-cv1b-9ZuC5c/AAAAAAAAAAI/AAAAAAAAAAA/7S1Nvc0ShOo/w48-h48-p-rw/photo.jpg, ,5,com.steelcloudstudio.classic.car.parking.real.driving.test,  excellent  ,"January 20, 2019",gp:AOqpTOE3M2ALdhq7Wkn7l7FLmIKiVxeK5j6uXqG0RyvGdWp-yK0LoTVUrciOosoR-5c84ytlf5qL-iCfogmozQ,/store/apps/details?id=com.steelcloudstudio.classic.car.parking.real.driving.test&reviewId=Z3A6QU9xcFRPRTNNMkFMZGhxN1drbjdsN0ZMbUlLaVZ4ZUs1ajZ1WHFHMFJ5dkdkV3AteUswTG9UVlVyY2lPb3NvUi01Yzg0eXRsZjVxTC1pQ2ZvZ21velE,
88,https://lh3.googleusercontent.com/a-/AAuE7mAdJcwyx6ES_K-0RIoSOX6n4wWbxp52fUVB5f2YSg=w48-h48-p-rw, Dan Green ,5,com.fixdapp.two,  Works great!!!  ,"September 2, 2018",gp:AOqpTOF_e81hmj1h2NfaY6sUYlvwiz6cMOu3pR0F61q_kitr0sZqi_Mrqe04ZTMhjUWTzkwDim1qMrPsV4ve-7Y,/store/apps/details?id=com.fixdapp.two&reviewId=Z3A6QU9xcFRPRl9lODFobWoxaDJOZmFZNnNVWWx2d2l6NmNNT3UzcFIwRjYxcV9raXRyMHNacWlfTXJxZTA0WlRNaGpVV1R6a3dEaW0xcU1yUHNWNHZlLTdZ,
89,https://lh6.googleusercontent.com/-yCDns8IaW88/AAAAAAAAAAI/AAAAAAAAAAA/ACHi3rf0QzodsZ0OJwVJU1VXTGUFqw5YXQ/w48-h48-p-rw/photo.jpg, Carol Esala ,5,com.fixdapp.two,  Reassuring!  ,"September 5, 2018",gp:AOqpTOFRYRmwWkbG6UsYZgAETBGsvQAqiZ6wvAJKb2QDMQrtnQzHdEFHICr1vzgngR4ifTab1Uq-AG5IZa0EKgY,/store/apps/details?id=com.fixdapp.two&reviewId=Z3A6QU9xcFRPRlJZUm13V2tiRzZVc1laZ0FFVEJHc3ZRQXFpWjZ3dkFKS2IyUURNUXJ0blF6SGRFRkhJQ3IxdnpnbmdSNGlmVGFiMVVxLUFHNUlaYTBFS2dZ,
90,https://lh3.googleusercontent.com/-j3nHx2HHTPo/AAAAAAAAAAI/AAAAAAAAAAA/laj7uYQzhXQ/w48-h48-p-rw/photo.jpg, ,5,com.fixdapp.two,  Easy to use  ,"October 1, 2018",gp:AOqpTOFTvGg1gGfUNi3ZENy_UksuTSGDfzzURYlaEHyBn2sDpknbm0QUSMbYB-gvPUdBkxkg26habJPKxCap4dg,/store/apps/details?id=com.fixdapp.two&reviewId=Z3A6QU9xcFRPRlR2R2cxZ0dmVU5pM1pFTnlfVWtzdVRTR0RmenpVUllsYUVIeUJuMnNEcGtuYm0wUVVTTWJZQi1ndlBVZEJreGtnMjZoYWJKUEt4Q2FwNGRn,
91,https://lh3.googleusercontent.com/-5nHm_ynOyAM/AAAAAAAAAAI/AAAAAAAAAAA/ACHi3rfdFbKUhWX6Hj6B6IAOAXK1g3AB1Q/w48-h48-p-rw/photo.jpg, Junior Line ,5,com.fixdapp.two,  Love this app  ,"September 8, 2018",gp:AOqpTOGPKf_-kwoBPv5UW2H12SWI_YO-1q2_oS8dXfUvwqDfbqQOG7EwI3o77Rt89BroVb-9Rhu4oK8K39rPi9E,/store/apps/details?id=com.fixdapp.two&reviewId=Z3A6QU9xcFRPR1BLZl8ta3dvQlB2NVVXMkgxMlNXSV9ZTy0xcTJfb1M4ZFhmVXZ3cURmYnFRT0c3RXdJM283N1J0ODlCcm9WYi05Umh1NG9LOEszOXJQaTlF,
92,https://lh3.googleusercontent.com/-awVrMAAKt8A/AAAAAAAAAAI/AAAAAAAAAAA/ACHi3reABFXuDv3rnp2NL6R3xLNeyMobfQ/w48-h48-p-rw/photo.jpg, Dominic Blair ,5,com.fixdapp.two,  very helpful  ,"September 4, 2018",gp:AOqpTOEC5IGrGlYLoJT3bim4Ss9eD21dejQrRlzBrsdzMA05iLOCYqgD6tSDW8dCNXUgBX4sROPPwKHIQA_5Dlk,/store/apps/details?id=com.fixdapp.two&reviewId=Z3A6QU9xcFRPRUM1SUdyR2xZTG9KVDNiaW00U3M5ZUQyMWRlalFyUmx6QnJzZHpNQTA1aUxPQ1lxZ0Q2dFNEVzhkQ05YVWdCWDRzUk9QUHdLSElRQV81RGxr,
93,https://lh3.googleusercontent.com/a-/AAuE7mDMqO4bIzzpgYC5S1mPob39joMBjdHSD4GzeNuB7A=w48-h48-p-rw, Robert Steinebach ,5,com.fixdapp.two,  Works great  ,"August 22, 2018",gp:AOqpTOHekFBca8D9lkmK6MgWVy4CSxCBEGBt5Jn77RLTLEMOawEbzpAPzA3PugttcrBeUrxwAeGGIo7tD_KBeL0,/store/apps/details?id=com.fixdapp.two&reviewId=Z3A6QU9xcFRPSGVrRkJjYThEOWxrbUs2TWdXVnk0Q1N4Q0JFR0J0NUpuNzdSTFRMRU1PYXdFYnpwQVB6QTNQdWd0dGNyQmVVcnh3QWVHR0lvN3REX0tCZUww,
94,https://lh3.googleusercontent.com/a-/AAuE7mByUx06lNm7a1x1JNejguUf5WKWkjTSd0yfJca6NQ=w48-h48-p-rw, Josue Rosa ,5,com.fixdapp.two,  Very handy  ,"August 28, 2018",gp:AOqpTOEFUGOROmcbhae6NLRNOCTxj6oA_q2-AVvQB_RW9S3i5Mb34GYQ6Xb84l2W_03__zQDFzZY9NEK4lzNFvw,/store/apps/details?id=com.fixdapp.two&reviewId=Z3A6QU9xcFRPRUZVR09ST21jYmhhZTZOTFJOT0NUeGo2b0FfcTItQVZ2UUJfUlc5UzNpNU1iMzRHWVE2WGI4NGwyV18wM19felFERnpaWTlORUs0bHpORnZ3,
95,https://lh3.googleusercontent.com/-0jNarwLrVxM/AAAAAAAAAAI/AAAAAAAAAAA/ACHi3rdj7rvQhmuBk1Ha3s5GzTD6sozi6Q/w48-h48-p-rw/photo.jpg, Chris Woods ,5,com.fixdapp.two,  Works great  ,"August 22, 2018",gp:AOqpTOETt55y9OSwVksuQT5RFMsaU0efp_dl93VnJaRvzKmyn1hIkOoCFX7nGz-Ugiq7R-aNh4qHEaBRL7zLd5E,/store/apps/details?id=com.fixdapp.two&reviewId=Z3A6QU9xcFRPRVR0NTV5OU9Td1Zrc3VRVDVSRk1zYVUwZWZwX2RsOTNWbkphUnZ6S215bjFoSWtPb0NGWDduR3otVWdpcTdSLWFOaDRxSEVhQlJMN3pMZDVF,
96,https://lh3.googleusercontent.com/-QXD-C2rWqrk/AAAAAAAAAAI/AAAAAAAAAAA/ACHi3reuJNSseir_ous7A0GDs2X0jITGfA/w48-h48-p-rw/photo.jpg, Daniel Mercado ,5,com.fixdapp.two,  This is great  ,"September 5, 2018",gp:AOqpTOG_k2sroRbeRzeX13t5qCiOuIimLeP1AEOCdZls7lC9a3LYISLbZzIiGXNutkTsPoxckN0jn80yqX0ORQs,/store/apps/details?id=com.fixdapp.two&reviewId=Z3A6QU9xcFRPR19rMnNyb1JiZVJ6ZVgxM3Q1cUNpT3VJaW1MZVAxQUVPQ2RabHM3bEM5YTNMWUlTTGJaeklpR1hOdXRrVHNQb3hja04wam44MHlxWDBPUlFz,
97,https://lh3.googleusercontent.com/a-/AAuE7mAlsOO-JVE2Eyksbj5PnuhJR3HxWv9oVRNEbvyy=w48-h48-p-rw, Jeff Hunnicutt ,5,com.fixdapp.two,  Works great  ,"August 30, 2018",gp:AOqpTOEw1-BhTY23UH5H8ckstVmpRkokWoDAtdzRKcEQ8voweHNA8Xb99SW6RAILtptGJH-tryrXk0ONgrDyJcc,/store/apps/details?id=com.fixdapp.two&reviewId=Z3A6QU9xcFRPRXcxLUJoVFkyM1VINUg4Y2tzdFZtcFJrb2tXb0RBdGR6UktjRVE4dm93ZUhOQThYYjk5U1c2UkFJTHRwdEdKSC10cnlyWGswT05nckR5SmNj,
98,https://lh5.googleusercontent.com/-kqChn-4Ww8A/AAAAAAAAAAI/AAAAAAAAAAA/AXKKaw89XiI/w48-h48-p-rw/photo.jpg, ,5,com.fixdapp.two,  Fantastic device  ,"September 6, 2018",gp:AOqpTOHK0ugNsc5_UAjAqtPUY9mi84YlhqFfs_o-oJfmiTvqyxMQ9MDZa6H-ri5GP_7iD0WtSogdAgaweRf-FXs,/store/apps/details?id=com.fixdapp.two&reviewId=Z3A6QU9xcFRPSEswdWdOc2M1X1VBakFxdFBVWTltaTg0WWxocUZmc19vLW9KZm1pVHZxeXhNUTlNRFphNkgtcmk1R1BfN2lEMFd0U29nZEFnYXdlUmYtRlhz,
99,https://lh5.googleusercontent.com/-nZVVyL3iE_g/AAAAAAAAAAI/AAAAAAAAAAA/ACHi3rdmmSDsOM-tZKD9yD5GFYtSC5Ezjg/w48-h48-p-rw/photo.jpg, miles braddock ,5,com.fixdapp.two,  Works great  ,"September 5, 2018",gp:AOqpTOHGBpKq5vZcA9UtA7i9IizF7hWukLlnMLtdCdHenPoG1miEWkak8HFGptX4AcqzvFL9NKxYuHiA4bF-_gI,/store/apps/details?id=com.fixdapp.two&reviewId=Z3A6QU9xcFRPSEdCcEtxNXZaY0E5VXRBN2k5SWl6RjdoV3VrTGxuTUx0ZENkSGVuUG9HMW1pRVdrYWs4SEZHcHRYNEFjcXp2Rkw5Tkt4WXVIaUE0YkYtX2dJ,
100,https://lh3.googleusercontent.com/a-/AAuE7mAD0bvMQEP7n7cgVRhRojo_1F24fiIn2YBCjdaLxw=w48-h48-p-rw, RABE Aoudi ,5,com.fixdapp.two,  Perfect app  ,"August 26, 2018",gp:AOqpTOHLEoggwlcODCseZybkGJR54ve0AFpZO7r7SsuFoj_5Z60KweSVcG1PX5Cbw2dNAsersh1Xc9dY2IHzsf4,/store/apps/details?id=com.fixdapp.two&reviewId=Z3A6QU9xcFRPSExFb2dnd2xjT0RDc2VaeWJrR0pSNTR2ZTBBRnBaTzdyN1NzdUZval81WjYwS3dlU1ZjRzFQWDVDYncyZE5Bc2Vyc2gxWGM5ZFkySUh6c2Y0,
101,https://lh4.googleusercontent.com/-ATyd-cTPqzI/AAAAAAAAAAI/AAAAAAAAAAA/ACHi3rcP4sITrGIRRSNCcsK24z8FHEy_SA/w48-h48-p-rw/photo.jpg, Foster Harden ,5,com.fixdapp.two,  Awesome  ,"August 30, 2018",gp:AOqpTOHCDfPunjpZYdHa1s6Cq7hW0wG99xGmHica95hb9z0QgsQeQN4o4nGzaO9oezeicYQbBT2dlZwu6LRpqSg,/store/apps/details?id=com.fixdapp.two&reviewId=Z3A6QU9xcFRPSENEZlB1bmpwWllkSGExczZDcTdoVzB3Rzk5eEdtSGljYTk1aGI5ejBRZ3NRZVFONG80bkd6YU85b2V6ZWljWVFiQlQyZGxad3U2TFJwcVNn,
102,https://lh3.googleusercontent.com/a-/AAuE7mBYFd0fMT6auxiAP2vsIZ_oji_f_3dphGExhRJ9GQ=w48-h48-p-rw, MDN777 MDN 1 ,5,com.fixdapp.two,  Excellent  ,"August 22, 2018",gp:AOqpTOHdY18YJTZjogna90zXSnkmDcs1y-8b-VdpBvGXs__qoBAnpVuygT0o_Q3RXqjHAcjl9sxfMA9WcB3T-Dk,/store/apps/details?id=com.fixdapp.two&reviewId=Z3A6QU9xcFRPSGRZMThZSlRaam9nbmE5MHpYU25rbURjczF5LThiLVZkcEJ2R1hzX19xb0JBbnBWdXlnVDBvX1EzUlhxakhBY2psOXN4Zk1BOVdjQjNULURr,
103,https://lh3.googleusercontent.com/a-/AAuE7mAjRKT9wOVl8OLm-Od7vlT8QAP9kFyXP3VFrIUCdw=w48-h48-p-rw, ,5,com.fixdapp.two,  Kool  ,"August 30, 2018",gp:AOqpTOHbReoFUZyDzek6hbpxBlhSIF2DoKduyBHA-Cfok6ob6Q8X1QPrF9m0myzFFbxF0S74W-zQBx6-6Mq55wc,/store/apps/details?id=com.fixdapp.two&reviewId=Z3A6QU9xcFRPSGJSZW9GVVp5RHplazZoYnB4QmxoU0lGMkRvS2R1eUJIQS1DZm9rNm9iNlE4WDFRUHJGOW0wbXl6RkZieEYwUzc0Vy16UUJ4Ni02TXE1NXdj,
104,https://lh5.googleusercontent.com/-3iAA6sIAxAE/AAAAAAAAAAI/AAAAAAAAAAA/ACHi3re2QeEEyFWkPoIT_vUtz10ejD2H4g/w48-h48-p-rw/photo.jpg, Robert Michaels ,5,com.fixdapp.two,  Awesome  ,"September 3, 2018",gp:AOqpTOGv4RSpVRgRwwdYhLVkUKEd3uBcjtZ3zOAvbzSXLSjx1fyWB19eX2F2Xt0IZgHVJ7w6kTfjm8nRP1G0Ji8,/store/apps/details?id=com.fixdapp.two&reviewId=Z3A6QU9xcFRPR3Y0UlNwVlJnUnd3ZFloTFZrVUtFZDN1QmNqdFozek9BdmJ6U1hMU2p4MWZ5V0IxOWVYMkYyWHQwSVpnSFZKN3c2a1Rmam04blJQMUcwSmk4,
105,https://lh3.googleusercontent.com/a-/AAuE7mAwnzjn1_aAKViNyEMZWkPlkH5abI24aZp89UPYLA=w48-h48-p-rw, Terry Davis ,5,com.fixdapp.two,  Excellent  ,"August 22, 2018",gp:AOqpTOFBYiw2pL0pVcj2sPPklQ8n0HzAuuFQnAQyfX2LtK_2ZrOv6Pa9wLZ-pjnbcR1lngsNGqpsdpfjzV_Tu1c,/store/apps/details?id=com.fixdapp.two&reviewId=Z3A6QU9xcFRPRkJZaXcycEwwcFZjajJzUFBrbFE4bjBIekF1dUZRbkFReWZYMkx0S18yWnJPdjZQYTl3TFotcGpuYmNSMWxuZ3NOR3Fwc2RwZmp6Vl9UdTFj,
106,https://lh3.googleusercontent.com/a-/AAuE7mAbnb88LgY0tDhWQtJCtGmZU3nn6nVd3wZ46Vpt=w48-h48-p-rw, Martinelis Morales ,5,com.fixdapp.two,"  Had some issues in the beginning with connecting apparently it was bug with 
app. Now that the apps been updated its been fixed. The device is great now 
that i can use it to its full potential. I can find places to get parts 
needed for the car if needed, it tells me what i need as far as maitence 
when i get to a certain mileage. And it detects issues with my car. Great 
product^^  ","August 16, 2018",gp:AOqpTOGtId1EwyUkQ8JehcyT9TF5vYh3YdyR8oVM_eM21KSYfEknkA_2ot9lnImSoujFeNDENvLb2LIyZXwRZRM,/store/apps/details?id=com.fixdapp.two&reviewId=Z3A6QU9xcFRPR3RJZDFFd3lVa1E4SmVoY3lUOVRGNXZZaDNZZHlSOG9WTV9lTTIxS1NZZkVrbmtBXzJvdDlsbkltU291akZlTkRFTnZMYjJMSXlaWHdSWlJN,
107,https://lh3.googleusercontent.com/a-/AAuE7mDe-xS6MmuaWFk2VBqBgCkKER3oyYwacOTA9wEhKA=w48-h48-p-rw, Nathan-I-EL Messario ,1,com.fixdapp.two,"  No service, no valid email , asked for a pin number after i entered it over 
and over . just sends you in circles after registering. Wont connect to 
bluetooth . dont waste ur money or your time Autozone or advance will give 
u codes for free  ","August 17, 2018",gp:AOqpTOH4El36i9NaUe74Yde3skdqhZzz-5p_c8XhgdqkuFcVA5EzBhA07c7qCVmkWBOTy35saOR4dSf-ZiM2kuI,/store/apps/details?id=com.fixdapp.two&reviewId=Z3A6QU9xcFRPSDRFbDM2aTlOYVVlNzRZZGUzc2tkcWhaenotNXBfYzhYaGdkcWt1RmNWQTVFekJoQTA3YzdxQ1Zta1dCT1R5MzVzYU9SNGRTZi1aaU0ya3VJ,
108,https://lh4.googleusercontent.com/-ZYZqlV6LI3s/AAAAAAAAAAI/AAAAAAAAAAA/_YFXtv4sApc/w48-h48-p-rw/photo.jpg, ,1,com.fixdapp.two,"  Stopped working after update, please fix or roll back. Everyone is having 
trouble on Android version now  ","August 19, 2018",gp:AOqpTOGxBrWI3fA2BrqsIKOsPKmFfYpbu2YtH2up1ysEOKEn_Lqj8lZFk7kgGHDpUdEfYnRk_11KDcRMWEqittE,/store/apps/details?id=com.fixdapp.two&reviewId=Z3A6QU9xcFRPR3hCcldJM2ZBMkJycXNJS09zUEttRmZZcGJ1Mll0SDJ1cDF5c0VPS0VuX0xxajhsWkZrN2tnR0hEcFVkRWZZblJrXzExS0RjUk1XRXFpdHRF,
109,https://lh4.googleusercontent.com/-pPctd3MSoBE/AAAAAAAAAAI/AAAAAAAAAAA/uvBGYGp4S_4/w48-h48-p-rw/photo.jpg, ,5,com.fixdapp.two,"  This app is super easy to use even my wife likes to use this app she loves 
to be able to check and see what's going on with her own vehicle I 
recommend this for any family scanner  ","August 20, 2018",gp:AOqpTOFhho5XoWUfpUFuXnkFeCzeyvNJAVFn4giJ2YmnnPvnYcMZS5zjZziV2dDrshWYr2H9H0nQdnjVDucDd0o,/store/apps/details?id=com.fixdapp.two&reviewId=Z3A6QU9xcFRPRmhobzVYb1dVZnBVRnVYbmtGZUN6ZXl2TkpBVkZuNGdpSjJZbW5uUHZuWWNNWlM1empaemlWMmREcnNoV1lyMkg5SDBuUWRualZEdWNEZDBv,
110,https://lh5.googleusercontent.com/-WyVbqMyrfIk/AAAAAAAAAAI/AAAAAAAAAAA/QZE0pR7qZZA/w48-h48-p-rw/photo.jpg, ,1,com.fixdapp.two,  The unit doesnt work it only shows what the commercial shows nothin else shows up  ,"August 26, 2018",gp:AOqpTOF6AlyOuPFFujNFvtSSo7o698U-dWActS9UIRZxiObWREcJVG89isr_sNGD2J4Fp3wGLOVeNKV2Nalyvh8,/store/apps/details?id=com.fixdapp.two&reviewId=Z3A6QU9xcFRPRjZBbHlPdVBGRnVqTkZ2dFNTbzdvNjk4VS1kV0FjdFM5VUlSWnhpT2JXUkVjSlZHODlpc3Jfc05HRDJKNEZwM3dHTE9WZU5LVjJOYWx5dmg4,
111,https://lh3.googleusercontent.com/a-/AAuE7mAlYsxhV8b_thQ2ufyYZqUXAnqHApfN_TBGPTqjqA=w48-h48-p-rw, Stephan Lloyd ,5,com.fixdapp.two,  Helped maintain my car and get issues fixed. Great app!  ,"August 16, 2018",gp:AOqpTOGfJQBmj_am76nZeHCOXpZO7BLbwEozfarxCJdUORP7bCj1l8TJSfrQ8DgLPLAr_dV1LANDjgNV2isbbDo,/store/apps/details?id=com.fixdapp.two&reviewId=Z3A6QU9xcFRPR2ZKUUJtal9hbTc2blplSENPWHBaTzdCTGJ3RW96ZmFyeENKZFVPUlA3YkNqMWw4VEpTZnJROERnTFBMQXJfZFYxTEFORGpnTlYyaXNiYkRv,
112,https://lh3.googleusercontent.com/a-/AAuE7mBzep3IHJBqXTbQ8AtWygqWDsWWu9wmun0-5qKa=w48-h48-p-rw, ,5,com.fixdapp.two,  This app is very helpful and came right on time. Thank you Prime Goodz Global for having such amazing products!  ,"August 23, 2018",gp:AOqpTOFJgdAv_ivIMw1EiFe-UKpwLU9h3OrpUWYtVnSHn0oY4OrUpS9TX5xyi-Pm_tG5w1m-MIij9ziUOQuZuJ0,/store/apps/details?id=com.fixdapp.two&reviewId=Z3A6QU9xcFRPRkpnZEF2X2l2SU13MUVpRmUtVUtwd0xVOWgzT3JwVVdZdFZuU0huMG9ZNE9yVXBTOVRYNXh5aS1QbV90RzV3MW0tTUlpajl6aVVPUXVadUow,
113,https://lh6.googleusercontent.com/-t4LHIGQYtbE/AAAAAAAAAAI/AAAAAAAAAAA/ACHi3rdi-taEU3heInt7RmqLNkNJ5moeNQ/w48-h48-p-rw/photo.jpg, Josh Braden ,5,com.fixdapp.two,  This device and app are really useful tools for me as a Lyft driver. They allow me to keep track of the health of my car.  ,"August 24, 2018",gp:AOqpTOGUneSFbHexWBn7PkSfuveRqR2v5-Lg5gSzZHmHY-PWMm-6iEFZIGHBXqeW-3UMZz_zy75yJUjysSQea50,/store/apps/details?id=com.fixdapp.two&reviewId=Z3A6QU9xcFRPR1VuZVNGYkhleFdCbjdQa1NmdXZlUnFSMnY1LUxnNWdTelpIbUhZLVBXTW0tNmlFRlpJR0hCWHFlVy0zVU1ael96eTc1eUpVanlzU1FlYTUw,
114,https://lh6.googleusercontent.com/-_lPSmB6cn7M/AAAAAAAAAAI/AAAAAAAAAAA/ACHi3reXzWK5aXGfEfANDxVpJWY4_8aCTg/w48-h48-p-rw/photo.jpg, Stephen Kennedy ,5,com.fixdapp.two,  Great unit. Very easy to use and I don't get ripped off at the service center  ,"September 18, 2018",gp:AOqpTOGpV6WeQiEw_K28VFwR5lDfYw8-dcklmmns9F1F0J63_5PeQ7R8QHG_7EcqlXG70kK8zOhbxRMr0RswnnQ,/store/apps/details?id=com.fixdapp.two&reviewId=Z3A6QU9xcFRPR3BWNldlUWlFd19LMjhWRndSNWxEZll3OC1kY2tsbW1uczlGMUYwSjYzXzVQZVE3UjhRSEdfN0VjcWxYRzcwa0s4ek9oYnhSTXIwUnN3bm5R,
115,https://lh4.googleusercontent.com/-Iv2RbhB--3Q/AAAAAAAAAAI/AAAAAAAAAAA/ACHi3rekOU35cps5vSjLgqg4VfHTn5GiSQ/w48-h48-p-rw/photo.jpg, Jean Reed ,1,com.fixdapp.two,  The Fix is useless  ,"October 3, 2018",gp:AOqpTOH8oufzVDhq2RFziQzqLVAxCT1c6oGJ4QHxJqQj7EI6k_bki-rxmJAKSw2UNUysq4q8K6T7cGNTK3Strt4,/store/apps/details?id=com.fixdapp.two&reviewId=Z3A6QU9xcFRPSDhvdWZ6VkRocTJSRnppUXpxTFZBeENUMWM2b0dKNFFIeEpxUWo3RUk2a19ia2ktcnhtSkFLU3cyVU5VeXNxNHE4SzZUN2NHTlRLM1N0cnQ0,
116,https://lh5.googleusercontent.com/-P2ZW4fsNdew/AAAAAAAAAAI/AAAAAAAAAAA/ACHi3refQeyi_dxLOfgKYbflwtj5HTCQ_A/w48-h48-p-rw/photo.jpg, David Stroud ,5,com.fixdapp.two,  Very helpful to fix my vehicles without the runaround from a mechanic.  ,"August 20, 2018",gp:AOqpTOGzaz3r8_Y7C6CVfKleEq9qICQwkSv2-j3mF_pPZUJDPGrLvS0-hF5ovWs86pLa2rQa_7woKSzJUl9LNP4,/store/apps/details?id=com.fixdapp.two&reviewId=Z3A6QU9xcFRPR3phejNyOF9ZN0M2Q1ZmS2xlRXE5cUlDUXdrU3YyLWozbUZfcFBaVUpEUEdyTHZTMC1oRjVvdldzODZwTGEyclFhXzd3b0tTekpVbDlMTlA0,
117,https://lh5.googleusercontent.com/-U2oKqFYJ8bc/AAAAAAAAAAI/AAAAAAAAAAA/012_DgsTSmo/w48-h48-p-rw/photo.jpg, ,5,com.fixdapp.two,  Works like it should  ,"August 21, 2018",gp:AOqpTOEK5OToJct01_4ZMJJDCucUcYq91YyD6tx3s_kzrTpLYoDh-qmL6rieevB4fKQreYkLRcJ9iptX8-VYvds,/store/apps/details?id=com.fixdapp.two&reviewId=Z3A6QU9xcFRPRUs1T1RvSmN0MDFfNFpNSkpEQ3VjVWNZcTkxWXlENnR4M3Nfa3pyVHBMWW9EaC1xbUw2cmllZXZCNGZLUXJlWWtMUmNKOWlwdFg4LVZZdmRz,
118,https://lh6.googleusercontent.com/-bpgCGateVBs/AAAAAAAAAAI/AAAAAAAAAAA/2G3p2Bst6BE/w48-h48-p-rw/photo.jpg, ,5,com.fixdapp.two,  Very easy to use.  ,"August 14, 2018",gp:AOqpTOF8GDZG_Ket5IlrMju_9MV_uelFQ6tNr6piNGhbrtG8qtXeTYF1-gCJrUkGC1Ta8iNcB_svmy2fgjFMRA4,/store/apps/details?id=com.fixdapp.two&reviewId=Z3A6QU9xcFRPRjhHRFpHX0tldDVJbHJNanVfOU1WX3VlbEZRNnROcjZwaU5HaGJydEc4cXRYZVRZRjEtZ0NKclVrR0MxVGE4aU5jQl9zdm15MmZnakZNUkE0,
119,https://lh3.googleusercontent.com/-ne_Ft9K7JQg/AAAAAAAAAAI/AAAAAAAAAAA/KsPRpClUWxA/w48-h48-p-rw/photo.jpg, ,5,com.fixdapp.two,  Look out repairmen. No more ripoffs!  ,"August 20, 2018",gp:AOqpTOFcXM6kGNzwpQkII1ICr83BlO7u-m34KMnQUk6yQoPDHQ-5kUTSZSCt7idsfGdMnFyjSApkc3kPweseMko,/store/apps/details?id=com.fixdapp.two&reviewId=Z3A6QU9xcFRPRmNYTTZrR056d3BRa0lJMUlDcjgzQmxPN3UtbTM0S01uUVVrNnlRb1BESFEtNWtVVFNaU0N0N2lkc2ZHZE1uRnlqU0Fwa2Mza1B3ZXNlTWtv,
120,https://lh3.googleusercontent.com/-ssN_eEJNY1Q/AAAAAAAAAAI/AAAAAAAAAAA/ACHi3rcUU8BR9c9k9pzhovb7s3MSdMWNaQ/w48-h48-p-rw/photo.jpg, Braxton Wannamaker ,5,com.fixdapp.two,  Easy to get up and going. Did what I expected.  ,"August 16, 2018",gp:AOqpTOFZTuZ-56DYj_T9yCswAvZTbJwJTHYi4lgoFPsHy7jnUmEsFD-nIckReUl5Hr2bnPsne_sPxxAE_7KhGSo,/store/apps/details?id=com.fixdapp.two&reviewId=Z3A6QU9xcFRPRlpUdVotNTZEWWpfVDl5Q3N3QXZaVGJKd0pUSFlpNGxnb0ZQc0h5N2puVW1Fc0ZELW5JY2tSZVVsNUhyMmJuUHNuZV9zUHh4QUVfN0toR1Nv,
121,https://lh3.googleusercontent.com/-hQJPM3n1XeQ/AAAAAAAAAAI/AAAAAAAAAAA/ACHi3rc6MEW7F3h2OxlUjiWr6YK02hHJ4Q/w48-h48-p-rw/photo.jpg, Ronald Rabie ,5,com.fixdapp.two,  Great app. Realize its info not repair.  ,"August 28, 2018",gp:AOqpTOHm3mEI1ARSdtDWP-NHnh2mFXAEX39sGFczBFrRgdH8NDK8rwCA8dGIaQPrgn2F0mqYqkE_NfVGRGmtXz0,/store/apps/details?id=com.fixdapp.two&reviewId=Z3A6QU9xcFRPSG0zbUVJMUFSU2R0RFdQLU5IbmgybUZYQUVYMzlzR0ZjekJGclJnZEg4TkRLOHJ3Q0E4ZEdJYVFQcmduMkYwbXFZcWtFX05mVkdSR210WHow,
122,https://lh4.googleusercontent.com/-rXbjWiJfGkk/AAAAAAAAAAI/AAAAAAAAAAA/ACHi3rd1AufA8nNcxTYhpgXMQCCLreQDLA/w48-h48-p-rw/photo.jpg, Jim Theis ,5,com.fixdapp.two,  Great app!  ,"August 15, 2018",gp:AOqpTOGyPGJPhGPBaFpN17O7FIWc-LJQJmGm7nlQlMHaksEdxe_1E9zVaAh14Dg1mPpZ1zU8W1nTh2fbZou1eB0,/store/apps/details?id=com.fixdapp.two&reviewId=Z3A6QU9xcFRPR3lQR0pQaEdQQmFGcE4xN083RklXYy1MSlFKbUdtN25sUWxNSGFrc0VkeGVfMUU5elZhQWgxNERnMW1QcFoxelU4VzFuVGgyZmJab3UxZUIw,
123,https://lh5.googleusercontent.com/-ZTOL8B5BVlM/AAAAAAAAAAI/AAAAAAAAAAA/ACHi3rcpSGlqTt5L_QfwjpNBKDBlbV9CRg/w48-h48-p-rw/photo.jpg, Daniel Baskas ,5,com.fixdapp.two,  Works great!  ,"August 18, 2018",gp:AOqpTOHVV7Y4Ll47jt7WOHzCrV4SAeNzaF2N_xNkuHltz7UhH76rvDMkK-dt9j12P78EknJTJE4m5OHSqqNw8eI,/store/apps/details?id=com.fixdapp.two&reviewId=Z3A6QU9xcFRPSFZWN1k0TGw0N2p0N1dPSHpDclY0U0FlTnphRjJOX3hOa3VIbHR6N1VoSDc2cnZETWtLLWR0OWoxMlA3OEVrbkpUSkU0bTVPSFNxcU53OGVJ,
124,https://lh5.googleusercontent.com/-I3oziVDkqdg/AAAAAAAAAAI/AAAAAAAAAAA/uUixUjH4vOQ/w48-h48-p-rw/photo.jpg, ,4,com.fixdapp.two,  This app has been very useful  ,"March 17, 2019",gp:AOqpTOG_ugMON3rtj9dv0QvixYioSgqetFjwNs8mxgnHLMm7097RaqhuTR3-iOcPRTLW7qgdDyNz8awUDWO9h-w,/store/apps/details?id=com.fixdapp.two&reviewId=Z3A6QU9xcFRPR191Z01PTjNydGo5ZHYwUXZpeFlpb1NncWV0Rmp3TnM4bXhnbkhMTW03MDk3UmFxaHVUUjMtaU9jUFJUTFc3cWdkRHlOejhhd1VEV085aC13,
125,https://lh3.googleusercontent.com/a-/AAuE7mDo-s0aY1RLtAsxdbhktwuRlufBQyKRDV47uEDhGA=w48-h48-p-rw, Norbert Thomas ,5,com.fixdapp.two,  Awesome gadget.  ,"August 19, 2018",gp:AOqpTOH5MjT77Ed_YqUvGCeSsyjv55c5gBALIy8G1zTk0B3O8Vnv6hNrMvIUZI0AAhxRx518-1hE1dDcIiMEb00,/store/apps/details?id=com.fixdapp.two&reviewId=Z3A6QU9xcFRPSDVNalQ3N0VkX1lxVXZHQ2VTc3lqdjU1YzVnQkFMSXk4RzF6VGswQjNPOFZudjZoTnJNdklVWkkwQUFoeFJ4NTE4LTFoRTFkRGNJaU1FYjAw,
126,https://lh3.googleusercontent.com/-mBVnYnjLqAE/AAAAAAAAAAI/AAAAAAAAAAA/wJACkOnvbIQ/w48-h48-p-rw/photo.jpg, ,5,com.fixdapp.two,  Excellent Diagnostic Tool!  ,"August 20, 2018",gp:AOqpTOFwekjyLa9m34jXgp6qWUegLc-_Gt6Q_Evm_P2smqgjh4xCVD4spzi5FRKfQGVJmYBM5qneAvuXvIBvD_M,/store/apps/details?id=com.fixdapp.two&reviewId=Z3A6QU9xcFRPRndla2p5TGE5bTM0alhncDZxV1VlZ0xjLV9HdDZRX0V2bV9QMnNtcWdqaDR4Q1ZENHNwemk1RlJLZlFHVkptWUJNNXFuZUF2dVh2SUJ2RF9N,
127,https://lh4.googleusercontent.com/-qjNgAoEF_Yo/AAAAAAAAAAI/AAAAAAAAAAA/ACHi3refhFnEHZ7sDoA1A9GHSTMgEoXTFQ/w48-h48-p-rw/photo.jpg, Anthony Haviland ,5,com.fixdapp.two,  So far very helpful  ,"August 18, 2018",gp:AOqpTOFwWOybVT98oNXPcVjvMfTYnwcraH4ly3daePAga9c_s0X8lRpzYSWvTVFwDwLJpfZtZguQ0NtUd0LuvMo,/store/apps/details?id=com.fixdapp.two&reviewId=Z3A6QU9xcFRPRndXT3liVlQ5OG9OWFBjVmp2TWZUWW53Y3JhSDRseTNkYWVQQWdhOWNfczBYOGxScHpZU1d2VFZGd0R3TEpwZlp0Wmd1UTBOdFVkMEx1dk1v,
