,author_image,author_name,current_rating,rev_app_id,review_body,review_date,review_id,review_permalink,review_title
0,https://lh3.googleusercontent.com/a-/AAuE7mBDqeFLGbTPlk2vssv0aTVpl67ozl1BWo0zrdDwgQ=w48-h48-p-rw, ,1,com.marvel.comics,  I supposed that it was free  ,"July 19, 2018",gp:AOqpTOHU2mKC3fxG8nrE2XKV-yGFCbaXmfDa2gBWqEk0_tpzEdZ_euRjkoyNDYwDdDr7nN1Pc0sdAFWUCmDN,/store/apps/details?id=com.marvel.comics&reviewId=Z3A6QU9xcFRPSFUybUtDM2Z4RzhuckUyWEtWLXlHRkNiYVhtZkRhMmdCV3FFazBfdHB6RWRaX2V1Umprb3lORFl3RGREcjduTjFQYzBzZEFGV1VDbURO,
1,https://lh3.googleusercontent.com/a-/AAuE7mAun7Sd5zrwxfH5ljk5N-NOWJzltQcQQh3ec1kq=w48-h48-p-rw, ,4,com.marvel.comics,"  Great way to read and ""store"" comic's.  ","June 14, 2018",gp:AOqpTOElLLeARqwLVRAquyOU9Rlx4mjpgHjsBW_DqlbmYa2sh8ldd-KiXhjCRb4I4V1wmh9pMltYrotVU0bU,/store/apps/details?id=com.marvel.comics&reviewId=Z3A6QU9xcFRPRWxMTGVBUnF3TFZSQXF1eU9VOVJseDRtanBnSGpzQldfRHFsYm1ZYTJzaDhsZGQtS2lYaGpDUmI0STRWMXdtaDlwTWx0WXJvdFZVMGJV,
2,https://lh3.googleusercontent.com/a-/AAuE7mA5qli97cfmaLDN1pHIol29HI3aui23BkBVtHu2LQ=w48-h48-p-rw, John Enderson ,5,com.marvel.comics,  Please on next update add redeem option for my free digital copies from paper copies.  ,"September 3, 2018",gp:AOqpTOETiHIx-V--L-KFVRkPAbeZMA3glkFZwEXrvuT8SIdRIPi52dq3PHlKFntYoT5x9PWRaX3O3TKOgA7F,/store/apps/details?id=com.marvel.comics&reviewId=Z3A6QU9xcFRPRVRpSEl4LVYtLUwtS0ZWUmtQQWJlWk1BM2dsa0Zad0VYcnZ1VDhTSWRSSVBpNTJkcTNQSGxLRm50WW9UNXg5UFdSYVgzTzNUS09nQTdG,
3,https://lh4.googleusercontent.com/-hdogDvg77IY/AAAAAAAAAAI/AAAAAAAAAAA/ACHi3rf9EItP7QS0Tp8JJqS5SORiXl-kjw/w48-h48-p-rw/photo.jpg, Heather Keefer ,3,com.marvel.comics,  You halft to buy and sign In !  ,"August 11, 2018",gp:AOqpTOHdyq4esnY6IzTP2_KqoWUof_ifp1VNufYIhvWOxr06z_uSKjL0o2Xq_cMDW3P9BdedNP1bNszfzerG,/store/apps/details?id=com.marvel.comics&reviewId=Z3A6QU9xcFRPSGR5cTRlc25ZNkl6VFAyX0txb1dVb2ZfaWZwMVZOdWZZSWh2V094cjA2el91U0tqTDBvMlhxX2NNRFczUDlCZGVkTlAxYk5zemZ6ZXJH,
4,https://lh4.googleusercontent.com/-ZNAo0PrCfdc/AAAAAAAAAAI/AAAAAAAAAAA/ACHi3rdz7IlkL8uc_DNcHl5tlkpEdTwS2g/w48-h48-p-rw/photo.jpg, Harriet Hale ,1,com.marvel.comics,  I think that the comics should be free  ,"June 12, 2018",gp:AOqpTOHOBAehYW8HLC8XBDvcO8loB4T-nrps98ca9aundAQrbyhhtNXv-39MfeJQ7_KsmNC4_VV3O0uqKjda,/store/apps/details?id=com.marvel.comics&reviewId=Z3A6QU9xcFRPSE9CQWVoWVc4SExDOFhCRHZjTzhsb0I0VC1ucnBzOThjYTlhdW5kQVFyYnloaHROWHYtMzlNZmVKUTdfS3NtTkM0X1ZWM08wdXFLamRh,
5,https://lh3.googleusercontent.com/a-/AAuE7mCYF7lsi-oAjlsUMgcrH6WivYQRUM_QFAItDL5LNw=w48-h48-p-rw, cr1ms0n 1 ,5,com.marvel.comics,  Very good app to read and check out any comics I think are cool  ,"August 15, 2018",gp:AOqpTOHWZcP-CsZkZPLa9Kd97kr6YrPd2Jzb5FOJZsRDLw4Akwp2hiwsLbYpILqTHWc6fdgFguXB_7O6Vj_c,/store/apps/details?id=com.marvel.comics&reviewId=Z3A6QU9xcFRPSFdaY1AtQ3Naa1pQTGE5S2Q5N2tyNllyUGQySnpiNUZPSlpzUkRMdzRBa3dwMmhpd3NMYllwSUxxVEhXYzZmZGdGZ3VYQl83TzZWal9j,
6,https://lh3.googleusercontent.com/a-/AAuE7mBrTy71F7rGBRQnax3x2NunS5__Ej3I1RO8m8OV=w48-h48-p-rw, ,1,com.marvel.comics,  VERY STUPID GAME !!!!!!!!!!! THE COMICS COST MONEY!!!!!!!! DON'T DOWNLOAD  ,"July 2, 2018",gp:AOqpTOEXkUB44CtNDJ4662prYJHGVwtP60o3NKv87c8shjOWqIq2UXkQy24QiI45Uy8tjYAOL7OuXMv3dCBq,/store/apps/details?id=com.marvel.comics&reviewId=Z3A6QU9xcFRPRVhrVUI0NEN0TkRKNDY2MnByWUpIR1Z3dFA2MG8zTkt2ODdjOHNoak9XcUlxMlVYa1F5MjRRaUk0NVV5OHRqWUFPTDdPdVhNdjNkQ0Jx,
7,https://lh3.googleusercontent.com/a-/AAuE7mD2vBy-ni22ij4wJGaZZSn5xzLMheKtQOHGENE4cQ=w48-h48-p-rw, Garcia Brothers ,1,com.marvel.comics,  Why do you have to pay for everything?  ,"June 20, 2018",gp:AOqpTOH1LX7vzVbdJFvVoBKm6B4yl_CH0xcDc1ykBG43P4lFMu6DY3wqh_c4fDzmF-yu10aoMT5KYu9JnVwI,/store/apps/details?id=com.marvel.comics&reviewId=Z3A6QU9xcFRPSDFMWDd2elZiZEpGdlZvQkttNkI0eWxfQ0gweGNEYzF5a0JHNDNQNGxGTXU2RFkzd3FoX2M0ZkR6bUYteXUxMGFvTVQ1S1l1OUpuVndJ,
8,https://lh6.googleusercontent.com/-99ymIWGljLo/AAAAAAAAAAI/AAAAAAAAAAA/ACHi3rfuWKpwgcT_FEvfNcLkyhD_xkX8cA/w48-h48-p-rw/photo.jpg, Bhriguram Ari ,5,com.marvel.comics,  This app is totally rock and roll  ,"September 16, 2018",gp:AOqpTOFYNui-fGlwq06BwyI5ZA3MedTo1MaOAy-cMzZRdOtuePP_e4EsxPzJNtQ6rpoLHKxK9u9heyD7vqNn,/store/apps/details?id=com.marvel.comics&reviewId=Z3A6QU9xcFRPRllOdWktZkdsd3EwNkJ3eUk1WkEzTWVkVG8xTWFPQXktY016WlJkT3R1ZVBQX2U0RXN4UHpKTnRRNnJwb0xIS3hLOXU5aGV5RDd2cU5u,
9,https://lh5.googleusercontent.com/-QWqk5xr3jCA/AAAAAAAAAAI/AAAAAAAAAAA/ACHi3rcG2wPxn2eo30F7gQkFXtMZVD5bpw/w48-h48-p-rw/photo.jpg, antonio maldonado V ,5,com.marvel.comics,  Marve is life and life is marvel love you marvel.  ,"June 30, 2018",gp:AOqpTOEZuv716Yz6O_hAXnfAR1deKYckngM5Q-LFgM86HSjdBbHIFSBb-eyoufLSgaBzFshzY-0cxJkWxpiL,/store/apps/details?id=com.marvel.comics&reviewId=Z3A6QU9xcFRPRVp1djcxNll6Nk9faEFYbmZBUjFkZUtZY2tuZ001US1MRmdNODZIU2pkQmJISUZTQmItZXlvdWZMU2dhQnpGc2h6WS0wY3hKa1d4cGlM,
10,https://lh3.googleusercontent.com/a-/AAuE7mARUvK6BHQt56NCJPNFG1P-4dq9Cy4TdgmsOaoh0w=w48-h48-p-rw, Travelle Waller ,5,com.marvel.comics,  Best comics company. Hands down...  ,"June 30, 2018",gp:AOqpTOGxhTdKPwgAd2r3YJM4DHDszS3FQKGrYWnmeBw1gmwgNLsjLX0ANklBDWIUAZTmBsqK8FhIasnTsNhR,/store/apps/details?id=com.marvel.comics&reviewId=Z3A6QU9xcFRPR3hoVGRLUHdnQWQycjNZSk00REhEc3pTM0ZRS0dyWVdubWVCdzFnbXdnTkxzakxYMEFOa2xCRFdJVUFaVG1Cc3FLOEZoSWFzblRzTmhS,
11,https://lh3.googleusercontent.com/a-/AAuE7mAys1uhJ4Q-MCj1EecLruTjUh2gSjWkjMTbqbDUNQ=w48-h48-p-rw, Cast plays ,5,com.marvel.comics,  I always wanted to read these  ,"July 1, 2018",gp:AOqpTOE5Xp-EzElAPaA4MUzy3gQUgOJA1_2QIJ-FehBTfpfpoQNv6C7dh12xg6YL0FsUTAcvTMCFRGpme2zO,/store/apps/details?id=com.marvel.comics&reviewId=Z3A6QU9xcFRPRTVYcC1FekVsQVBhQTRNVXp5M2dRVWdPSkExXzJRSUotRmVoQlRmcGZwb1FOdjZDN2RoMTJ4ZzZZTDBGc1VUQWN2VE1DRlJHcG1lMnpP,
12,https://lh3.googleusercontent.com/a-/AAuE7mDk1p-_8rqhC3fxjHHQaAWCDDMX9dEghffE7OQKag=w48-h48-p-rw, ,5,com.marvel.comics,  So much selection of comics to read!!!!!  ,"September 1, 2018",gp:AOqpTOH16sp5OoWplr3IwRx8rvmNWUI0C6AHGM17p5ueg_lpRtEHXAeS7QgpzTuwBiWbFWeAkU-SR9X8gEWF,/store/apps/details?id=com.marvel.comics&reviewId=Z3A6QU9xcFRPSDE2c3A1T29XcGxyM0l3Ung4cnZtTldVSTBDNkFIR00xN3A1dWVnX2xwUnRFSFhBZVM3UWdwelR1d0JpV2JGV2VBa1UtU1I5WDhnRVdG,
13,https://lh3.googleusercontent.com/a-/AAuE7mBIu2y9eTj1d6LKZG5P6c1zMpQWMGYVZf1eI8Pf=w48-h48-p-rw, ,1,com.marvel.comics,  Password is not accepted by this app  ,"August 11, 2018",gp:AOqpTOGjS-59M5jEfBelUoDNp6tpgbS-kgDQkVspy1JCi-dVZWMwTGFqULScaYrGzJ0O-aK8DQy9NqNrSczk,/store/apps/details?id=com.marvel.comics&reviewId=Z3A6QU9xcFRPR2pTLTU5TTVqRWZCZWxVb0ROcDZ0cGdiUy1rZ0RRa1ZzcHkxSkNpLWRWWldNd1RHRnFVTFNjYVlyR3pKME8tYUs4RFF5OU5xTnJTY3pr,
14,https://lh3.googleusercontent.com/a-/AAuE7mD2mtAxsS3y5Hjbix8OVJtEU40NxtN5LTohnkSb=w48-h48-p-rw, Pressure You ,5,com.marvel.comics,  There mine forever Mohahaha  ,"August 25, 2018",gp:AOqpTOG6LwGdJIHIY-OUAN2bJ-7kTYcKGQyclPWxMecMOuoo_yQFSzShmzLrDaBdYBOD6PSrUX8D1ts3bLZE,/store/apps/details?id=com.marvel.comics&reviewId=Z3A6QU9xcFRPRzZMd0dkSklISVktT1VBTjJiSi03a1RZY0tHUXljbFBXeE1lY01PdW9vX3lRRlN6U2htekxyRGFCZFlCT0Q2UFNyVVg4RDF0czNiTFpF,
15,https://lh3.googleusercontent.com/a-/AAuE7mBeJWi_Tl1_9bsGvZiFyk3IxLkAQOWBDB4QtX4wBw=w48-h48-p-rw, ,1,com.marvel.comics,  Wont let me sign in  ,"August 16, 2018",gp:AOqpTOHAUDJpJ_8a488oX-jZ9QHXiH0oV8dlGWhBTuU3WLOP2maZjAt4wouTy2UDdZKbiFbVyNbieBJg7-7v,/store/apps/details?id=com.marvel.comics&reviewId=Z3A6QU9xcFRPSEFVREpwSl84YTQ4OG9YLWpaOVFIWGlIMG9WOGRsR1doQlR1VTNXTE9QMm1hWmpBdDR3b3VUeTJVRGRaS2JpRmJWeU5iaWVCSmc3LTd2,
16,https://lh3.googleusercontent.com/a-/AAuE7mCi39KGFvPkFdrJ5Xm0bcCn8eIaC54mpTbKLlRUMA=w48-h48-p-rw, ,1,com.marvel.comics,  Im not sine up  ,"July 19, 2018",gp:AOqpTOF-od5dyYxcovKhRq_f5-ilcFlZ-dZDENICpleVWsdJPO59h172KNBusDIl0uNaJfp0f-mBACHrC31B,/store/apps/details?id=com.marvel.comics&reviewId=Z3A6QU9xcFRPRi1vZDVkeVl4Y292S2hScV9mNS1pbGNGbFotZFpERU5JQ3BsZVZXc2RKUE81OWgxNzJLTkJ1c0RJbDB1TmFKZnAwZi1tQkFDSHJDMzFC,
17,https://lh3.googleusercontent.com/a-/AAuE7mAQYsFIqquHNP68V4BCwaJ-kmnh5BHdu0CDctjq=w48-h48-p-rw, Jonathan Booker ,3,com.marvel.comics,  It still crashes  ,"September 4, 2018",gp:AOqpTOFlLyDtB_VEubtezRsj59trJ02mwptVdR0z28JV-4URK_o4nIjJsT4pHEEztSHPOx1DwW4_O4XdvHRE,/store/apps/details?id=com.marvel.comics&reviewId=Z3A6QU9xcFRPRmxMeUR0Ql9WRXVidGV6UnNqNTl0ckowMm13cHRWZFIwejI4SlYtNFVSS19vNG5JakpzVDRwSEVFenRTSFBPeDFEd1c0X080WGR2SFJF,
18,https://lh3.googleusercontent.com/a-/AAuE7mCI0_2BYLcyH2eSttAphED6SjH8lrPzah51kASE=w48-h48-p-rw, Prithviraj Thakur ,5,com.marvel.comics,  The password is not set yet😑😑  ,"August 21, 2018",gp:AOqpTOF1leFwoz2W03g3LN5k6SmDtRbSc2E_C34w9aTLx1mjOrjWHseVuJNL1mRUs8q8Fbx8vsvv3iFJKOwa,/store/apps/details?id=com.marvel.comics&reviewId=Z3A6QU9xcFRPRjFsZUZ3b3oyVzAzZzNMTjVrNlNtRHRSYlNjMkVfQzM0dzlhVEx4MW1qT3JqV0hzZVZ1Sk5MMW1SVXM4cThGYng4dnN2djNpRkpLT3dh,
19,https://lh5.googleusercontent.com/-pXUgymgblaM/AAAAAAAAAAI/AAAAAAAAAAA/A5cTk4gPWcw/w48-h48-p-rw/photo.jpg, ,4,com.marvel.comics,  They should make their comics free for one chosen series.  ,"August 11, 2018",gp:AOqpTOEVGKg4YZWY29KWQfpZKbMKDG2qY0eQCtd_BZnzR2w6uFi2lDhXIDB3Dmjpj-C_-lyCHf_E5PVhhmIR,/store/apps/details?id=com.marvel.comics&reviewId=Z3A6QU9xcFRPRVZHS2c0WVpXWTI5S1dRZnBaS2JNS0RHMnFZMGVRQ3RkX0JabnpSMnc2dUZpMmxEaFhJREIzRG1qcGotQ18tbHlDSGZfRTVQVmhobUlS,
20,https://lh3.googleusercontent.com/a-/AAuE7mBhd1NujNmPh43K6bmdxzUTZzLJ1UKHNLQltuvW=w48-h48-p-rw, Stealth Ninja ,5,com.marvel.comics,  I love marvel comics and now i can read them on the go😊  ,"September 13, 2018",gp:AOqpTOEGspM9UCS1X51G1jjcBZvlKoY8BK8ko8FHCUEDNubGZVR22DZ5tncCxF-VTRtNZdCyD04uzxsUrKTW,/store/apps/details?id=com.marvel.comics&reviewId=Z3A6QU9xcFRPRUdzcE05VUNTMVg1MUcxampjQlp2bEtvWThCSzhrbzhGSENVRUROdWJHWlZSMjJEWjV0bmNDeEYtVlRSdE5aZEN5RDA0dXp4c1VyS1RX,
21,https://lh3.ggpht.com/EGemoI2NTXmTsBVtJqk8jxF9rh8ApRWfsIMQSt2uE4OcpQqbFu7f7NbTK05lx80nuSijCz7sc3a277R67g=w48-h48-p-rw, A Google User ,5,com.marvel.comics,  Make mine Marvel! 😉  ,"September 1, 2018",lg:AOqpTOH-YHavNycvViMy1kCaiXMJl14FtXtvXXvARvBzALD06zJalbIQu6Zwg6AelHj7xoa6hCxlZmrTZwuk,/store/apps/details?id=com.marvel.comics&reviewId=bGc6QU9xcFRPSC1ZSGF2TnljdlZpTXkxa0NhaVhNSmwxNEZ0WHR2WFh2QVJ2QnpBTEQwNnpKYWxiSVF1Nlp3ZzZBZWxIajd4b2E2aEN4bFptclRad3Vr,
22,https://lh3.googleusercontent.com/a-/AAuE7mAZ8rJdyWFBbzM4NvTZmNjSQoH0GPJPR2t4Ft5H=w48-h48-p-rw, ,5,com.marvel.comics,  Gotta nice app to use...!!  ,"June 8, 2018",gp:AOqpTOFn99GYPH8Q8desOvo1E-WHuMpLTQI_GHHo1dJn2rignlOMLkKijCu9j4Ze0dtMt8p6FpGxYx2M0C1k,/store/apps/details?id=com.marvel.comics&reviewId=Z3A6QU9xcFRPRm45OUdZUEg4UThkZXNPdm8xRS1XSHVNcExUUUlfR0hIbzFkSm4ycmlnbmxPTUxrS2lqQ3U5ajRaZTBkdE10OHA2RnBHeFl4Mk0wQzFr,
23,https://lh5.googleusercontent.com/-YnUtbqOmt3Q/AAAAAAAAAAI/AAAAAAAAAAA/ACHi3rdLLqiT8dHxx7JFCa8dKQKKTc0yDw/w48-h48-p-rw/photo.jpg, Brandon Duncan ,5,com.marvel.comics,  Love my Marvel comics! This is the best way to keep up!  ,"July 25, 2018",gp:AOqpTOFHmWUXF9C7lZHObE0TKLVpEtsRfAJGPw91OF9BYxCyq4ZqiJSM-fyuUjjD-U7BlHgirKNYKq1pYYk7,/store/apps/details?id=com.marvel.comics&reviewId=Z3A6QU9xcFRPRkhtV1VYRjlDN2xaSE9iRTBUS0xWcEV0c1JmQUpHUHc5MU9GOUJZeEN5cTRacWlKU00tZnl1VWpqRC1VN0JsSGdpcktOWUtxMXBZWWs3,
24,https://lh3.googleusercontent.com/a-/AAuE7mCNMrxEIGdSsUDozDze5hEAqHcrvw5ULqfjLjrq=w48-h48-p-rw, Spider Man ,5,com.marvel.comics,"  Amazing, I can read all my comics on my phone!  ","July 25, 2018",gp:AOqpTOEYjCahDxkG6L9RxTy6PyUZ7VIS8h6Y9hqraWYmry1432e7qpO5uuwtyNm4Ao_TJ6C6XwkuRZ6GJArj,/store/apps/details?id=com.marvel.comics&reviewId=Z3A6QU9xcFRPRVlqQ2FoRHhrRzZMOVJ4VHk2UHlVWjdWSVM4aDZZOWhxcmFXWW1yeTE0MzJlN3FwTzV1dXd0eU5tNEFvX1RKNkM2WHdrdVJaNkdKQXJq,
25,https://lh3.googleusercontent.com/a-/AAuE7mCGFm9_b-iFq2y4Z8LpCR2DKclBYFK6sLo85w1R=w48-h48-p-rw, Jonathan L. Polacek ,4,com.marvel.comics,  A great way to take your comics with you on the go  ,"July 9, 2018",gp:AOqpTOHD1fDcxnq96IK6RCY-w80DUI0KQJBNcKyp7lAHpEKZcjGM2YvAYTU6PVYTIjoqXFmU7neC4ij0k9h3,/store/apps/details?id=com.marvel.comics&reviewId=Z3A6QU9xcFRPSEQxZkRjeG5xOTZJSzZSQ1ktdzgwRFVJMEtRSkJOY0t5cDdsQUhwRUtaY2pHTTJZdkFZVFU2UFZZVElqb3FYRm1VN25lQzRpajBrOWgz,
26,https://lh3.googleusercontent.com/a-/AAuE7mAQ_2boBEuvsy5Iw1TpvgAgtshVkHkrjXkFJGGSZg=w48-h48-p-rw, Eric Smith ,5,com.marvel.comics,"  Love the format and the content, keep up the good work.  ","August 20, 2018",gp:AOqpTOG9LPG19mFcIENlUXy6_1B5a9W7gG3BybUnu3O05bR1o2dvKNP_jGmc-e2W4-QdRz1gVYEvDkqnbxB3,/store/apps/details?id=com.marvel.comics&reviewId=Z3A6QU9xcFRPRzlMUEcxOW1GY0lFTmxVWHk2XzFCNWE5VzdnRzNCeWJVbnUzTzA1YlIxbzJkdktOUF9qR21jLWUyVzQtUWRSejFnVllFdkRrcW5ieEIz,
27,https://lh4.googleusercontent.com/-jCRmHSgXusU/AAAAAAAAAAI/AAAAAAAAAAA/ACHi3rcfSYUycqJYzbNPSIspAZ37EH6Lag/w48-h48-p-rw/photo.jpg, nafees ahmed ,5,com.marvel.comics,  Zaid the King of marvel  ,"September 3, 2018",gp:AOqpTOFoFPG4aIy1UdXSPnGkGxLO_p9XE5PKgl64odTWkSxpRlQVVyDVyR4fI6HTrm4vs8mjgq0_n1klVfA_,/store/apps/details?id=com.marvel.comics&reviewId=Z3A6QU9xcFRPRm9GUEc0YUl5MVVkWFNQbkdrR3hMT19wOVhFNVBLZ2w2NG9kVFdrU3hwUmxRVlZ5RFZ5UjRmSTZIVHJtNHZzOG1qZ3EwX24xa2xWZkFf,
28,https://lh3.googleusercontent.com/a-/AAuE7mAJIUvR_G1uIdjPBVezsTEzjnYRaTjLQPJuJi4ewA=w48-h48-p-rw, Tyler Cool Roblox ,1,com.marvel.comics,  You have to pay  ,"July 30, 2018",gp:AOqpTOESxV78u9V3nftlp-sX5eD_p9mSbf6eFDSA2Mnr54iiqP1i07WUByYPRv4FsCm4jLhO8KC_qhxldCcM,/store/apps/details?id=com.marvel.comics&reviewId=Z3A6QU9xcFRPRVN4Vjc4dTlWM25mdGxwLXNYNWVEX3A5bVNiZjZlRkRTQTJNbnI1NGlpcVAxaTA3V1VCeVlQUnY0RnNDbTRqTGhPOEtDX3FoeGxkQ2NN,
29,https://lh3.googleusercontent.com/a-/AAuE7mAsZEQUywtJawfbn09cYRp86esmh9S_AGxCEdlF=w48-h48-p-rw, ultimate artist ,5,com.marvel.comics,  Everything is all right  ,"June 9, 2018",gp:AOqpTOFBHK7fbKJ7UwDik83Ejv1zOXt0qBuErjD_OlXuB636tyo5bVfS1lvvKvUnrJ0Ln8-AkqPe8CsB5xPv,/store/apps/details?id=com.marvel.comics&reviewId=Z3A6QU9xcFRPRkJISzdmYktKN1V3RGlrODNFanYxek9YdDBxQnVFcmpEX09sWHVCNjM2dHlvNWJWZlMxbHZ2S3ZVbnJKMExuOC1Ba3FQZThDc0I1eFB2,
30,https://lh5.googleusercontent.com/-4nTq5xdGHis/AAAAAAAAAAI/AAAAAAAAAAA/ACHi3reYxjjrk295oFL5rD145ZwIeLS-4g/w48-h48-p-rw/photo.jpg, chris persad ,5,com.marvel.comics,  Love it. Glad I installed it. My most used app now.  ,"August 24, 2018",gp:AOqpTOHPTyYtrjJ4M1_fv7e2ig_AE8ZIwPIH4BK4iXdd_SedwIuk9Fxe8nYCC1c48eW6YUdRM-FEtBQ6-wX5,/store/apps/details?id=com.marvel.comics&reviewId=Z3A6QU9xcFRPSFBUeVl0cmpKNE0xX2Z2N2UyaWdfQUU4Wkl3UElINEJLNGlYZGRfU2Vkd0l1azlGeGU4bllDQzFjNDhlVzZZVWRSTS1GRXRCUTYtd1g1,
31,https://lh3.googleusercontent.com/a-/AAuE7mAWUuss6So9ulLtRToiTkQTtz5I6sxo2QbupZr_jA=w48-h48-p-rw, Tony Ramon ,4,com.marvel.comics,"  Good app, great way to read comics on the go  ","September 15, 2018",gp:AOqpTOHRGFc4SUAyfjrKL8mnf904HUslU9cHDMEfJ1sz-DxYJZJaIuw6mqt2L3JJNxdIF0NukxqGbtZcfCQw,/store/apps/details?id=com.marvel.comics&reviewId=Z3A6QU9xcFRPSFJHRmM0U1VBeWZqcktMOG1uZjkwNEhVc2xVOWNIRE1FZkoxc3otRHhZSlpKYUl1dzZtcXQyTDNKSk54ZElGME51a3hxR2J0WmNmQ1F3,
32,https://lh3.googleusercontent.com/a-/AAuE7mCpu8a3zsPBXvwxsFpbnrpXhlxNaVr9ArFM424-=w48-h48-p-rw, the kings of shadows ,5,com.marvel.comics,  This is awesome app it shows all marvel comics  ,"August 13, 2018",gp:AOqpTOELiK4h4PLCCx0MVufz185m02k13YUiILfxjYBHDTHenWXw8UxPLwWNm1eUQOUDu6JDKx3wwZxDpNrq,/store/apps/details?id=com.marvel.comics&reviewId=Z3A6QU9xcFRPRUxpSzRoNFBMQ0N4ME1WdWZ6MTg1bTAyazEzWVVpSUxmeGpZQkhEVEhlbldYdzhVeFBMd1dObTFlVVFPVUR1NkpES3gzd3daeERwTnJx,
33,https://lh3.googleusercontent.com/a-/AAuE7mCcUtuBnm4UMO8zWhGcPQ_jg6T6FZ3OuqGfj09UOx4=w48-h48-p-rw, Ulikasil The Raven ,5,com.marvel.comics,  What better than a 5 star review to explain?  ,"July 8, 2018",gp:AOqpTOGO9iRRZ-EXAXbsBKn7KQCeDiBzFJm4RYhm-6tCw7txTfCN7sAyy6owQW6PcFHWygTF2DXOBt95nJN7,/store/apps/details?id=com.marvel.comics&reviewId=Z3A6QU9xcFRPR085aVJSWi1FWEFYYnNCS243S1FDZURpQnpGSm00UllobS02dEN3N3R4VGZDTjdzQXl5Nm93UVc2UGNGSFd5Z1RGMkRYT0J0OTVuSk43,
34,https://lh3.googleusercontent.com/-5UFvBYhDVv8/AAAAAAAAAAI/AAAAAAAAAAA/44mRPrka2YE/w48-h48-p-rw/photo.jpg, ,5,com.marvel.comics,  Great for comic fans or mcu fans or people who like comics  ,"July 12, 2018",gp:AOqpTOHzhfpnsjxmcfS69dvv15QSmyP9lEQTEaX1cB4pci_OHS-us2i1GuRceUN9sTOCeGxMj0KEsNWkU5rj,/store/apps/details?id=com.marvel.comics&reviewId=Z3A6QU9xcFRPSHpoZnBuc2p4bWNmUzY5ZHZ2MTVRU215UDlsRVFURWFYMWNCNHBjaV9PSFMtdXMyaTFHdVJjZVVOOXNUT0NlR3hNajBLRXNOV2tVNXJq,
35,https://lh3.googleusercontent.com/a-/AAuE7mDdJYOxSXg_LlHe2CWAGq0sHpqdPi4-fXqi3gwi=w48-h48-p-rw, Renegade Zero ,4,com.marvel.comics,  Awesome comic experience. Recommend for any Marvel fans.  ,"September 4, 2018",gp:AOqpTOHLQiYeqSQQBPaOJu5U974L6SsK-efsZc_fou-4NjWXWA6BvGILplx91W-cUhFW4k8qpA9M7dQa3wWd,/store/apps/details?id=com.marvel.comics&reviewId=Z3A6QU9xcFRPSExRaVllcVNRUUJQYU9KdTVVOTc0TDZTc0stZWZzWmNfZm91LTROaldYV0E2QnZHSUxwbHg5MVctY1VoRlc0azhxcEE5TTdkUWEzd1dk,
36,https://lh4.googleusercontent.com/-5vnXw6GMLOw/AAAAAAAAAAI/AAAAAAAAAAA/ACHi3rfnN0Za0TIwlEYf8ju4xRV6DbCdpQ/w48-h48-p-rw/photo.jpg, Anubhav Mohanty ,5,com.marvel.comics,  Marvel is way better than DC a true Marvel fan  ,"June 15, 2018",gp:AOqpTOFctOa_rjQJzncf_wCowkz_CDDinyqxezdrP8W8SGz3EHAGudIxDNHmtOSiIyOkllSpn9UU3lGhFfCn,/store/apps/details?id=com.marvel.comics&reviewId=Z3A6QU9xcFRPRmN0T2FfcmpRSnpuY2Zfd0Nvd2t6X0NERGlueXF4ZXpkclA4VzhTR3ozRUhBR3VkSXhETkhtdE9TaUl5T2tsbFNwbjlVVTNsR2hGZkNu,
37,https://lh3.googleusercontent.com/a-/AAuE7mBF4onZSLmQaHnRnW6N_6Cj7XX6o_Tz1KWU2u6pcA=w48-h48-p-rw, Stephanie Judice ,5,com.marvel.comics,  Love this app. Works perfectly! Homerun Marvel!  ,"August 1, 2018",gp:AOqpTOEOrNaMadFIZkd1mXZV8X9N5Kf-E7oitKGfZ-_yuGTKunwFNDVcSf2zC6ZZ0kpig4cHzz-DYbEBSnFI,/store/apps/details?id=com.marvel.comics&reviewId=Z3A6QU9xcFRPRU9yTmFNYWRGSVprZDFtWFpWOFg5TjVLZi1FN29pdEtHZlotX3l1R1RLdW53Rk5EVmNTZjJ6QzZaWjBrcGlnNGNIenotRFliRUJTbkZJ,
38,https://lh3.googleusercontent.com/a-/AAuE7mDWsAs3qYvpplIC1cnSgSXZPQWfAFnfqGhVN8ItFQ=w48-h48-p-rw, Benjamin Knox ,4,com.marvel.comics,"  Easily streamline, exactly like the comixology app  ","August 25, 2018",gp:AOqpTOFBD7iHG__YK4ApiAccKBgrkZMZxvi-WZLMaMxiUQhwUrF0hQWZYxpnyJU-lkdK3v1QSsl_I4rG9awH,/store/apps/details?id=com.marvel.comics&reviewId=Z3A6QU9xcFRPRkJEN2lIR19fWUs0QXBpQWNjS0JncmtaTVp4dmktV1pMTWFNeGlVUWh3VXJGMGhRV1pZeHBueUpVLWxrZEszdjFRU3NsX0k0ckc5YXdI,
39,https://lh5.googleusercontent.com/-7FRDPjEnQtc/AAAAAAAAAAI/AAAAAAAAAAA/ACHi3rcbQTZ2vnFkVScwwhyevBU0LPfozw/w48-h48-p-rw/photo.jpg, Bastian Gelech ,5,com.marvel.comics,  Awesome to get new comics quick and cheap.  ,"August 3, 2018",gp:AOqpTOGu6hcLKfehgAecgyZbcwRqRrxj3Jz3QI-TXygQk3b4LZupV7_90p3O_PItZ7Uf56aOk8u8n8veVOex,/store/apps/details?id=com.marvel.comics&reviewId=Z3A6QU9xcFRPR3U2aGNMS2ZlaGdBZWNneVpiY3dScVJyeGozSnozUUktVFh5Z1FrM2I0TFp1cFY3XzkwcDNPX1BJdFo3VWY1NmFPazh1OG44dmVWT2V4,
40,https://lh3.googleusercontent.com/a-/AAuE7mCkSc3Ty3hU43fhzhGfIjXTjCvhS6bg2k4jT-f8Eg=w48-h48-p-rw, Lewis Nguyen ,3,com.marvel.unlimited,"  The app does what it's supposed to very well; which is to allow you to read comics on your mobile device. But aside from that, it doesn't have many features. I like being able to download comics for offline viewing, but they could implement an automated download of the next issue of the comic you are reading. Automatically deleting a comic once you finished reading it would be good too. One really useful feature would be to force the screen to stay awake while you are reading. It's annoying having to change my display settings all the time. All that being said, it's still beneficial to have the app. I just wished that they invest a little more into it.  ","April 5, 2018",gp:AOqpTOHy1LtOw1dmdctjEfOB4x2NhbFLn9_Pdt1YOaXnMYwQCu5bHxW0Mr-1pEeb6aPy7832FDtittdA9QlwEQ,/store/apps/details?id=com.marvel.unlimited&reviewId=Z3A6QU9xcFRPSHkxTHRPdzFkbWRjdGpFZk9CNHgyTmhiRkxuOV9QZHQxWU9hWG5NWXdRQ3U1Ykh4VzBNci0xcEVlYjZhUHk3ODMyRkR0aXR0ZEE5UWx3RVE,
41,https://lh3.googleusercontent.com/a-/AAuE7mB3YYsKt_Z9ofTry4mRszdBxZBxaFW7SSHTklmKkw=w48-h48-p-rw, Superla TV ,2,com.marvel.unlimited,  For the price I really expect more. The concept is fine but the app is a right pain. The download for offline never works correctly. Also you should put things in a reading order. I want to read all the ultimates series in order. I have to refer to a differnt list to do so.  ,"April 1, 2018",gp:AOqpTOEFEeO_0tOUXOcABbh_sMLC3vLRu9ErMnn96ccRe6WeYjmsybyEACcYqXY-LsO7LvF3f8PFYiRTGFEiDw,/store/apps/details?id=com.marvel.unlimited&reviewId=Z3A6QU9xcFRPRUZFZU9fMHRPVVhPY0FCYmhfc01MQzN2TFJ1OUVyTW5uOTZjY1JlNldlWWptc3lieUVBQ2NZcVhZLUxzTzdMdkYzZjhQRllpUlRHRkVpRHc,
42,https://lh3.googleusercontent.com/a-/AAuE7mBC840LuHeeiXzlMMPA0OtMFH-FrBQ_FW3kDRz8PQ=w48-h48-p-rw, Rohan Davidson ,1,com.marvel.unlimited,"  Couldn't use it. Wanted to check out a sample from the marvel website. Insisted I install the app, then couldn't view the sample without paying. I'm not paying if I don't know what I'm getting.  ","April 7, 2018",gp:AOqpTOEWCctqKme-5sfNPEoUdocWBbmsjQYZz5q_-Ls8g4B8lGl6tyOTvUudbUQ0ZN-AvhiHgkSU1wtKP9LB6A,/store/apps/details?id=com.marvel.unlimited&reviewId=Z3A6QU9xcFRPRVdDY3RxS21lLTVzZk5QRW9VZG9jV0JibXNqUVlaejVxXy1MczhnNEI4bEdsNnR5T1R2VXVkYlVRMFpOLUF2aGlIZ2tTVTF3dEtQOUxCNkE,
43,https://lh3.googleusercontent.com/a-/AAuE7mC8_TutZ3ne6tTcCxGT_gFUJh9zgwTv2Pn7YD1LYg=w48-h48-p-rw, Aiden Tremaine ,3,com.marvel.unlimited,"  This app is unresponsive, bad looking and has a lot of kinks to worked out. 
The marvel comics app is GREAT but they didn't put the same attention into 
this one . The concept is good and the app is still nice but it needs work .  ","April 7, 2018",gp:AOqpTOEhyEUF5v-yUfDmxWImPbcTGyWovweZeIqlnzEfsxhB52Pxxk6Dt_2woAXVXx-gRIfdVrBm9_qyo5ZjJA,/store/apps/details?id=com.marvel.unlimited&reviewId=Z3A6QU9xcFRPRWh5RVVGNXYteVVmRG14V0ltUGJjVEd5V292d2VaZUlxbG56RWZzeGhCNTJQeHhrNkR0XzJ3b0FYVlh4LWdSSWZkVnJCbTlfcXlvNVpqSkE,
44,https://lh6.googleusercontent.com/-MRbxw8dV-RM/AAAAAAAAAAI/AAAAAAAAAAA/ACHi3rdRIcMORXa_ywpCeaIKo8YRvAgo7A/w48-h48-p-rw/photo.jpg, Danny Remenda ,2,com.marvel.unlimited,"  Terribly curated.  If you want to read all the comics that a particular character has been in (like every appearance of spiderman) you will have to do an internet search for the titles.  A search in the Marvel Unlimited app for a character's name will only yield comics with that name.  (I did a search for Iron Fist and it started me at Iron Fist #1, which is actually 16 comics into the iron fist story line.  Iron Fist's story actually starts in a comic series called Marvel Premiere, so a search for ""Iron Fist"" fails to show that series because the comic isn't actually titled ""Iron Fist"".)  Also poorly laid out.  The interface is not convenient or simple.  No check boxes to select multiple comics at a time to add or remove from library or downloads; no way to tell if you have read a comic at a glance: you have to select the comic and open it to see that.  The app does have a ton of great comics in it.  More than anyone could ever read in a lifetime, probably.  It's just too bad the crummy app really doesn't want you to read them, or so it seems.  ","March 22, 2018",gp:AOqpTOEzyoNBAidv4tiV5d5Ib4Hlf-8zbbQg_RiF4K0p30rRwZPvm7lVqND7L3YatKyrdEIZrZ-h8k-PBqYrqQ,/store/apps/details?id=com.marvel.unlimited&reviewId=Z3A6QU9xcFRPRXp5b05CQWlkdjR0aVY1ZDVJYjRIbGYtOHpiYlFnX1JpRjRLMHAzMHJSd1pQdm03bFZxTkQ3TDNZYXRLeXJkRUlaclotaDhrLVBCcVlycVE,
45,https://lh3.googleusercontent.com/a-/AAuE7mBIR47p3oU2qr0fh7RtP0IHFPPYLFTA-eWSEn91IQ=w48-h48-p-rw, Auvishek Dipta ,2,com.marvel.unlimited,  Fff. Why do you need money?? Cant you give this free?? You are alrady consumed a lot of data... why do you need money?? give it free please!!  ,"March 27, 2018",gp:AOqpTOEvxFFnMnIgl5purb74--xGEb7bvU05d9Tztqqg87G8jY2T38UYFccVbNqjhhEcp7kA9pECPgJM7GRDbA,/store/apps/details?id=com.marvel.unlimited&reviewId=Z3A6QU9xcFRPRXZ4RkZuTW5JZ2w1cHVyYjc0LS14R0ViN2J2VTA1ZDlUenRxcWc4N0c4alkyVDM4VVlGY2NWYk5xamhoRWNwN2tBOXBFQ1BnSk03R1JEYkE,
46,https://lh3.googleusercontent.com/--paYOsRBgB8/AAAAAAAAAAI/AAAAAAAAAAA/ACHi3rfK8hODDAttszJUxWWMBUdgpjWF-g/w48-h48-p-rw/photo.jpg, Jonathan Blanco ,3,com.marvel.unlimited,"  Feels like a pirate app due to the low resolution of the scanned pages. 
It's a pity, because this catalogue at this price is one of the best deals 
on the web  ","April 13, 2018",gp:AOqpTOG5nF-MwcP2xIOZdGC9KhUXECE6fXDcnY0UzrOJqht7Vz1d91h-b4920BVvjkU4VeMxU48ejD3SzYWDFg,/store/apps/details?id=com.marvel.unlimited&reviewId=Z3A6QU9xcFRPRzVuRi1Nd2NQMnhJT1pkR0M5S2hVWEVDRTZmWERjblkwVXpyT0pxaHQ3VnoxZDkxaC1iNDkyMEJWdmprVTRWZU14VTQ4ZWpEM1N6WVdERmc,
47,https://lh5.googleusercontent.com/-9dHkcYDjGO8/AAAAAAAAAAI/AAAAAAAAAAA/ACHi3rdemV_LwRierkLE3mqC89hS6huwFA/w48-h48-p-rw/photo.jpg, Denis Derecichei ,3,com.marvel.unlimited,"  Great content, but unfortunately navigating through it is a pain. Definitely needs an overhaul to make it more user friendly and give us more control in the app and make it easier find comics, read series and so on.  ","March 29, 2018",gp:AOqpTOHpu2LgSjyE8R7btKnvrTALmxSRgU5ApI_0u14qFy39d3SKUw3oEC8oWak_M_EwkvlBz9gfFusiVlIj0g,/store/apps/details?id=com.marvel.unlimited&reviewId=Z3A6QU9xcFRPSHB1MkxnU2p5RThSN2J0S252clRBTG14U1JnVTVBcElfMHUxNHFGeTM5ZDNTS1V3M29FQzhvV2FrX01fRXdrdmxCejlnZkZ1c2lWbElqMGc,
48,https://lh3.googleusercontent.com/a-/AAuE7mC4jSuUICwhGI2_IXIz2H9heGKWs45IqX8MNiJwYw=w48-h48-p-rw, Darren Low ,2,com.marvel.unlimited,"  Great service but janky piece of garbage app that lags and hangs. Second 
star purely because of the service.  ","April 24, 2018",gp:AOqpTOHEFlHEzLOESiGsgykyc6IQlLtDIvyPkgRCbokuzfahDvAnyiGY722viT-Hw2xNQKTJu9twF_ST185uOg,/store/apps/details?id=com.marvel.unlimited&reviewId=Z3A6QU9xcFRPSEVGbEhFekxPRVNpR3NneWt5YzZJUWxMdERJdnlQa2dSQ2Jva3V6ZmFoRHZBbnlpR1k3MjJ2aVQtSHcyeE5RS1RKdTl0d0ZfU1QxODV1T2c,
49,https://lh3.googleusercontent.com/-EaW4zryX12M/AAAAAAAAAAI/AAAAAAAAAAA/ACHi3rflDojBrfqeAuM9H4XGoqRPzGPPUA/w48-h48-p-rw/photo.jpg, Pete McBrayer ,4,com.marvel.unlimited,"  After some early (2016) glitches, Marvel now has an incredible app to match their incredible Marvel Unlimited service.  ","March 22, 2018",gp:AOqpTOE8F3KD7AoxwGNAoAPE7DZagqi7lBzHFj4wHJj7iyjQR_V48IYdKfRQt8XRMDIkl5_1Bxtch39ihW-TFg,/store/apps/details?id=com.marvel.unlimited&reviewId=Z3A6QU9xcFRPRThGM0tEN0FveHdHTkFvQVBFN0RaYWdxaTdsQnpIRmo0d0hKajdpeWpRUl9WNDhJWWRLZlJRdDhYUk1ESWtsNV8xQnh0Y2gzOWloVy1URmc,
50,https://lh3.googleusercontent.com/a-/AAuE7mChugp4pOwNP4BMJTpkVYYDlF-Lhd5VlS4KbzEO-Yk=w48-h48-p-rw, Erik Ross ,2,com.marvel.unlimited,"  I like having access to all of the issues, but when you read a story line 
that has multiple titles involved it doesn't play them in order of the 
story just in the numerical order of one title, for this much money a year 
this should be fixed...  ","April 22, 2018",gp:AOqpTOFbZK0Ph0RY2ZZc8v7zdRzQ_1Hu34g31oGLPY0rU_zamqoYclCT4ofrpBjZyq7SheQ8iDQSY8eUqkqZAQ,/store/apps/details?id=com.marvel.unlimited&reviewId=Z3A6QU9xcFRPRmJaSzBQaDBSWTJaWmM4djd6ZFJ6UV8xSHUzNGczMW9HTFBZMHJVX3phbXFvWWNsQ1Q0b2ZycEJqWnlxN1NoZVE4aURRU1k4ZVVxa3FaQVE,
51,https://lh3.googleusercontent.com/a-/AAuE7mDQS_CoUeWZYzyu7am4V6yfGsJXNsXjUVkA44LUEg=w48-h48-p-rw, Richard Moran ,3,com.marvel.unlimited,"  Great service hinderd by abysmal user experience. Marvel unlimited is 
unmatched at the amount of content you receive for very minimal price, but 
I cannot recommend it due to the outrageously awful app, the UI is a mess, 
the library is unorganized, the inability to group issues within series 
(like what comixology offers) Makes it impossible to browse your favorite 
series, the continue reading tab is ineffective, always displaying the last 
read issue rather than the issue that goes next, & reading events is so 
tedious because the app never recommends issues from other series, jumping 
around series just to find the correct issue kills any motivation in 
wanting to follow the entire event. But worst of all is the 12 issue 
offline limit, it's so laughable I won't even dignify it with a critique.  ","April 22, 2018",gp:AOqpTOF0OrKvoCis3mkG_2Mp9zEOTDuv7qHq-LCJra6O5dGCqARbKqzjUcThjJfYeQZ3bT203V7g-3a7bHhKYg,/store/apps/details?id=com.marvel.unlimited&reviewId=Z3A6QU9xcFRPRjBPckt2b0NpczNta0dfMk1wOXpFT1REdXY3cUhxLUxDSnJhNk81ZEdDcUFSYktxempVY1RoakpmWWVRWjNiVDIwM1Y3Zy0zYTdiSGhLWWc,
52,https://lh4.googleusercontent.com/-Tk1Z2XuUzvA/AAAAAAAAAAI/AAAAAAAAAAA/ACHi3rd_WJdKUWJFYZt_K-_Z2n5dpiArjw/w48-h48-p-rw/photo.jpg, Frank Maio ,2,com.marvel.unlimited,"  Why does the app not show all of the books I have in my library? Sometimes 
they're there and sometimes they aren't.  ","April 13, 2018",gp:AOqpTOGtaIb7JQYH_2Z7Hc3fVCItUoWJTvpxLCEa70inQLcEwGiEyP9cIoQNw1n7L6mmUTJggD5SKp6GIWf4rQ,/store/apps/details?id=com.marvel.unlimited&reviewId=Z3A6QU9xcFRPR3RhSWI3SlFZSF8yWjdIYzNmVkNJdFVvV0pUdnB4TENFYTcwaW5RTGNFd0dpRXlQOWNJb1FOdzFuN0w2bW1VVEpnZ0Q1U0twNkdJV2Y0clE,
53,https://lh3.googleusercontent.com/a-/AAuE7mBkf2Tbxf-Ug1jl6vMnyrN5-q-LSOMpOszFDPG2Uw=w48-h48-p-rw, C A ,1,com.marvel.unlimited,"  Spams me with useless notification ads constantly even though I'm already 
signed up  ","April 25, 2018",gp:AOqpTOE0e39CQ-6Rfuys8xcp4IegBgk8QAQXnIIvTIw3h2pUdo5vqLT0tibqfmQEo1JAohdD1TtwMPNxOqosHQ,/store/apps/details?id=com.marvel.unlimited&reviewId=Z3A6QU9xcFRPRTBlMzlDUS02UmZ1eXM4eGNwNEllZ0JnazhRQVFYbklJdlRJdzNoMnBVZG81dnFMVDB0aWJxZm1RRW8xSkFvaGREMVR0d01QTnhPcW9zSFE,
54,https://lh3.googleusercontent.com/a-/AAuE7mCjAESsAXc9Sq-Ujqdgju37qcZ6Z-JGy3KVW_w9Bw=w48-h48-p-rw, Ritte M. ,1,com.marvel.unlimited,"  Advertised about a free series, downloaded only to find it being paid to 
read. Disappointed  ","April 23, 2018",gp:AOqpTOF959G-Wlp0TaWP7gV1rjKO7DXCXrokIQeX7dyDimrJpIEVHJEYjLiMBGDpaqYDNiR6Y6Kbhihw4hAG2Q,/store/apps/details?id=com.marvel.unlimited&reviewId=Z3A6QU9xcFRPRjk1OUctV2xwMFRhV1A3Z1YxcmpLTzdEWENYcm9rSVFlWDdkeURpbXJKcElFVkhKRVlqTGlNQkdEcGFxWUROaVI2WTZLYmhpaHc0aEFHMlE,
55,https://lh3.googleusercontent.com/a-/AAuE7mCUcTFtBWv2-Uxet4-ivs0qFhgZ3vbaJrGHkqrXeA=w48-h48-p-rw, Louis Spetz ,4,com.marvel.unlimited,"  Instant comic encyclopedia. Convenient access to the most crucial marvel comics and random stuff you never believed they published. Occasional bugs, but that's too be expected with this volume of content  ","October 4, 2018",gp:AOqpTOG-9XVFlsrkVglZ0d8wSmXkY33pdREniIWHDJHrTGIKBE3g5Ak7utCPfpNYeMN5Rx2RKBQKVPBedOf05A,/store/apps/details?id=com.marvel.unlimited&reviewId=Z3A6QU9xcFRPRy05WFZGbHNya1ZnbFowZDh3U21Ya1kzM3BkUkVuaUlXSERKSHJUR0lLQkUzZzVBazd1dENQZnBOWWVNTjVSeDJSS0JRS1ZQQmVkT2YwNUE,
56,https://lh3.googleusercontent.com/a-/AAuE7mBq4-kMtdlfDkwueuOs1kfAILXHmUH5Mh7UURQwow=w48-h48-p-rw, Gary F ,1,com.marvel.unlimited,  Tring to join and the app just does not want to work.  ,"April 7, 2018",gp:AOqpTOECFwrObsswkxkiRiiZkwh7hK5Q5u5InnX4EW_6KPf1Ptl457bFvK5WtcACpKfWjb0k17vkbntVdE-prw,/store/apps/details?id=com.marvel.unlimited&reviewId=Z3A6QU9xcFRPRUNGd3JPYnNzd2t4a2lSaWlaa3doN2hLNVE1dTVJbm5YNEVXXzZLUGYxUHRsNDU3YkZ2SzVXdGNBQ3BLZldqYjBrMTd2a2JudFZkRS1wcnc,
57,https://lh3.googleusercontent.com/a-/AAuE7mCx_dZdbejWDm7oHMA1X3o4WnSJekPLsh3cP1C3bg=w48-h48-p-rw, RuBiX_ Expert ,1,com.marvel.unlimited,  This app is horrible I can't even make a password  ,"April 4, 2018",gp:AOqpTOF3dslxC7oK9Nai3TSKujg9DDUMIL9l1F1fSxOWMJyaqG4zKVUWpIlTs5pse-k7l8oaBLIqrnHvHKUxqQ,/store/apps/details?id=com.marvel.unlimited&reviewId=Z3A6QU9xcFRPRjNkc2x4QzdvSzlOYWkzVFNLdWpnOUREVU1JTDlsMUYxZlN4T1dNSnlhcUc0ektWVVdwSWxUczVwc2UtazdsOG9hQkxJcXJuSHZIS1V4cVE,
58,https://lh3.googleusercontent.com/a-/AAuE7mAheIPo0xhWusYgNQB-Z4j2bL4eB_HFbfIWbn1k=w48-h48-p-rw, Robo Dragon ,1,com.marvel.unlimited,  It was a pain and it costs money a lot of money  ,"April 8, 2018",gp:AOqpTOF8YrP0Nce66wsYwjImqsjwlTeAcOHQ4o6bq_MYUVMW_V5YON0HBoQOqznzwo0N4cIyo8x8UCkARiowVg,/store/apps/details?id=com.marvel.unlimited&reviewId=Z3A6QU9xcFRPRjhZclAwTmNlNjZ3c1l3akltcXNqd2xUZUFjT0hRNG82YnFfTVlVVk1XX1Y1WU9OMEhCb1FPcXpuendvME40Y0l5bzh4OFVDa0FSaW93Vmc,
59,https://lh3.googleusercontent.com/a-/AAuE7mDRpJ8CQNPBI9Ujdva5YIAkvdCkk9-2zVPagASeFg=w48-h48-p-rw, Mike Brenyo ,5,com.marvel.unlimited,  The app works wonderfully for me. It allows me to read comics very easily and access everything Marvel has to offer. Marvel unlimited is a great deal and this app works great.  ,"April 11, 2018",gp:AOqpTOFUL98uqCQ_9Hp6C6nxXvjzi7aPugj8U8aTWOH3PeGfzV_gTjS-omsR8l5_9lkqyuXnYuPho4MsYunFUw,/store/apps/details?id=com.marvel.unlimited&reviewId=Z3A6QU9xcFRPRlVMOTh1cUNRXzlIcDZDNm54WHZqemk3YVB1Z2o4VThhVFdPSDNQZUdmelZfZ1RqUy1vbXNSOGw1Xzlsa3F5dVhuWXVQaG80TXNZdW5GVXc,
60,https://lh3.googleusercontent.com/a-/AAuE7mDoIsLTPTcR5ogO51-ifOIs7p9punvAdJqq3rPD=w48-h48-p-rw, DANNY BLAZE ,3,com.marvel.unlimited,  It is an okay app with sometimes incomplete comics  ,"March 31, 2018",gp:AOqpTOEEBfDT1oXJOHWXuxrkxNSbRNq3_BmxzBozbL05XKpXYaRu1UyBQTyoBfTtB-lV9yfuhu4DHI5el4F2kA,/store/apps/details?id=com.marvel.unlimited&reviewId=Z3A6QU9xcFRPRUVCZkRUMW9YSk9IV1h1eHJreE5TYlJOcTNfQm14ekJvemJMMDVYS3BYWWFSdTFVeUJRVHlvQmZUdEItbFY5eWZ1aHU0REhJNWVsNEYya0E,
61,https://lh3.googleusercontent.com/a-/AAuE7mD8KP7Tol70aJ1jx2qXVQMI3Vf-rRNgvMW4uBGewQ=w48-h48-p-rw, saurav kumar ,1,com.marvel.unlimited,  it's not at all free so don't download it...  ,"April 27, 2018",gp:AOqpTOGZrFoW9h1sDAm2QdN_P5UgZdRT4rg3rVFz3fBGh2Z8mgErMUUkYF8xYKqoBrip-mUL634QCNgO7sG55w,/store/apps/details?id=com.marvel.unlimited&reviewId=Z3A6QU9xcFRPR1pyRm9XOWgxc0RBbTJRZE5fUDVVZ1pkUlQ0cmczclZGejNmQkdoMlo4bWdFck1VVWtZRjh4WUtxb0JyaXAtbVVMNjM0UUNOZ083c0c1NXc,
62,https://lh3.googleusercontent.com/a-/AAuE7mASNtH3pqIUReUz94nkxO9P-r4ihTaiZACrusol=w48-h48-p-rw, sanket bhoyar ,1,com.marvel.unlimited,"  Yeh bhadve hume marvel ki kahani nhi sunne denge hume savita bhabhi se hi 
kam chalana padega  ","April 21, 2018",gp:AOqpTOEEg6-AzitPHHWi_bJ07XxfP2mocKghfrTaZ07zFmYO0ZFSnXfPjXIU_3accyLi8mQ1O2avuRxPkTohqA,/store/apps/details?id=com.marvel.unlimited&reviewId=Z3A6QU9xcFRPRUVnNi1Beml0UEhIV2lfYkowN1h4ZlAybW9jS2doZnJUYVowN3pGbVlPMFpGU25YZlBqWElVXzNhY2N5TGk4bVExTzJhdnVSeFBrVG9ocUE,
63,https://lh4.googleusercontent.com/-AZneClmL-m8/AAAAAAAAAAI/AAAAAAAAAAA/wQqJNHIjiWw/w48-h48-p-rw/photo.jpg, ,5,com.marvel.unlimited,  Very nice and useful I like it because In this app there are so much comics of BLACK PANTHER  ,"March 29, 2018",gp:AOqpTOEcVFQmfmxDXcwUw3vrmg39FR1PmZ2Tn2HsDBlJsWNLQlBM4qam_3_C0-Ih8-WiI2Y0GYTjj2zKj8g2wQ,/store/apps/details?id=com.marvel.unlimited&reviewId=Z3A6QU9xcFRPRWNWRlFtZm14RFhjd1V3M3ZybWczOUZSMVBtWjJUbjJIc0RCbEpzV05MUWxCTTRxYW1fM19DMC1JaDgtV2lJMlkwR1lUamoyektqOGcyd1E,
64,https://lh3.googleusercontent.com/a-/AAuE7mBsotncuLnjkHN3KtuA3INdez7MPcBNO6SmryOF=w48-h48-p-rw, Sophia Inda ,1,com.marvel.unlimited,"  I can't sign up, when i try to create an account always failed Pls fix it 
asap  ","April 25, 2018",gp:AOqpTOHkPhSspNmYOfGl79BTR5JiAASCOcnqLI2v3tVXg9igYuw7gsgDOsn9cdHRfvpE5jExdRxS6hGj7IqkUg,/store/apps/details?id=com.marvel.unlimited&reviewId=Z3A6QU9xcFRPSGtQaFNzcE5tWU9mR2w3OUJUUjVKaUFBU0NPY25xTEkydjN0VlhnOWlnWXV3N2dzZ0RPc245Y2RIUmZ2cEU1akV4ZFJ4UzZoR2o3SXFrVWc,
65,https://lh4.googleusercontent.com/-NT79_GV9ghM/AAAAAAAAAAI/AAAAAAAAAAA/ACHi3re2IiSozxS6sWZkOR_j_7-E7Z2V4A/w48-h48-p-rw/photo.jpg, Logan McEwen ,2,com.marvel.unlimited,  I was unable to subscribe for a membership  ,"April 15, 2018",gp:AOqpTOFM4v7F16BdbdD6wguW45zEwVxUarvUejJhZKqb_4FCCRPfytzaSTi6n2G7oXym8aVcCYfM1t4ZcGeLsw,/store/apps/details?id=com.marvel.unlimited&reviewId=Z3A6QU9xcFRPRk00djdGMTZCZGJkRDZ3Z3VXNDV6RXdWeFVhcnZVZWpKaFpLcWJfNEZDQ1JQZnl0emFTVGk2bjJHN29YeW04YVZjQ1lmTTF0NFpjR2VMc3c,
66,https://lh6.googleusercontent.com/-dCVC54o29iQ/AAAAAAAAAAI/AAAAAAAAAAA/ACHi3rcTaTkVu91flBpoVKp9sQpiqOAAhQ/w48-h48-p-rw/photo.jpg, Charles Robinson ,2,com.marvel.unlimited,  The app does not provide a listing of the new weekly releases  ,"April 21, 2018",gp:AOqpTOE02Jz4XIsgSAxZzyCDqYFWUibcdwSCQvn4S9xNThgzhvPL5o9FvjkG45Sg4DV_367mT_sogsu7zuOfeg,/store/apps/details?id=com.marvel.unlimited&reviewId=Z3A6QU9xcFRPRTAySno0WElzZ1NBeFp6eUNEcVlGV1VpYmNkd1NDUXZuNFM5eE5UaGd6aHZQTDVvOUZ2amtHNDVTZzREVl8zNjdtVF9zb2dzdTd6dU9mZWc,
67,https://lh5.googleusercontent.com/-bFXUfbZfHc8/AAAAAAAAAAI/AAAAAAAAAAA/ACHi3rcW8A8M3SdTVlXv7dsDqG-b0RZFHg/w48-h48-p-rw/photo.jpg, aizep chauthalung ,1,com.marvel.unlimited,  Boring app  ,"March 27, 2018",gp:AOqpTOEqVQrTNRtxhYHvgi5OfJ9LgbmG9EibftEKUEwwbjow2kc-GRS4Ar38z2eIwqYfO33mBv_xI_PMCfZjWQ,/store/apps/details?id=com.marvel.unlimited&reviewId=Z3A6QU9xcFRPRXFWUXJUTlJ0eGhZSHZnaTVPZko5TGdibUc5RWliZnRFS1VFd3diam93MmtjLUdSUzRBcjM4ejJlSXdxWWZPMzNtQnZfeElfUE1DZlpqV1E,
68,https://lh4.googleusercontent.com/-s24OKV6BPE0/AAAAAAAAAAI/AAAAAAAAAAA/ACHi3rfmhTRJ4Oe0wnvxAGNk7DwsYdZDrg/w48-h48-p-rw/photo.jpg, Bruno Freitas ,5,com.marvel.unlimited,"  Great practical app! Works very well, few to none bugs! Always getting better!  ","April 16, 2018",gp:AOqpTOH_uafB8F7TvPQdkcNtx5j8nTTV-QTsdulysJkybTF6hybhg8TsBadO0Q3fkuW8nwWFqD-3ZBV2EkxpcQ,/store/apps/details?id=com.marvel.unlimited&reviewId=Z3A6QU9xcFRPSF91YWZCOEY3VHZQUWRrY050eDVqOG5UVFYtUVRzZHVseXNKa3liVEY2aHliaGc4VHNCYWRPMFEzZmt1Vzhud1dGcUQtM1pCVjJFa3hwY1E,
69,https://lh3.googleusercontent.com/a-/AAuE7mD7VF-mqe6WR25U3STWQczn5gZsz6OvPIxBCGhK=w48-h48-p-rw, Shnr Shihab ,1,com.marvel.unlimited,  Could have been some free items  ,"April 24, 2018",gp:AOqpTOEoswUnPTEZq5Md2JNDlNkRyt8B_t2PWkya8euZbX97Nq09pCIxr4ClSsFK4NgijfTgTw6AdlpBWHGI2A,/store/apps/details?id=com.marvel.unlimited&reviewId=Z3A6QU9xcFRPRW9zd1VuUFRFWnE1TWQySk5EbE5rUnl0OEJfdDJQV2t5YThldVpiWDk3TnEwOXBDSXhyNENsU3NGSzROZ2lqZlRnVHc2QWRscEJXSEdJMkE,
70,https://lh3.googleusercontent.com/a-/AAuE7mDQZvx77ZrWABia0kvZfTIXVJJhKcpABn-X7ZWE=w48-h48-p-rw, Charizard X ,1,com.marvel.unlimited,  Wont let me subcribe in canada  ,"April 14, 2018",gp:AOqpTOFGswo7bvrlKjdmECwsXEsqSqI_55SHwifqiN802D9h-KOVUb5CAW0VFRDWvyRKYoJXDxvLeDWpXXdTjQ,/store/apps/details?id=com.marvel.unlimited&reviewId=Z3A6QU9xcFRPRkdzd283YnZybEtqZG1FQ3dzWEVzcVNxSV81NVNId2lmcWlOODAyRDloLUtPVlViNUNBVzBWRlJEV3Z5UktZb0pYRHh2TGVEV3BYWGRUalE,
71,https://lh3.googleusercontent.com/a-/AAuE7mAvuQ7Z8vPf-tj6yNOrYnCLb4HwaZKzhC0qnd3zJg=w48-h48-p-rw, suprabhat singh ,1,com.marvel.unlimited,  It's not free as advertised  ,"April 24, 2018",gp:AOqpTOG4Da78UZILBEujSo_qAUiUCbc9BR23WN5b1n0YiT1SMMxvmG31vyW-E0wY6C-H3f5ZRXfMYzC4CdAb-g,/store/apps/details?id=com.marvel.unlimited&reviewId=Z3A6QU9xcFRPRzREYTc4VVpJTEJFdWpTb19xQVVpVUNiYzlCUjIzV041YjFuMFlpVDFTTU14dm1HMzF2eVctRTB3WTZDLUgzZjVaUlhmTVl6QzRDZEFiLWc,
72,https://lh6.googleusercontent.com/-fbmqiKeqDmY/AAAAAAAAAAI/AAAAAAAAAAA/ACHi3rcbEU7wALpfEq_ZM7HMFvZ1nBLRSw/w48-h48-p-rw/photo.jpg, George Ireland ,5,com.marvel.unlimited,  I bloody love marvel 👍🤓  ,"April 15, 2018",gp:AOqpTOGI9fXwYqO4AWoDmXeXU6fZzxrrlunPkAfEcIHkp3_MoJIUsZGDy2RfRBv0cbs2VF2ODChQJdlQ4PNOhg,/store/apps/details?id=com.marvel.unlimited&reviewId=Z3A6QU9xcFRPR0k5Zlh3WXFPNEFXb0RtWGVYVTZmWnp4cnJsdW5Qa0FmRWNJSGtwM19Nb0pJVXNaR0R5MlJmUkJ2MGNiczJWRjJPRENoUUpkbFE0UE5PaGc,
73,https://lh3.googleusercontent.com/a-/AAuE7mBvnxQZMalU3cf14mtNnNq9VYhIW4VSvGoLgthD=w48-h48-p-rw, Aditya narayan S.K ,5,com.marvel.unlimited,  Comic Ka king  ,"April 24, 2018",gp:AOqpTOEOZITtDH8kCNbNkz6P0wTjBjLLxHXmM6FjZ5ClPAQ_GIChfZQoZXwb6-p8OAlTIxAtRfzVm2x0HMF14A,/store/apps/details?id=com.marvel.unlimited&reviewId=Z3A6QU9xcFRPRU9aSVR0REg4a0NOYk5rejZQMHdUakJqTEx4SFhtTTZGalo1Q2xQQVFfR0lDaGZaUW9aWHdiNi1wOE9BbFRJeEF0UmZ6Vm0yeDBITUYxNEE,
74,https://lh5.googleusercontent.com/-uJDia9acC-A/AAAAAAAAAAI/AAAAAAAAAAA/_CjgzhUEl50/w48-h48-p-rw/photo.jpg, ,1,com.marvel.unlimited,  lameeee😖😖😖  ,"April 20, 2018",gp:AOqpTOHRiDKOgPJy4u16A1h3mtYYgLWqC8pUXV-aKlGygBnt_CHeJKm3Vu_pUZecCSD0Zl_srTUWOMok8MwfMQ,/store/apps/details?id=com.marvel.unlimited&reviewId=Z3A6QU9xcFRPSFJpREtPZ1BKeTR1MTZBMWgzbXRZWWdMV3FDOHBVWFYtYUtsR3lnQm50X0NIZUpLbTNWdV9wVVplY0NTRDBabF9zclRVV09Nb2s4TXdmTVE,
75,https://lh5.googleusercontent.com/-N-KP14uM8M4/AAAAAAAAAAI/AAAAAAAAAAA/ACHi3rcEhrCejTDFOuUX2m8BE3lqSwjh1Q/w48-h48-p-rw/photo.jpg, krishna Kant Pandey ,5,com.marvel.unlimited,  It is very nice app for riding  ,"May 4, 2018",gp:AOqpTOE-Q9M77u4mks-gomya9_DfJnOa2yJk2uAe3EylUHGR4lEzPsuTP4WeSHxK8k8qIrWRxQY9yd2dJRlARQ,/store/apps/details?id=com.marvel.unlimited&reviewId=Z3A6QU9xcFRPRS1ROU03N3U0bWtzLWdvbXlhOV9EZkpuT2EyeUprMnVBZTNFeWxVSEdSNGxFelBzdVRQNFdlU0h4SzhrOHFJcldSeFFZOXlkMmRKUmxBUlE,
76,https://lh3.googleusercontent.com/a-/AAuE7mDufks6ex-L0apPewpyNEWT_J6g44QUPwkEgSOTaQ=w48-h48-p-rw, Ranajit Paul ,3,com.marvel.unlimited,"  Let me read it first, then i will give review......😂😂😂  ","April 27, 2018",gp:AOqpTOGCPKslZOMuec_PIPJE37Mg7eGveDMHL9conul_qHVDmlAEd4AEa0Vyi7dqfkd03MEjbTzLn9cOCZPjhA,/store/apps/details?id=com.marvel.unlimited&reviewId=Z3A6QU9xcFRPR0NQS3NsWk9NdWVjX1BJUEpFMzdNZzdlR3ZlRE1ITDljb251bF9xSFZEbWxBRWQ0QUVhMFZ5aTdkcWZrZDAzTUVqYlR6TG45Y09DWlBqaEE,
77,https://lh5.googleusercontent.com/--v6ZDMMMZq0/AAAAAAAAAAI/AAAAAAAAAAA/ACHi3rdoG_-8GRZWd5meUyRNm-U-wlplHw/w48-h48-p-rw/photo.jpg, Pratik Awadhiya ,5,com.marvel.unlimited,  All superheroes are best  ,"April 21, 2018",gp:AOqpTOE1lq8_oqWdOWb-oAy0x2v0zXqkMgU0Wp5R291LtHltVzwh-l87t93AAI3yzu905L8GhS8lxeZPoDlbsQ,/store/apps/details?id=com.marvel.unlimited&reviewId=Z3A6QU9xcFRPRTFscThfb3FXZE9XYi1vQXkweDJ2MHpYcWtNZ1UwV3A1UjI5MUx0SGx0Vnp3aC1sODd0OTNBQUkzeXp1OTA1TDhHaFM4bHhlWlBvRGxic1E,
78,https://lh3.googleusercontent.com/a-/AAuE7mDHsKEQ9f_NjfL9U3hkHosb0D2inm_WoQH1SAP4=w48-h48-p-rw, Aravind crazy kamukan ,5,com.marvel.unlimited,  😅😅😅😅😅😅😅  ,"April 22, 2018",gp:AOqpTOEEBIL12dSHSs9ssMYpYIN3bgVi62BUC34TNB5DKCRRkTTKzIJYajEvTcRaAt8fM6QnkDjnQlIHjp0ZEw,/store/apps/details?id=com.marvel.unlimited&reviewId=Z3A6QU9xcFRPRUVCSUwxMmRTSFNzOXNzTVlwWUlOM2JnVmk2MkJVQzM0VE5CNURLQ1JSa1RUS3pJSllhakV2VGNSYUF0OGZNNlFua0RqblFsSUhqcDBaRXc,
79,https://lh3.googleusercontent.com/-wYtcDxsprhA/AAAAAAAAAAI/AAAAAAAAAAA/ZkU5y1gbHO4/w48-h48-p-rw/photo.jpg, ,5,com.marvel.unlimited,  Coolest app  ,"April 20, 2018",gp:AOqpTOEWC2Eu52i7Gk6gx5sy5HM9vOM1bcD12CZ0TP0c2LbfD14J-s7yGBFKI1DxhFJZ0fz3_GmioJgE4CzIxQ,/store/apps/details?id=com.marvel.unlimited&reviewId=Z3A6QU9xcFRPRVdDMkV1NTJpN0drNmd4NXN5NUhNOXZPTTFiY0QxMkNaMFRQMGMyTGJmRDE0Si1zN3lHQkZLSTFEeGhGSlowZnozX0dtaW9KZ0U0Q3pJeFE,
