,author_image,author_name,current_rating,rev_app_id,review_body,review_date,review_id,review_permalink,review_title
0,https://lh3.ggpht.com/EGemoI2NTXmTsBVtJqk8jxF9rh8ApRWfsIMQSt2uE4OcpQqbFu7f7NbTK05lx80nuSijCz7sc3a277R67g=w48-h48-p-rw, A Google User ,1,com.peoplemedia.singleparentmeet,  Poor CNT get in uk  ,"January 24, 2016",gp:AOqpTOH7LINI7FGLjGEphFRA8jGWk56EVXhvUYkuKRJx5lHtZyjLz_ISCV5We1OEl_5FUqdDJfmkeaU6EbNJfjA,/store/apps/details?id=com.peoplemedia.singleparentmeet&reviewId=Z3A6QU9xcFRPSDdMSU5JN0ZHTGpHRXBoRlJBOGpHV2s1NkVWWGh2VVlrdUtSSng1bEh0WnlqTHpfSVNDVjVXZTFPRWxfNUZVcWRESmZta2VhVTZFYk5KZmpB,
1,https://lh3.ggpht.com/EGemoI2NTXmTsBVtJqk8jxF9rh8ApRWfsIMQSt2uE4OcpQqbFu7f7NbTK05lx80nuSijCz7sc3a277R67g=w48-h48-p-rw, A Google User ,5,com.peoplemedia.singleparentmeet,  Best app ever  ,"February 24, 2016",gp:AOqpTOESruQic6cbNcxRO4-iurhiGoyTnly5ayTQV-30zQZ9APdXMSCoSrZw9WbQSg4_5CtUO-jx3JUqCcYAS5Y,/store/apps/details?id=com.peoplemedia.singleparentmeet&reviewId=Z3A6QU9xcFRPRVNydVFpYzZjYk5jeFJPNC1pdXJoaUdveVRubHk1YXlUUVYtMzB6UVo5QVBkWE1TQ29Tclp3OVdiUVNnNF81Q3RVTy1qeDNKVXFDY1lBUzVZ,App
2,https://lh3.ggpht.com/EGemoI2NTXmTsBVtJqk8jxF9rh8ApRWfsIMQSt2uE4OcpQqbFu7f7NbTK05lx80nuSijCz7sc3a277R67g=w48-h48-p-rw, A Google User ,4,com.peoplemedia.singleparentmeet,  So far so good ;-)  ,"November 29, 2015",gp:AOqpTOGcoSNepKnkdTfk0gu5UAIJvUCYkjjFhtTwdeIL73HbGKiU8n5aQLoePRA_AzysrjDgthSKSkNQ9EYQqqI,/store/apps/details?id=com.peoplemedia.singleparentmeet&reviewId=Z3A6QU9xcFRPR2NvU05lcEtua2RUZmswZ3U1VUFJSnZVQ1lrampGaHRUd2RlSUw3M0hiR0tpVThuNWFRTG9lUFJBX0F6eXNyakRndGhTS1NrTlE5RVlRcXFJ,
3,https://lh3.ggpht.com/EGemoI2NTXmTsBVtJqk8jxF9rh8ApRWfsIMQSt2uE4OcpQqbFu7f7NbTK05lx80nuSijCz7sc3a277R67g=w48-h48-p-rw, A Google User ,4,com.peoplemedia.singleparentmeet,  A little pricey  ,"November 15, 2015",gp:AOqpTOEaaqhweJQAe0YIX9c5n77WpB8rhJKm6Dk2D-ssC-147fWO8oo_btwizrvRgHlnt2o5_7RgKVRuZoHIMnM,/store/apps/details?id=com.peoplemedia.singleparentmeet&reviewId=Z3A6QU9xcFRPRWFhcWh3ZUpRQWUwWUlYOWM1bjc3V3BCOHJoSkttNkRrMkQtc3NDLTE0N2ZXTzhvb19idHdpenJ2UmdIbG50Mm81XzdSZ0tWUnVab0hJTW5N,Nice
4,https://lh3.ggpht.com/EGemoI2NTXmTsBVtJqk8jxF9rh8ApRWfsIMQSt2uE4OcpQqbFu7f7NbTK05lx80nuSijCz7sc3a277R67g=w48-h48-p-rw, A Google User ,5,com.peoplemedia.singleparentmeet,  White  male  ,"September 16, 2015",gp:AOqpTOHg9xpC3q1Uck8QfqnyoYP628T_ckQD1nzHAxIihhF9i_S8Okxvg9jNcyK2_1KrBQ6koItbhyGyBVfTFvo,/store/apps/details?id=com.peoplemedia.singleparentmeet&reviewId=Z3A6QU9xcFRPSGc5eHBDM3ExVWNrOFFmcW55b1lQNjI4VF9ja1FEMW56SEF4SWloaEY5aV9TOE9reHZnOWpOY3lLMl8xS3JCUTZrb0l0Ymh5R3lCVmZURnZv,Meet  woman
5,https://lh3.ggpht.com/EGemoI2NTXmTsBVtJqk8jxF9rh8ApRWfsIMQSt2uE4OcpQqbFu7f7NbTK05lx80nuSijCz7sc3a277R67g=w48-h48-p-rw, A Google User ,3,com.peoplemedia.singleparentmeet,  New chances !!!  ,"September 28, 2015",gp:AOqpTOGFnDiYvVmAE7RO-sMbtGVv49zR45vS7eeEffwYcweXJ7HfBa3dFioF2KIBemhTTyuFZgVlz_SrezM9-Ls,/store/apps/details?id=com.peoplemedia.singleparentmeet&reviewId=Z3A6QU9xcFRPR0ZuRGlZdlZtQUU3Uk8tc01idEdWdjQ5elI0NXZTN2VlRWZmd1ljd2VYSjdIZkJhM2RGaW9GMktJQmVtaFRUeXVGWmdWbHpfU3Jlek05LUxz,
6,https://lh3.ggpht.com/EGemoI2NTXmTsBVtJqk8jxF9rh8ApRWfsIMQSt2uE4OcpQqbFu7f7NbTK05lx80nuSijCz7sc3a277R67g=w48-h48-p-rw, A Google User ,5,com.peoplemedia.singleparentmeet,  Works well  ,"August 22, 2015",gp:AOqpTOE6w2fytI-QMZZml-GT3doZOFg3CRo9V7xmXzbXeXDLSniFySedqT4JLaHOwCzJf7_761ODKdl7pY88Rfw,/store/apps/details?id=com.peoplemedia.singleparentmeet&reviewId=Z3A6QU9xcFRPRTZ3MmZ5dEktUU1aWm1sLUdUM2RvWk9GZzNDUm85Vjd4bVh6YlhlWERMU25pRnlTZWRxVDRKTGFIT3dDekpmN183NjFPREtkbDdwWTg4UmZ3,#sweepstakes
7,https://lh3.ggpht.com/EGemoI2NTXmTsBVtJqk8jxF9rh8ApRWfsIMQSt2uE4OcpQqbFu7f7NbTK05lx80nuSijCz7sc3a277R67g=w48-h48-p-rw, A Google User ,5,com.peoplemedia.singleparentmeet,  Works well and no???  ,"October 9, 2015",gp:AOqpTOEzx9SK_JKThHO3C0PdpSgkM8CCfKJIUU4RR_z4cGtqyErLfGcRKv7gesmozOqyyFGXGF7ZzyT0RrxsbgU,/store/apps/details?id=com.peoplemedia.singleparentmeet&reviewId=Z3A6QU9xcFRPRXp4OVNLX0pLVGhITzNDMFBkcFNna004Q0NmS0pJVVU0UlJfejRjR3RxeUVyTGZHY1JLdjdnZXNtb3pPcXl5RkdYR0Y3Wnp5VDBScnhzYmdV,Great
8,https://lh3.ggpht.com/EGemoI2NTXmTsBVtJqk8jxF9rh8ApRWfsIMQSt2uE4OcpQqbFu7f7NbTK05lx80nuSijCz7sc3a277R67g=w48-h48-p-rw, A Google User ,4,com.peoplemedia.singleparentmeet,  I am  a  lover  ,"September 30, 2015",gp:AOqpTOHkiKEMayeU36hhBqUV0OLDYTBY03ur00beq0g7ivLMPakgbokIKof2W0Ka-NDX9RxfuOR9voJPJLBcSP4,/store/apps/details?id=com.peoplemedia.singleparentmeet&reviewId=Z3A6QU9xcFRPSGtpS0VNYXllVTM2aGhCcVVWME9MRFlUQlkwM3VyMDBiZXEwZzdpdkxNUGFrZ2Jva0lLb2YyVzBLYS1ORFg5UnhmdU9SOXZvSlBKTEJjU1A0,
9,https://lh3.ggpht.com/EGemoI2NTXmTsBVtJqk8jxF9rh8ApRWfsIMQSt2uE4OcpQqbFu7f7NbTK05lx80nuSijCz7sc3a277R67g=w48-h48-p-rw, A Google User ,5,com.peoplemedia.singleparentmeet,  Cool  ,"August 25, 2015",gp:AOqpTOEfxG7huMaiLFg815aieMgeUZNRbLhAEr4KfcgumKCVl8zwwZvpV2PIJNlXJAz_tDlj1UXZOm9SJ0DCUfI,/store/apps/details?id=com.peoplemedia.singleparentmeet&reviewId=Z3A6QU9xcFRPRWZ4RzdodU1haUxGZzgxNWFpZU1nZVVaTlJiTGhBRXI0S2ZjZ3VtS0NWbDh6d3dadnBWMlBJSk5sWEpBel90RGxqMVVYWk9tOVNKMERDVWZJ,Just love it
10,https://lh3.ggpht.com/EGemoI2NTXmTsBVtJqk8jxF9rh8ApRWfsIMQSt2uE4OcpQqbFu7f7NbTK05lx80nuSijCz7sc3a277R67g=w48-h48-p-rw, A Google User ,5,com.peoplemedia.singleparentmeet,  Finally..... Love it  ,"August 20, 2015",gp:AOqpTOEMpy0x4gkELtZ6c-Ny5fk-HUpEgRUDkiwEwWkMrdpfGOrTDwB9MWFsuFLCwgt8n96FbUnVqwVc7gYo-Pc,/store/apps/details?id=com.peoplemedia.singleparentmeet&reviewId=Z3A6QU9xcFRPRU1weTB4NGdrRUx0WjZjLU55NWZrLUhVcEVnUlVEa2l3RXdXa01yZHBmR09yVER3QjlNV0ZzdUZMQ3dndDhuOTZGYlVuVnF3VmM3Z1lvLVBj,#sweepstakes
11,https://lh3.ggpht.com/EGemoI2NTXmTsBVtJqk8jxF9rh8ApRWfsIMQSt2uE4OcpQqbFu7f7NbTK05lx80nuSijCz7sc3a277R67g=w48-h48-p-rw, A Google User ,3,com.peoplemedia.singleparentmeet,  What's postcode?  ,"March 28, 2016",gp:AOqpTOFPlXuafYtrBVOIZD_Ck8C4plF6HrxnScVqvoh0ZOuUBzILbTywkRF-OKTF9oHWnKnJvOEkZnS4qw_EqVE,/store/apps/details?id=com.peoplemedia.singleparentmeet&reviewId=Z3A6QU9xcFRPRlBsWHVhZll0ckJWT0laRF9DazhDNHBsRjZIcnhuU2NWcXZvaDBaT3VVQnpJTGJUeXdrUkYtT0tURjlvSFduS25Kdk9Fa1puUzRxd19FcVZF,
12,https://lh3.ggpht.com/EGemoI2NTXmTsBVtJqk8jxF9rh8ApRWfsIMQSt2uE4OcpQqbFu7f7NbTK05lx80nuSijCz7sc3a277R67g=w48-h48-p-rw, A Google User ,1,com.peoplemedia.singleparentmeet,  Doesn't say you have to pay for messages scam!!!  ,"February 28, 2016",gp:AOqpTOEjSaJrQ6JVeUVLsGqS5cacnUNLQ_y1XbDajfPsjWlzF3vLpjnTvtsOLhu8mB1F4d0eXwJZiu-qQ4xt6eQ,/store/apps/details?id=com.peoplemedia.singleparentmeet&reviewId=Z3A6QU9xcFRPRWpTYUpyUTZKVmVVVkxzR3FTNWNhY25VTkxRX3kxWGJEYWpmUHNqV2x6RjN2THBqblR2dHNPTGh1OG1CMUY0ZDBlWHdKWml1LXFRNHh0NmVR,
13,https://lh3.ggpht.com/EGemoI2NTXmTsBVtJqk8jxF9rh8ApRWfsIMQSt2uE4OcpQqbFu7f7NbTK05lx80nuSijCz7sc3a277R67g=w48-h48-p-rw, A Google User ,3,com.peoplemedia.singleparentmeet,  Still  ,"September 26, 2015",gp:AOqpTOFK4IJkF0ZQTwL-BpnS9hjzb4eCsI_bVNm9ndhccmBgeO1TDUN_dBTIQO6dr0GTucT1GkTuSvK1dNTcw6o,/store/apps/details?id=com.peoplemedia.singleparentmeet&reviewId=Z3A6QU9xcFRPRks0SUprRjBaUVR3TC1CcG5TOWhqemI0ZUNzSV9iVk5tOW5kaGNjbUJnZU8xVERVTl9kQlRJUU82ZHIwR1R1Y1QxR2tUdVN2SzFkTlRjdzZv,Looking
14,https://lh3.ggpht.com/EGemoI2NTXmTsBVtJqk8jxF9rh8ApRWfsIMQSt2uE4OcpQqbFu7f7NbTK05lx80nuSijCz7sc3a277R67g=w48-h48-p-rw, A Google User ,1,com.peoplemedia.singleparentmeet,  Extremely slow  ,"May 11, 2016",gp:AOqpTOHUqKg1m2MNGXZM-OIlf5dD-XpTiP1WG4dQoREyDgpMIw16Hk42Pb4xmdlCSwE8UHpHm-aOaOJQXi1tjgw,/store/apps/details?id=com.peoplemedia.singleparentmeet&reviewId=Z3A6QU9xcFRPSFVxS2cxbTJNTkdYWk0tT0lsZjVkRC1YcFRpUDFXRzRkUW9SRXlEZ3BNSXcxNkhrNDJQYjR4bWRsQ1N3RThVSHBIbS1hT2FPSlFYaTF0amd3,
15,https://lh3.ggpht.com/EGemoI2NTXmTsBVtJqk8jxF9rh8ApRWfsIMQSt2uE4OcpQqbFu7f7NbTK05lx80nuSijCz7sc3a277R67g=w48-h48-p-rw, A Google User ,5,com.peoplemedia.singleparentmeet,  Goodness  ,"July 5, 2015",gp:AOqpTOEK2E8k6CdL-gjARBwDakG2Wu4qi0k7nzfTynHx8ZK5MlJJT0RZJVXEXrrBJ-t0isl0BplAsAlZg13o_VY,/store/apps/details?id=com.peoplemedia.singleparentmeet&reviewId=Z3A6QU9xcFRPRUsyRThrNkNkTC1nakFSQndEYWtHMld1NHFpMGs3bnpmVHluSHg4Wks1TWxKSlQwUlpKVlhFWHJyQkotdDBpc2wwQnBsQXNBbFpnMTNvX1ZZ,G extenze
16,https://lh3.ggpht.com/EGemoI2NTXmTsBVtJqk8jxF9rh8ApRWfsIMQSt2uE4OcpQqbFu7f7NbTK05lx80nuSijCz7sc3a277R67g=w48-h48-p-rw, A Google User ,1,com.peoplemedia.singleparentmeet,  Sucks  ,"March 21, 2016",gp:AOqpTOGXEJCKjIiiODWehTggEL8OY6Ht_zRquMWIOjqYb_bzREbxNfjfuuSTG_8t8n6Y-CQb1ZHh4h3Qi4nm1TM,/store/apps/details?id=com.peoplemedia.singleparentmeet&reviewId=Z3A6QU9xcFRPR1hFSkNLaklpaU9EV2VoVGdnRUw4T1k2SHRfelJxdU1XSU9qcVliX2J6UkVieE5mamZ1dVNUR184dDhuNlktQ1FiMVpIaDRoM1FpNG5tMVRN,
17,https://lh3.ggpht.com/EGemoI2NTXmTsBVtJqk8jxF9rh8ApRWfsIMQSt2uE4OcpQqbFu7f7NbTK05lx80nuSijCz7sc3a277R67g=w48-h48-p-rw, A Google User ,5,com.peoplemedia.singleparentmeet,  Like it  ,"September 25, 2015",gp:AOqpTOGXZWqNA7WmHJd6qwKVpay9pm4qNKsy04aDGJ9YZeJ00kyU8FJ9DGDukVqNMMoG6S_DY1Vu4JDlZF-8NvY,/store/apps/details?id=com.peoplemedia.singleparentmeet&reviewId=Z3A6QU9xcFRPR1haV3FOQTdXbUhKZDZxd0tWcGF5OXBtNHFOS3N5MDRhREdKOVlaZUowMGt5VThGSjlER0R1a1ZxTk1Nb0c2U19EWTFWdTRKRGxaRi04TnZZ,
18,https://lh3.ggpht.com/EGemoI2NTXmTsBVtJqk8jxF9rh8ApRWfsIMQSt2uE4OcpQqbFu7f7NbTK05lx80nuSijCz7sc3a277R67g=w48-h48-p-rw, A Google User ,5,com.peoplemedia.singleparentmeet,  Love it  ,"April 11, 2016",gp:AOqpTOECdp1UOtO4xlunjB6BzFbpGGlhkyGkBn8LnmA8ZnpfQauS9u0vnb4aHtT5SWQNC_t8ZdGmdaaCqfJz6bM,/store/apps/details?id=com.peoplemedia.singleparentmeet&reviewId=Z3A6QU9xcFRPRUNkcDFVT3RPNHhsdW5qQjZCekZicEdHbGhreUdrQm44TG5tQThabnBmUWF1Uzl1MHZuYjRhSHRUNVNXUU5DX3Q4WmRHbWRhYUNxZkp6NmJN,Nice
19,https://lh3.ggpht.com/EGemoI2NTXmTsBVtJqk8jxF9rh8ApRWfsIMQSt2uE4OcpQqbFu7f7NbTK05lx80nuSijCz7sc3a277R67g=w48-h48-p-rw, A Google User ,1,com.peoplemedia.singleparentmeet,  Scam  ,"November 19, 2015",gp:AOqpTOEacxlc0gTnvjm3Yd_5-7rdtKYDzL3eY0zInYtafSV_GpQC4LMXum3_iS-BJAj4pCFTg6i9zZQzW6gWL_8,/store/apps/details?id=com.peoplemedia.singleparentmeet&reviewId=Z3A6QU9xcFRPRWFjeGxjMGdUbnZqbTNZZF81LTdyZHRLWUR6TDNlWTB6SW5ZdGFmU1ZfR3BRQzRMTVh1bTNfaVMtQkpBajRwQ0ZUZzZpOXpaUXpXNmdXTF84,
20,https://lh3.ggpht.com/EGemoI2NTXmTsBVtJqk8jxF9rh8ApRWfsIMQSt2uE4OcpQqbFu7f7NbTK05lx80nuSijCz7sc3a277R67g=w48-h48-p-rw, A Google User ,3,com.peoplemedia.singleparentmeet,  Fun  ,"October 7, 2015",gp:AOqpTOFKHOlsVBLH_y1NFmTIn6AbNZ_mlFmSqH7Oe-WAtnE7GhwMcOiWEW7TtfnSA8w4unpMz4Ns8gpNGvcmylY,/store/apps/details?id=com.peoplemedia.singleparentmeet&reviewId=Z3A6QU9xcFRPRktIT2xzVkJMSF95MU5GbVRJbjZBYk5aX21sRm1TcUg3T2UtV0F0bkU3R2h3TWNPaVdFVzdUdGZuU0E4dzR1bnBNejROczhncE5HdmNteWxZ,Jimmy
21,https://lh3.ggpht.com/EGemoI2NTXmTsBVtJqk8jxF9rh8ApRWfsIMQSt2uE4OcpQqbFu7f7NbTK05lx80nuSijCz7sc3a277R67g=w48-h48-p-rw, A Google User ,5,com.peoplemedia.singleparentmeet,  Good  ,"October 27, 2015",gp:AOqpTOFqRUrt4jTpQJdOhTrLj5uXW2-TggA7mQu0lNowCXKWIr6dnJs71SqZT-1whQ6u7B5Sgf793fH8Eq40Vv0,/store/apps/details?id=com.peoplemedia.singleparentmeet&reviewId=Z3A6QU9xcFRPRnFSVXJ0NGpUcFFKZE9oVHJMajV1WFcyLVRnZ0E3bVF1MGxOb3dDWEtXSXI2ZG5KczcxU3FaVC0xd2hRNnU3QjVTZ2Y3OTNmSDhFcTQwVnYw,
22,https://lh3.ggpht.com/EGemoI2NTXmTsBVtJqk8jxF9rh8ApRWfsIMQSt2uE4OcpQqbFu7f7NbTK05lx80nuSijCz7sc3a277R67g=w48-h48-p-rw, A Google User ,4,com.peoplemedia.singleparentmeet,  Liked it  ,"June 26, 2016",gp:AOqpTOHq8HD9gKPxz0jcK5q3ssGjqSdTWxSgz3zUPazQZYVeaNJRqdvI2pcNDSMPYfsc6GqjIFUogHUxEppgsEo,/store/apps/details?id=com.peoplemedia.singleparentmeet&reviewId=Z3A6QU9xcFRPSHE4SEQ5Z0tQeHowamNLNXEzc3NHanFTZFRXeFNnejN6VVBhelFaWVZlYU5KUnFkdkkycGNORFNNUFlmc2M2R3FqSUZVb2dIVXhFcHBnc0Vv,
23,https://lh3.ggpht.com/EGemoI2NTXmTsBVtJqk8jxF9rh8ApRWfsIMQSt2uE4OcpQqbFu7f7NbTK05lx80nuSijCz7sc3a277R67g=w48-h48-p-rw, A Google User ,1,com.peoplemedia.singleparentmeet,  I think they use some kind of generic app generator and plugged it into their website. it doesn't work for crap. constantly freezing and stops working. nowhere near as many options as the website which isn't amazing either. I only joined because a friend on facebook liked it and so I checked it out. considering that they charge money for membership you would think they would put in a little more effort. they will probably be old news soon. I could have developed a better app.  ,"June 8, 2015",gp:AOqpTOG-ESQUvdeyZH20iua2RNYg4yYmFexxDSJhj0WSgvXD3vBhJ927wReDonVN3K1X_ccD9V2en0eYjGyOPo4,/store/apps/details?id=com.peoplemedia.singleparentmeet&reviewId=Z3A6QU9xcFRPRy1FU1FVdmRleVpIMjBpdWEyUk5ZZzR5WW1GZXh4RFNKaGowV1NndlhEM3ZCaEo5Mjd3UmVEb25WTjNLMVhfY2NEOVYyZW4wZVlqR3lPUG80,Developers put in no effort.
24,https://lh3.ggpht.com/EGemoI2NTXmTsBVtJqk8jxF9rh8ApRWfsIMQSt2uE4OcpQqbFu7f7NbTK05lx80nuSijCz7sc3a277R67g=w48-h48-p-rw, A Google User ,1,com.peoplemedia.singleparentmeet,"  Why put it under free apps?? Iyts not free at all,i woukd have gave it 0 stars for false advertising its a bunch of crap!  ","May 11, 2015",gp:AOqpTOGA9FlZeFHBL81BclzRISlUpu6q1zdgqHz9NbcCNJwx_XECUYAH3eQkCzu3wGhOe8k9JfH62oQH2cGySe8,/store/apps/details?id=com.peoplemedia.singleparentmeet&reviewId=Z3A6QU9xcFRPR0E5RmxaZUZIQkw4MUJjbHpSSVNsVXB1NnExemRncUh6OU5iY0NOSnd4X1hFQ1VZQUgzZVFrQ3p1M3dHaE9lOGs5SmZINjJvUUgyY0d5U2U4,Irritating!
25,https://lh3.ggpht.com/EGemoI2NTXmTsBVtJqk8jxF9rh8ApRWfsIMQSt2uE4OcpQqbFu7f7NbTK05lx80nuSijCz7sc3a277R67g=w48-h48-p-rw, A Google User ,1,com.peoplemedia.singleparentmeet,  Pay to send messages? Waste. Change it or I'm removing this app. There's better ones completely free  ,"June 9, 2015",gp:AOqpTOHa1Ai_tgTu-Up83A8jxELU5ER7qPWbiUsv_rGSriDyoLt25o5kWWwNWYDQd7Xfy-PxVK-MU2X3XrbtZJg,/store/apps/details?id=com.peoplemedia.singleparentmeet&reviewId=Z3A6QU9xcFRPSGExQWlfdGdUdS1VcDgzQThqeEVMVTVFUjdxUFdiaVVzdl9yR1NyaUR5b0x0MjVvNWtXV3dOV1lEUWQ3WGZ5LVB4VkstTVUyWDNYcmJ0Wkpn,Pay to message
26,https://lh3.ggpht.com/EGemoI2NTXmTsBVtJqk8jxF9rh8ApRWfsIMQSt2uE4OcpQqbFu7f7NbTK05lx80nuSijCz7sc3a277R67g=w48-h48-p-rw, A Google User ,1,com.peoplemedia.singleparentmeet,  Can't open messages or really do anything without buying a subscription. It shouldn't be under the free apps.  ,"June 20, 2015",gp:AOqpTOGV63NClnNftdd3isbaoP9VaBRjuAG1wBpAeTJq2KohEq_PqX1sQShMyMQctCsJkMzpxIW5NpaE0_dEuBg,/store/apps/details?id=com.peoplemedia.singleparentmeet&reviewId=Z3A6QU9xcFRPR1Y2M05DbG5OZnRkZDNpc2Jhb1A5VmFCUmp1QUcxd0JwQWVUSnEyS29oRXFfUHFYMXNRU2hNeU1RY3RDc0prTXpweElXNU5wYUUwX2RFdUJn,Stupid
27,https://lh3.ggpht.com/EGemoI2NTXmTsBVtJqk8jxF9rh8ApRWfsIMQSt2uE4OcpQqbFu7f7NbTK05lx80nuSijCz7sc3a277R67g=w48-h48-p-rw, A Google User ,1,com.peoplemedia.singleparentmeet,  Keeps on crashing n must be fake people on here a lot of fake pictures  such a waist of time n for those paying  customers money!!!  ,"June 7, 2015",gp:AOqpTOEqaozI5ByqB_0T74qR_ZWtfqKBAxBKj8uENE3F8-Oiwy01QPM1wZfWUolVU5Ef_a_eCuobj9MZXEmc57M,/store/apps/details?id=com.peoplemedia.singleparentmeet&reviewId=Z3A6QU9xcFRPRXFhb3pJNUJ5cUJfMFQ3NHFSX1pXdGZxS0JBeEJLajh1RU5FM0Y4LU9pd3kwMVFQTTF3WmZXVW9sVlU1RWZfYV9lQ3VvYmo5TVpYRW1jNTdN,App is a dude
28,https://lh3.ggpht.com/EGemoI2NTXmTsBVtJqk8jxF9rh8ApRWfsIMQSt2uE4OcpQqbFu7f7NbTK05lx80nuSijCz7sc3a277R67g=w48-h48-p-rw, A Google User ,1,com.peoplemedia.singleparentmeet,  You can't do anything without paying worst app ever!!!  ,"May 11, 2015",gp:AOqpTOECetomFzz6hdRf1THEqO3HL1QCpib95P8qR5Txk1R-SRi9njJSraTj8CJOGmdbIvY7c11R-U8DBbWK6Bk,/store/apps/details?id=com.peoplemedia.singleparentmeet&reviewId=Z3A6QU9xcFRPRUNldG9tRnp6NmhkUmYxVEhFcU8zSEwxUUNwaWI5NVA4cVI1VHhrMVItU1JpOW5qSlNyYVRqOENKT0dtZGJJdlk3YzExUi1VOERCYldLNkJr,Such a joke!!!
29,https://lh3.ggpht.com/EGemoI2NTXmTsBVtJqk8jxF9rh8ApRWfsIMQSt2uE4OcpQqbFu7f7NbTK05lx80nuSijCz7sc3a277R67g=w48-h48-p-rw, A Google User ,5,com.peoplemedia.singleparentmeet,  I want to join in this apps.plzz  ,"May 18, 2015",gp:AOqpTOEELTc2ymj9WtVxob27P1vXMNEb5jqbM4uMm10mYPqoVbyTcWUoxsX3AGjGM6eofjUGVIGpUs5vQQfwhGY,/store/apps/details?id=com.peoplemedia.singleparentmeet&reviewId=Z3A6QU9xcFRPRUVMVGMyeW1qOVd0VnhvYjI3UDF2WE1ORWI1anFiTTR1TW0xMG1ZUHFvVmJ5VGNXVW94c1gzQUdqR002ZW9malVHVklHcFVzNXZRUWZ3aEdZ,How can i regster in this app.can you teach me how??or help me plzzz
30,https://lh3.ggpht.com/EGemoI2NTXmTsBVtJqk8jxF9rh8ApRWfsIMQSt2uE4OcpQqbFu7f7NbTK05lx80nuSijCz7sc3a277R67g=w48-h48-p-rw, A Google User ,3,com.peoplemedia.singleparentmeet,  Needs better user I interface. . definitely need a better messaging system  ,"June 1, 2015",gp:AOqpTOHn_1z9B0l4Ay7ePHPFLY4iyP0aYCb0x1MHrCBUhzesRiDhcHmPJ-ymeEHtc_r1KRq7RfbHT4m282fFoWA,/store/apps/details?id=com.peoplemedia.singleparentmeet&reviewId=Z3A6QU9xcFRPSG5fMXo5QjBsNEF5N2VQSFBGTFk0aXlQMGFZQ2IweDFNSHJDQlVoemVzUmlEaGNIbVBKLXltZUVIdGNfcjFLUnE3UmZiSFQ0bTI4MmZGb1dB,Ok app
31,https://lh3.ggpht.com/EGemoI2NTXmTsBVtJqk8jxF9rh8ApRWfsIMQSt2uE4OcpQqbFu7f7NbTK05lx80nuSijCz7sc3a277R67g=w48-h48-p-rw, A Google User ,4,com.peoplemedia.singleparentmeet,  Good site to initiate contact. Lots of people here.  ,"June 15, 2015",gp:AOqpTOG_DmGsU6aJaX_Al01q8wUDWoAF7nz5zglJOBT_5HLhwvpuf3ltL7vYumE5MhOyKbwwTXzq9Ias5cCVfy0,/store/apps/details?id=com.peoplemedia.singleparentmeet&reviewId=Z3A6QU9xcFRPR19EbUdzVTZhSmFYX0FsMDFxOHdVRFdvQUY3bno1emdsSk9CVF81SExod3ZwdWYzbHRMN3ZZdW1FNU1oT3lLYnd3VFh6cTlJYXM1Y0NWZnkw,Lots of people
32,https://lh3.ggpht.com/EGemoI2NTXmTsBVtJqk8jxF9rh8ApRWfsIMQSt2uE4OcpQqbFu7f7NbTK05lx80nuSijCz7sc3a277R67g=w48-h48-p-rw, A Google User ,1,com.peoplemedia.singleparentmeet,  Free really not  ,"June 8, 2015",gp:AOqpTOFockvVMLMGtKENj9D16kDGQyPZkGI6T0duR3Gy1nvamn3h6VK398E8YPh03Q-uPvcH_74rWkE0AmjZOxw,/store/apps/details?id=com.peoplemedia.singleparentmeet&reviewId=Z3A6QU9xcFRPRm9ja3ZWTUxNR3RLRU5qOUQxNmtER1F5UFprR0k2VDBkdVIzR3kxbnZhbW4zaDZWSzM5OEU4WVBoMDNRLXVQdmNIXzc0cldrRTBBbWpaT3h3,False advertisements
33,https://lh3.ggpht.com/EGemoI2NTXmTsBVtJqk8jxF9rh8ApRWfsIMQSt2uE4OcpQqbFu7f7NbTK05lx80nuSijCz7sc3a277R67g=w48-h48-p-rw, A Google User ,1,com.peoplemedia.singleparentmeet,  Make free  ,"June 12, 2015",gp:AOqpTOE7cMc5htJkSzBEfYSGERO-ymB_4JIl-IInlbFquXehWUa2tj8Dpaii6whaJMv2tB6z1Cuo7zF-Jo5_9oQ,/store/apps/details?id=com.peoplemedia.singleparentmeet&reviewId=Z3A6QU9xcFRPRTdjTWM1aHRKa1N6QkVmWVNHRVJPLXltQl80SklsLUlJbmxiRnF1WGVoV1VhMnRqOERwYWlpNndoYUpNdjJ0QjZ6MUN1bzd6Ri1KbzVfOW9R,
34,https://lh3.ggpht.com/EGemoI2NTXmTsBVtJqk8jxF9rh8ApRWfsIMQSt2uE4OcpQqbFu7f7NbTK05lx80nuSijCz7sc3a277R67g=w48-h48-p-rw, A Google User ,1,com.peoplemedia.singleparentmeet,  Waste of time  ,"May 21, 2015",gp:AOqpTOF_dcQOex10NtYYE_Chl2J9-Gzbg3f5_ZydGa1uAHAloyphuMcQNyeZ2Sd6DPntd52kFsCMRmduhwYN-9k,/store/apps/details?id=com.peoplemedia.singleparentmeet&reviewId=Z3A6QU9xcFRPRl9kY1FPZXgxME50WVlFX0NobDJKOS1HemJnM2Y1X1p5ZEdhMXVBSEFsb3lwaHVNY1FOeWVaMlNkNkRQbnRkNTJrRnNDTVJtZHVod1lOLTlr,Waste
35,https://lh3.ggpht.com/EGemoI2NTXmTsBVtJqk8jxF9rh8ApRWfsIMQSt2uE4OcpQqbFu7f7NbTK05lx80nuSijCz7sc3a277R67g=w48-h48-p-rw, A Google User ,3,com.peoplemedia.singleparentmeet,  What irritates me is it only sends notifications if a new person messages or flirts with you. It stops after you respond to them the first time. Also it won't always show you have new messages until you open your inbox. I'm a little disappointed it doesn't have the chat option on the app like on the website. The whole point of an app is to have all of the bells and whistles of the website while making it more convenient to access.  ,"March 30, 2015",gp:AOqpTOERsra-jc6n1eANYiTRKFZ4ogHDQr7If3PiRyer_eSi-hG5z9SRaEyq15PXGx4PcxZ-8cOaBTrSU1la0Y8,/store/apps/details?id=com.peoplemedia.singleparentmeet&reviewId=Z3A6QU9xcFRPRVJzcmEtamM2bjFlQU5ZaVRSS0ZaNG9nSERRcjdJZjNQaVJ5ZXJfZVNpLWhHNXo5U1JhRXlxMTVQWEd4NFBjeFotOGNPYUJUclNVMWxhMFk4,"Its not bad, but its not perfect..."
36,https://lh3.ggpht.com/EGemoI2NTXmTsBVtJqk8jxF9rh8ApRWfsIMQSt2uE4OcpQqbFu7f7NbTK05lx80nuSijCz7sc3a277R67g=w48-h48-p-rw, A Google User ,1,com.peoplemedia.singleparentmeet,  This app/site sucks I think it's just bots.  No customer service number and response from them have nothing to do with your inquiry.   I hope they fail  ,"April 13, 2015",gp:AOqpTOEgsUyt21DtD4kzIC-e_T0EcbYuRKLzRKkmPjPRUGnaeN1qfuoKRh0up5kKrDui1mT9JfhpBxo8JYxxrQQ,/store/apps/details?id=com.peoplemedia.singleparentmeet&reviewId=Z3A6QU9xcFRPRWdzVXl0MjFEdEQ0a3pJQy1lX1QwRWNiWXVSS0x6UktrbVBqUFJVR25hZU4xcWZ1b0tSaDB1cDVrS3JEdWkxbVQ5SmZocEJ4bzhKWXh4clFR,Fake profiles and absolutely no customer service
37,https://lh3.ggpht.com/EGemoI2NTXmTsBVtJqk8jxF9rh8ApRWfsIMQSt2uE4OcpQqbFu7f7NbTK05lx80nuSijCz7sc3a277R67g=w48-h48-p-rw, A Google User ,1,com.peoplemedia.singleparentmeet,"  They let you download your picture,  look at members and like them. But no chat unless you pay, ain't happening. Gonna delete my profile and uninstall this app. Be warned you're gonna pay to order from their menu.  ","April 1, 2015",gp:AOqpTOEusTPS35ByRE4N5mEii34IhrOu8KtD0R6Fd4qW2MnXfHbxMSmVN1Bultprlw_hp57BU-dNRspqSetlBu8,/store/apps/details?id=com.peoplemedia.singleparentmeet&reviewId=Z3A6QU9xcFRPRXVzVFBTMzVCeVJFNE41bUVpaTM0SWhyT3U4S3REMFI2RmQ0cVcyTW5YZkhieE1TbVZOMUJ1bHRwcmx3X2hwNTdCVS1kTlJzcHFTZXRsQnU4,Money Trap
38,https://lh3.ggpht.com/EGemoI2NTXmTsBVtJqk8jxF9rh8ApRWfsIMQSt2uE4OcpQqbFu7f7NbTK05lx80nuSijCz7sc3a277R67g=w48-h48-p-rw, A Google User ,1,com.peoplemedia.singleparentmeet,  Waste of time you have to pay to even message someone  ,"March 31, 2015",gp:AOqpTOHzB23OfFgUUpvjVrQlSqdI2mVlZzXzGppqiLi5Dqbzq8qqmFQ0J4bgBprcnfCpoAwL-wZTN3seTNE_13w,/store/apps/details?id=com.peoplemedia.singleparentmeet&reviewId=Z3A6QU9xcFRPSHpCMjNPZkZnVVVwdmpWclFsU3FkSTJtVmxaelh6R3BwcWlMaTVEcWJ6cThxcW1GUTBKNGJnQnByY25mQ3BvQXdMLXdaVE4zc2VUTkVfMTN3,
39,https://lh3.ggpht.com/EGemoI2NTXmTsBVtJqk8jxF9rh8ApRWfsIMQSt2uE4OcpQqbFu7f7NbTK05lx80nuSijCz7sc3a277R67g=w48-h48-p-rw, A Google User ,2,com.peoplemedia.singleparentmeet,  Only women that respond are scammers.  ,"April 30, 2015",gp:AOqpTOFv8Zg__hg0KWuwzXHJ5RHKP-rN80blEnhYrx3CcOMLOy9nIMMdxeUPqogjBp7z7QxwEXtMeihQygd5h18,/store/apps/details?id=com.peoplemedia.singleparentmeet&reviewId=Z3A6QU9xcFRPRnY4WmdfX2hnMEtXdXd6WEhKNVJIS1Atck44MGJsRW5oWXJ4M0NjT01MT3k5bklNTWR4ZVVQcW9nakJwN3o3UXh3RVh0TWVpaFF5Z2Q1aDE4,Bad service
