,author_image,author_name,current_rating,rev_app_id,review_body,review_date,review_id,review_permalink,review_title
0,https://lh3.googleusercontent.com/a-/AAuE7mAEP2PqiMXzWTsTuGfjDOOeXhvdqVJmAqSA0u22=w48-h48-p-rw, Robert K ,5,com.todaytix.TodayTix,"  Great prices, good seating, and very easy to use.  ","January 6, 2019",gp:AOqpTOGiSWcJ_FHWdy1fvc1nBzp-jjAICaJTX5_rsVl7iGWXJWMcgX_XRTYo4QKLm5WRi3_YQEi1tDhtV8Sv3A,/store/apps/details?id=com.todaytix.TodayTix&reviewId=Z3A6QU9xcFRPR2lTV2NKX0ZIV2R5MWZ2YzFuQnpwLWpqQUlDYUpUWDVfcnNWbDdpR1dYSldNY2dYX1hSVFlvNFFLTG01V1JpM19ZUUVpMXREaHRWOFN2M0E,
1,https://lh6.googleusercontent.com/-q_-PZPyOXPw/AAAAAAAAAAI/AAAAAAAAAAA/ACHi3rcVjNIXgkI9pOzaJHQuxoafgL_4gA/w48-h48-p-rw/photo.jpg, India Baulkman ,5,com.todaytix.TodayTix,  Easy and convenient to use. Discounts are comparable but fair.  ,"January 7, 2019",gp:AOqpTOFpJYrEf3KWFM2AqO0J00rKx0FnqE6jLYZMk8yaAh0LXvi38hfT20WocRA5MEpTMpWaCz0_I1rVQVtQlg,/store/apps/details?id=com.todaytix.TodayTix&reviewId=Z3A6QU9xcFRPRnBKWXJFZjNLV0ZNMkFxTzBKMDByS3gwRm5xRTZqTFlaTWs4eWFBaDBMWHZpMzhoZlQyMFdvY1JBNU1FcFRNcFdhQ3owX0kxclZRVnRRbGc,
2,https://lh4.googleusercontent.com/-VnujuinSPRI/AAAAAAAAAAI/AAAAAAAAAAA/ACHi3rd_s3JmbRlkbD4EMnJHoX93g4yhGA/w48-h48-p-rw/photo.jpg, Kerryn Anderson ,5,com.todaytix.TodayTix,  great to prepurchase prior to travelling. concierge service was great  ,"January 15, 2019",gp:AOqpTOFWG6CESWst3s2l_h2Gi7S7M0HpTzE0I9vevqsnB0437F7K2FuDh-hBYfbo0BOjVHsWVl1uLw5rOymBlQ,/store/apps/details?id=com.todaytix.TodayTix&reviewId=Z3A6QU9xcFRPRldHNkNFU1dzdDNzMmxfaDJHaTdTN00wSHBUekUwSTl2ZXZxc25CMDQzN0Y3SzJGdURoLWhCWWZibzBCT2pWSHNXVmwxdUx3NXJPeW1CbFE,
3,https://lh5.googleusercontent.com/-5HnM2-BZVG0/AAAAAAAAAAI/AAAAAAAAAAA/ACHi3rcbcp5s0ryA4OCbYYs3CJleNmiSKQ/w48-h48-p-rw/photo.jpg, Mitchell Bond ,5,com.todaytix.TodayTix,  A fantastic app. Cheap good seats  ,"December 27, 2018",gp:AOqpTOGdUoonviMd9sZkEP-pnAjhkqWCg7btyY-tHnRxoffZyrplnTg0jc-wFePLO9IdBxAw6imzIZzQMLC_tA,/store/apps/details?id=com.todaytix.TodayTix&reviewId=Z3A6QU9xcFRPR2RVb29udmlNZDlzWmtFUC1wbkFqaGtxV0NnN2J0eVktdEhuUnhvZmZaeXJwbG5UZzBqYy13RmVQTE85SWRCeEF3NmlteklaelFNTENfdEE,
4,https://lh3.googleusercontent.com/a-/AAuE7mCEBDvgJlVbV-3AdxG1uLkP3u9ZLJS0QJJsQGchQA=w48-h48-p-rw, Marlon John ,5,com.todaytix.TodayTix,  Variety Functionality Ease of use Access to tickets  ,"January 5, 2019",gp:AOqpTOGoXSXOmuoBKbJqDvYggHw8l6qHrj-gKnsFVg9ec3enTCT4hk6W8uhAY0dk3ZmsAmv1GXf27a8vttd3rA,/store/apps/details?id=com.todaytix.TodayTix&reviewId=Z3A6QU9xcFRPR29YU1hPbXVvQktiSnFEdllnZ0h3OGw2cUhyai1nS25zRlZnOWVjM2VuVENUNGhrNlc4dWhBWTBkazNabXNBbXYxR1hmMjdhOHZ0dGQzckE,
5,https://lh3.googleusercontent.com/a-/AAuE7mANK9SDERPT_sQ_s3BcxLs4xm0U6w4TC9u6JC01vg=w48-h48-p-rw, Belinda Humes Hanson ,5,com.todaytix.TodayTix,"  easy to use, easy to pick up tickets!  ","December 27, 2018",gp:AOqpTOH0ANx66nVeK5GzcawsdbHuxeWQCJ-f_FF_m6SAMwO9bi9RkeDpZLA_5LEeZX0MDEAaEpWCMgOBIpxMzw,/store/apps/details?id=com.todaytix.TodayTix&reviewId=Z3A6QU9xcFRPSDBBTng2Nm5WZUs1R3pjYXdzZGJIdXhlV1FDSi1mX0ZGX202U0FNd085Ymk5UmtlRHBaTEFfNUxFZVpYME1ERUFhRXBXQ01nT0JJcHhNenc,
6,https://lh3.googleusercontent.com/a-/AAuE7mBmkLR_QRZItDSDRUihz-Rph_dA0ChT62dBGvSk3g=w48-h48-p-rw, Solciris Dominguez ,5,com.todaytix.TodayTix,  so easy to use and great prices!  ,"December 27, 2018",gp:AOqpTOE8tGGppvwQ7XpFXQd78Dysiz8lAPgXCFTmvrlD-3eLZ4vTMqQMTUZKASFHVUod9S63pnu3PdPh_6OTdQ,/store/apps/details?id=com.todaytix.TodayTix&reviewId=Z3A6QU9xcFRPRTh0R0dwcHZ3UTdYcEZYUWQ3OER5c2l6OGxBUGdYQ0ZUbXZybEQtM2VMWjR2VE1xUU1UVVpLQVNGSFZVb2Q5UzYzcG51M1BkUGhfNk9UZFE,
7,https://lh5.googleusercontent.com/-dte4wu092pM/AAAAAAAAAAI/AAAAAAAAAAA/tVEputgwTr8/w48-h48-p-rw/photo.jpg, ,5,com.todaytix.TodayTix,"  easy to use, great price and seats.  ","January 6, 2019",gp:AOqpTOErhVjT4miHfQqsuw3YW4FjCrdGD8S2Ax9OTP4lQtav-HYKeHaehldnsXbo8YH_luUOphRYJrb5q9PsLg,/store/apps/details?id=com.todaytix.TodayTix&reviewId=Z3A6QU9xcFRPRXJoVmpUNG1pSGZRcXN1dzNZVzRGakNyZEdEOFMyQXg5T1RQNGxRdGF2LUhZS2VIYWVobGRuc1hibzhZSF9sdVVPcGhSWUpyYjVxOVBzTGc,
8,https://lh3.googleusercontent.com/-q7Il2o06A9o/AAAAAAAAAAI/AAAAAAAAAAA/ACHi3rcz2Lp2lUtdcHB0EL-mL_GhkkZ_0Q/w48-h48-p-rw/photo.jpg, Greg Schuetze ,5,com.todaytix.TodayTix,  Very convenient and easy to use app!!  ,"January 6, 2019",gp:AOqpTOFScfydxd5Q21qYCxNsxpBIO8j_16hc_ln_6K9bkBCTwMHA82_H_lQHZg6nIiF9aMqJJK1nsuk7eYPIfg,/store/apps/details?id=com.todaytix.TodayTix&reviewId=Z3A6QU9xcFRPRlNjZnlkeGQ1UTIxcVlDeE5zeHBCSU84al8xNmhjX2xuXzZLOWJrQkNUd01IQTgyX0hfbFFIWmc2bklpRjlhTXFKSksxbnN1azdlWVBJZmc,
9,https://lh3.googleusercontent.com/a-/AAuE7mDcrzD8Kspb-0YIc0OtHFrccD0KgIi--Plkr8aing=w48-h48-p-rw, N S ,5,com.todaytix.TodayTix,  Great service 2 smooth transactions.  ,"December 22, 2018",gp:AOqpTOEW0_zbdyqM3ooMtEoaD4XOQV-hlv9YBrJEBvTiJJRM-AlnD4RsM1gfaf_cqaVvpvG97ytKx9WNKSbX7Q,/store/apps/details?id=com.todaytix.TodayTix&reviewId=Z3A6QU9xcFRPRVcwX3piZHlxTTNvb010RW9hRDRYT1FWLWhsdjlZQnJKRUJ2VGlKSlJNLUFsbkQ0UnNNMWdmYWZfY3FhVnZwdkc5N3l0S3g5V05LU2JYN1E,
10,https://lh3.googleusercontent.com/a-/AAuE7mC3aNcHOIoiVm8zHYiXF8Jfon31PlgEZznVC-k5EQ=w48-h48-p-rw, Linda Screeney ,5,com.todaytix.TodayTix,  Love this app! use it all the time!  ,"January 5, 2019",gp:AOqpTOEO8wo5beyi-POh_p8QEM9qnp5JIjGlPp60DEHgJvEhGEsA1_3maGxJfaeehYyo0AaT68xASbzjQvi-Ng,/store/apps/details?id=com.todaytix.TodayTix&reviewId=Z3A6QU9xcFRPRU84d281YmV5aS1QT2hfcDhRRU05cW5wNUpJakdsUHA2MERFSGdKdkVoR0VzQTFfM21hR3hKZmFlZWhZeW8wQWFUNjh4QVNiempRdmktTmc,
11,https://lh3.googleusercontent.com/a-/AAuE7mBN4tDZ4SxrNl0bvga8lQZDENNhZKO6Sw-ha1Q7KA=w48-h48-p-rw, ,5,com.todaytix.TodayTix,"  SIMPLE, straightforward app great experience  ","December 30, 2018",gp:AOqpTOFm4p_EXGh-PUBnu3H6XOunS0Je3PhZjL68Jy9FIeeTskwrXsKo2XolCUh1BYf0kfLLNCluw3LToOny3Q,/store/apps/details?id=com.todaytix.TodayTix&reviewId=Z3A6QU9xcFRPRm00cF9FWEdoLVBVQm51M0g2WE91blMwSmUzUGhaakw2OEp5OUZJZWVUc2t3clhzS28yWG9sQ1VoMUJZZjBrZkxMTkNsdXczTFRvT255M1E,
12,https://lh3.googleusercontent.com/a-/AAuE7mAy1HuZEFw-vsyoeXxbEas_xb5zFwgpplmWTN5VgMY=w48-h48-p-rw, Paul DeSantis ,5,com.todaytix.TodayTix,  Consistently provides great tickets for great prices.  ,"December 28, 2018",gp:AOqpTOECms_aOlWgW3vMmhRZkchaelsfn84RDFUhIPqXfu5DB4h1TI-NdGaMDk9g8mAEzg5Li-ybb95PGE-UkQ,/store/apps/details?id=com.todaytix.TodayTix&reviewId=Z3A6QU9xcFRPRUNtc19hT2xXZ1czdk1taFJaa2NoYWVsc2ZuODRSREZVaElQcVhmdTVEQjRoMVRJLU5kR2FNRGs5ZzhtQUV6ZzVMaS15YmI5NVBHRS1Va1E,
13,https://lh5.googleusercontent.com/-erlnTdAtnD8/AAAAAAAAAAI/AAAAAAAAAAA/rAoCoAen7R4/w48-h48-p-rw/photo.jpg, ,5,com.todaytix.TodayTix,  just great for affordable theatre accessibility  ,"January 10, 2019",gp:AOqpTOFt2QkMzCC9-SAsv8xobtlesCUOlPtEZ1xqAcmLaOYKJ0DsLi9uVVyritDjAcmOfMa5kFhDhsqB-MBuww,/store/apps/details?id=com.todaytix.TodayTix&reviewId=Z3A6QU9xcFRPRnQyUWtNekNDOS1TQXN2OHhvYnRsZXNDVU9sUHRFWjF4cUFjbUxhT1lLSjBEc0xpOXVWVnlyaXREakFjbU9mTWE1a0ZoRGhzcUItTUJ1d3c,
14,https://lh6.googleusercontent.com/-fSQXU2Sjft0/AAAAAAAAAAI/AAAAAAAAAAA/2Rch2sVpWW0/w48-h48-p-rw/photo.jpg, ,5,com.todaytix.TodayTix,  good prices. easy service. love!  ,"January 5, 2019",gp:AOqpTOH-oqX0YFO9wuFIcODgLHnMs6Vh9EYe4nG2HCXd2WRnWiE9Txl7Ugev2Hsv9SFZvwMNHum_WmWtlQI8Mw,/store/apps/details?id=com.todaytix.TodayTix&reviewId=Z3A6QU9xcFRPSC1vcVgwWUZPOXd1RkljT0RnTEhuTXM2Vmg5RVllNG5HMkhDWGQyV1JuV2lFOVR4bDdVZ2V2MkhzdjlTRlp2d01OSHVtX1dtV3RsUUk4TXc,
15,https://lh6.googleusercontent.com/-1skJ832mn2U/AAAAAAAAAAI/AAAAAAAAAAA/ACHi3rfeHFOAi8WX2ouIudpWwdFIei8hSQ/w48-h48-p-rw/photo.jpg, Jonathan Hooker ,5,com.todaytix.TodayTix,  A great service for New Yorkers  ,"January 3, 2019",gp:AOqpTOH1fdNDHaCuzvrDvSahatpgIhYMtsFlyfEJYxdIok08Y2E14PxkfULCCFLjSemK732AKGl8vpPP8wxvlA,/store/apps/details?id=com.todaytix.TodayTix&reviewId=Z3A6QU9xcFRPSDFmZE5ESGFDdXp2ckR2U2FoYXRwZ0loWU10c0ZseWZFSll4ZElvazA4WTJFMTRQeGtmVUxDQ0ZMalNlbUs3MzJBS0dsOHZwUFA4d3h2bEE,
16,https://lh4.googleusercontent.com/-oMfY2IBd6UE/AAAAAAAAAAI/AAAAAAAAAAA/ACHi3rdf4L-wqTgXeErHeBDL-u3J-eyYqA/w48-h48-p-rw/photo.jpg, Elizabeth Lichter ,5,com.todaytix.TodayTix,  easy to buy discounted tix with this app  ,"February 5, 2019",gp:AOqpTOH9XpHxLnA4x1DVb0iq_j7GEnE_q6hYRg_fIM6cs7uP-Hdsc8TgP5ml9HgszL9HuaAx2XM29TPl_6UgtQ,/store/apps/details?id=com.todaytix.TodayTix&reviewId=Z3A6QU9xcFRPSDlYcEh4TG5BNHgxRFZiMGlxX2o3R0VuRV9xNmhZUmdfZklNNmNzN3VQLUhkc2M4VGdQNW1sOUhnc3pMOUh1YUF4MlhNMjlUUGxfNlVndFE,
17,https://lh6.googleusercontent.com/-8GCrgIpjqJI/AAAAAAAAAAI/AAAAAAAAAAA/ACHi3rdgx45QIBMmbgoBx0axdl_rS39-Fg/w48-h48-p-rw/photo.jpg, John Hayward ,5,com.todaytix.TodayTix,  Great price and easy to use app  ,"December 20, 2018",gp:AOqpTOEH6MJelQiIMloK0VOqyQ_D4a8pqrbfrcSdqVizhib8WlvR5GGbMB8jmQkIAzKH-xxRRWkiC51jaVEauw,/store/apps/details?id=com.todaytix.TodayTix&reviewId=Z3A6QU9xcFRPRUg2TUplbFFpSU1sb0swVk9xeVFfRDRhOHBxcmJmcmNTZHFWaXpoaWI4V2x2UjVHR2JNQjhqbVFrSUF6S0gteHhSUldraUM1MWphVkVhdXc,
18,https://lh3.googleusercontent.com/a-/AAuE7mD6unCYZfr4yYLVcrE-f1eJYcWxl2ivvMa256nb=w48-h48-p-rw, Kasia Uscinska ,5,com.todaytix.TodayTix,  Good seats and prices available.  ,"January 11, 2019",gp:AOqpTOEqLbvnu3ViD_HbWwceCNrCHHUMeNMMbBLoQfO0RNFEHC47C1KnT63u93hFgqyizGSFHZvhkdfApc7BVg,/store/apps/details?id=com.todaytix.TodayTix&reviewId=Z3A6QU9xcFRPRXFMYnZudTNWaURfSGJXd2NlQ05yQ0hIVU1lTk1NYkJMb1FmTzBSTkZFSEM0N0MxS25UNjN1OTNoRmdxeWl6R1NGSFp2aGtkZkFwYzdCVmc,
19,https://lh4.googleusercontent.com/-toG7pzjvwoc/AAAAAAAAAAI/AAAAAAAAAAA/ACHi3rfF-evT1wR75e22hPYhOymo83H_JQ/w48-h48-p-rw/photo.jpg, Emily Feiner ,5,com.todaytix.TodayTix,"  Easy to use, prices are fair  ","January 6, 2019",gp:AOqpTOGoVz2NAQANoC4uJVjq_U0ChJPowPpj3aOuNb7aIjJTRZMWFcPNrzFgRBLM-mwQFOGikkCIVJnxD0tnTg,/store/apps/details?id=com.todaytix.TodayTix&reviewId=Z3A6QU9xcFRPR29WejJOQVFBTm9DNHVKVmpxX1UwQ2hKUG93UHBqM2FPdU5iN2FJakpUUlpNV0ZjUE5yekZnUkJMTS1td1FGT0dpa2tDSVZKbnhEMHRuVGc,
20,https://lh3.googleusercontent.com/-jr5EPxUt96Y/AAAAAAAAAAI/AAAAAAAAAAA/ACHi3reVqMS4vluSZJ2R6ijQDDKk4ovpZA/w48-h48-p-rw/photo.jpg, Tom Van Haelen ,5,com.todaytix.TodayTix,  Best app ever ♥️  ,"January 9, 2019",gp:AOqpTOEoCQEW2wct0Lseeoa5fwKH9NUCRUpGyCBCJEPx7oFCTlPhi5QZ3kQk3Q7md7HZ_-M3OWiToAQg_4U6Cg,/store/apps/details?id=com.todaytix.TodayTix&reviewId=Z3A6QU9xcFRPRW9DUUVXMndjdDBMc2Vlb2E1ZndLSDlOVUNSVXBHeUNCQ0pFUHg3b0ZDVGxQaGk1UVoza1FrM1E3bWQ3SFpfLU0zT1dpVG9BUWdfNFU2Q2c,
21,https://lh6.googleusercontent.com/-XM-Qbp34b98/AAAAAAAAAAI/AAAAAAAAAAA/94ClUfDPG5Q/w48-h48-p-rw/photo.jpg, ,5,com.todaytix.TodayTix,  Great show.1st class performances.  ,"January 5, 2019",gp:AOqpTOGKJfbm1EfzGIQB7RPMLPfdGuqpcm0u7wCZhz90GonnSLORqXJMG_eubxRki7giV8q25Abpt70PMNM6BA,/store/apps/details?id=com.todaytix.TodayTix&reviewId=Z3A6QU9xcFRPR0tKZmJtMUVmekdJUUI3UlBNTFBmZEd1cXBjbTB1N3dDWmh6OTBHb25uU0xPUnFYSk1HX2V1YnhSa2k3Z2lWOHEyNUFicHQ3MFBNTk02QkE,
22,https://lh3.googleusercontent.com/a-/AAuE7mC1mcwJX-s-JrUQ6qSAEtiVgkU0_P8kDoAWCALqkg=w48-h48-p-rw, Jeanine Sullivan ,5,com.todaytix.TodayTix,  great option for Broadway tickets  ,"December 23, 2018",gp:AOqpTOHWagU6rk99ke8lwfC5wN91w4TbmNzs-8XF0OtbyAtdZQTHSEzS4QL0KuNokZYX9qIC7o6Fnio2UBW1Jw,/store/apps/details?id=com.todaytix.TodayTix&reviewId=Z3A6QU9xcFRPSFdhZ1U2cms5OWtlOGx3ZkM1d045MXc0VGJtTnpzLThYRjBPdGJ5QXRkWlFUSFNFelM0UUwwS3VOb2taWVg5cUlDN282Rm5pbzJVQlcxSnc,
23,https://lh3.googleusercontent.com/a-/AAuE7mBs1kDsbvcsybVTyWBWFmJKMAoezr2QaT1AJE2w=w48-h48-p-rw, Rita McDermott ,5,com.todaytix.TodayTix,  Great value 5 star  ,"January 2, 2019",gp:AOqpTOGordA2l0RzNsIn3tVG_eVx0bch58ztqMVWaE8RE32D0RknpO7g1IN2u4EEktVITYuPHL4bfT9eFcDH6w,/store/apps/details?id=com.todaytix.TodayTix&reviewId=Z3A6QU9xcFRPR29yZEEybDBSek5zSW4zdFZHX2VWeDBiY2g1OHp0cU1WV2FFOFJFMzJEMFJrbnBPN2cxSU4ydTRFRWt0VklUWXVQSEw0YmZUOWVGY0RINnc,
24,https://lh5.googleusercontent.com/-qIK5p1OoGu0/AAAAAAAAAAI/AAAAAAAAAAA/ACHi3rcWEhEVSBTmDhLh32RWgjafuaGX_A/w48-h48-p-rw/photo.jpg, Andre Johnson ,5,com.todaytix.TodayTix,  Great prices and great staff  ,"December 27, 2018",gp:AOqpTOHYawDlyyG59XYhUJ5sRTmccVu8PZscIdVYiMsOTY1XrSKhzUArCb8vbrQToohdBDJexs_rVDDb06VEQw,/store/apps/details?id=com.todaytix.TodayTix&reviewId=Z3A6QU9xcFRPSFlhd0RseXlHNTlYWWhVSjVzUlRtY2NWdThQWnNjSWRWWWlNc09UWTFYclNLaHpVQXJDYjh2YnJRVG9vaGRCREpleHNfclZERGIwNlZFUXc,
25,https://lh3.googleusercontent.com/a-/AAuE7mCDg6kRfSq_sGFzHTMVjMWhOlJdCiGeZOgJJ1KXFyM=w48-h48-p-rw, Jakob De Vreese ,4,com.todaytix.TodayTix,  Perfect for browsing and buying tickets  ,"January 3, 2019",gp:AOqpTOE-CF_nO5kfgvsFflJd12mYoMO8h0GKx2O3oqoCT-fb7thFYNhHu3CgCmdEBiKgsRq7gOfSN5k6OmvQzw,/store/apps/details?id=com.todaytix.TodayTix&reviewId=Z3A6QU9xcFRPRS1DRl9uTzVrZmd2c0ZmbEpkMTJtWW9NTzhoMEdLeDJPM29xb0NULWZiN3RoRllOaEh1M0NnQ21kRUJpS2dzUnE3Z09mU041azZPbXZRenc,
26,https://lh4.googleusercontent.com/-s5ZjrImyrF4/AAAAAAAAAAI/AAAAAAAAAAA/ACHi3rc-3-KVej027jvu2VS8lVVSiZfekA/w48-h48-p-rw/photo.jpg, Loreen Williams ,5,com.todaytix.TodayTix,  what a great App... affordable tickers  ,"December 27, 2018",gp:AOqpTOEycUHgezhjWgYxRcqB6S7HgCGABAQnHLWZgCk0-u6XzxqypR2szeP9WLmlE9UFGIu-dpLAJ6GWdKEzUQ,/store/apps/details?id=com.todaytix.TodayTix&reviewId=Z3A6QU9xcFRPRXljVUhnZXpoaldnWXhSY3FCNlM3SGdDR0FCQVFuSExXWmdDazAtdTZYenhxeXBSMnN6ZVA5V0xtbEU5VUZHSXUtZHBMQUo2R1dkS0V6VVE,
27,https://lh3.googleusercontent.com/a-/AAuE7mCU9sGUyc4aSfUCbhkTQ33IBFmiqVIPzdgyUZs2=w48-h48-p-rw, Marlena M ,5,com.todaytix.TodayTix,  Loved the whole experience.  ,"January 7, 2019",gp:AOqpTOGJiWbPjAysGJMyHGTR-MSlP6wXvYgnYs57juTQXo-f64hk95ubWzvh_f_IVtmKoQ27EUXeDTnS2yiFaw,/store/apps/details?id=com.todaytix.TodayTix&reviewId=Z3A6QU9xcFRPR0ppV2JQakF5c0dKTXlIR1RSLU1TbFA2d1h2WWduWXM1N2p1VFFYby1mNjRoazk1dWJXenZoX2ZfSVZ0bUtvUTI3RVVYZURUblMyeWlGYXc,
28,https://lh4.googleusercontent.com/-9LN5v9gppJs/AAAAAAAAAAI/AAAAAAAAAAA/ACHi3rcjm92oh9G-4TgYrDf2FRMHsjoJKQ/w48-h48-p-rw/photo.jpg, L C ,5,com.todaytix.TodayTix,"  Fast, easy, and on time!  ","December 28, 2018",gp:AOqpTOGtJoJOPXLbXpP8T1EwisTkqKvTJmFqodaUZCmDCSNgScSn8X29E3v_MFcK-K_-kaiGUq3Uf-IvW6p2LA,/store/apps/details?id=com.todaytix.TodayTix&reviewId=Z3A6QU9xcFRPR3RKb0pPUFhMYlhwUDhUMUV3aXNUa3FLdlRKbUZxb2RhVVpDbURDU05nU2NTbjhYMjlFM3ZfTUZjSy1LXy1rYWlHVXEzVWYtSXZXNnAyTEE,
29,https://lh5.googleusercontent.com/-GsbVirISRJA/AAAAAAAAAAI/AAAAAAAAAAA/bi5UQkrIQNQ/w48-h48-p-rw/photo.jpg, ,5,com.todaytix.TodayTix,  simply easy & no hassle  ,"December 22, 2018",gp:AOqpTOF9Kpe6jj7C2I7UAgkUCcgA-Zzc3IeTFha8gn4m_HGBwWzmuEuMsVJ1k4xQufJZ3ApeecBpWMT-REgLZw,/store/apps/details?id=com.todaytix.TodayTix&reviewId=Z3A6QU9xcFRPRjlLcGU2amo3QzJJN1VBZ2tVQ2NnQS1aemMzSWVURmhhOGduNG1fSEdCd1d6bXVFdU1zVkoxazR4UXVmSlozQXBlZWNCcFdNVC1SRWdMWnc,
30,https://lh3.googleusercontent.com/a-/AAuE7mDRj2t4mHmumlFjRCFca0ownn7sOZfk4j7THNqe5Q=w48-h48-p-rw, Jake knight Casillas ,5,com.todaytix.TodayTix,  great and fast app.  ,"December 27, 2018",gp:AOqpTOHWMHl7Ip-ByFpioTTVvNZpYFvLBRcjlGAIwsdzVbVgpNLMdVaj5FQTWLPGGi0t-41KD8-SZp9Nqh33Dw,/store/apps/details?id=com.todaytix.TodayTix&reviewId=Z3A6QU9xcFRPSFdNSGw3SXAtQnlGcGlvVFRWdk5acFlGdkxCUmNqbEdBSXdzZHpWYlZncE5MTWRWYWo1RlFUV0xQR0dpMHQtNDFLRDgtU1pwOU5xaDMzRHc,
31,https://lh3.googleusercontent.com/a-/AAuE7mCPGWpQDQGS-WT33__TtsDAlQOIxj6p0KUqSz0n=w48-h48-p-rw, ,5,com.todaytix.TodayTix,  so good!  ,"January 7, 2019",gp:AOqpTOGWM6BJUoUwrukrp6_g_biHiMBFr5a5_4WFkR6hjutoz87FmwFdwTBNwv5ib9sV3Yznb--_aJ9sSBNKSg,/store/apps/details?id=com.todaytix.TodayTix&reviewId=Z3A6QU9xcFRPR1dNNkJKVW9Vd3J1a3JwNl9nX2JpSGlNQkZyNWE1XzRXRmtSNmhqdXRvejg3Rm13RmR3VEJOd3Y1aWI5c1YzWXpuYi0tX2FKOXNTQk5LU2c,
32,https://lh3.googleusercontent.com/a-/AAuE7mApZVttgEVbQzZhgS-JjlMdL-tSt66V2mzBntICNw=w48-h48-p-rw, Courtney Wheatley ,5,com.todaytix.TodayTix,  brilliant concept!  ,"December 21, 2018",gp:AOqpTOELvlCkdRNAOC41HGQAC5nJpAwSfzmGOc4CnErz4HTfrjXxm63INf-w-wUxE-PNa2QJtmIaE1wQ7ZMhpA,/store/apps/details?id=com.todaytix.TodayTix&reviewId=Z3A6QU9xcFRPRUx2bENrZFJOQU9DNDFIR1FBQzVuSnBBd1Nmem1HT2M0Q25Fcno0SFRmcmpYeG02M0lOZi13LXdVeEUtUE5hMlFKdG1JYUUxd1E3Wk1ocEE,
33,https://lh3.googleusercontent.com/a-/AAuE7mAVaXn7gtOeg_a9Va9ij7A7qV0nD035YC_C4nq1=w48-h48-p-rw, Gaspar Marino ,4,com.todaytix.TodayTix,  Excellent seats and service  ,"February 18, 2019",gp:AOqpTOEnEh3y_aT-sLlVecWhcEbdVKk4J19IveOG4xshZhnBsEXF4BrrN6Q8-o7W78oI-ncon46Q46PCajny6g,/store/apps/details?id=com.todaytix.TodayTix&reviewId=Z3A6QU9xcFRPRW5FaDN5X2FULXNMbFZlY1doY0ViZFZLazRKMTlJdmVPRzR4c2haaG5Cc0VYRjRCcnJONlE4LW83Vzc4b0ktbmNvbjQ2UTQ2UENham55Nmc,
34,https://lh3.googleusercontent.com/-uxejtO1qDk4/AAAAAAAAAAI/AAAAAAAAAAA/ACHi3reJTx0FwWJlN7xlyvCbM6I2PjazHg/w48-h48-p-rw/photo.jpg, Martin Hardy ,5,com.todaytix.TodayTix,  Absolutely brilliant.  ,"January 8, 2019",gp:AOqpTOHZpuIicZ9a75fCYCuy0KurNrOinK509R84T3jMatwwRXHUBdT3lmjaVpbz4W-JtNRaL1Hyw0PMyQUHZw,/store/apps/details?id=com.todaytix.TodayTix&reviewId=Z3A6QU9xcFRPSFpwdUlpY1o5YTc1ZkNZQ3V5MEt1ck5yT2luSzUwOVI4NFQzak1hdHd3UlhIVUJkVDNsbWphVnBiejRXLUp0TlJhTDFIeXcwUE15UVVIWnc,
35,https://lh3.googleusercontent.com/a-/AAuE7mAW04OTfR6ypLy2qKcJJFMM8USJSWfSaRsyoosmuw=w48-h48-p-rw, Dina Yates ,5,com.todaytix.TodayTix,  Love it!  ,"January 8, 2019",gp:AOqpTOEBIgD1mJ4DAbcSm0qS87M0zgbNv1z0e-ZtO5xjYzyHCyaiHDA_ZSO4CFMOBgt2TdhARlTrXyxztwsMAg,/store/apps/details?id=com.todaytix.TodayTix&reviewId=Z3A6QU9xcFRPRUJJZ0QxbUo0REFiY1NtMHFTODdNMHpnYk52MXowZS1adE81eGpZenlIQ3lhaUhEQV9aU080Q0ZNT0JndDJUZGhBUmxUclh5eHp0d3NNQWc,
36,https://lh4.googleusercontent.com/-uzEXmpZB7hM/AAAAAAAAAAI/AAAAAAAAAAA/ACHi3rc3wgrFOWoDPGiFF6-X3AhxyT_CgA/w48-h48-p-rw/photo.jpg, Mark Abbott ,5,com.todaytix.TodayTix,  great deals  ,"January 2, 2019",gp:AOqpTOFUR_S19wCEToWHn_DjqyjbS7tqs7nFUZnWJqXvPy3YHRLOrvzIjpJcNPX6kJoUfX0jDoziAVtAhdKtHw,/store/apps/details?id=com.todaytix.TodayTix&reviewId=Z3A6QU9xcFRPRlVSX1MxOXdDRVRvV0huX0RqcXlqYlM3dHFzN25GVVpuV0pxWHZQeTNZSFJMT3J2eklqcEpjTlBYNmtKb1VmWDBqRG96aUFWdEFoZEt0SHc,
37,https://lh3.googleusercontent.com/a-/AAuE7mBnjPWWT7zlrez-sjE4F7p1BKDDq64MwyCHj2VWkQ=w48-h48-p-rw, Hunter Diaz ,5,com.todaytix.TodayTix,  its good  ,"January 2, 2019",gp:AOqpTOGdOZu0gNcNv85uBat5IsscVZYC3fKyzlQ5zFrqMwZLndGTMbMpXvgL1kxwaGZARsI-kRKaxQ7nb6S4Lg,/store/apps/details?id=com.todaytix.TodayTix&reviewId=Z3A6QU9xcFRPR2RPWnUwZ05jTnY4NXVCYXQ1SXNzY1ZaWUMzZkt5emxRNXpGcnFNd1pMbmRHVE1iTXBYdmdMMWt4d2FHWkFSc0kta1JLYXhRN25iNlM0TGc,
38,https://lh3.googleusercontent.com/a-/AAuE7mDvJeHt9xI6dKeoV_sUDkb_F4UD5W5HnnCORAgR=w48-h48-p-rw, Jana Parmova ,5,com.todaytix.TodayTix,  amazing app  ,"December 23, 2018",gp:AOqpTOE1tnUBOgA5fBixx8eeOF3ApWz7LPXDQejguj01UUYcSOApsTMhVusLtWar33-O1ERInfYVecMcvQRXtA,/store/apps/details?id=com.todaytix.TodayTix&reviewId=Z3A6QU9xcFRPRTF0blVCT2dBNWZCaXh4OGVlT0YzQXBXejdMUFhEUWVqZ3VqMDFVVVljU09BcHNUTWhWdXNMdFdhcjMzLU8xRVJJbmZZVmVjTWN2UVJYdEE,
39,https://lh6.googleusercontent.com/-Nu6wR9bwq-A/AAAAAAAAAAI/AAAAAAAAAAA/GkbwTuf3zAs/w48-h48-p-rw/photo.jpg, ,5,com.todaytix.TodayTix,  Easy to use  ,"January 7, 2019",gp:AOqpTOHij_FQZNOqmlynz31YhHIbTDyjEph8rhOmIC8y9A6yyZj-xH2DsxNJ9XAtNHpd9hUOIDwR2nWnKxYvwg,/store/apps/details?id=com.todaytix.TodayTix&reviewId=Z3A6QU9xcFRPSGlqX0ZRWk5PcW1seW56MzFZaEhJYlREeWpFcGg4cmhPbUlDOHk5QTZ5eVpqLXhIMkRzeE5KOVhBdE5IcGQ5aFVPSUR3UjJuV25LeFl2d2c,
40,https://lh6.googleusercontent.com/-V8oVRF5Hu3o/AAAAAAAAAAI/AAAAAAAAAAA/ACHi3reRGE93tr46FNJcpO2L-xbKXA5_5A/w48-h48-p-rw/photo.jpg, Stephen Williams ,1,com.seatgeek.android,"  Gave this app a try order tickets to the Charlotte Hornets game SeatGeek only sent to me 1 tickets out of my 3, between trying to call them and get this fixed. I miss half of my first NBA game I'm glad I wasn't a big NBA fan. I will never use this app again because, if I really want to be at the game. I'll be highly upset if I missed half the game trying to get things worked out.  ","February 26, 2018",gp:AOqpTOFEYmwQSS0ion-nW6Tb43EZ0XeM32nZ_gwBQDK5tZoItGMWxquIr7rpGC_2fW-9DZXVaSFCxGLo-wou6rc,/store/apps/details?id=com.seatgeek.android&reviewId=Z3A6QU9xcFRPRkVZbXdRU1MwaW9uLW5XNlRiNDNFWjBYZU0zMm5aX2d3QlFESzV0Wm9JdEdNV3hxdUlyN3JwR0NfMmZXLTlEWlhWYVNGQ3hHTG8td291NnJj,
41,https://lh3.googleusercontent.com/a-/AAuE7mDeSgTCYoYGphBSNiIU5y8J1Oryi30Z039PL21vUw=w48-h48-p-rw, Kale Hunter ,1,com.seatgeek.android,  Tickets were more expensive with seat geek than what general admission was through ticket master...saved 15 bucks per ticket by using ticket manster...uninstalling and will never bother with this cash grab again...  ,"February 26, 2018",gp:AOqpTOFisVlVUsV6SZc6xqdI2IthDHu6nszmtPv-o410Oy-kJ7v7DwQ71RH5DjBlND5rU1SHA-Zmp3QLo_Cdy6I,/store/apps/details?id=com.seatgeek.android&reviewId=Z3A6QU9xcFRPRmlzVmxWVXNWNlNaYzZ4cWRJMkl0aERIdTZuc3ptdFB2LW80MTBPeS1rSjd2N0R3UTcxUkg1RGpCbE5ENXJVMVNIQS1abXAzUUxvX0NkeTZJ,
42,https://lh3.googleusercontent.com/a-/AAuE7mDbSwyllgOSdu7CFYcnTEVrVIWT77_bSOM-DGwcdw=w48-h48-p-rw, Jayson Neville ,5,com.seatgeek.android,  I love this app so much is a big time saver if I didn't have seat geek I wouldn't be able to go see the NBA games I want to go watch  ,"February 23, 2018",gp:AOqpTOHNiQZa8Y3ILurtVmiYu9E_mdXuPBloCxoLEHzQ344cHL7V74ip15t3_5T2iZFG9mBim_X_WW1bI5f9fN4,/store/apps/details?id=com.seatgeek.android&reviewId=Z3A6QU9xcFRPSE5pUVphOFkzSUx1cnRWbWlZdTlFX21kWHVQQmxvQ3hvTEVIelEzNDRjSEw3Vjc0aXAxNXQzXzVUMmlaRkc5bUJpbV9YX1dXMWJJNWY5Zk40,
43,https://lh5.googleusercontent.com/-H2To6Xhjs-c/AAAAAAAAAAI/AAAAAAAAAAA/ACHi3rfXtUH-qgvTH_n6PtWjhrVDa9rKnA/w48-h48-p-rw/photo.jpg, Crystal Burton ,5,com.seatgeek.android,"  Think it's good because how many promo codes there are like Desstroying,Pizza,josh,and MMG.  ","February 21, 2018",gp:AOqpTOFs94wEaETTKYpRXBGbVFWRSwXoP5MnXwk9KCOCAxxT_EZDVqL1gAE5ffSJ2ZtWY3yP53Dimq2lXMkcJUs,/store/apps/details?id=com.seatgeek.android&reviewId=Z3A6QU9xcFRPRnM5NHdFYUVUVEtZcFJYQkdiVkZXUlN3WG9QNU1uWHdrOUtDT0NBeHhUX0VaRFZxTDFnQUU1ZmZTSjJadFdZM3lQNTNEaW1xMmxYTWtjSlVz,
44,https://lh3.googleusercontent.com/a-/AAuE7mADg7NO8PcbagdWnJ-FWmLNW1228KwouSzUGTQFMw=w48-h48-p-rw, Super Boy14 ,5,com.seatgeek.android,"  Awesome app, hooks u up with a lot tells u the rating of seat, price, and let's u see ur view from seat!😎☺🤗🤔🤓🤑🖒👏👐  ","February 26, 2018",gp:AOqpTOE4sof2TthSHyX4gL5WBq6rskbYumheIuBKR9f6jjLTOjnNscFYi7b10S6MUBh32jOFoviTH4WHwotKh4w,/store/apps/details?id=com.seatgeek.android&reviewId=Z3A6QU9xcFRPRTRzb2YyVHRoU0h5WDRnTDVXQnE2cnNrYll1bWhlSXVCS1I5ZjZqakxUT2puTnNjRllpN2IxMFM2TVVCaDMyak9Gb3ZpVEg0V0h3b3RLaDR3,
45,https://lh3.googleusercontent.com/a-/AAuE7mDG2iBiG4HWlqy7b-sjZ96bEmk8ybdfVsAvJx5e-w=w48-h48-p-rw, Knack ,1,com.seatgeek.android,  Tried to buy tickets to a local event and this app is charging $30 compared to a website only charging 10 bucks  ,"February 25, 2018",gp:AOqpTOFPTujV--3otNZjrYnc9iFeavbqPLsHLrrH2dWJB851Ij_Ul7i_FVlVxc1Xk0xurSBZVeHru6owp6jvtzM,/store/apps/details?id=com.seatgeek.android&reviewId=Z3A6QU9xcFRPRlBUdWpWLS0zb3ROWmpyWW5jOWlGZWF2YnFQTHNITHJySDJkV0pCODUxSWpfVWw3aV9GVmxWeGMxWGsweHVyU0JaVmVIcnU2b3dwNmp2dHpN,
46,https://lh3.googleusercontent.com/a-/AAuE7mBbe16ReWZA0Whq9DfIzRsgcvIde1Vs2Bx9x8hy=w48-h48-p-rw, lil sniper ,4,com.seatgeek.android,  When I look up 6ix9ine it only shows me six of the shows then when I go to rap to see I can't  find him and suppose to be coming to Toronto other really  ,"February 16, 2018",gp:AOqpTOFXI91Tbqu5AVQOkKXVVoca7b0oEquJYjEVTszgtWVKc86Z9RTDuivkD5Yaob_YMbQIBpdJBEmOI9T8NFg,/store/apps/details?id=com.seatgeek.android&reviewId=Z3A6QU9xcFRPRlhJOTFUYnF1NUFWUU9rS1hWVm9jYTdiMG9FcXVKWWpFVlRzemd0V1ZLYzg2WjlSVER1aXZrRDVZYW9iX1lNYlFJQnBkSkJFbU9JOVQ4TkZn,
47,https://lh3.googleusercontent.com/a-/AAuE7mD2kvRmh1KNIQBQMWwE7IrUS9HfgnsYakeDHc0j=w48-h48-p-rw, Quinlan Gach ,1,com.seatgeek.android,  $70 CDN on fees? Forget about it.. terrible  ,"August 22, 2018",gp:AOqpTOEFBms2BGxYzn0RZw0QFEpK-hhvS341NqpMNPicX2grybyzSiAsE-9GHSGL3bO-uUtZdwHZhKDYr_i2OzU,/store/apps/details?id=com.seatgeek.android&reviewId=Z3A6QU9xcFRPRUZCbXMyQkd4WXpuMFJadzBRRkVwSy1oaHZTMzQxTnFwTU5QaWNYMmdyeWJ5elNpQXNFLTlHSFNHTDNiTy11VXRaZHdIWmhLRFlyX2kyT3pV,
48,https://lh4.googleusercontent.com/-8ex32AsXOlI/AAAAAAAAAAI/AAAAAAAAAAA/sigddHUZhac/w48-h48-p-rw/photo.jpg, ,1,com.seatgeek.android,  Awful. Endless advertising.  ,"February 20, 2018",gp:AOqpTOHf2_kN6qzq5BSg2zGoV15CoE2WmzbxPq7Co0xfRhZz-Lze1Pmq8jWYnt_pMqyJuhjHlB7jaAh3DkfQb9s,/store/apps/details?id=com.seatgeek.android&reviewId=Z3A6QU9xcFRPSGYyX2tONnF6cTVCU2cyekdvVjE1Q29FMldtemJ4UHE3Q28weGZSaFp6LUx6ZTFQbXE4aldZbnRfcE1xeUp1aGpIbEI3amFBaDNEa2ZRYjlz,
49,https://lh3.googleusercontent.com/a-/AAuE7mAWOMXrdd4gOPjUKRC4wVDmmv5glUkQxkIZp-JP6Q=w48-h48-p-rw, Max Davidow ,2,com.seatgeek.android,  How do I unsubscribe from notifications?  ,"February 19, 2018",gp:AOqpTOFVP59Qfek0F5ncCfL9ipVw0if22eOmxOLxS35gff3OqQVHFMgxep53HRs6yTf15WfjcULx-6olIHL6H3s,/store/apps/details?id=com.seatgeek.android&reviewId=Z3A6QU9xcFRPRlZQNTlRZmVrMEY1bmNDZkw5aXBWdzBpZjIyZU9teE9MeFMzNWdmZjNPcVFWSEZNZ3hlcDUzSFJzNnlUZjE1V2ZqY1VMeC02b2xJSEw2SDNz,
50,https://lh5.googleusercontent.com/-VtqLVo7kdvI/AAAAAAAAAAI/AAAAAAAAAAA/00duLrT2Iog/w48-h48-p-rw/photo.jpg, ,5,com.seatgeek.android,  This app is awesome  ,"February 20, 2018",gp:AOqpTOHthZgGg5nrnEOzDnpMLHKx-KCgVMwLfxXxk4JtjocX-tJLjaaljJbcJDeQ9dAsjcTS6fBcb4VN3mVa4ds,/store/apps/details?id=com.seatgeek.android&reviewId=Z3A6QU9xcFRPSHRoWmdHZzVucm5FT3pEbnBNTEhLeC1LQ2dWTXdMZnhYeGs0SnRqb2NYLXRKTGphYWxqSmJjSkRlUTlkQXNqY1RTNmZCY2I0Vk4zbVZhNGRz,
51,https://lh3.googleusercontent.com/a-/AAuE7mAeF6Fsg4gR8SN27ivB_sOBdvw-xgrBX6AnJYbuYw=w48-h48-p-rw, ,1,com.seatgeek.android,"  So shame on seat geek. They are allowing the sales of Jack Johnson & friends tickets for the March 18, 2018 show at Santa Barbara County Bowl at well above the tickets value for a BENEFIT concert. The seats they have listed are a $70 value in the last row, yet they have the same seats listed at around $500 on this site.  Fine for corporate greed, but 100% of proceeds go to our community to help the VICTIMS from the  recent Thomas fire & mudslide. This means the community recieves  $70 for that seat, but ""greed seat"" will be gaining an over $400 profit. As locals we find this disgusting & will not ever use this site again. People died & you are profiting off of it. Again, shame on.  ","February 11, 2018",gp:AOqpTOGz9UyTfpPhk-Q8yqLCbhk73gd2XvFeSyeb_txyweeohdT4HBnN2NtvOfONP-jjg27vTBrZ_i6yY-DXAvo,/store/apps/details?id=com.seatgeek.android&reviewId=Z3A6QU9xcFRPR3o5VXlUZnBQaGstUTh5cUxDYmhrNzNnZDJYdkZlU3llYl90eHl3ZWVvaGRUNEhCbk4yTnR2T2ZPTlAtampnMjd2VEJyWl9pNnlZLURYQXZv,
52,https://lh3.googleusercontent.com/a-/AAuE7mAk8SnN9QyHm24C2Xn4f6QKJ6HNPCGyCc_s1N1UsQ=w48-h48-p-rw, ,1,com.seatgeek.android,  Was never able to log in only reason I tried was for my season tickets. Won't need to use them for anything else. Especially after all the horrible experience people have had  ,"February 13, 2018",gp:AOqpTOFT_Yh1kX5CFgVUMopaZvAsIYkB1lCK21T3rOA1SzxGiQLpUPFpbpZmhOq12FMBXVbzCQM0na8BqbUYwnI,/store/apps/details?id=com.seatgeek.android&reviewId=Z3A6QU9xcFRPRlRfWWgxa1g1Q0ZnVlVNb3BhWnZBc0lZa0IxbENLMjFUM3JPQTFTenhHaVFMcFVQRnBicFptaE9xMTJGTUJYVmJ6Q1FNMG5hOEJxYlVZd25J,
53,https://lh6.googleusercontent.com/-pMhcregaWjo/AAAAAAAAAAI/AAAAAAAAAAA/ACHi3rdfvt3P2mCDKDyScSu0ebPSJjwf8Q/w48-h48-p-rw/photo.jpg, L Dina ,1,com.seatgeek.android,"  In 15 min consulting the app, it froze 3 times, closed itself... I couldn't even search the location manually. Well, avoid!  ","February 5, 2018",gp:AOqpTOFse1T6XtwQXZtlIbeq4isLIW8-NX4kay-K9pBAIfPWGjaAW6agb-T9FwS5DjjZVYQ6zyrhi55zXt8CTRs,/store/apps/details?id=com.seatgeek.android&reviewId=Z3A6QU9xcFRPRnNlMVQ2WHR3UVhadGxJYmVxNGlzTElXOC1OWDRrYXktSzlwQkFJZlBXR2phQVc2YWdiLVQ5RndTNURqalpWWVE2enlyaGk1NXpYdDhDVFJz,
54,https://lh3.googleusercontent.com/a-/AAuE7mCW6xJTrilRI2rM373TvTYQ2ToDdc4lQb-7RPTeOA=w48-h48-p-rw, Tyler Merlino ,1,com.seatgeek.android,"  This app is terrible and the customer service is just as bad. I paid $700 for tickets and it took until 1 day before the show and 7 emails later, just to get my tickets. DO NOT USE  ","October 24, 2018",gp:AOqpTOGM_te3alI0uF9Aa0aSzoKvl7oc6JNpv9pfdKyHbiclQZl24jfuGplooRAJDwyKR0WiaytyaVlnLcRp14E,/store/apps/details?id=com.seatgeek.android&reviewId=Z3A6QU9xcFRPR01fdGUzYWxJMHVGOUFhMGFTem9Ldmw3b2M2Sk5wdjlwZmRLeUhiaWNsUVpsMjRqZnVHcGxvb1JBSkR3eUtSMFdpYXl0eWFWbG5MY1JwMTRF,
55,https://lh3.googleusercontent.com/-cuiEeroZJfU/AAAAAAAAAAI/AAAAAAAAAAA/ACHi3rdznWf1T105vXRMHjHgWAvxcCNs4g/w48-h48-p-rw/photo.jpg, Zeno Caballero ,1,com.seatgeek.android,"  Garbage customer service, had to call and remind them to send me my tickets the day before the game. Uninstalling.  ","February 16, 2018",gp:AOqpTOF_fzqf3AjCcbinCmIoRPMjzUk-M4C6f0c_3EUtalv7WbY0xDATJf9S1ofO9qQCr-V0zuR4pBGsuisyFiU,/store/apps/details?id=com.seatgeek.android&reviewId=Z3A6QU9xcFRPRl9menFmM0FqQ2NiaW5DbUlvUlBNanpVay1NNEM2ZjBjXzNFVXRhbHY3V2JZMHhEQVRKZjlTMW9mTzlxUUNyLVYwenVSNHBCR3N1aXN5RmlV,
56,https://lh3.googleusercontent.com/a-/AAuE7mA42ep7CVvNVxuVTMoalVeRwkQivQAIPkVP6eff2Q=w48-h48-p-rw, ,3,com.seatgeek.android,  Found cheaper through the venue and also doesn't have an option for accessible seats  ,"February 13, 2018",gp:AOqpTOF7phrgj4tWJD-Emd6haYZKwVQv0-QhCAN3QkusquoBJJvCxqNMcc0koEdjv9902m38tttHON0--kuBO5U,/store/apps/details?id=com.seatgeek.android&reviewId=Z3A6QU9xcFRPRjdwaHJnajR0V0pELUVtZDZoYVlaS3dWUXYwLVFoQ0FOM1FrdXNxdW9CSkp2Q3hxTk1jYzBrb0VkanY5OTAybTM4dHR0SE9OMC0ta3VCTzVV,
57,https://lh3.googleusercontent.com/a-/AAuE7mAuRfq05T5cmU8x4bdmPV93r2UnnqOJ_UoUxW8n8A=w48-h48-p-rw, Chris Letchford ,1,com.seatgeek.android,"  If the seats aren't available anymore, don't have them in the list of available seats.  ","February 6, 2018",gp:AOqpTOEnIjgctu0wUfRryUKU8svV716JRqtZDuDKhUvZL641qltOPADX5vFSWcYVRCsjqx3Cjvf1BviRlshPMeg,/store/apps/details?id=com.seatgeek.android&reviewId=Z3A6QU9xcFRPRW5JamdjdHUwd1VmUnJ5VUtVOHN2VjcxNkpScXRaRHVES2hVdlpMNjQxcWx0T1BBRFg1dkZTV2NZVlJDc2pxeDNDanZmMUJ2aVJsc2hQTWVn,
58,https://lh3.googleusercontent.com/a-/AAuE7mAUDZBRGoJT4RsRTvro2xv_2Finexzxhnkgb3wRhQ=w48-h48-p-rw, ,1,com.seatgeek.android,  Hate it  ,"February 5, 2018",gp:AOqpTOFx9RTrvENG3fSYc5MxeKQ7R8Aikcam4dWmBwN01vA4kXRxuY8W3kI7LJNON_ymSR0-eVCJoQCBoN1XTt0,/store/apps/details?id=com.seatgeek.android&reviewId=Z3A6QU9xcFRPRng5UlRydkVORzNmU1ljNU14ZUtRN1I4QWlrY2FtNGRXbUJ3TjAxdkE0a1hSeHVZOFcza0k3TEpOT05feW1TUjAtZVZDSm9RQ0JvTjFYVHQw,
59,https://lh5.googleusercontent.com/-gBvV1N_n9Yw/AAAAAAAAAAI/AAAAAAAAAAA/ACHi3rc9NjqqkT4OaEYw6637MTqNaKVg7g/w48-h48-p-rw/photo.jpg, Vincent Rubino ,1,com.seatgeek.android,  Just utterly abysmal. The ticket I bought wasn't electronic so I got a weird print out of a ticket with ink stripes on a piece of computer paper. Then when I contacted them that I lost the ticket they were like tough luck. If I had purchased from any other site.i would have gotten an electronic ticket and things would have been fine.  ,"January 25, 2018",gp:AOqpTOGZEwdCLWhxfCgAPGTGnfhtu7QZ3spa1OqUEFFjtnTYNEn_smmS7A10GBUB8EEyrBHVyNKNmnLoQSIrRPA,/store/apps/details?id=com.seatgeek.android&reviewId=Z3A6QU9xcFRPR1pFd2RDTFdoeGZDZ0FQR1RHbmZodHU3UVozc3BhMU9xVUVGRmp0blRZTkVuX3NtbVM3QTEwR0JVQjhFRXlyQkhWeU5LTm1uTG9RU0lyUlBB,
60,https://lh3.googleusercontent.com/a-/AAuE7mAPC0KpagyPh12yt7GGGB0s1hDSqqG9FA06L5C8=w48-h48-p-rw, Sydney Beltz ,2,com.seatgeek.android,"  Really disappointed with this app. Bought 2 tickets to an event with a promo code. One ticket was applicable, but the other was not because it was from a different seller? For the same GA show? Whatever, sure. Anyways, two days before the concert we get an email saying that our ticket (the one with the promo applied) had to be cancelled because the ticket I had bought didn't exist. I don't know if they oversold them  or were selling fraudulent tickets, but either way apparently it's gone. I'm currently left with one ticket to a sold out show the day of the concert, despite the fact that I bought these tickets weeks ago. Im trying to sell it but I can't because I was ""randomly selected for bank verification"" and need to send in a picture of a government issued ID. At this point I'm getting major red flags because there is no way I'm sending a pic of my ID to an app that also has my bank account information. I called the customer service line, which is the only reason this review has 2 stars instead of one. The guy I spoke to was sympathetic and professional. He ended up just suggesting that I try to sell the ticket through StubHub, which is what I'm currently trying to do. A fun evening has turned into a waste of time and money. Thanks, SeatGeek.  ","January 27, 2018",gp:AOqpTOEZZv3cyGQPwtIYN-uns6IIg3ITfo7z5UAS4ouMi2bkYslcPynSfUlq14GEjHPBwkkeUN5xjEsHmitdDCk,/store/apps/details?id=com.seatgeek.android&reviewId=Z3A6QU9xcFRPRVpadjNjeUdRUHd0SVlOLXVuczZJSWczSVRmbzd6NVVBUzRvdU1pMmJrWXNsY1B5blNmVWxxMTRHRWpIUEJ3a2tlVU41eGpFc0htaXRkRENr,
61,https://lh3.googleusercontent.com/a-/AAuE7mBsWz1Vw8R4FiJ2VQD20PEg1tLHJchwv5m6MLcuIZs=w48-h48-p-rw, Dustin Wilhoite ,5,com.seatgeek.android,  Because Barstool told me to. 6 stars.  ,"February 1, 2018",gp:AOqpTOHNaccOBYDQUsaMWxabPlk-G4SpMJYQ5Y6ImkS8-qSGRt11Ra7X9vozkZxrdo6PDfD4ibyun9NxPUbVZcY,/store/apps/details?id=com.seatgeek.android&reviewId=Z3A6QU9xcFRPSE5hY2NPQllEUVVzYU1XeGFiUGxrLUc0U3BNSllRNVk2SW1rUzgtcVNHUnQxMVJhN1g5dm96a1p4cmRvNlBEZkQ0aWJ5dW45TnhQVWJWWmNZ,
62,https://lh4.googleusercontent.com/-UTtkHZNJZBg/AAAAAAAAAAI/AAAAAAAAAAA/ACHi3rd4InTyjzhcd6e36ncuKO2KqjvkYg/w48-h48-p-rw/photo.jpg, I'am HoHo ,3,com.seatgeek.android,"  Oh,I thought is an apps for worldwide  ","January 23, 2018",gp:AOqpTOGdvh-dv4BfqStMBGlLgUx5yE4nhFB3dgPlMhPP5AXeDfFPNb8drCz24QhEtnoWzh9qHiTvYGf3WA8jiCg,/store/apps/details?id=com.seatgeek.android&reviewId=Z3A6QU9xcFRPR2R2aC1kdjRCZnFTdE1CR2xMZ1V4NXlFNG5oRkIzZGdQbE1oUFA1QVhlRGZGUE5iOGRyQ3oyNFFoRXRub1d6aDlxSGlUdllHZjNXQThqaUNn,
63,https://lh5.googleusercontent.com/-Rw199Jp2sgE/AAAAAAAAAAI/AAAAAAAAAAA/ACHi3rdmkT2Fj5tkcqHBGeZdNcSSUNpk1Q/w48-h48-p-rw/photo.jpg, mutasim murad ,1,com.seatgeek.android,  Ridiculous prices  ,"February 2, 2018",gp:AOqpTOE6aySu-kQ7rW04WiIHAN_cIsBBk7mi2pfUucMcvTetbqrIej4SgJqDhofW4OgGetS1AJqAZvvFlPLAIxk,/store/apps/details?id=com.seatgeek.android&reviewId=Z3A6QU9xcFRPRTZheVN1LWtRN3JXMDRXaUlIQU5fY0lzQkJrN21pMnBmVXVjTWN2VGV0YnFySWVqNFNnSnFEaG9mVzRPZ0dldFMxQUpxQVp2dkZsUExBSXhr,
64,https://lh3.googleusercontent.com/-0mPy0SfAiBk/AAAAAAAAAAI/AAAAAAAAAAA/v8tP12h7Bzw/w48-h48-p-rw/photo.jpg, ,5,com.seatgeek.android,  It's good  ,"January 24, 2018",gp:AOqpTOH6J2qbJnQGKyTDKsb9P4d6YNJBUmW7tQX0CN6M7EZnv6Q1rpmg_HaX7a4EaCJ0HcVoUkLznHo0NLaHgrc,/store/apps/details?id=com.seatgeek.android&reviewId=Z3A6QU9xcFRPSDZKMnFiSm5RR0t5VERLc2I5UDRkNllOSkJVbVc3dFFYMENONk03RVpudjZRMXJwbWdfSGFYN2E0RWFDSjBIY1ZvVWtMem5IbzBOTGFIZ3Jj,
65,https://lh3.googleusercontent.com/-HJLJGOoILIw/AAAAAAAAAAI/AAAAAAAAAAA/ACHi3rdixZ_L5TxHTEEcqmgQF3RsNxkWlA/w48-h48-p-rw/photo.jpg, Aaron Danenberg ,1,com.seatgeek.android,"  Shady app, started to play music and got a pop up asking if I want tickets to see this artist.  What else are you watching even when I have all of my permissions turned off for this app.    It did not ask me if I wanted this feature.  Took the liberty to somehow know exactly what artist I was listening too and offer me alerts for upcoming shows.   How does it know what I am listening too?  ","January 23, 2018",gp:AOqpTOE0J_xVYOMCG7uJJxjrQk3E0OyKO6wtLt6HuXuA6cmWh0NYm02m2BYWdAq_0oQwMkS-px-zc6tWfZ_ygRs,/store/apps/details?id=com.seatgeek.android&reviewId=Z3A6QU9xcFRPRTBKX3hWWU9NQ0c3dUpKeGpyUWszRTBPeUtPNnd0THQ2SHVYdUE2Y21XaDBOWW0wMm0yQllXZEFxXzBvUXdNa1MtcHgtemM2dFdmWl95Z1Jz,
66,https://lh3.googleusercontent.com/-S46HNRQXNls/AAAAAAAAAAI/AAAAAAAAAAA/ACHi3reee-vaYMxOt6rNBnl2IKG7bcLVWw/w48-h48-p-rw/photo.jpg, Wayne H ,1,com.seatgeek.android,"  Used to be good, now they started nickling and diming people like StubHub (Ebay's site) and Vivid Seats.  No thanks, I'll stick with the services that don't charge you for breathing or some other ridiculous fees!  ","January 18, 2018",gp:AOqpTOEqljg_OD1zQA5eutdu1D5vixO7YcpWRnCgRQDGrPfTaU1EEleFCazy36mDjh1_pTEXy-5ZNBOp8ocUs14,/store/apps/details?id=com.seatgeek.android&reviewId=Z3A6QU9xcFRPRXFsamdfT0QxelFBNWV1dGR1MUQ1dml4TzdZY3BXUm5DZ1JRREdyUGZUYVUxRUVsZUZDYXp5MzZtRGpoMV9wVEVYeS01Wk5CT3A4b2NVczE0,
67,https://lh6.googleusercontent.com/-AaTMwjjBPOc/AAAAAAAAAAI/AAAAAAAAAAA/ACHi3re0cm0i6Y0UzWxSyOMK1BB5vgRORw/w48-h48-p-rw/photo.jpg, MarRox S ,3,com.seatgeek.android,  Used once now can't open the app 😡 I've Uninstalled and Reinstalled still no good . Getting error it will not open  ,"January 21, 2018",gp:AOqpTOFPKejTY5uW98LKX4HJb7xkrvxB5HpErQrZIt_bw4ZFZgY1YdoDWUP9gEEmI4VzJnXpe4fYv52hY8iKz-c,/store/apps/details?id=com.seatgeek.android&reviewId=Z3A6QU9xcFRPRlBLZWpUWTV1Vzk4TEtYNEhKYjd4a3J2eEI1SHBFclFyWkl0X2J3NFpGWmdZMVlkb0RXVVA5Z0VFbUk0VnpKblhwZTRmWXY1MmhZOGlLei1j,
68,https://lh3.googleusercontent.com/a-/AAuE7mC8K8T8__dZI10gv_1RctQuqCkTMUQ600JL4djtKQ=w48-h48-p-rw, supremegod 30 ,5,com.seatgeek.android,  You can finally have a app to help you find good seats 👍👍  ,"January 19, 2018",gp:AOqpTOHzNCLNzEAic6nkfFjXhMMstg8DjUHxhhb9Fr1Ovq9VJyE_lhbV-XYbv05RzaM9fAgoVINwUIUrOpXQLtI,/store/apps/details?id=com.seatgeek.android&reviewId=Z3A6QU9xcFRPSHpOQ0xOekVBaWM2bmtmRmpYaE1Nc3RnOERqVUh4aGhiOUZyMU92cTlWSnlFX2xoYlYtWFlidjA1UnphTTlmQWdvVklOd1VJVXJPcFhRTHRJ,
69,https://lh3.googleusercontent.com/a-/AAuE7mAzH41AAxqY6eARB8_dnWDbPIkcMGck0K3hlALgrw=w48-h48-p-rw, Jacob Reps ,5,com.seatgeek.android,  I love going to games for such low prices  ,"January 22, 2018",gp:AOqpTOFjVo8AOlyB_W6LG5qW_q4nqUEaMS8ZmsCZS3_n9ZFeyhzcKdLsdE-ITyU7gUdwkLEgE92s2AXC9Mz482M,/store/apps/details?id=com.seatgeek.android&reviewId=Z3A6QU9xcFRPRmpWbzhBT2x5Ql9XNkxHNXFXX3E0bnFVRWFNUzhabXNDWlMzX245WkZleWh6Y0tkTHNkRS1JVHlVN2dVZHdrTEVnRTkyczJBWEM5TXo0ODJN,
70,https://lh3.googleusercontent.com/a-/AAuE7mBqUlHChtIqPZeiiPI89N6Aq9h11LugxAsQ9RWj=w48-h48-p-rw, Amneris Diana ,4,com.seatgeek.android,  Who else came for Danielle?  ,"January 21, 2018",gp:AOqpTOGylhMCRGNy68PCcx667q0sOelpKMcknmuQuXK5Wb96HIncaiEFjTDJjKDlliF_T-ek058zLH1AC9ZNd0A,/store/apps/details?id=com.seatgeek.android&reviewId=Z3A6QU9xcFRPR3lsaE1DUkdOeTY4UENjeDY2N3Ewc09lbHBLTWNrbm11UXVYSzVXYjk2SEluY2FpRUZqVERKaktEbGxpRl9ULWVrMDU4ekxIMUFDOVpOZDBB,
71,https://lh6.googleusercontent.com/-bq9hG2Nnuq4/AAAAAAAAAAI/AAAAAAAAAAA/2-Vnq96mr7A/w48-h48-p-rw/photo.jpg, ,5,com.seatgeek.android,  Awsome!!!!!!!!  ,"January 21, 2018",gp:AOqpTOE3bZq64mAq9qTp2tfkMr-yf2ojWLkPRAkilej6Nl4Sq3iDig0i2z3PYXaK00obYbBQXZssVoXnJs-WvGw,/store/apps/details?id=com.seatgeek.android&reviewId=Z3A6QU9xcFRPRTNiWnE2NG1BcTlxVHAydGZrTXIteWYyb2pXTGtQUkFraWxlajZObDRTcTNpRGlnMGkyejNQWVhhSzAwb2JZYkJRWFpzc1ZvWG5Kcy1Xdkd3,
72,https://lh3.googleusercontent.com/a-/AAuE7mBBueBOX4Wy4jCSYcPLrl1uszag0CKXe0fO1Cux=w48-h48-p-rw, ,5,com.seatgeek.android,  Loved it  ,"June 8, 2018",gp:AOqpTOHpdqXlruBigh0p_63M3Ap8r7g-LzYxJ_bWUnR2ZuUIWitKGuhQRESP4AiKIQRAge2ntMd2vT8UuvJgP6A,/store/apps/details?id=com.seatgeek.android&reviewId=Z3A6QU9xcFRPSHBkcVhscnVCaWdoMHBfNjNNM0FwOHI3Zy1Mell4Sl9iV1VuUjJadVVJV2l0S0d1aFFSRVNQNEFpS0lRUkFnZTJudE1kMnZUOFV1dkpnUDZB,
73,https://lh3.googleusercontent.com/a-/AAuE7mCtmXHfLtvYXWnkHJAOXtdZeSzfGo1My8NdjQVa=w48-h48-p-rw, Matt Soskins ,1,com.seatgeek.android,  I had a horrible experience with them. They sold me a seat and after taking my money informed me that the seat was not available and ended up giving me a worse seat and refusing to give me any compensation. Don't believe their guarantee on their website.  ,"January 17, 2018",gp:AOqpTOFgFkT1nx1mJNmGNv9X0OZJzmxGMVSbLbPS6YzXfIYeyOELFYJ887pMGJVRSrvoDaF_PZkyw_H3gaYK2zg,/store/apps/details?id=com.seatgeek.android&reviewId=Z3A6QU9xcFRPRmdGa1QxbngxbUpObUdOdjlYME9aSnpteEdNVlNiTGJQUzZZelhmSVlleU9FTEZZSjg4N3BNR0pWUlNydm9EYUZfUFpreXdfSDNnYVlLMnpn,
74,https://lh3.googleusercontent.com/-AonCl2OmhEg/AAAAAAAAAAI/AAAAAAAAAAA/ACHi3rcXm-E0IIQu9XbbEhVrkF_BGHi8dw/w48-h48-p-rw/photo.jpg, Franklin Straub ,5,com.seatgeek.android,  I love this app. Best ticket app ever  ,"January 11, 2018",gp:AOqpTOH8jIsuC4hEX3n4HgzPzBIdjwiKH2uFxN6TcNXtoQanAyVP8FeyLs-n1Jgk81nAxr_U7OKJVhd6s7iiqis,/store/apps/details?id=com.seatgeek.android&reviewId=Z3A6QU9xcFRPSDhqSXN1QzRoRVgzbjRIZ3pQekJJZGp3aUtIMnVGeE42VGNOWHRvUWFuQXlWUDhGZXlMcy1uMUpnazgxbkF4cl9VN09LSlZoZDZzN2lpcWlz,
75,https://lh6.googleusercontent.com/-BkLlTFDnlrA/AAAAAAAAAAI/AAAAAAAAAAA/ACHi3rfscuf4JfJrDftbLdYooFl3ttCbww/w48-h48-p-rw/photo.jpg, Daniel Oconnell ,5,com.seatgeek.android,  Is it a great app to get wrestling tickets  ,"January 16, 2018",gp:AOqpTOHXnQ2nTbupJx4DikCNApwhjPUplGCYaf_BtX7c6dVMZpNJURv-JnSAR-72QIXtw0mV2y_ByeA9GfVsIjw,/store/apps/details?id=com.seatgeek.android&reviewId=Z3A6QU9xcFRPSFhuUTJuVGJ1cEp4NERpa0NOQXB3aGpQVXBsR0NZYWZfQnRYN2M2ZFZNWnBOSlVSdi1KblNBUi03MlFJWHR3MG1WMnlfQnllQTlHZlZzSWp3,
76,https://lh3.googleusercontent.com/a-/AAuE7mCOyqGRCzD2yxG7u8W7VtNUOt_jfeDu5htca4y3Dw=w48-h48-p-rw, Cesar Galan ,4,com.seatgeek.android,  Great application.  ,"January 17, 2018",gp:AOqpTOHlrErs9wK83QhGrHPwtLnBMxKPVPCKu0UEp_kzpT6mWHVA6gXzGsSkpEib_sf-Cf4VPKuuLakpnJ7vciA,/store/apps/details?id=com.seatgeek.android&reviewId=Z3A6QU9xcFRPSGxyRXJzOXdLODNRaEdySFB3dExuQk14S1BWUENLdTBVRXBfa3pwVDZtV0hWQTZnWHpHc1NrcEVpYl9zZi1DZjRWUEt1dUxha3BuSjd2Y2lB,
77,https://lh6.googleusercontent.com/-9BvpTmRUxaI/AAAAAAAAAAI/AAAAAAAAAAA/ACHi3rcGmPkRjuuRdPZoFdhP6JXzh9Q_tQ/w48-h48-p-rw/photo.jpg, Andre Lewis ,5,com.seatgeek.android,  Love that you can view seating section.  ,"January 9, 2018",gp:AOqpTOF6-b6WOYvmWE1F1zofUkiWbxAAIQQXwQyy7vpAo78A_1yvHZWsipPLh18Dxue7o0ula9vVKUNyxDDTAUc,/store/apps/details?id=com.seatgeek.android&reviewId=Z3A6QU9xcFRPRjYtYjZXT1l2bVdFMUYxem9mVWtpV2J4QUFJUVFYd1F5eTd2cEFvNzhBXzF5dkhaV3NpcFBMaDE4RHh1ZTdvMHVsYTl2VktVTnl4RERUQVVj,
78,https://lh3.googleusercontent.com/-I38Enru-ebE/AAAAAAAAAAI/AAAAAAAAAAA/ACHi3rcPltd_JbjqSMNguCwfjWPUKcOcIQ/w48-h48-p-rw/photo.jpg, Gregory Egeler ,1,com.seatgeek.android,"  They updated the app and it is awful.  I can't browse viewing seating charts in half of the venues, names of the venues are cut off and not visible until you add items to the drop box, and the number of available tickets looks better in other apps.  I have really enjoyed this app up until recently.  Maybe things will get better.  If not, I am going to make the switch.  ","January 2, 2018",gp:AOqpTOFKWltMbl1L8dcstjGNUsKYHL5PxJ8CVpL522E8tL3EOJgEva37FCyi0q71epOht-iTWDJuntnETKX37bM,/store/apps/details?id=com.seatgeek.android&reviewId=Z3A6QU9xcFRPRktXbHRNYmwxTDhkY3N0akdOVXNLWUhMNVB4SjhDVnBMNTIyRTh0TDNFT0pnRXZhMzdGQ3lpMHE3MWVwT2h0LWlUV0RKdW50bkVUS1gzN2JN,
79,https://lh3.googleusercontent.com/a-/AAuE7mBsEBQtcTyDC1ctfeNOqntIYGiLnfDmhg7ZRgxW=w48-h48-p-rw, Jason Tran ,1,com.seatgeek.android,"  I compared the tickets of a concert for Dada Life in StereoLive Houston. Its $20-$30 on eventbrite, but this stupid thing is trying to sell it for $73. STAY AWAY FROM THIS SCAM.  *Reply to SeatGeek, Eventbrite lets us know immediately if its sold out or in high demand, the price does that reach that high even if is at high demand. Most it goes it is 5 more bucks.. so my review stands This is a scam..  ","December 19, 2017",gp:AOqpTOHhWFezT1lQGP9xrV3dGDyaVDJFYkl9nig_6KQumEDQjMaWSkh7FoiNQ5A285meKXeoeUXYUgQGIbFH_NI,/store/apps/details?id=com.seatgeek.android&reviewId=Z3A6QU9xcFRPSGhXRmV6VDFsUUdQOXhyVjNkR0R5YVZESkZZa2w5bmlnXzZLUXVtRURRak1hV1NraDdGb2lOUTVBMjg1bWVLWGVvZVVYWVVnUUdJYkZIX05J,
