,author_image,author_name,current_rating,rev_app_id,review_body,review_date,review_id,review_permalink,review_title
0,https://lh6.googleusercontent.com/-Tr4ahPNX26c/AAAAAAAAAAI/AAAAAAAAAAA/ACHi3rfouBnruy_E2D7sCumN84CxLXTAhg/w48-h48-p-rw/photo.jpg, ocxwrjru okk ,5,com.sinyee.babybus.organized,  😍😍😍😘😘😍😘😍koryjk  ,"December 2, 2017",gp:AOqpTOG4ebslcDqM5LNP1NlLRE3tpYhMqQz8bpklrZUrdESe22HmbPLdwsKKa3wDfvZ9821B-lo2IPBC-Kob2g,/store/apps/details?id=com.sinyee.babybus.organized&reviewId=Z3A6QU9xcFRPRzRlYnNsY0RxTTVMTlAxTmxMUkUzdHBZaE1xUXo4YnBrbHJaVXJkRVNlMjJIbWJQTGR3c0tLYTN3RGZ2Wjk4MjFCLWxvMklQQkMtS29iMmc,
1,https://lh3.googleusercontent.com/a-/AAuE7mDAEvQrzNEplLFkprRUtgRRmeGGulBSmuy-uGw=w48-h48-p-rw, ,5,com.sinyee.babybus.organized,  Good👍👍  ,"April 11, 2018",gp:AOqpTOGYhG53EmBedq6FJ1qA2QAgODAy8hoqminU4inSolTE6ecgzNJECitTCgxmhFoMmF5R0Hb-qhQO-Y4I4g,/store/apps/details?id=com.sinyee.babybus.organized&reviewId=Z3A6QU9xcFRPR1loRzUzRW1CZWRxNkZKMXFBMlFBZ09EQXk4aG9xbWluVTRpblNvbFRFNmVjZ3pOSkVDaXRUQ2d4bWhGb01tRjVSMEhiLXFoUU8tWTRJNGc,
2,https://lh3.ggpht.com/EGemoI2NTXmTsBVtJqk8jxF9rh8ApRWfsIMQSt2uE4OcpQqbFu7f7NbTK05lx80nuSijCz7sc3a277R67g=w48-h48-p-rw, A Google User ,5,com.sinyee.babybus.organized,  I love it  ,"May 2, 2015",gp:AOqpTOEAWgPQ3KRkX8u-R1FRhxWnZQWmg9EhBFIIyznMrp4FfcSCR4iOdq2buOAS82rauC-1rlYFF3d35NYB_Q,/store/apps/details?id=com.sinyee.babybus.organized&reviewId=Z3A6QU9xcFRPRUFXZ1BRM0tSa1g4dS1SMUZSaHhXblpRV21nOUVoQkZJSXl6bk1ycDRGZmNTQ1I0aU9kcTJidU9BUzgycmF1Qy0xcmxZRkYzZDM1TllCX1E,
3,https://lh3.googleusercontent.com/a-/AAuE7mDWNiyRVAqF28kHpIzWk5bd5sMWr8V3i6pucNdDMA=w48-h48-p-rw, the Qwean ,5,com.sinyee.babybus.organized,  Very good  ,"January 19, 2018",gp:AOqpTOGBrE4hIuyZ1QVFJ0NIJDGqIrMC_QztyhVYAyGvYXMv348M7_zzX1INHYim2EgnDvL7eMdC7JIJvdkXKg,/store/apps/details?id=com.sinyee.babybus.organized&reviewId=Z3A6QU9xcFRPR0JyRTRoSXV5WjFRVkZKME5JSkRHcUlyTUNfUXp0eWhWWUF5R3ZZWE12MzQ4TTdfenpYMUlOSFlpbTJFZ25Edkw3ZU1kQzdKSUp2ZGtYS2c,
4,https://lh3.ggpht.com/EGemoI2NTXmTsBVtJqk8jxF9rh8ApRWfsIMQSt2uE4OcpQqbFu7f7NbTK05lx80nuSijCz7sc3a277R67g=w48-h48-p-rw, A Google User ,4,com.sinyee.babybus.organized,  So cute  ,"January 24, 2016",gp:AOqpTOGmx28h19UirxT9jHAslP9WPQ4qDbuxHZPmGdIJKH6W4uLAMrePF-I-7U6zeARWfTx4oZ7FPCBypBrtqA,/store/apps/details?id=com.sinyee.babybus.organized&reviewId=Z3A6QU9xcFRPR214MjhoMTlVaXJ4VDlqSEFzbFA5V1BRNHFEYnV4SFpQbUdkSUpLSDZXNHVMQU1yZVBGLUktN1U2emVBUldmVHg0b1o3RlBDQnlwQnJ0cUE,
5,https://lh4.googleusercontent.com/-rGm9TZviW2s/AAAAAAAAAAI/AAAAAAAAAAA/ACHi3rdvPmHd6ibT46DoesDthw3TPekrTA/w48-h48-p-rw/photo.jpg, Bibi Sijore ,5,com.sinyee.babybus.organized,  It is nice  ,"July 12, 2018",gp:AOqpTOEhgpjmjsihZHXzamo8cGvyggqqPE_IS5K2k2RnN5P5QrnIzkDa1hmHsTbb8QO0buG3F-munwdv0uYGKg,/store/apps/details?id=com.sinyee.babybus.organized&reviewId=Z3A6QU9xcFRPRWhncGptanNpaFpIWHphbW84Y0d2eWdncXFQRV9JUzVLMmsyUm5ONVA1UXJuSXprRGExaG1Ic1RiYjhRTzBidUczRi1tdW53ZHYwdVlHS2c,
6,https://lh3.ggpht.com/EGemoI2NTXmTsBVtJqk8jxF9rh8ApRWfsIMQSt2uE4OcpQqbFu7f7NbTK05lx80nuSijCz7sc3a277R67g=w48-h48-p-rw, A Google User ,5,com.sinyee.babybus.organized,  I loved it  ,"December 26, 2015",gp:AOqpTOFlmXL0J8gU6Glfap6WkPEtCHzDgroO30nm-rxGPEooIf-pLO2EWjXqLuB3ZZ2kBExRx-Khg8CUl11sqw,/store/apps/details?id=com.sinyee.babybus.organized&reviewId=Z3A6QU9xcFRPRmxtWEwwSjhnVTZHbGZhcDZXa1BFdENIekRncm9PMzBubS1yeEdQRW9vSWYtcExPMkVXalhxTHVCM1paMmtCRXhSeC1LaGc4Q1VsMTFzcXc,
7,https://lh3.googleusercontent.com/a-/AAuE7mC2iJ9qsq7s9ffUcPeGvy5bcAHoEAycsErT4eQm=w48-h48-p-rw, ,5,com.sinyee.babybus.organized,  i think this are good  ,"June 9, 2018",gp:AOqpTOFFAOZu3naJGfPyaeNPfKX2u1FPNBIJ8-NfqIpcthJsnuhs4THZnCZblP3hwHVe-XgrvLhGXx6AM7r7sA,/store/apps/details?id=com.sinyee.babybus.organized&reviewId=Z3A6QU9xcFRPRkZBT1p1M25hSkdmUHlhZU5QZktYMnUxRlBOQklKOC1OZnFJcGN0aEpzbnVoczRUSFpuQ1pibFAzaHdIVmUtWGdydkxoR1h4NkFNN3I3c0E,
8,https://lh4.googleusercontent.com/-qBTnNi_9clw/AAAAAAAAAAI/AAAAAAAAAAA/XwzGCh4vUTE/w48-h48-p-rw/photo.jpg, ,5,com.sinyee.babybus.organized,  Nice game  ,"November 7, 2018",gp:AOqpTOEQogfJI0_1OxazHJA-rXLunYREqV_afp643mp1vR8NiojiKrumLDLmz0kC-4YoNhWxbudCCbW7ylqutQ,/store/apps/details?id=com.sinyee.babybus.organized&reviewId=Z3A6QU9xcFRPRVFvZ2ZKSTBfMU94YXpISkEtclhMdW5ZUkVxVl9hZnA2NDNtcDF2UjhOaW9qaUtydW1MRExtejBrQy00WW9OaFd4YnVkQ0NiVzd5bHF1dFE,
9,https://lh3.googleusercontent.com/a-/AAuE7mBdqvsRwu_JCQh6FVql55_9VuH8i1kFzgXOC5lJYw=w48-h48-p-rw, Adriana And Friends ,5,com.sinyee.babybus.organized,  Its Fun  ,"February 2, 2018",gp:AOqpTOFcLGQEDZCklrii_Tu_l8DBOzn_J3hC3BuJIFEcvqFYezy9UGroYO6UrJGRztWGGk0OIPLO6lLJ77WQoA,/store/apps/details?id=com.sinyee.babybus.organized&reviewId=Z3A6QU9xcFRPRmNMR1FFRFpDa2xyaWlfVHVfbDhEQk96bl9KM2hDM0J1SklGRWN2cUZZZXp5OVVHcm9ZTzZVckpHUnp0V0dHazBPSVBMTzZsTEo3N1dRb0E,
10,https://lh3.googleusercontent.com/a-/AAuE7mALuGxaz3UCLSWhE1BQMtRIBY5xGwKUOE2Cu9_5=w48-h48-p-rw, Kitten girl Kitten paw ,5,com.sinyee.babybus.organized,  I love it  ,"May 7, 2017",gp:AOqpTOHNlSWRp4JWn4qDrfXbyACYacJ1ZeIJQJI3j6OlU580pfpumIieLtLc0-p_oEKJBKjK1o-VIZd2IViPnQ,/store/apps/details?id=com.sinyee.babybus.organized&reviewId=Z3A6QU9xcFRPSE5sU1dScDRKV240cURyZlhieUFDWWFjSjFaZUlKUUpJM2o2T2xVNTgwcGZwdW1JaWVMdExjMC1wX29FS0pCS2pLMW8tVklaZDJJVmlQblE,
11,https://lh3.ggpht.com/EGemoI2NTXmTsBVtJqk8jxF9rh8ApRWfsIMQSt2uE4OcpQqbFu7f7NbTK05lx80nuSijCz7sc3a277R67g=w48-h48-p-rw, A Google User ,5,com.sinyee.babybus.organized,  I love it  ,"April 5, 2016",gp:AOqpTOFspZyqLXsCCTpm9o_qmpa5ILMMBDGbO3nZrSmygE9omdwhTeTE-roR3ILxAWKHZwEYOXxhuezrO8UApg,/store/apps/details?id=com.sinyee.babybus.organized&reviewId=Z3A6QU9xcFRPRnNwWnlxTFhzQ0NUcG05b19xbXBhNUlMTU1CREdiTzNuWnJTbXlnRTlvbWR3aFRlVEUtcm9SM0lMeEFXS0had0VZT1h4aHVlenJPOFVBcGc,
12,https://lh3.googleusercontent.com/a-/AAuE7mCZRnMFsuPVncNvNFLT5eqgUTBz3bW-jCOzjYpJ=w48-h48-p-rw, DHARAM SINGH ,5,com.sinyee.babybus.organized,  Best of luck  ,"March 28, 2018",gp:AOqpTOHaQ6nKLWDhgunUaUpN-JF_Y9Anl218APCfOUZHBOKrF_N2wV8HcBOc6pBApjNf70qSO6KAb-EnJ5SzQQ,/store/apps/details?id=com.sinyee.babybus.organized&reviewId=Z3A6QU9xcFRPSGFRNm5LTFdEaGd1blVhVXBOLUpGX1k5QW5sMjE4QVBDZk9VWkhCT0tyRl9OMndWOEhjQk9jNnBCQXBqTmY3MHFTTzZLQWItRW5KNVN6UVE,
13,https://lh5.googleusercontent.com/-nrQQb_CEJnM/AAAAAAAAAAI/AAAAAAAAAAA/FPtDGXcsQGE/w48-h48-p-rw/photo.jpg, ,5,com.sinyee.babybus.organized,  It is beutifull  ,"August 18, 2017",gp:AOqpTOFXUlt3k8HcT0KCjGadxvSt_0evPbg0c3VZXnyBMysVXGlManRundpRkQ3jCZCR9bLlU8ayoGbc6M9tNg,/store/apps/details?id=com.sinyee.babybus.organized&reviewId=Z3A6QU9xcFRPRlhVbHQzazhIY1QwS0NqR2FkeHZTdF8wZXZQYmcwYzNWWlhueUJNeXNWWEdsTWFuUnVuZHBSa1EzakNaQ1I5YkxsVThheW9HYmM2TTl0Tmc,
14,https://lh6.googleusercontent.com/-h14rQXOtYNQ/AAAAAAAAAAI/AAAAAAAAAAA/Qcw14fAxPi4/w48-h48-p-rw/photo.jpg, ,5,com.sinyee.babybus.organized,  I love it  ,"October 17, 2018",gp:AOqpTOFidZLuc4fULo2Iuqv6gjBrTUUbcNAXHw9Hmyd1m3dBXnMQyqDBp3sXS8Gwtp5QuKdgHB4PdqVp3cs7iA,/store/apps/details?id=com.sinyee.babybus.organized&reviewId=Z3A6QU9xcFRPRmlkWkx1YzRmVUxvMkl1cXY2Z2pCclRVVWJjTkFYSHc5SG15ZDFtM2RCWG5NUXlxREJwM3NYUzhHd3RwNVF1S2RnSEI0UGRxVnAzY3M3aUE,
15,https://lh4.googleusercontent.com/-e4vUMxdMETc/AAAAAAAAAAI/AAAAAAAAAAA/uWgVbBKbvkE/w48-h48-p-rw/photo.jpg, ,5,com.sinyee.babybus.organized,  I love this  ,"August 29, 2018",gp:AOqpTOHAuyYxOx6XrxOuCovvrQYsu6lFRHMTDGeACkXH9uw12onwD5jrTQ24eydZZBEkLlhgv8Anq1MFLZ_JoA,/store/apps/details?id=com.sinyee.babybus.organized&reviewId=Z3A6QU9xcFRPSEF1eVl4T3g2WHJ4T3VDb3Z2clFZc3U2bEZSSE1UREdlQUNrWEg5dXcxMm9ud0Q1anJUUTI0ZXlkWlpCRWtMbGhndjhBbnExTUZMWl9Kb0E,
16,https://lh3.googleusercontent.com/-acDp51S3DSo/AAAAAAAAAAI/AAAAAAAAAAA/r1ru3QYC3zE/w48-h48-p-rw/photo.jpg, ,5,com.sinyee.babybus.organized,  Verry good  ,"April 29, 2018",gp:AOqpTOFNkwqnrU33NSBiROTAIqO69-OBBuoiCZv5shFpybCcAdcjtmnHYl78c0r31pJ9W31YbjR9HT8lkcsPng,/store/apps/details?id=com.sinyee.babybus.organized&reviewId=Z3A6QU9xcFRPRk5rd3FuclUzM05TQmlST1RBSXFPNjktT0JCdW9pQ1p2NXNoRnB5YkNjQWRjanRtbkhZbDc4YzByMzFwSjlXMzFZYmpSOUhUOGxrY3NQbmc,
17,https://lh3.googleusercontent.com/a-/AAuE7mCdy_v_0TGv5xYYpfJJ6ZqtLcEj9XTPH4c0OVQL=w48-h48-p-rw, Allysa Taleon ,5,com.sinyee.babybus.organized,  Great app  ,"September 14, 2017",gp:AOqpTOE0JLfhrwj72M309pjudESgSzF7neH_wfM4qI6myH3MnlqoannrtLnuy9kzFMHWMHpnSCeEWcYspmblmg,/store/apps/details?id=com.sinyee.babybus.organized&reviewId=Z3A6QU9xcFRPRTBKTGZocndqNzJNMzA5cGp1ZEVTZ1N6RjduZUhfd2ZNNHFJNm15SDNNbmxxb2FubnJ0TG51eTlrekZNSFdNSHBuU0NlRVdjWXNwbWJsbWc,
18,https://lh5.googleusercontent.com/-ZtiAfZX7Al0/AAAAAAAAAAI/AAAAAAAAAAA/1Z5elhwlk_A/w48-h48-p-rw/photo.jpg, ,5,com.sinyee.babybus.organized,  I love  ,"May 12, 2017",gp:AOqpTOGUqo7T4zs1cOVHPOzNPxzaTAi-Oi_AidaE-c7N88f5vb_jJw0dInRNuQ-n4QAo3frRPUYUL_4q21mQJQ,/store/apps/details?id=com.sinyee.babybus.organized&reviewId=Z3A6QU9xcFRPR1VxbzdUNHpzMWNPVkhQT3pOUHh6YVRBaS1PaV9BaWRhRS1jN044OGY1dmJfakp3MGRJblJOdVEtbjRRQW8zZnJSUFVZVUxfNHEyMW1RSlE,
19,https://lh3.googleusercontent.com/a-/AAuE7mDa3xsQseVQGVkal7zSN44GGiu_EwHrq5Zzp6hkJA=w48-h48-p-rw, Donutpanda36 fairy ,5,com.sinyee.babybus.organized,  I love it  ,"September 3, 2017",gp:AOqpTOFubEPqXok3wji_-8I3yAci7MctmAIVxhXKCzlatWXpJAMrVaaAUuvnDiD6-wdntd1jB6RGOgKzcty5kg,/store/apps/details?id=com.sinyee.babybus.organized&reviewId=Z3A6QU9xcFRPRnViRVBxWG9rM3dqaV8tOEkzeUFjaTdNY3RtQUlWeGhYS0N6bGF0V1hwSkFNclZhYUFVdXZuRGlENi13ZG50ZDFqQjZSR09nS3pjdHk1a2c,
20,https://lh3.googleusercontent.com/a-/AAuE7mD7EgGV6TYiTUq7JntmrIShzeowgkTyw43VEb98=w48-h48-p-rw, Shravani dalvi ,5,com.sinyee.babybus.organized,  Awesome game  ,"February 25, 2018",gp:AOqpTOFssvKYAnHfYbg2-xSz0SOizhfrKrLZEA1INLueE8wWh3X0koSMOaP0H78Q_q-BVgkFvDMAhopRsOGC9g,/store/apps/details?id=com.sinyee.babybus.organized&reviewId=Z3A6QU9xcFRPRnNzdktZQW5IZlliZzIteFN6MFNPaXpoZnJLckxaRUExSU5MdWVFOHdXaDNYMGtvU01PYVAwSDc4UV9xLUJWZ2tGdkRNQWhvcFJzT0dDOWc,
21,https://lh3.googleusercontent.com/a-/AAuE7mAKFPsdYMQAjJ5haNJcJ4K_-FyUM3Rgxq7_SGmwNw=w48-h48-p-rw, Al Hudaibia Contracting LLC ,5,com.sinyee.babybus.organized,  Very intresting  ,"November 17, 2018",gp:AOqpTOHa1lZGhlIBmmqQnLES9bc5DXJO1OPlNQRH5hJMhAL8G_e3J1Q_Qzzv-_6KEcKe6DXN74Io8GljRVmUeA,/store/apps/details?id=com.sinyee.babybus.organized&reviewId=Z3A6QU9xcFRPSGExbFpHaGxJQm1tcVFuTEVTOWJjNURYSk8xT1BsTlFSSDVoSk1oQUw4R19lM0oxUV9Renp2LV82S0VjS2U2RFhONzRJbzhHbGpSVm1VZUE,
22,https://lh3.googleusercontent.com/-1ftUASpBua0/AAAAAAAAAAI/AAAAAAAAAAA/ACHi3rd3kDrys0nAWN-e6yYPG6xfsuhsqg/w48-h48-p-rw/photo.jpg, Esa Thevar ,4,com.sinyee.babybus.organized,  Great game  ,"February 1, 2018",gp:AOqpTOEKy0bCpLHeE-D92MyZf0XYxxdc9qUMzS--Qfon0YOsS8tCYllgRG7PbPpFOHxrp51I3hu4FPlqopZkaw,/store/apps/details?id=com.sinyee.babybus.organized&reviewId=Z3A6QU9xcFRPRUt5MGJDcExIZUUtRDkyTXlaZjBYWXh4ZGM5cVVNelMtLVFmb24wWU9zUzh0Q1lsbGdSRzdQYlBwRk9IeHJwNTFJM2h1NEZQbHFvcFprYXc,
23,https://lh3.ggpht.com/EGemoI2NTXmTsBVtJqk8jxF9rh8ApRWfsIMQSt2uE4OcpQqbFu7f7NbTK05lx80nuSijCz7sc3a277R67g=w48-h48-p-rw, A Google User ,5,com.sinyee.babybus.organized,  So Amazing  ,"November 28, 2014",gp:AOqpTOHv4I4exdptnuO5OxENFRO7GvLDsb8a5nTRNFWYidpIqT2yJbt06BZWGm2RyjYFq-JmJTs-2u1Ataskmw,/store/apps/details?id=com.sinyee.babybus.organized&reviewId=Z3A6QU9xcFRPSHY0STRleGRwdG51TzVPeEVORlJPN0d2TERzYjhhNW5UUk5GV1lpZHBJcVQyeUpidDA2QlpXR20yUnlqWUZxLUptSlRzLTJ1MUF0YXNrbXc,
24,https://lh4.googleusercontent.com/-qF1pAAvSVKc/AAAAAAAAAAI/AAAAAAAAAAA/usz7oVzeSGE/w48-h48-p-rw/photo.jpg, ,5,com.sinyee.babybus.organized,  GOOD GAME  ,"March 12, 2019",gp:AOqpTOEXflntk63GNk0vWFZfflrvE59Cuh2bT2Jso8oO_Ie5ntuARx7w_jopa-BaQzYVvC8C0HemoOfnI2zscg,/store/apps/details?id=com.sinyee.babybus.organized&reviewId=Z3A6QU9xcFRPRVhmbG50azYzR05rMHZXRlpmZmxydkU1OUN1aDJiVDJKc284b09fSWU1bnR1QVJ4N3dfam9wYS1CYVF6WVZ2QzhDMEhlbW9PZm5JMnpzY2c,
25,https://lh3.ggpht.com/EGemoI2NTXmTsBVtJqk8jxF9rh8ApRWfsIMQSt2uE4OcpQqbFu7f7NbTK05lx80nuSijCz7sc3a277R67g=w48-h48-p-rw, A Google User ,2,com.sinyee.babybus.organized,  Disliked it  ,"September 7, 2015",gp:AOqpTOH5g0_WSflsobf0NqRjbXGd83nUTcU1Z9P3WoMqHbuNUZ4HRE5MuCovt_BbyMhcOIZ8zj6jfTWCAGjzRg,/store/apps/details?id=com.sinyee.babybus.organized&reviewId=Z3A6QU9xcFRPSDVnMF9XU2Zsc29iZjBOcVJqYlhHZDgzblVUY1UxWjlQM1dvTXFIYnVOVVo0SFJFNU11Q292dF9CYnlNaGNPSVo4emo2amZUV0NBR2p6Umc,
26,https://lh3.ggpht.com/EGemoI2NTXmTsBVtJqk8jxF9rh8ApRWfsIMQSt2uE4OcpQqbFu7f7NbTK05lx80nuSijCz7sc3a277R67g=w48-h48-p-rw, A Google User ,1,com.sinyee.babybus.organized,  i hate it  ,"August 23, 2014",gp:AOqpTOFuTZNrDfxvR8uoBltSLC5nIEfU3wOKxpCOBhImze3Clk8WlcNp9Q5qxi_4Q_K6p92doBHRMAhxp8oCbw,/store/apps/details?id=com.sinyee.babybus.organized&reviewId=Z3A6QU9xcFRPRnVUWk5yRGZ4dlI4dW9CbHRTTEM1bklFZlUzd09LeHBDT0JoSW16ZTNDbGs4V2xjTnA5UTVxeGlfNFFfSzZwOTJkb0JIUk1BaHhwOG9DYnc,
27,https://lh3.ggpht.com/EGemoI2NTXmTsBVtJqk8jxF9rh8ApRWfsIMQSt2uE4OcpQqbFu7f7NbTK05lx80nuSijCz7sc3a277R67g=w48-h48-p-rw, A Google User ,1,com.sinyee.babybus.organized,  Bad  ,"November 4, 2014",gp:AOqpTOG3JrUz8E8Ntvz7rYJ4lfaL_k0K55cYSYpsjIVao-YcwvnCdNQAIrTctrd58upb_rw99I4i7WGeJ12Sww,/store/apps/details?id=com.sinyee.babybus.organized&reviewId=Z3A6QU9xcFRPRzNKclV6OEU4TnR2ejdyWUo0bGZhTF9rMEs1NWNZU1lwc2pJVmFvLVljd3ZuQ2ROUUFJclRjdHJkNTh1cGJfcnc5OUk0aTdXR2VKMTJTd3c,
28,https://lh3.googleusercontent.com/-0HDGtdFn0cg/AAAAAAAAAAI/AAAAAAAAAAA/HBeV-l5qTNU/w48-h48-p-rw/photo.jpg, ,5,com.sinyee.babybus.organized,  So beautiful game 😁😁😍😍👦👦👍👍👌👌❤❤  ,"July 11, 2018",gp:AOqpTOFlIqtgysSkPSn30BJTVUKQ5jKtISjdzIbM54K7SpepA6N_XBtOGPurPyvJLJZME-Kp-35Oo5xSPpsrsA,/store/apps/details?id=com.sinyee.babybus.organized&reviewId=Z3A6QU9xcFRPRmxJcXRneXNTa1BTbjMwQkpUVlVLUTVqS3RJU2pkekliTTU0SzdTcGVwQTZOX1hCdE9HUHVyUHl2SkxKWk1FLUtwLTM1T281eFNQcHNyc0E,
29,https://lh3.googleusercontent.com/a-/AAuE7mCsTU4X_b-Njr-3rycdliox52dbq5F94tJEL20k=w48-h48-p-rw, ,5,com.sinyee.babybus.organized,  i love it.  ,"January 28, 2018",gp:AOqpTOHQuxj_EYIX9i-r9e6ctsdRQW5kbXwFMRrRxsGz84Hm2MtHGksxOkZXnavAlrrd1reoGtkMUoHkFpBxXQ,/store/apps/details?id=com.sinyee.babybus.organized&reviewId=Z3A6QU9xcFRPSFF1eGpfRVlJWDlpLXI5ZTZjdHNkUlFXNWtiWHdGTVJyUnhzR3o4NEhtMk10SEdrc3hPa1pYbmF2QWxycmQxcmVvR3RrTVVvSGtGcEJ4WFE,
30,https://lh3.ggpht.com/EGemoI2NTXmTsBVtJqk8jxF9rh8ApRWfsIMQSt2uE4OcpQqbFu7f7NbTK05lx80nuSijCz7sc3a277R67g=w48-h48-p-rw, A Google User ,5,com.sinyee.babybus.organized,  This game is fun make more I want more ♡♡♡♡♡♡♡♡♥♥♥♥♥♥♥♡♥♥♥♥♥♡♥♥♡♥♡♥♥  ,"October 20, 2014",gp:AOqpTOHODrZ1wsDCJG_AogUR9ATlMrNZZus8eGa0sct9kttSy307SguZDhAwuCmcGF0TT4--V7_gDg7vmsHRwg,/store/apps/details?id=com.sinyee.babybus.organized&reviewId=Z3A6QU9xcFRPSE9Ecloxd3NEQ0pHX0FvZ1VSOUFUbE1yTlpadXM4ZUdhMHNjdDlrdHRTeTMwN1NndVpEaEF3dUNtY0dGMFRUNC0tVjdfZ0RnN3Ztc0hSd2c,I ♥ this game
31,https://lh6.googleusercontent.com/-A5wyW4iKsw4/AAAAAAAAAAI/AAAAAAAAAAA/ACHi3rcn0NSCiwzYPb3M_V_HKTEn9AZFSg/w48-h48-p-rw/photo.jpg, L Mzul ,5,com.sinyee.babybus.organized,  Awesome   game★★☆☆♥♥♡♡  ,"July 3, 2017",gp:AOqpTOGax5vN_C4Uh1Bw2y4u9YfqSEDmIxLbOAJKiyhyA4ij4KKemcWo9WXQwbr2r2BpCaZcJhGqab3C_2Arpw,/store/apps/details?id=com.sinyee.babybus.organized&reviewId=Z3A6QU9xcFRPR2F4NXZOX0M0VWgxQncyeTR1OVlmcVNFRG1JeExiT0FKS2l5aHlBNGlqNEtLZW1jV285V1hRd2JyMnIyQnBDYVpjSmhHcWFiM0NfMkFycHc,
32,https://lh3.ggpht.com/EGemoI2NTXmTsBVtJqk8jxF9rh8ApRWfsIMQSt2uE4OcpQqbFu7f7NbTK05lx80nuSijCz7sc3a277R67g=w48-h48-p-rw, A Google User ,4,com.sinyee.babybus.organized,  V. Good  ,"September 3, 2015",gp:AOqpTOGon5MFFNOyQYM64KVmnX5QU4u89kF5u_SR7nbeT6ddRaLuc2tn2oHIll_txLw3RUcapS_w0Xv_1aHV2g,/store/apps/details?id=com.sinyee.babybus.organized&reviewId=Z3A6QU9xcFRPR29uNU1GRk5PeVFZTTY0S1Ztblg1UVU0dTg5a0Y1dV9TUjduYmVUNmRkUmFMdWMydG4yb0hJbGxfdHhMdzNSVWNhcFNfdzBYdl8xYUhWMmc,:)
33,https://lh6.googleusercontent.com/-suso9101EpA/AAAAAAAAAAI/AAAAAAAAAAA/G77eU66XO-k/w48-h48-p-rw/photo.jpg, ,5,com.sinyee.babybus.organized,  Love ❤  ,"July 6, 2017",gp:AOqpTOF9Zbz1YYo97IgI3VbRJAPDF1TGg1IAsSCc-Ngjzku4k1ipJWOzRJjS1M9ywf3ALpOneqds4JMsSIFQtA,/store/apps/details?id=com.sinyee.babybus.organized&reviewId=Z3A6QU9xcFRPRjlaYnoxWVlvOTdJZ0kzVmJSSkFQREYxVEdnMUlBc1NDYy1OZ2p6a3U0azFpcEpXT3pSSmpTMU05eXdmM0FMcE9uZXFkczRKTXNTSUZRdEE,
34,https://lh6.googleusercontent.com/-lnPuqc-whks/AAAAAAAAAAI/AAAAAAAAAAA/ACHi3rcx_KNuyv1W47tzHcLPJEopDcsYjA/w48-h48-p-rw/photo.jpg, HITESH Gajra ,1,com.sinyee.babybus.organized,  😠😤😤😤  ,"October 18, 2016",gp:AOqpTOHHqH3dlZo42WQS_1perk0uDXWmIS_hge8i_TFnbI_j6kT7FciylQZ8A5guO84kJ0yZv1QOCAIgEIBp9g,/store/apps/details?id=com.sinyee.babybus.organized&reviewId=Z3A6QU9xcFRPSEhxSDNkbFpvNDJXUVNfMXBlcmswdURYV21JU19oZ2U4aV9URm5iSV9qNmtUN0ZjaXlsUVo4QTVndU84NGtKMHladjFRT0NBSWdFSUJwOWc,
35,https://lh3.googleusercontent.com/a-/AAuE7mAaIUZj_VHJWAhLC-hVGFzhxljFatAZdouuBwwixw=w48-h48-p-rw, ,5,com.sinyee.babybus.organized,  Nice 😍😍😘  ,"September 5, 2017",gp:AOqpTOHZoBYbmrZWoWx64LWpJcNiqBT5O6ZnjFn6xMXuKG3NrsBpnWPEQAKQMXRRgxsxHtj3eG2EIPsYY1W8pA,/store/apps/details?id=com.sinyee.babybus.organized&reviewId=Z3A6QU9xcFRPSFpvQllibXJaV29XeDY0TFdwSmNOaXFCVDVPNlpuakZuNnhNWHVLRzNOcnNCcG5XUEVRQUtRTVhSUmd4c3hIdGozZUcyRUlQc1lZMVc4cEE,
36,https://lh4.googleusercontent.com/-OCeF1zXp8A8/AAAAAAAAAAI/AAAAAAAAAAA/Ps0JHaWp2oo/w48-h48-p-rw/photo.jpg, ,5,com.sinyee.babybus.organized,  😍😍😘😘  ,"November 21, 2018",gp:AOqpTOEBhB-2z-ouBLncVW_b9OzFSwu599yVBx37FPEY9Wgzx8LD9AJJC4lKWkjx9kLmILK1DIojklp1YcgAqA,/store/apps/details?id=com.sinyee.babybus.organized&reviewId=Z3A6QU9xcFRPRUJoQi0yei1vdUJMbmNWV19iOU96RlN3dTU5OXlWQngzN0ZQRVk5V2d6eDhMRDlBSkpDNGxLV2tqeDlrTG1JTEsxRElvamtscDFZY2dBcUE,
37,https://lh3.googleusercontent.com/a-/AAuE7mDTJ2BSjw1sq0XAkz4flgmM5NzcACThXXkPjGXL8Q=w48-h48-p-rw, MrGamer ,5,com.sinyee.babybus.organized,  GOOD JOD 👏👏👏👏👍👍👍👍  ,"June 24, 2018",gp:AOqpTOEZE_TFiWSAJSeHiHH2qnzIAtPtikYoEZ4r_lbFFolwk0KQx6EOoeNVzJu0K3GKjEJCwvxvjALYt0dYHQ,/store/apps/details?id=com.sinyee.babybus.organized&reviewId=Z3A6QU9xcFRPRVpFX1RGaVdTQUpTZUhpSEgycW56SUF0UHRpa1lvRVo0cl9sYkZGb2x3azBLUXg2RU9vZU5Wekp1MEszR0tqRUpDd3Z4dmpBTFl0MGRZSFE,
38,https://lh5.googleusercontent.com/-6nwr085WmHE/AAAAAAAAAAI/AAAAAAAAAAA/ACHi3rcFJKcQIhAFXd1dgVROrN-XlMVgkA/w48-h48-p-rw/photo.jpg, Eunice Facknou ,5,com.sinyee.babybus.organized,  good💩👍💔😗  ,"March 24, 2018",gp:AOqpTOHUok1zk-xpyae6jbWY-_rne_mSprBQA4YfBDia3nnNLYC-L-esxY08s9wX8FYjBAocRB6Tjx0CaJPtag,/store/apps/details?id=com.sinyee.babybus.organized&reviewId=Z3A6QU9xcFRPSFVvazF6ay14cHlhZTZqYldZLV9ybmVfbVNwckJRQTRZZkJEaWEzbm5OTFlDLUwtZXN4WTA4czl3WDhGWWpCQW9jUkI2VGp4MENhSlB0YWc,
39,https://lh3.ggpht.com/EGemoI2NTXmTsBVtJqk8jxF9rh8ApRWfsIMQSt2uE4OcpQqbFu7f7NbTK05lx80nuSijCz7sc3a277R67g=w48-h48-p-rw, A Google User ,5,com.sinyee.babybus.organized,  Cool ;-)  ,"July 9, 2015",gp:AOqpTOFeyYmyBp24lEpZnBlqaAQFmSWGbpQtJJFRcKH6LMOJRtMPxneMAuAaSPi6uZs9dpeb0hlOEzqeA0iHwg,/store/apps/details?id=com.sinyee.babybus.organized&reviewId=Z3A6QU9xcFRPRmV5WW15QnAyNGxFcFpuQmxxYUFRRm1TV0dicFF0SkpGUmNLSDZMTU9KUnRNUHhuZU1BdUFhU1BpNnVaczlkcGViMGhsT0V6cWVBMGlId2c,
40,https://lh4.googleusercontent.com/--tXJ52YpgN8/AAAAAAAAAAI/AAAAAAAAAAA/2-1jypHu-ro/w48-h48-p-rw/photo.jpg, ,5,com.funlab.hangman,  Its amazing  ,"November 7, 2017",gp:AOqpTOEnHGvbaC0MF6g3l7hYRahS40iTZkdlS4bkBbNpHyO0vs26L2TN4W72q0Y7mIDcCUjUgzN8-nS-69hocw,/store/apps/details?id=com.funlab.hangman&reviewId=Z3A6QU9xcFRPRW5IR3ZiYUMwTUY2ZzNsN2hZUmFoUzQwaVRaa2RsUzRia0JiTnBIeU8wdnMyNkwyVE40VzcycTBZN21JRGNDVWpVZ3pOOC1uUy02OWhvY3c,
41,https://lh5.googleusercontent.com/-kAhM9iisbsM/AAAAAAAAAAI/AAAAAAAAAAA/ykwlxmMyL5Q/w48-h48-p-rw/photo.jpg, ,5,com.funlab.hangman,  I💜💜💜💜💜💜💜 this game👍  ,"April 10, 2018",gp:AOqpTOEOWnELy6H1-SflVe_q2SsmjWsosAlh5NZzfvMYWth8gpcPEVkWvWYGChltoxhgPjBuVlpQJlkyoDgymg,/store/apps/details?id=com.funlab.hangman&reviewId=Z3A6QU9xcFRPRU9XbkVMeTZIMS1TZmxWZV9xMlNzbWpXc29zQWxoNU5aemZ2TVlXdGg4Z3BjUEVWa1d2V1lHQ2hsdG94aGdQakJ1VmxwUUpsa3lvRGd5bWc,
42,https://lh3.googleusercontent.com/a-/AAuE7mA3k_EWTRwz0jaIXefQR4Ikb4KtW7lzheOm1FbASQ=w48-h48-p-rw, ,5,com.funlab.hangman,  It is nice  ,"December 31, 2017",gp:AOqpTOEqrf2b-Q_6eYBmF64ORuLRg8PsMyN1owJNiEeK7pr2L2LnT5wU7HC3_xfyJla76MxAZmVLxnQPNAJGTA,/store/apps/details?id=com.funlab.hangman&reviewId=Z3A6QU9xcFRPRXFyZjJiLVFfNmVZQm1GNjRPUnVMUmc4UHNNeU4xb3dKTmlFZUs3cHIyTDJMblQ1d1U3SEMzX3hmeUpsYTc2TXhBWm1WTHhuUVBOQUpHVEE,
43,https://lh3.googleusercontent.com/a-/AAuE7mD6g_jSSJ73f3cMPOdRmUppSgU3NNst0Pa86w0Dmg=w48-h48-p-rw, Nabila Moore ,5,com.funlab.hangman,  Nice  ,"October 2, 2017",gp:AOqpTOFHhJlj6O_Tf3J9TITceD84V16r_OlY9Y6gUopWI5hl22wrIlJDnzwq9TVyxLGXO3Pe5g2q1FADNCdnZg,/store/apps/details?id=com.funlab.hangman&reviewId=Z3A6QU9xcFRPRkhoSmxqNk9fVGYzSjlUSVRjZUQ4NFYxNnJfT2xZOVk2Z1VvcFdJNWhsMjJ3cklsSkRuendxOVRWeXhMR1hPM1BlNWcycTFGQUROQ2RuWmc,
44,https://lh6.googleusercontent.com/-diEZGMqC4-g/AAAAAAAAAAI/AAAAAAAAAAA/ACHi3rcohuomjAhdD8lfcxsXPDQ8i2t0EQ/w48-h48-p-rw/photo.jpg, Louise Sinclair ,5,com.funlab.hangman,  Love it  ,"October 24, 2017",gp:AOqpTOFBAokcc-7ciBoLKbgQ3Fu1v-HDobAuPk3PYQXF_n6_Kd4E8GTa8eFci0ftRRP3VqwoQYPHA80nUjp2Yg,/store/apps/details?id=com.funlab.hangman&reviewId=Z3A6QU9xcFRPRkJBb2tjYy03Y2lCb0xLYmdRM0Z1MXYtSERvYkF1UGszUFlRWEZfbjZfS2Q0RThHVGE4ZUZjaTBmdFJSUDNWcXdvUVlQSEE4MG5VanAyWWc,
45,https://lh5.googleusercontent.com/-AJhH_GVn3-k/AAAAAAAAAAI/AAAAAAAAAAA/ACHi3rcADYNUgq299t-Kq7162ogDykGAjA/w48-h48-p-rw/photo.jpg, Stephaniejean Paredes ,5,com.funlab.hangman,  Challenging  ,"November 10, 2017",gp:AOqpTOFlZUVPxqW5jYWCV2M8liGlBzuXuy3_6cutY0lLnVOmST2h7ei0gp9HttuPUQldztqH1dA4fxLekyARiA,/store/apps/details?id=com.funlab.hangman&reviewId=Z3A6QU9xcFRPRmxaVVZQeHFXNWpZV0NWMk04bGlHbEJ6dVh1eTNfNmN1dFkwbExuVk9tU1QyaDdlaTBncDlIdHR1UFVRbGR6dHFIMWRBNGZ4TGVreUFSaUE,
46,https://lh6.googleusercontent.com/-TAu0vDQMIgA/AAAAAAAAAAI/AAAAAAAAAAA/ACHi3rd4PFBXeA0U2W7q003sXhD9rKGNFQ/w48-h48-p-rw/photo.jpg, Jane Marlo ,4,com.funlab.hangman,  Enjoyable  ,"November 21, 2017",gp:AOqpTOEFHstA9yv7PLEsLFSx_x5_mmJujSo437y6rS3dxh-6sGxB0kg2RXBkB8k03fQo7eanAkk48wQ7sRZ61Q,/store/apps/details?id=com.funlab.hangman&reviewId=Z3A6QU9xcFRPRUZIc3RBOXl2N1BMRXNMRlN4X3g1X21tSnVqU280Mzd5NnJTM2R4aC02c0d4QjBrZzJSWEJrQjhrMDNmUW83ZWFuQWtrNDh3UTdzUlo2MVE,
47,https://lh5.googleusercontent.com/-aPaipO-WRUc/AAAAAAAAAAI/AAAAAAAAAAA/ACHi3rcZ3kAq6iHO5Nge2qMfRFuHz-GwHA/w48-h48-p-rw/photo.jpg, Sherley Hernandez ,5,com.funlab.hangman,  Good  ,"November 23, 2017",gp:AOqpTOECua0PIn8oglHLhvWnBv0-1YjcNR0kBXRs7ab4UtzTsF7EFZVg7GYXtMbDMUyf0rfKai_y2hLAIg7TZA,/store/apps/details?id=com.funlab.hangman&reviewId=Z3A6QU9xcFRPRUN1YTBQSW44b2dsSExodlduQnYwLTFZamNOUjBrQlhSczdhYjRVdHpUc0Y3RUZaVmc3R1lYdE1iRE1VeWYwcmZLYWlfeTJoTEFJZzdUWkE,
48,https://lh3.googleusercontent.com/a-/AAuE7mAhLKCPz0RWF52psmKFbpqBHQxtBcJy2fIhLM1QXA=w48-h48-p-rw, Keshia ,1,com.funlab.hangman,  Bad  ,"December 24, 2017",gp:AOqpTOEwz24G5I9VCJaoEGb83x4yCubYADvUbvcHR-h-qXnNuLsa533jucDbbGHPzTO4eZRcqnkkpc1ftOjRfQ,/store/apps/details?id=com.funlab.hangman&reviewId=Z3A6QU9xcFRPRXd6MjRHNUk5VkNKYW9FR2I4M3g0eUN1YllBRHZVYnZjSFItaC1xWG5OdUxzYTUzM2p1Y0RiYkdIUHpUTzRlWlJjcW5ra3BjMWZ0T2pSZlE,
49,https://lh3.googleusercontent.com/a-/AAuE7mAdvfP7rRfe4mgKA6kao3bH7bzZzQMa8j9k-K4m=w48-h48-p-rw, Khalid Hassan ,4,com.funlab.hangman,  Good:-)  ,"December 22, 2017",gp:AOqpTOH-G0SSMElpkVQnKTWumjaboeYfjZKFxPixClAmMFzrLLVGhstcrJXs16m-iuUBp8U5_8ZM2R_QxZVuVw,/store/apps/details?id=com.funlab.hangman&reviewId=Z3A6QU9xcFRPSC1HMFNTTUVscGtWUW5LVFd1bWphYm9lWWZqWktGeFBpeENsQW1NRnpyTExWR2hzdGNySlhzMTZtLWl1VUJwOFU1XzhaTTJSX1F4WlZ1Vnc,
50,https://lh3.googleusercontent.com/-j3fqkcEB8so/AAAAAAAAAAI/AAAAAAAAAAA/ACHi3rdBp_q4XIafzeZNTjmWsYaVAaA8Lw/w48-h48-p-rw/photo.jpg, Christopher Cooper ,5,com.funlab.hangman,  Loved it  ,"January 8, 2018",gp:AOqpTOHlTZ-crZD3STIl6rBTFGsXXihUpxjp-SuR-0BJh15PTE3Ax6WZa3p0D-vKhC68DHdJ_DtFC8k9NcEybA,/store/apps/details?id=com.funlab.hangman&reviewId=Z3A6QU9xcFRPSGxUWi1jclpEM1NUSWw2ckJURkdzWFhpaFVweGpwLVN1Ui0wQkpoMTVQVEUzQXg2V1phM3AwRC12S2hDNjhESGRKX0R0RkM4azlOY0V5YkE,
51,https://lh3.googleusercontent.com/-YaCAiIlwGS8/AAAAAAAAAAI/AAAAAAAAAAA/ACHi3re7VMJQpeZtdf9R3cOkP8nh95avxw/w48-h48-p-rw/photo.jpg, nazima sardar ,5,com.funlab.hangman,  Amazing  ,"March 11, 2018",gp:AOqpTOGv88_WAaCkP2qnLvVKGyyvjK6w2wlrg7c_pFZIKBKJlQXsxPClX2vLCW2PkSpcUnx0uHMYQikM2Oal-g,/store/apps/details?id=com.funlab.hangman&reviewId=Z3A6QU9xcFRPR3Y4OF9XQWFDa1AycW5MdlZLR3l5dmpLNncyd2xyZzdjX3BGWklLQktKbFFYc3hQQ2xYMnZMQ1cyUGtTcGNVbngwdUhNWVFpa00yT2FsLWc,
52,https://lh6.googleusercontent.com/-fDFrHaozrN0/AAAAAAAAAAI/AAAAAAAAAAA/2dSlVMVBcb4/w48-h48-p-rw/photo.jpg, ,1,com.funlab.hangman,"  It is so unfortunate that a simple change in the case of the letter ""I"" is not beong recognized. It seemed STUPID (whoever made this game) to be unable to fix this. Tapping the letter ""I"" then showing that it is wrong... only to find out the the answer (for example) is MARRiAGE. Stupid, right? Uninstalling this baffoon of a game now!  ","September 27, 2017",gp:AOqpTOGoVs3AVuH2FmVQPPk1F4CwN0b4YLt1R0rIoOnGP9mulw669PEhBTaRu7Bm1FywonMbdRk6y8aciEin4A,/store/apps/details?id=com.funlab.hangman&reviewId=Z3A6QU9xcFRPR29WczNBVnVIMkZtVlFQUGsxRjRDd04wYjRZTHQxUjBySW9PbkdQOW11bHc2NjlQRWhCVGFSdTdCbTFGeXdvbk1iZFJrNnk4YWNpRWluNEE,
53,https://lh5.googleusercontent.com/-2KQfvFPOsXU/AAAAAAAAAAI/AAAAAAAAAAA/ACHi3rd8htw75_hinG3MocTQKfMF1eyKHw/w48-h48-p-rw/photo.jpg, Varun Venugopal ,1,com.funlab.hangman,"  Updated it today and the thing became a stupid mess. It's not taking the letter I and in its place displays an i, which is is impossible to enter. Hating it.  ","September 23, 2017",gp:AOqpTOHv1fpDvXkgttydMXy-kdcUmpJmRzF_o-sLmg6w_-qnes7sO7M0WuJeByRc7KPOpo1ATO2zVp52jw-kJQ,/store/apps/details?id=com.funlab.hangman&reviewId=Z3A6QU9xcFRPSHYxZnBEdlhrZ3R0eWRNWHkta2RjVW1wSm1SekZfby1zTG1nNndfLXFuZXM3c083TTBXdUplQnlSYzdLUE9wbzFBVE8yelZwNTJqdy1rSlE,
54,https://lh3.googleusercontent.com/a-/AAuE7mCcbdp9PKaToZzcoylkVC6vjb-S7IDtere7RQ_J=w48-h48-p-rw, 许팅팅 ,4,com.funlab.hangman,"  After updating, can't type the letter 'i', fail to pass levels because of this. There is an 'i' in the answer but when I type, it says I made a wrong guess...  ","September 23, 2017",gp:AOqpTOE1TSKPjQpIxWsK_w2724SLxzADYTaG7eiKTW22IseGA89943Z4FTQE7D_6b7CCuAwPwrqli9yGnLFrMA,/store/apps/details?id=com.funlab.hangman&reviewId=Z3A6QU9xcFRPRTFUU0tQalFwSXhXc0tfdzI3MjRTTHh6QURZVGFHN2VpS1RXMjJJc2VHQTg5OTQzWjRGVFFFN0RfNmI3Q0N1QXdQd3JxbGk5eUduTEZyTUE,
55,https://lh3.googleusercontent.com/a-/AAuE7mCFa4w9wZoVu7nmH7SilPp05Qcw5JE-TQTO7iz3qA=w48-h48-p-rw, Preeti N ,3,com.funlab.hangman,"  There is a bug.  I have played many times. Now when there is 'I'  in the word,  it is not taking and ultimately failing that level where in the answer,  it is written small 'i'.  For example,  if the word is TICKET, it doesn't accept 'I'  and ultimately showing the answer as TiCKET (small i). Hope you are getting what I am trying to say.  ","September 26, 2017",gp:AOqpTOGwbUNZ3ENoCKeRWiISsY-yPt_mik8Z_3_Qy0rAg3a5P69Eq2tASbAQUEHuCDgEygMmSdJQ6ZKVeFreiw,/store/apps/details?id=com.funlab.hangman&reviewId=Z3A6QU9xcFRPR3diVU5aM0VOb0NLZVJXaUlTc1kteVB0X21pazhaXzNfUXkwckFnM2E1UDY5RXEydEFTYkFRVUVIdUNEZ0V5Z01tU2RKUTZaS1ZlRnJlaXc,
56,https://lh3.googleusercontent.com/a-/AAuE7mBLCWWlbLz4k4fsDyxdLbr9F3AUpbWsB3pdDoIZcA=w48-h48-p-rw, ezhil vendhan ,1,com.funlab.hangman,  Even if I know the last letter I am unable to select it to finish the puzzle. It took 150 points to finish the last letter  ,"September 29, 2017",gp:AOqpTOGNFwXVnxcUgMiIbEnHwxf0qEtxl2LIwg40zhbHtergd_U45Ujlu9k_iagl0lMywNzGYbG6GvaMuYGRyg,/store/apps/details?id=com.funlab.hangman&reviewId=Z3A6QU9xcFRPR05Gd1hWbnhjVWdNaUliRW5Id3hmMHFFdHhsMkxJd2c0MHpoYkh0ZXJnZF9VNDVVamx1OWtfaWFnbDBsTXl3TnpHWWJHNkd2YU11WUdSeWc,
57,https://lh4.googleusercontent.com/--W1slk6J5u0/AAAAAAAAAAI/AAAAAAAAAAA/ACHi3rePeVK4fGABBml7UVVOseHLNmjhHw/w48-h48-p-rw/photo.jpg, Sam Kj ,3,com.funlab.hangman,  Very wierd. If u need to use a letter twice u will always lose!  ,"September 23, 2017",gp:AOqpTOEP81520xzq26Lv3D2l1-Tlccc-P8DTSnkn5HVX34iSKxmZv8ld5W1U7HiP2Z8U9IyoflDwLP3LC-DW4g,/store/apps/details?id=com.funlab.hangman&reviewId=Z3A6QU9xcFRPRVA4MTUyMHh6cTI2THYzRDJsMS1UbGNjYy1QOERUU25rbjVIVlgzNGlTS3htWnY4bGQ1VzFVN0hpUDJaOFU5SXlvZmxEd0xQM0xDLURXNGc,
58,https://lh3.googleusercontent.com/-1HdfkGvCIB8/AAAAAAAAAAI/AAAAAAAAAAA/ACHi3reH8U_rhE2xMbM-YyWTT7FNHazhQA/w48-h48-p-rw/photo.jpg, liesa EA ,1,com.funlab.hangman,"  ""I"" wont show even if already press it,so even if you know the answer you still lose.  ","September 25, 2017",gp:AOqpTOGPtjBWCX6ZjwbZn8hooRClQ49qFsoq0v1EBO-up2lSAL8RnNdiDNtAJOtcbbUQixIvDcAW_pyTOcNwdw,/store/apps/details?id=com.funlab.hangman&reviewId=Z3A6QU9xcFRPR1B0akJXQ1g2Wmp3YlpuOGhvb1JDbFE0OXFGc29xMHYxRUJPLXVwMmxTQUw4Um5OZGlETnRBSk90Y2JiVVFpeEl2RGNBV19weVRPY053ZHc,
59,https://lh3.googleusercontent.com/a-/AAuE7mBCg7d86cgvS1S3cdTWxBEBmgfAElFjgXsYSbo5mA=w48-h48-p-rw, Kimberly Keeton ,1,com.funlab.hangman,  One two separate puzzles there was only one letter left and we we're no able to select it as it was highlighted in blue as unavailable.  ,"September 24, 2017",gp:AOqpTOFJLN0kdjVRb0WgE1PC2i8DFezFg4h2lRZ8EnhE1bbStHQqaQtBhh9blmyLaOxI-wKsW3GzaQ8PrS9hiA,/store/apps/details?id=com.funlab.hangman&reviewId=Z3A6QU9xcFRPRkpMTjBrZGpWUmIwV2dFMVBDMmk4REZlekZnNGgybFJaOEVuaEUxYmJTdEhRcWFRdEJoaDlibG15TGFPeEktd0tzVzNHemFROFByUzloaUE,
60,https://lh3.googleusercontent.com/a-/AAuE7mBYiNZUWGTAy0XpQKdBZuErGFevlwmD2wLkiHb5wQ=w48-h48-p-rw, Steffan Clark ,2,com.funlab.hangman,  The letter i does not work. Please fix  ,"September 26, 2017",gp:AOqpTOGVCDRfKkLUkqSiwDdmbm3dvap41CrHxDcdORd_ku4Srn9iSIgjnhd8881Ysnca1CHuFkCFibaQ7fzW-g,/store/apps/details?id=com.funlab.hangman&reviewId=Z3A6QU9xcFRPR1ZDRFJmS2tMVWtxU2l3RGRtYm0zZHZhcDQxQ3JIeERjZE9SZF9rdTRTcm45aVNJZ2puaGQ4ODgxWXNuY2ExQ0h1RmtDRmliYVE3ZnpXLWc,
61,https://lh5.googleusercontent.com/-6XV-2rJQoYM/AAAAAAAAAAI/AAAAAAAAAAA/ACHi3rdZZ-ttef8Z4btuRDOd5uSejUUKRw/w48-h48-p-rw/photo.jpg, Christine Holt ,2,com.funlab.hangman,  New version is awful. I shall delete it!  ,"September 24, 2017",gp:AOqpTOGQxO6B4BFYy97--OCkdJtx6lR2BzItAcdy-vWy7b7KsfVfXaLL1n4L-uZtipAfIy6WATiHqnSe0prBxg,/store/apps/details?id=com.funlab.hangman&reviewId=Z3A6QU9xcFRPR1F4TzZCNEJGWXk5Ny0tT0NrZEp0eDZsUjJCekl0QWNkeS12V3k3YjdLc2ZWZlhhTEwxbjRMLXVadGlwQWZJeTZXQVRpSHFuU2UwcHJCeGc,
62,https://lh3.googleusercontent.com/a-/AAuE7mB4Jvdfsb0IN2GsazVgl772eNiyz6VEDc9b5IDyZQ=w48-h48-p-rw, Tiffany Manning ,1,com.funlab.hangman,  First puzzle Polo Shirt... I clicked I and it drew some of the hangman picture... smh  ,"September 23, 2017",gp:AOqpTOEb1R_gcSl7nR7uqaif2-J6gUMdDQY2QUEZcaYaKRAsNTnyXiUqQKs5VO7FwVhstw4e_MIxuGYC3POPbw,/store/apps/details?id=com.funlab.hangman&reviewId=Z3A6QU9xcFRPRWIxUl9nY1NsN25SN3VxYWlmMi1KNmdVTWREUVkyUVVFWmNhWWFLUkFzTlRueVhpVXFRS3M1Vk83RndWaHN0dzRlX01JeHVHWUMzUE9QYnc,
63,https://lh4.googleusercontent.com/-Rp8VF1omtfw/AAAAAAAAAAI/AAAAAAAAAAA/ACHi3rcoZXHUVtps4is-keLdm8cYdrBkkA/w48-h48-p-rw/photo.jpg, Pam Marshall ,5,com.funlab.hangman,  The letter I was not fixed it will not except it sorry other than that it's alright  ,"September 26, 2017",gp:AOqpTOHdy06SKyGDOn9J8U9TOHbl01gIYva0wpSaqylk5hleOdJFYhoP-Ke8tr4S9pvQ1OzNjKnLw7rN1jXqeA,/store/apps/details?id=com.funlab.hangman&reviewId=Z3A6QU9xcFRPSGR5MDZTS3lHRE9uOUo4VTlUT0hibDAxZ0lZdmEwd3BTYXF5bGs1aGxlT2RKRllob1AtS2U4dHI0UzlwdlExT3pOaktuTHc3ck4xalhxZUE,
64,https://lh4.googleusercontent.com/-rL6Cc5vrVpY/AAAAAAAAAAI/AAAAAAAAAAA/ACHi3rfEyr3CgoHnBwKjSvNi6UJJEwIQpA/w48-h48-p-rw/photo.jpg, VIKRAM BHAT ,1,com.funlab.hangman,"  Letter ""i"" doesn't work  ","September 25, 2017",gp:AOqpTOGV5S7s2575I5oOa9yzE5sVM_PePAaMaD7k8m9aA3ZmQHDNaMOihMXRkvVztkgGyITQRGJnp8puXBh3-g,/store/apps/details?id=com.funlab.hangman&reviewId=Z3A6QU9xcFRPR1Y1UzdzMjU3NUk1b09hOXl6RTVzVk1fUGVQQWFNYUQ3azhtOWFBM1ptUUhETmFNT2loTVhSa3ZWenRrZ0d5SVRRUkdKbnA4cHVYQmgzLWc,
65,https://lh4.googleusercontent.com/-_lDPk6aXxk0/AAAAAAAAAAI/AAAAAAAAAAA/YzFz78WeMBE/w48-h48-p-rw/photo.jpg, ,5,com.funlab.hangman,"  Love this game! Love that I can change categories, love that I win a hint each time I win a puzzle. But if you change categories it should keep your score but it doesn't. That's a pity.  Especially as you lose your score when you leave the game. Perhaps you could fix that?? Please?  ","June 23, 2017",gp:AOqpTOFGWqK2Mpk9uu6Z2mrLnLHWlY29cU92A8wIvIr51EYvbqr_aJVNKtDKwCBDLUgYwpclkYrIgkvxjQQkOQ,/store/apps/details?id=com.funlab.hangman&reviewId=Z3A6QU9xcFRPRkdXcUsyTXBrOXV1NloybXJMbkxIV2xZMjljVTkyQTh3SXZJcjUxRVl2YnFyX2FKVk5LdERLd0NCRExVZ1l3cGNsa1lySWdrdnhqUVFrT1E,
66,https://lh3.googleusercontent.com/a-/AAuE7mBD4qt3usV_4PmbPuTdY9GT5JO4cCkHtwd5yCmC=w48-h48-p-rw, Silvana Shinakis ,1,com.funlab.hangman,  The game is fine. I've rated 1 star because it made a purchase through PayPal without my authority which cost me $13.99 for 200 hints. Very disappointed.  ,"June 25, 2017",gp:AOqpTOEGqhAdIyU_gBfSivpb3XlTPBZjzRjTtzjWvX342ufzj8f8Jhkmcp9CcTsQM-VCbEdn0UWOlHl_akcZtA,/store/apps/details?id=com.funlab.hangman&reviewId=Z3A6QU9xcFRPRUdxaEFkSXlVX2dCZlNpdnBiM1hsVFBCWmp6UmpUdHpqV3ZYMzQydWZ6ajhmOEpoa21jcDlDY1RzUU0tVkNiRWRuMFVXT2xIbF9ha2NadEE,
67,https://lh4.googleusercontent.com/-zOLdM9gM6Dk/AAAAAAAAAAI/AAAAAAAAAAA/1fzePDoOq1A/w48-h48-p-rw/photo.jpg, ,1,com.funlab.hangman,  No idea wht u r searching for...at least there shuld b any hint...there r thousand of words in a dictionary hw cn anyne mke a gues witout knowing wht he want us to fill up  ,"June 8, 2017",gp:AOqpTOEIgsJx2n-ttpkP24y-9YddF8xxUTeNBXQFihLKdA9I9UIxtBxFulXitnUwHrYZWBjagUT8EXOtjdKCag,/store/apps/details?id=com.funlab.hangman&reviewId=Z3A6QU9xcFRPRUlnc0p4Mm4tdHRwa1AyNHktOVlkZEY4eHhVVGVOQlhRRmloTEtkQTlJOVVJeHRCeEZ1bFhpdG5Vd0hyWVpXQmphZ1VUOEVYT3RqZEtDYWc,
68,https://lh6.googleusercontent.com/-ox6JZ3y6_0Q/AAAAAAAAAAI/AAAAAAAAAAA/ACHi3rf48l_4d1R5pcbycv6deYjGs7Sh3w/w48-h48-p-rw/photo.jpg, alyssa julianna ,2,com.funlab.hangman,  There should be at least some hints like wth you expect us to think of that particular word? There's thousands of English words and you're just targeting 1 with no hints? Bruh. Disliked it.  ,"August 26, 2017",gp:AOqpTOGl0h9rfOS13lYlze39twhqrNpxbLiFJogy6Q8xuBReBb1o9JTmyf3K6ptqPLTxiOdQzYFChm5ttVRXbg,/store/apps/details?id=com.funlab.hangman&reviewId=Z3A6QU9xcFRPR2wwaDlyZk9TMTNsWWx6ZTM5dHdocXJOcHhiTGlGSm9neTZROHh1QlJlQmIxbzlKVG15ZjNLNnB0cVBMVHhpT2RRellGQ2htNXR0VlJYYmc,
69,https://lh3.googleusercontent.com/a-/AAuE7mDCJZbnmIIJIf9gIdbur7xWQmN5HVzWtsaKTfmR=w48-h48-p-rw, ,1,com.funlab.hangman,  THIS IS SO BORING!! DONT WASTE UR TIME DOWNLOADING THIS APP!  ,"September 14, 2017",gp:AOqpTOGQJXnU2iKspLfh0LdUNw2fdcz6lAXOZjJigRiVgc01C1_FnXJmqM7kFOeQ86AfjThBZGXrVk2Er5cC9w,/store/apps/details?id=com.funlab.hangman&reviewId=Z3A6QU9xcFRPR1FKWG5VMmlLc3BMZmgwTGRVTncyZmRjejZsQVhPWmpKaWdSaVZnYzAxQzFfRm5YSm1xTTdrRk9lUTg2QWZqVGhCWkdYclZrMkVyNWNDOXc,
70,https://lh3.googleusercontent.com/-eyfPHqmfvYk/AAAAAAAAAAI/AAAAAAAAAAA/ACHi3rciSx_31JHywVDzyVKVs6WW4Q8xZA/w48-h48-p-rw/photo.jpg, Shannon Haynes ,5,com.funlab.hangman,"  Fun, quick game I can play anywhere. It keeps me from getting nervous while waiting at the doctor and such.  ","September 27, 2017",gp:AOqpTOHFixU0phCbD0nrSMkak49A_FeFDCAe5XX-tGZi9gSDHSRpOX-sKLQaWss9zu3L5EExz0ZGbDpF7uPhaQ,/store/apps/details?id=com.funlab.hangman&reviewId=Z3A6QU9xcFRPSEZpeFUwcGhDYkQwbnJTTWthazQ5QV9GZUZEQ0FlNVhYLXRHWmk5Z1NESFNScE9YLXNLTFFhV3NzOXp1M0w1RUV4ejBaR2JEcEY3dVBoYVE,
71,https://lh3.googleusercontent.com/a-/AAuE7mD9Aj26hcS9BxVTGH0mHGHlpPrx1LSAmguw58s-=w48-h48-p-rw, Sri Chakra ,1,com.funlab.hangman,  There's no clue as to how u can find out any word without any hint There must at least vowels to be shown  ,"June 30, 2017",gp:AOqpTOGT7gfbkUjPUN_9AI62bMiU4HZ_g4XoNpYtr1sv9T-yDeRfOAz487IvJeFrQwTvaDsTqiqEelxZ5aO8ZA,/store/apps/details?id=com.funlab.hangman&reviewId=Z3A6QU9xcFRPR1Q3Z2Zia1VqUFVOXzlBSTYyYk1pVTRIWl9nNFhvTnBZdHIxc3Y5VC15RGVSZk9BejQ4N0l2SmVGclF3VHZhRHNUcWlxRWVseFo1YU84WkE,
72,https://lh3.googleusercontent.com/a-/AAuE7mD1SPFrqMJuTOm3-EIrK7fP1fh4Kb0NkbDxdzvI=w48-h48-p-rw, Ayla Sutherland ,3,com.funlab.hangman,  This game is pretty boring but it's fun to pick different subjects. At least there's hints in the easy level  ,"July 8, 2017",gp:AOqpTOFQApIHmk5GpUTEarjInGYQx3EQ4Scji0IRmjiilHt_jXycyw6GHBpylIHvBtgP31U6YZ3YSotPx8qi7w,/store/apps/details?id=com.funlab.hangman&reviewId=Z3A6QU9xcFRPRlFBcElIbWs1R3BVVEVhcmpJbkdZUXgzRVE0U2NqaTBJUm1qaWlsSHRfalh5Y3l3NkdIQnB5bElIdkJ0Z1AzMVU2WVozWVNvdFB4OHFpN3c,
73,https://lh3.googleusercontent.com/a-/AAuE7mCwZPXH5DvypcctowPp_LC4qSsqz6ySJi3bkjrB=w48-h48-p-rw, ,4,com.funlab.hangman,  Quite good. Except there are no clues. Purely guess work  ,"June 17, 2017",gp:AOqpTOET5MpV7bJcUYL4os_RuqwdoNAKJkh65pfisRbOCv03_FUdAOMv9eLodOLSy0HLKLI7zE1SRlirqoKbCA,/store/apps/details?id=com.funlab.hangman&reviewId=Z3A6QU9xcFRPRVQ1TXBWN2JKY1VZTDRvc19SdXF3ZG9OQUtKa2g2NXBmaXNSYk9DdjAzX0ZVZEFPTXY5ZUxvZE9MU3kwSExLTEk3ekUxU1JsaXJxb0tiQ0E,
74,https://lh5.googleusercontent.com/-v8rJPj7nb_E/AAAAAAAAAAI/AAAAAAAAAAA/8GaGXsyCHQE/w48-h48-p-rw/photo.jpg, ,1,com.funlab.hangman,  No idea what to search for not even a hint or something foolishness:(  ,"July 24, 2017",gp:AOqpTOEOw4vs5YuI4JqciPFoCgYkB2MUn7Q446sf9qBvhUzM6fEEB-4eHWU-xHwPpkCL89DBERisaGUoHZXipg,/store/apps/details?id=com.funlab.hangman&reviewId=Z3A6QU9xcFRPRU93NHZzNVl1STRKcWNpUEZvQ2dZa0IyTVVuN1E0NDZzZjlxQnZoVXpNNmZFRUItNGVIV1UteEh3UHBrQ0w4OURCRVJpc2FHVW9IWlhpcGc,
75,https://lh3.googleusercontent.com/a-/AAuE7mDHM-QVJDClUzUcP198A6yIDYW2tBIMURY3APyf=w48-h48-p-rw, n my. ,5,com.funlab.hangman,  This is really a very nice and a kind of vocabulary improver. ...I love playing this game and I enjoy it. ..I always play this game with my mom....  ,"June 24, 2017",gp:AOqpTOGL4P4jclRQXK6imUi2HkWFklftOq23FIRlP_V0Y_Klvv33ElRZz5eFhlVRg182omijoNqXH5omNKgulw,/store/apps/details?id=com.funlab.hangman&reviewId=Z3A6QU9xcFRPR0w0UDRqY2xSUVhLNmltVWkySGtXRmtsZnRPcTIzRklSbFBfVjBZX0tsdnYzM0VsUlp6NWVGaGxWUmcxODJvbWlqb05xWEg1b21OS2d1bHc,
76,https://lh5.googleusercontent.com/-Zu3iRlzHc8s/AAAAAAAAAAI/AAAAAAAAAAA/ACHi3rcu7dX-kOmsmQN86W0dJiZNbFNy7g/w48-h48-p-rw/photo.jpg, Shannon Ledford ,5,com.funlab.hangman,"  It's a cute game, I loved playing with friends growing up!!  ","June 6, 2017",gp:AOqpTOEgEIzRCMFrktmxE0o1VjjluGoq2_hh23AXwSY8vYyM02om5wjX_c-vOMUx_KkSRKGG7SPZGc9q6gA4rw,/store/apps/details?id=com.funlab.hangman&reviewId=Z3A6QU9xcFRPRWdFSXpSQ01Gcmt0bXhFMG8xVmpqbHVHb3EyX2hoMjNBWHdTWTh2WXlNMDJvbTV3alhfYy12T01VeF9La1NSS0dHN1NQWkdjOXE2Z0E0cnc,
77,https://lh3.googleusercontent.com/-ueyLsKT0IF0/AAAAAAAAAAI/AAAAAAAAAAA/ACHi3rcokXsKD3C9FAUDpvuOrpG96NWWSQ/w48-h48-p-rw/photo.jpg, Nawal Khan ,4,com.funlab.hangman,  Its a nice game and took us in our childhood.. Please do add some fun or exciting levels in it.  ,"August 15, 2017",gp:AOqpTOGaK-ATBCWxzWcwhd8BlhJIH9_wXGNJjBolLcJuAq7IIJP2R5XVx7ce3UvYmyMa1ffsiax-pCsHh6n2Qw,/store/apps/details?id=com.funlab.hangman&reviewId=Z3A6QU9xcFRPR2FLLUFUQkNXeHpXY3doZDhCbGhKSUg5X3dYR05KakJvbExjSnVBcTdJSUpQMlI1WFZ4N2NlM1V2WW15TWExZmZzaWF4LXBDc0hoNm4yUXc,
78,https://lh4.googleusercontent.com/-uAXKSTvdykE/AAAAAAAAAAI/AAAAAAAAAAA/ACHi3rcCy0VjP1cgRbvK_S_sGecYQpVO9w/w48-h48-p-rw/photo.jpg, Kris Montgomery ,4,com.funlab.hangman,  Please use American English spelling.  I mean tyre for tire just does not do.  ,"June 11, 2017",gp:AOqpTOFXx0pc6fei8MtlDUgu5L4-hua91PXTxDxQS0t2X66qU19MwFs97VmSFJSgV7zFU1qFNYU_N2iDbw1n_A,/store/apps/details?id=com.funlab.hangman&reviewId=Z3A6QU9xcFRPRlh4MHBjNmZlaThNdGxEVWd1NUw0LWh1YTkxUFhUeER4UVMwdDJYNjZxVTE5TXdGczk3Vm1TRkpTZ1Y3ekZVMXFGTllVX04yaURidzFuX0E,
79,https://lh5.googleusercontent.com/-hgcPMNmjYTc/AAAAAAAAAAI/AAAAAAAAAAA/ebt4h54diLQ/w48-h48-p-rw/photo.jpg, ,1,com.funlab.hangman,  To hard weird words so dumb  ,"July 21, 2017",gp:AOqpTOHZoVDz1My4ECk3NzTSOq-aoHbkYk36gnK9q0HcQNZ_gEM40UyCJGQgp-k4NMaZ3KB_F5XlyWzevZhxiA,/store/apps/details?id=com.funlab.hangman&reviewId=Z3A6QU9xcFRPSFpvVkR6MU15NEVDazNOelRTT3EtYW9IYmtZazM2Z25LOXEwSGNRTlpfZ0VNNDBVeUNKR1FncC1rNE5NYVozS0JfRjVYbHlXemV2Wmh4aUE,
