,author_image,author_name,current_rating,rev_app_id,review_body,review_date,review_id,review_permalink,review_title
0,https://lh3.ggpht.com/EGemoI2NTXmTsBVtJqk8jxF9rh8ApRWfsIMQSt2uE4OcpQqbFu7f7NbTK05lx80nuSijCz7sc3a277R67g=w48-h48-p-rw, A Google User ,5,com.lego.legotv,  cool  ,"August 25, 2015",gp:AOqpTOEM2SWX0VKhMVoLFIFR_s0Djst_VlumE0PThcipL2cpWtrGYlbG-MK0_-sgJ79SRTf4hfKVqwAe87QNDw,/store/apps/details?id=com.lego.legotv&reviewId=Z3A6QU9xcFRPRU0yU1dYMFZLaE1Wb0xGSUZSX3MwRGpzdF9WbHVtRTBQVGhjaXBMMmNwV3RyR1lsYkctTUswXy1zZ0o3OVNSVGY0aGZLVnF3QWU4N1FORHc,lego TV
1,https://lh3.ggpht.com/EGemoI2NTXmTsBVtJqk8jxF9rh8ApRWfsIMQSt2uE4OcpQqbFu7f7NbTK05lx80nuSijCz7sc3a277R67g=w48-h48-p-rw, A Google User ,5,com.lego.legotv,  Little bit earlier but not the same way that you have a lot better tatty and you want for the mail today but it in your mouth get back into a good idea for a bit later and then I'll go home now that we know when I'm in my room now call the genre wars wiki uyyyyy version is thus it was just wondering where is that you want yo what's your email me if you're interested.If the adult a yes it does she know when you're ready and I am going home soon so much better your life typically the  just trying until uuuu  ,"August 1, 2015",gp:AOqpTOFUwG1uz8tTRwqD7_d4StY-qwNq4BRfk3sNjDHoeVInvAeraulSxL9ZbboGDfgvG44fWntbTq_YAuBuDQ,/store/apps/details?id=com.lego.legotv&reviewId=Z3A6QU9xcFRPRlV3RzF1ejh0VFJ3cUQ3X2Q0U3RZLXF3TnE0QlJmazNzTmpESG9lVkludkFlcmF1bFN4TDlaYmJvR0RmZ3ZHNDRmV250YlRxX1lBdUJ1RFE,Jazlynn Munoz
2,https://lh3.ggpht.com/EGemoI2NTXmTsBVtJqk8jxF9rh8ApRWfsIMQSt2uE4OcpQqbFu7f7NbTK05lx80nuSijCz7sc3a277R67g=w48-h48-p-rw, A Google User ,5,com.lego.legotv,  NEDDY  ,"September 11, 2015",gp:AOqpTOFPHBm6iDruyG5PepdG0MQlOyoBd5ZL8x2yAqBpteZGUAnZcHkbwLMJn7An_65ScE0n9I_Ci3bdCUdMDw,/store/apps/details?id=com.lego.legotv&reviewId=Z3A6QU9xcFRPRlBIQm02aURydXlHNVBlcGRHME1RbE95b0JkNVpMOHgyeUFxQnB0ZVpHVUFuWmNIa2J3TE1KbjdBbl82NVNjRTBuOUlfQ2kzYmRDVWRNRHc,
3,https://lh3.ggpht.com/EGemoI2NTXmTsBVtJqk8jxF9rh8ApRWfsIMQSt2uE4OcpQqbFu7f7NbTK05lx80nuSijCz7sc3a277R67g=w48-h48-p-rw, A Google User ,5,com.lego.legotv,  Like it  ,"September 13, 2015",gp:AOqpTOFLRbaQp_0AQ8A4HgN_FE1nbupciTW4er-pqP1ldxh6EGAvQ_lz_c-h6RlO0eB6myNHV4TMksbMizRDGg,/store/apps/details?id=com.lego.legotv&reviewId=Z3A6QU9xcFRPRkxSYmFRcF8wQVE4QTRIZ05fRkUxbmJ1cGNpVFc0ZXItcHFQMWxkeGg2RUdBdlFfbHpfYy1oNlJsTzBlQjZteU5IVjRUTWtzYk1pelJER2c,
4,https://lh3.ggpht.com/EGemoI2NTXmTsBVtJqk8jxF9rh8ApRWfsIMQSt2uE4OcpQqbFu7f7NbTK05lx80nuSijCz7sc3a277R67g=w48-h48-p-rw, A Google User ,5,com.lego.legotv,  It's great  ,"July 28, 2015",gp:AOqpTOG1Woo4Dkv8bVgqzMA0a-TXm19QYlPXtjNfArgnNzyy3pcdNyHN3RDtWfLgppm3OrsLhStHzzMa87MK3w,/store/apps/details?id=com.lego.legotv&reviewId=Z3A6QU9xcFRPRzFXb280RGt2OGJWZ3F6TUEwYS1UWG0xOVFZbFBYdGpOZkFyZ25Oenl5M3BjZE55SE4zUkR0V2ZMZ3BwbTNPcnNMaFN0SHp6TWE4N01LM3c,
5,https://lh3.ggpht.com/EGemoI2NTXmTsBVtJqk8jxF9rh8ApRWfsIMQSt2uE4OcpQqbFu7f7NbTK05lx80nuSijCz7sc3a277R67g=w48-h48-p-rw, A Google User ,4,com.lego.legotv,  Download it  ,"June 27, 2015",gp:AOqpTOHxvu-TSoMtxcaApbU3C9LsQ8wmY1SiigPJGwIkR4oDNVtK1ji_pBktoBrq92NxgQ6dqvRJXLtqOHV2kA,/store/apps/details?id=com.lego.legotv&reviewId=Z3A6QU9xcFRPSHh2dS1UU29NdHhjYUFwYlUzQzlMc1E4d21ZMVNpaWdQSkd3SWtSNG9ETlZ0SzFqaV9wQmt0b0JycTkyTnhnUTZkcXZSSlhMdHFPSFYya0E,Love it
6,https://lh3.ggpht.com/EGemoI2NTXmTsBVtJqk8jxF9rh8ApRWfsIMQSt2uE4OcpQqbFu7f7NbTK05lx80nuSijCz7sc3a277R67g=w48-h48-p-rw, A Google User ,5,com.lego.legotv,  Loved   it  ,"August 18, 2015",gp:AOqpTOE4mF2FTWyEEnOjPv3QJHoU8X2dYD6iev_8QK2mxT6M3nE_lGa6wcF3ItzzFS3mt0MjWOYo2O2SdZKM4g,/store/apps/details?id=com.lego.legotv&reviewId=Z3A6QU9xcFRPRTRtRjJGVFd5RUVuT2pQdjNRSkhvVThYMmRZRDZpZXZfOFFLMm14VDZNM25FX2xHYTZ3Y0YzSXR6ekZTM210ME1qV09ZbzJPMlNkWktNNGc,
7,https://lh3.ggpht.com/EGemoI2NTXmTsBVtJqk8jxF9rh8ApRWfsIMQSt2uE4OcpQqbFu7f7NbTK05lx80nuSijCz7sc3a277R67g=w48-h48-p-rw, A Google User ,4,com.lego.legotv,  Great  ,"August 9, 2015",gp:AOqpTOFC9K2sLNTpa5a_uG7D0RQ4QGwtqz10Om1qlovtri14tx9ebeKWCK3B8BVGVlbEEGxTub8QkNc_jGAvLw,/store/apps/details?id=com.lego.legotv&reviewId=Z3A6QU9xcFRPRkM5SzJzTE5UcGE1YV91RzdEMFJRNFFHd3RxejEwT20xcWxvdnRyaTE0dHg5ZWJlS1dDSzNCOEJWR1ZsYkVFR3hUdWI4UWtOY19qR0F2THc,
8,https://lh3.ggpht.com/EGemoI2NTXmTsBVtJqk8jxF9rh8ApRWfsIMQSt2uE4OcpQqbFu7f7NbTK05lx80nuSijCz7sc3a277R67g=w48-h48-p-rw, A Google User ,1,com.lego.legotv,  I'M Not GOING TO BUY THEM AT ALL!!!!!!! SO Don't Get it!!!!!!!!!!  ,"June 22, 2015",gp:AOqpTOHD5bLWE05pIiVabXU0R8_DUHiDbGjhj3OvGYfXqeX4Lxy8hHtpcQtCrfAHbdMVZrLU0fTl7wk0YP3hRg,/store/apps/details?id=com.lego.legotv&reviewId=Z3A6QU9xcFRPSEQ1YkxXRTA1cElpVmFiWFUwUjhfRFVIaURiR2poajNPdkdZZlhxZVg0THh5OGhIdHBjUXRDcmZBSGJkTVZackxVMGZUbDd3azBZUDNoUmc,??????????????????what?????????????OK!!!!!! You need to buy them for $ 99.00🚚😬😬
9,https://lh3.ggpht.com/EGemoI2NTXmTsBVtJqk8jxF9rh8ApRWfsIMQSt2uE4OcpQqbFu7f7NbTK05lx80nuSijCz7sc3a277R67g=w48-h48-p-rw, A Google User ,3,com.lego.legotv,"  Downloaded this in hopes that my son would be able to watch the Star Wars: Yoda Chronicle episodes.  However, it's just clips and trailers for the shows. Hoping they update soon with full episodes. I don't expect things like The Lego Movie, Lego Batman: The Movie, or anything. I understand they have to make money, but the free episodes on TV could be on here.  ","December 31, 2014",gp:AOqpTOHQyBMTdhVucLgyF5mykPD_piyhPuuaUTuvyiPU3eWK84e4PEl1x4D--_rWqRL4lMDjgEDJCBYTPH1gLg,/store/apps/details?id=com.lego.legotv&reviewId=Z3A6QU9xcFRPSFF5Qk1UZGhWdWNMZ3lGNW15a1BEX3BpeWhQdXVhVVR1dnlpUFUzZVdLODRlNFBFbDF4NEQtLV9yV3FSTDRsTURqZ0VESkNCWVRQSDFnTGc,"Not bad, not as advertised."
10,https://lh3.ggpht.com/EGemoI2NTXmTsBVtJqk8jxF9rh8ApRWfsIMQSt2uE4OcpQqbFu7f7NbTK05lx80nuSijCz7sc3a277R67g=w48-h48-p-rw, A Google User ,1,com.lego.legotv,  It   need's more Lego girls and I am 9  ,"April 2, 2015",gp:AOqpTOHUopC839xmg7O_sF9OstoTT_QLXh6HPIPNCvqnQkW0Si2Pr574kBVk5Gpmj605LWDGnr2sTQC0hzYKAQ,/store/apps/details?id=com.lego.legotv&reviewId=Z3A6QU9xcFRPSFVvcEM4Mzl4bWc3T19zRjlPc3RvVFRfUUxYaDZIUElQTkN2cW5Ra1cwU2kyUHI1NzRrQlZrNUdwbWo2MDVMV0RHbnIyc1RRQzBoellLQVE,Hated it
11,https://lh4.googleusercontent.com/-Sw9-aObAcx8/AAAAAAAAAAI/AAAAAAAAAAA/ACHi3resRZug-be2DuO91VMh4GThzArvCQ/w48-h48-p-rw/photo.jpg, Christin Mofield ,1,com.lego.legotv,  Used to work great but now nothing will play. Very disappointing!  ,"February 2, 2017",gp:AOqpTOF5fQm8Xu7_cDL-fmQ2b2pl_GOs_KBAht_2acbpN0HoRPcQ_s-DbgvswuH380Ykgs4QkXuqmKGBUZQg6w,/store/apps/details?id=com.lego.legotv&reviewId=Z3A6QU9xcFRPRjVmUW04WHU3X2NETC1mbVEyYjJwbF9HT3NfS0JBaHRfMmFjYnBOMEhvUlBjUV9zLURiZ3Zzd3VIMzgwWWtnczRRa1h1cW1LR0JVWlFnNnc,
12,https://lh3.ggpht.com/EGemoI2NTXmTsBVtJqk8jxF9rh8ApRWfsIMQSt2uE4OcpQqbFu7f7NbTK05lx80nuSijCz7sc3a277R67g=w48-h48-p-rw, A Google User ,1,com.lego.legotv,  Dis is so bad I can't watch full episodes in my car (I like to watch lego ninjago any episode) please fix and I will give 5 stars  ,"February 2, 2015",gp:AOqpTOG_tQgeRPq8CmcD3-HagS0B5rGTJpbtnlCrq51IT0R0_Bg9ib_a75P0PrP_je1hrUXBIG0VFQHibrsq_g,/store/apps/details?id=com.lego.legotv&reviewId=Z3A6QU9xcFRPR190UWdlUlBxOENtY0QzLUhhZ1MwQjVyR1RKcGJ0bmxDcnE1MUlUMFIwX0JnOWliX2E3NVAwUHJQX2plMWhyVVhCSUcwVkZRSGlicnNxX2c,Very bad
13,https://lh3.ggpht.com/EGemoI2NTXmTsBVtJqk8jxF9rh8ApRWfsIMQSt2uE4OcpQqbFu7f7NbTK05lx80nuSijCz7sc3a277R67g=w48-h48-p-rw, A Google User ,1,com.lego.legotv,  I really like ninjago but it is not on here just clips of shows if you put full episodes I will rate 5 stars  ,"April 30, 2015",gp:AOqpTOEvKbaz2DHdWHsN_1uuxyCpqo7Vl_QnP6rx3SmXtk6KG7TOYwAxs775M4RkGN5eEQVr88T2jBBd9W_k8g,/store/apps/details?id=com.lego.legotv&reviewId=Z3A6QU9xcFRPRXZLYmF6MkRIZFdIc05fMXV1eHlDcHFvN1ZsX1FuUDZyeDNTbVh0azZLRzdUT1l3QXhzNzc1TTRSa0dONWVFUVZyODhUMmpCQmQ5V19rOGc,
14,https://lh3.ggpht.com/EGemoI2NTXmTsBVtJqk8jxF9rh8ApRWfsIMQSt2uE4OcpQqbFu7f7NbTK05lx80nuSijCz7sc3a277R67g=w48-h48-p-rw, A Google User ,2,com.lego.legotv,  I Like This Application Only there are no full episodes I love ninjago so please update this and I will rate higher tnx  ,"January 4, 2015",gp:AOqpTOF9CSqUzFg23d1SlXmrwOE9ek3TlYgHmebPIpdEUUI_RFNWoyauZz2Fw89aoXPy-LnjTbOAwWSIxm89Mg,/store/apps/details?id=com.lego.legotv&reviewId=Z3A6QU9xcFRPRjlDU3FVekZnMjNkMVNsWG1yd09FOWVrM1RsWWdIbWViUElwZEVVVUlfUkZOV295YXVaejJGdzg5YW9YUHktTG5qVGJPQXdXU0l4bTg5TWc,GOOD BUT BAD
15,https://lh3.ggpht.com/EGemoI2NTXmTsBVtJqk8jxF9rh8ApRWfsIMQSt2uE4OcpQqbFu7f7NbTK05lx80nuSijCz7sc3a277R67g=w48-h48-p-rw, A Google User ,1,com.lego.legotv,  You cant even watch the full thing it is the WORST  ,"February 10, 2015",gp:AOqpTOHFkIpfe7fV4K3ZZGRf3UzXoi_EKmYiyJQL1urzk35YRb_oOhHlgsGPzKjV97acu48VC594EA2n4sbIcA,/store/apps/details?id=com.lego.legotv&reviewId=Z3A6QU9xcFRPSEZrSXBmZTdmVjRLM1paR1JmM1V6WG9pX0VLbVlpeUpRTDF1cnprMzVZUmJfb09oSGxnc0dQektqVjk3YWN1NDhWQzU5NEVBMm40c2JJY0E,WHY
16,https://lh3.ggpht.com/EGemoI2NTXmTsBVtJqk8jxF9rh8ApRWfsIMQSt2uE4OcpQqbFu7f7NbTK05lx80nuSijCz7sc3a277R67g=w48-h48-p-rw, A Google User ,1,com.lego.legotv,  WORST GAME EVERY  YEAR  ,"December 12, 2014",gp:AOqpTOFP4XTyy9Eqf8D93wKbvf_noVbnxmYhcoKIml0ggqhxpTrI5kxerTZ2M_6BYKov9f8oIcXxzSNTGUVDuw,/store/apps/details?id=com.lego.legotv&reviewId=Z3A6QU9xcFRPRlA0WFR5eTlFcWY4RDkzd0tidmZfbm9WYm54bVloY29LSW1sMGdncWh4cFRySTVreGVyVFoyTV82QllLb3Y5ZjhvSWNYeHpTTlRHVVZEdXc,Sukus
17,https://lh3.ggpht.com/EGemoI2NTXmTsBVtJqk8jxF9rh8ApRWfsIMQSt2uE4OcpQqbFu7f7NbTK05lx80nuSijCz7sc3a277R67g=w48-h48-p-rw, A Google User ,1,com.lego.legotv,  i cant do anything on it or see videos  ,"January 21, 2015",gp:AOqpTOEdcMuK-hhH29QvQDQJ_reof0IVSu0Cqll27oszQDnvVBrzjNwORtnSnouVq2vLCBuBLxvKqwZ5I-yB7w,/store/apps/details?id=com.lego.legotv&reviewId=Z3A6QU9xcFRPRWRjTXVLLWhoSDI5UXZRRFFKX3Jlb2YwSVZTdTBDcWxsMjdvc3pRRG52VkJyempOd09SdG5Tbm91VnEydkxDQnVCTHh2S3F3WjVJLXlCN3c,horrible
18,https://lh3.ggpht.com/EGemoI2NTXmTsBVtJqk8jxF9rh8ApRWfsIMQSt2uE4OcpQqbFu7f7NbTK05lx80nuSijCz7sc3a277R67g=w48-h48-p-rw, A Google User ,5,com.lego.legotv,  On this app I watch Lego friends movies I thort that  I t was a app on our school I pads where you make Lego movies but you can't  ,"April 3, 2015",gp:AOqpTOFVsOfkb521fRMJqMjLsw90IMiPbqMcdAuhBkxExmnq9e-3NecdqVnBgf1xOrnOiKlNgaP13kmzve2Q0w,/store/apps/details?id=com.lego.legotv&reviewId=Z3A6QU9xcFRPRlZzT2ZrYjUyMWZSTUpxTWpMc3c5MElNaVBicU1jZEF1aEJreEV4bW5xOWUtM05lY2RxVm5CZ2YxeE9ybk9pS2xOZ2FQMTNrbXp2ZTJRMHc,I am achaly a kid named Briar
19,https://lh3.ggpht.com/EGemoI2NTXmTsBVtJqk8jxF9rh8ApRWfsIMQSt2uE4OcpQqbFu7f7NbTK05lx80nuSijCz7sc3a277R67g=w48-h48-p-rw, A Google User ,4,com.lego.legotv,  Cool but needs more GIRL Legos.      Hint I am a girl who loves Lego friends👍  ,"December 24, 2014",gp:AOqpTOFC0GkT2cEZDRL63cQFUJCRPd5-q4SbyjYwoVD4ZCOKFZHWSG-pMJMLNEtrDbyhs-ey2LRWEurr-rnDKw,/store/apps/details?id=com.lego.legotv&reviewId=Z3A6QU9xcFRPRkMwR2tUMmNFWkRSTDYzY1FGVUpDUlBkNS1xNFNieWpZd29WRDRaQ09LRlpIV1NHLXBNSk1MTkV0ckRieWhzLWV5MkxSV0V1cnItcm5ES3c,Cool
20,https://lh3.ggpht.com/EGemoI2NTXmTsBVtJqk8jxF9rh8ApRWfsIMQSt2uE4OcpQqbFu7f7NbTK05lx80nuSijCz7sc3a277R67g=w48-h48-p-rw, A Google User ,5,com.lego.legotv,  Son love's it  ,"January 26, 2015",gp:AOqpTOGYg0IK6mleJ4ljvCLLijpE_6ZVwb2zyrdQI3CIqDChfJBGzymt3CXM83CYjIMVD93CkYv0f0C_uHCsLg,/store/apps/details?id=com.lego.legotv&reviewId=Z3A6QU9xcFRPR1lnMElLNm1sZUo0bGp2Q0xMaWpwRV82WlZ3YjJ6eXJkUUkzQ0lxRENoZkpCR3p5bXQzQ1hNODNDWWpJTVZEOTNDa1l2MGYwQ191SENzTGc,Lego tv
21,https://lh3.ggpht.com/EGemoI2NTXmTsBVtJqk8jxF9rh8ApRWfsIMQSt2uE4OcpQqbFu7f7NbTK05lx80nuSijCz7sc3a277R67g=w48-h48-p-rw, A Google User ,3,com.lego.legotv,  Plz update it  ,"February 1, 2015",gp:AOqpTOGcXkbeC6st8ligBUuSJEpzMTck4mBfsIyx-c-TjIrz-Xz7ook0I_BLngok5V5pJwumS4EiPb27NQGmew,/store/apps/details?id=com.lego.legotv&reviewId=Z3A6QU9xcFRPR2NYa2JlQzZzdDhsaWdCVXVTSkVwek1UY2s0bUJmc0l5eC1jLVRqSXJ6LVh6N29vazBJX0JMbmdvazVWNXBKd3VtUzRFaVBiMjdOUUdtZXc,Should put full episodes
22,https://lh3.ggpht.com/EGemoI2NTXmTsBVtJqk8jxF9rh8ApRWfsIMQSt2uE4OcpQqbFu7f7NbTK05lx80nuSijCz7sc3a277R67g=w48-h48-p-rw, A Google User ,5,com.lego.legotv,  The videos are awesome this time i spelt awesome right :-) but when i go on it it doesn't work :-(  ,"March 27, 2015",gp:AOqpTOHpeVq089JMJjsDLWMEJo-icg85TDeWzlb9xXUmKIfIbzKCl-099BZk747pnpFLibygr9pTC1xMWSJ7Tg,/store/apps/details?id=com.lego.legotv&reviewId=Z3A6QU9xcFRPSHBlVnEwODlKTUpqc0RMV01FSm8taWNnODVURGVXemxiOXhYVW1LSWZJYnpLQ2wtMDk5QlprNzQ3cG5wRkxpYnlncjlwVEMxeE1XU0o3VGc,I love watching the videos
23,https://lh3.ggpht.com/EGemoI2NTXmTsBVtJqk8jxF9rh8ApRWfsIMQSt2uE4OcpQqbFu7f7NbTK05lx80nuSijCz7sc3a277R67g=w48-h48-p-rw, A Google User ,1,com.lego.legotv,  Can only watch sports clips. No full episodes or movies.  ,"December 11, 2014",gp:AOqpTOGVfIuFUfYhhEqHM920OyhHpO_8pDvMH-6aWXGIpyLgNB3Y220OsfWdVQ6QwLFd7hsj830S3zrrpwMfPw,/store/apps/details?id=com.lego.legotv&reviewId=Z3A6QU9xcFRPR1ZmSXVGVWZZaGhFcUhNOTIwT3loSHBPXzhwRHZNSC02YVdYR0lweUxnTkIzWTIyME9zZldkVlE2UXdMRmQ3aHNqODMwUzN6cnJwd01mUHc,
24,https://lh3.ggpht.com/EGemoI2NTXmTsBVtJqk8jxF9rh8ApRWfsIMQSt2uE4OcpQqbFu7f7NbTK05lx80nuSijCz7sc3a277R67g=w48-h48-p-rw, A Google User ,1,com.lego.legotv,  I downloaded 10 movies another all were deleted don't download waste of time.  ,"March 23, 2015",gp:AOqpTOEmMaxHjtq-8gf1N7kIgR4kOV5gVI9RmRP5LQJWW8laOqESXB1Q4F-L4VSEhMuIxZQ9lcURKRJlYQgJAw,/store/apps/details?id=com.lego.legotv&reviewId=Z3A6QU9xcFRPRW1NYXhIanRxLThnZjFON2tJZ1I0a09WNWdWSTlSbVJQNUxRSldXOGxhT3FFU1hCMVE0Ri1MNFZTRWhNdUl4WlE5bGNVUktSSmxZUWdKQXc,Don't download
25,https://lh3.ggpht.com/EGemoI2NTXmTsBVtJqk8jxF9rh8ApRWfsIMQSt2uE4OcpQqbFu7f7NbTK05lx80nuSijCz7sc3a277R67g=w48-h48-p-rw, A Google User ,5,com.lego.legotv,  I like the Lego city because I'm a boy  ,"December 26, 2014",gp:AOqpTOEQZD5sYPoO8QYciST-iB9q6a4h-mSvkxg6C16RGfPOcd-d1ucDcZ3WC11Nr0vKKO3WfOCwd8VYPAIfpw,/store/apps/details?id=com.lego.legotv&reviewId=Z3A6QU9xcFRPRVFaRDVzWVBvTzhRWWNpU1QtaUI5cTZhNGgtbVN2a3hnNkMxNlJHZlBPY2QtZDF1Y0RjWjNXQzExTnIwdktLTzNXZk9Dd2Q4VllQQUlmcHc,
26,https://lh3.ggpht.com/EGemoI2NTXmTsBVtJqk8jxF9rh8ApRWfsIMQSt2uE4OcpQqbFu7f7NbTK05lx80nuSijCz7sc3a277R67g=w48-h48-p-rw, A Google User ,4,com.lego.legotv,"  It's pretty good, but it takes a long time for any new videos to come on the app.  ","April 19, 2015",gp:AOqpTOF7PoHh8X4mINBx1QIic9fnLnRZrSDpNmLn1Svss8i0-BKCUq_m2lbBw9nXWZ50SrV0MEuWsK04sZtKBw,/store/apps/details?id=com.lego.legotv&reviewId=Z3A6QU9xcFRPRjdQb0hoOFg0bUlOQngxUUlpYzlmbkxuUlpyU0RwTm1MbjFTdnNzOGkwLUJLQ1VxX20ybGJCdzluWFdaNTBTclYwTUV1V3NLMDRzWnRLQnc,Cool
27,https://lh3.ggpht.com/EGemoI2NTXmTsBVtJqk8jxF9rh8ApRWfsIMQSt2uE4OcpQqbFu7f7NbTK05lx80nuSijCz7sc3a277R67g=w48-h48-p-rw, A Google User ,1,com.lego.legotv,  Dum stuped and i am 8  ,"January 27, 2015",gp:AOqpTOHpG2Hqe9yiDCugDJNKmYKXdfZ8_pqyiSPSgrwAmLgBpABCBcq4XX_6crgGYnPNnspi2z8ETyPrCv5j7g,/store/apps/details?id=com.lego.legotv&reviewId=Z3A6QU9xcFRPSHBHMkhxZTl5aURDdWdESk5LbVlLWGRmWjhfcHF5aVNQU2dyd0FtTGdCcEFCQ0JjcTRYWF82Y3JnR1luUE5uc3BpMno4RVR5UHJDdjVqN2c,
28,https://lh3.ggpht.com/EGemoI2NTXmTsBVtJqk8jxF9rh8ApRWfsIMQSt2uE4OcpQqbFu7f7NbTK05lx80nuSijCz7sc3a277R67g=w48-h48-p-rw, A Google User ,5,com.lego.legotv,  I love  lego  ninjago episodes  I hope you can  watch some episodes  ,"January 4, 2015",gp:AOqpTOEL38cwEeGdeU2HufKShccdcaspsBxucrxxrvRAJOXzzisJCZAZKQJJ10aAUfE86YD31WmDynZjzC3nFw,/store/apps/details?id=com.lego.legotv&reviewId=Z3A6QU9xcFRPRUwzOGN3RWVHZGVVMkh1ZktTaGNjZGNhc3BzQnh1Y3J4eHJ2UkFKT1h6emlzSkNaQVpLUUpKMTBhQVVmRTg2WUQzMVdtRHluWmp6QzNuRnc,
29,https://lh3.ggpht.com/EGemoI2NTXmTsBVtJqk8jxF9rh8ApRWfsIMQSt2uE4OcpQqbFu7f7NbTK05lx80nuSijCz7sc3a277R67g=w48-h48-p-rw, A Google User ,5,com.lego.legotv,  Love it was good but I think it's just that the government has been in a few weeks ago  ,"March 5, 2015",gp:AOqpTOGfRH1p9QJ0rVlvlDq-Ibk2AatKUQSf1Ytg_kWGjhEnXYA1VKFIuLkFsZB8Zf6R_TYkanlYo-Qk5PZMlw,/store/apps/details?id=com.lego.legotv&reviewId=Z3A6QU9xcFRPR2ZSSDFwOVFKMHJWbHZsRHEtSWJrMkFhdEtVUVNmMVl0Z19rV0dqaEVuWFlBMVZLRkl1TGtGc1pCOFpmNlJfVFlrYW5sWW8tUWs1UFpNbHc,
30,https://lh3.ggpht.com/EGemoI2NTXmTsBVtJqk8jxF9rh8ApRWfsIMQSt2uE4OcpQqbFu7f7NbTK05lx80nuSijCz7sc3a277R67g=w48-h48-p-rw, A Google User ,1,com.lego.legotv,  It's just clips of episodes. Not what I expected from Lego  ,"May 25, 2015",gp:AOqpTOGR7cJg2YfWRn-J3u55xRNbgaU42WiKH7jGJpLbYZb7mDi7sj6WqY1h023QDg6FLJb1HHCLYK-mC9Wizw,/store/apps/details?id=com.lego.legotv&reviewId=Z3A6QU9xcFRPR1I3Y0pnMllmV1JuLUozdTU1eFJOYmdhVTQyV2lLSDdqR0pwTGJZWmI3bURpN3NqNldxWTFoMDIzUURnNkZMSmIxSEhDTFlLLW1DOVdpenc,
31,https://lh3.ggpht.com/EGemoI2NTXmTsBVtJqk8jxF9rh8ApRWfsIMQSt2uE4OcpQqbFu7f7NbTK05lx80nuSijCz7sc3a277R67g=w48-h48-p-rw, A Google User ,1,com.lego.legotv,  Lame fbgfbf  ,"May 3, 2015",gp:AOqpTOFyWUc3Wket-8MWxxZ315X8By1NWHn48vU4su8wJ-EyZ2oYM8BTCv8Zhhc42qaGu-BF9dVcGQolyiTYtA,/store/apps/details?id=com.lego.legotv&reviewId=Z3A6QU9xcFRPRnlXVWMzV2tldC04TVd4eFozMTVYOEJ5MU5XSG40OHZVNHN1OHdKLUV5WjJvWU04QlRDdjhaaGhjNDJxYUd1LUJGOWRWY0dRb2x5aVRZdEE,S*** man
32,https://lh3.ggpht.com/EGemoI2NTXmTsBVtJqk8jxF9rh8ApRWfsIMQSt2uE4OcpQqbFu7f7NbTK05lx80nuSijCz7sc3a277R67g=w48-h48-p-rw, A Google User ,5,com.lego.legotv,  Im depressed when lazers stop  ,"May 10, 2015",gp:AOqpTOF8AFcIW2nXd6smpMSn8h7kbHHxh5dOzgW-6KQU8WOXyLXR-VPdx86Gg2RgCzjLZ7fRxN-x9tJGwlrOpw,/store/apps/details?id=com.lego.legotv&reviewId=Z3A6QU9xcFRPRjhBRmNJVzJuWGQ2c21wTVNuOGg3a2JISHhoNWRPemdXLTZLUVU4V09YeUxYUi1WUGR4ODZHZzJSZ0N6akxaN2ZSeE4teDl0Skd3bHJPcHc,Boo!!!! More lazers!!!!
33,https://lh3.ggpht.com/EGemoI2NTXmTsBVtJqk8jxF9rh8ApRWfsIMQSt2uE4OcpQqbFu7f7NbTK05lx80nuSijCz7sc3a277R67g=w48-h48-p-rw, A Google User ,5,com.lego.legotv,  It's the best game ever!  ,"March 31, 2015",gp:AOqpTOF133JmdxccsppB8yBnxFzS4rdYXkpAJLquxshMVKLfH6ZRVmKijsJQRzuKUnYW8MKJ08_8iBOxs_lM9A,/store/apps/details?id=com.lego.legotv&reviewId=Z3A6QU9xcFRPRjEzM0ptZHhjY3NwcEI4eUJueEZ6UzRyZFlYa3BBSkxxdXhzaE1WS0xmSDZaUlZtS2lqc0pRUnp1S1VuWVc4TUtKMDhfOGlCT3hzX2xNOUE,Love it
34,https://lh3.ggpht.com/EGemoI2NTXmTsBVtJqk8jxF9rh8ApRWfsIMQSt2uE4OcpQqbFu7f7NbTK05lx80nuSijCz7sc3a277R67g=w48-h48-p-rw, A Google User ,5,com.lego.legotv,  Dante Rios  ,"March 28, 2015",gp:AOqpTOETSj8nUgaXunVUvoDL6Uegb4H4lznhRP_s0eqKntMvzOCOKodor_hMR5I6PuRLbiw-BTXXh0czNDi_xQ,/store/apps/details?id=com.lego.legotv&reviewId=Z3A6QU9xcFRPRVRTajhuVWdhWHVuVlV2b0RMNlVlZ2I0SDRsem5oUlBfczBlcUtudE12ek9DT0tvZG9yX2hNUjVJNlB1UkxiaXctQlRYWGgwY3pORGlfeFE,The Lego city movie theater
35,https://lh3.ggpht.com/EGemoI2NTXmTsBVtJqk8jxF9rh8ApRWfsIMQSt2uE4OcpQqbFu7f7NbTK05lx80nuSijCz7sc3a277R67g=w48-h48-p-rw, A Google User ,1,com.lego.legotv,  Doesn't let u watch anything  ,"May 31, 2015",gp:AOqpTOGTAjfpG49s1uL4XIqWg5gKN0lkI0X15RbqYA77oAX9hhJoSzT6O3GK7jaS023y1jtFiXEVMcgMLYraXA,/store/apps/details?id=com.lego.legotv&reviewId=Z3A6QU9xcFRPR1RBamZwRzQ5czF1TDRYSXFXZzVnS04wbGtJMFgxNVJicVlBNzdvQVg5aGhKb1N6VDZPM0dLN2phUzAyM3kxanRGaVhFVk1jZ01MWXJhWEE,A lie
36,https://lh3.ggpht.com/EGemoI2NTXmTsBVtJqk8jxF9rh8ApRWfsIMQSt2uE4OcpQqbFu7f7NbTK05lx80nuSijCz7sc3a277R67g=w48-h48-p-rw, A Google User ,5,com.lego.legotv,"  Love it, but add more girl clips I'm a girl who is 9 years old.....so please  ","April 8, 2015",gp:AOqpTOGCIV7jWSYJUEeM-lCfTFvx3MGsupiOXZCmmv2wrTjwKDiI3mdo2exMeZOIcR72eHsgIAYLsGojLOcUrQ,/store/apps/details?id=com.lego.legotv&reviewId=Z3A6QU9xcFRPR0NJVjdqV1NZSlVFZU0tbENmVEZ2eDNNR3N1cGlPWFpDbW12MndyVGp3S0RpSTNtZG8yZXhNZVpPSWNSNzJlSHNnSUFZTHNHb2pMT2NVclE,"Love it ,but...."
37,https://lh3.ggpht.com/EGemoI2NTXmTsBVtJqk8jxF9rh8ApRWfsIMQSt2uE4OcpQqbFu7f7NbTK05lx80nuSijCz7sc3a277R67g=w48-h48-p-rw, A Google User ,3,com.lego.legotv,  It is very slow  ,"June 5, 2015",gp:AOqpTOGmPWPfsnA6qGbC3jI41NrUsdJw2Vw1GhJc_rbVErrAsmxdiQH1uXLChUCqPIXUmwhISuuxqiK6XUbUPA,/store/apps/details?id=com.lego.legotv&reviewId=Z3A6QU9xcFRPR21QV1Bmc25BNnFHYkMzakk0MU5yVXNkSncyVncxR2hKY19yYlZFcnJBc214ZGlRSDF1WExDaFVDcVBJWFVtd2hJU3V1eHFpSzZYVWJVUEE,
38,https://lh3.ggpht.com/EGemoI2NTXmTsBVtJqk8jxF9rh8ApRWfsIMQSt2uE4OcpQqbFu7f7NbTK05lx80nuSijCz7sc3a277R67g=w48-h48-p-rw, A Google User ,5,com.lego.legotv,"  The best lego app ever, I love lego an this is a great app for people who love lego  ","February 6, 2015",gp:AOqpTOFY8axKSIcpJUAjUpaMLP-W6-KyBwb1lcHVSK53PyoDAt7UoqTTxPGizwdvz824mLwH_3_mWyc5Y4GC9A,/store/apps/details?id=com.lego.legotv&reviewId=Z3A6QU9xcFRPRlk4YXhLU0ljcEpVQWpVcGFNTFAtVzYtS3lCd2IxbGNIVlNLNTNQeW9EQXQ3VW9xVFR4UEdpendkdno4MjRtTHdIXzNfbVd5YzVZNEdDOUE,Great lego app
39,https://lh3.ggpht.com/EGemoI2NTXmTsBVtJqk8jxF9rh8ApRWfsIMQSt2uE4OcpQqbFu7f7NbTK05lx80nuSijCz7sc3a277R67g=w48-h48-p-rw, A Google User ,5,com.lego.legotv,  I very 2 it😇  ,"April 25, 2015",gp:AOqpTOHTVyhL9Jjruji47WIeXTrGH639nVQwGsEN5tNOW6-eY0NBVWCL5DafIqtEGmXD7-q-UFeAscjrToNUWw,/store/apps/details?id=com.lego.legotv&reviewId=Z3A6QU9xcFRPSFRWeWhMOUpqcnVqaTQ3V0llWFRyR0g2MzluVlF3R3NFTjV0Tk9XNi1lWTBOQlZXQ0w1RGFmSXF0RUdtWEQ3LXEtVUZlQXNjanJUb05VV3c,
