,author_image,author_name,current_rating,rev_app_id,review_body,review_date,review_id,review_permalink,review_title
0,https://lh4.googleusercontent.com/-sVnweUICnKA/AAAAAAAAAAI/AAAAAAAAAAA/KdsfT2CzlAc/w48-h48-p-rw/photo.jpg, ,2,com.lcmobilapp.trickytesttob,  It's  boring  ,"October 28, 2017",gp:AOqpTOHcsshUVMk4ANGCnUozEC0lAkrEJsZvPcWJib7gokFrt0Tc6miwngP0lKCHwg8ntOQRn2JjXls-THRkmg,/store/apps/details?id=com.lcmobilapp.trickytesttob&reviewId=Z3A6QU9xcFRPSGNzc2hVVk1rNEFOR0NuVW96RUMwbEFrckVKc1p2UGNXSmliN2dva0ZydDBUYzZtaXduZ1AwbEtDSHdnOG50T1FSbjJKalhscy1USFJrbWc,
1,https://lh4.googleusercontent.com/-NeteQOiSdzg/AAAAAAAAAAI/AAAAAAAAAAA/ACHi3reV2N_bepnBDd5nkgsxylpX-BQf9Q/w48-h48-p-rw/photo.jpg, Stormie Barnett ,4,com.lcmobilapp.trickytesttob,  This so cool it is test that will make  you  think  ,"December 9, 2017",gp:AOqpTOHSJwk3hziqnbm9O5fu3Gjg0uSYt-YukqDyi6yhDymA5TM535IBIBp4SBxZnBxp2-67OTdTPaeIKOW2YQ,/store/apps/details?id=com.lcmobilapp.trickytesttob&reviewId=Z3A6QU9xcFRPSFNKd2szaHppcW5ibTlPNWZ1M0dqZzB1U1l0LVl1a3FEeWk2eWhEeW1BNVRNNTM1SUJJQnA0U0J4Wm5CeHAyLTY3T1RkVFBhZUlLT1cyWVE,
2,https://lh3.googleusercontent.com/-PWWJrC-ZJ28/AAAAAAAAAAI/AAAAAAAAAAA/f62EIB4gb4s/w48-h48-p-rw/photo.jpg, ,1,com.lcmobilapp.trickytesttob,  To many ad's  ,"February 9, 2018",gp:AOqpTOEex1TTGLAK8LymtLcYWbxQ_h0LMGZK8Sq9vot3GRRHG0tRAFYErI8WgQz1U3y3x3VZ9D683bN_xIv7sA,/store/apps/details?id=com.lcmobilapp.trickytesttob&reviewId=Z3A6QU9xcFRPRWV4MVRUR0xBSzhMeW10TGNZV2J4UV9oMExNR1pLOFNxOXZvdDNHUlJIRzB0UkFGWUVySThXZ1F6MVUzeTN4M1ZaOUQ2ODNiTl94SXY3c0E,
3,https://lh3.googleusercontent.com/-VoiAH4MdN3s/AAAAAAAAAAI/AAAAAAAAAAA/ACHi3rciQagu2SSVE4sjmQ1ePYq-0QNwCA/w48-h48-p-rw/photo.jpg, Marissa Cantu ,1,com.lcmobilapp.trickytesttob,  To many ads.. OMG  ,"November 14, 2017",gp:AOqpTOF8xHmsN46G0KBGBQJgvxrpbb-whxOKrdnHsfp3Rv4vLgqgOjsho7WW7laTTUBO9cjUeVPGDFT-5mEdEQ,/store/apps/details?id=com.lcmobilapp.trickytesttob&reviewId=Z3A6QU9xcFRPRjh4SG1zTjQ2RzBLQkdCUUpndnhycGJiLXdoeE9LcmRuSHNmcDNSdjR2TGdxZ09qc2hvN1dXN2xhVFRVQk85Y2pVZVZQR0RGVC01bUVkRVE,
4,https://lh6.googleusercontent.com/-8ZhNgbUbhTw/AAAAAAAAAAI/AAAAAAAAAAA/ACHi3rdSidOPFt6JXxdCrpDRVCVsCkmUlA/w48-h48-p-rw/photo.jpg, caleb challenges with friends savlege ,1,com.lcmobilapp.trickytesttob,  This suck DICK  ,"October 11, 2017",gp:AOqpTOEbKCG89FeQoAfTra_KQ4MNmQ4IM8JAedPj4023qzB82UR34OHAmxzPD3ZUsp6gHR7uV6w7Z4Sn2X-__Q,/store/apps/details?id=com.lcmobilapp.trickytesttob&reviewId=Z3A6QU9xcFRPRWJLQ0c4OUZlUW9BZlRyYV9LUTRNTm1RNElNOEpBZWRQajQwMjNxekI4MlVSMzRPSEFteHpQRDNaVXNwNmdIUjd1VjZ3N1o0U24yWC1fX1E,
5,https://lh3.googleusercontent.com/a-/AAuE7mBCSCkeEFlvUiW-pTO2qJ_RwKSjBKlG1lN695yVcg=w48-h48-p-rw, leema rose ,5,com.lcmobilapp.trickytesttob,  Very inteligious game  ,"November 17, 2017",gp:AOqpTOH6lH1Tg_r2YVMJ7j7rav5VNmHlClVXjdl4r4PeNsFTwrB5QUa63tmFBLpdfJd1OraHW4u2BdfLgCE5hg,/store/apps/details?id=com.lcmobilapp.trickytesttob&reviewId=Z3A6QU9xcFRPSDZsSDFUZ19yMllWTUo3ajdyYXY1Vk5tSGxDbFZYamRsNHI0UGVOc0ZUd3JCNVFVYTYzdG1GQkxwZGZKZDFPcmFIVzR1MkJkZkxnQ0U1aGc,
6,https://lh4.googleusercontent.com/-9WW5oXR6gAU/AAAAAAAAAAI/AAAAAAAAAAA/ACHi3rfnQqnd8QylIBkepT6qiDA-vQheZQ/w48-h48-p-rw/photo.jpg, Lisa Hills ,1,com.lcmobilapp.trickytesttob,  Too many ads  ,"January 4, 2018",gp:AOqpTOFroSbLr1rRIxZQKAzC8kXE2xBsB_P2ajR3QlwRVn3JLvRhWwvFw-MdE-h7x_ETrcePo4mr6I6YzO65FA,/store/apps/details?id=com.lcmobilapp.trickytesttob&reviewId=Z3A6QU9xcFRPRnJvU2JMcjFyUkl4WlFLQXpDOGtYRTJ4QnNCX1AyYWpSM1Fsd1JWbjNKTHZSaFd3dkZ3LU1kRS1oN3hfRVRyY2VQbzRtcjZJNll6TzY1RkE,
7,https://lh3.googleusercontent.com/-6DU8qI10Pl0/AAAAAAAAAAI/AAAAAAAAAAA/ACHi3rcPAkuCrJ-eQDHTTVNcuefgNs1XUQ/w48-h48-p-rw/photo.jpg, Ryeleigh Mccarthy ,1,com.lcmobilapp.trickytesttob,  Too many ads  ,"February 5, 2018",gp:AOqpTOEEhQwbeuOUg6sKWw50JiLkgME-OqAeRLnrKMsSuPG_Z_MmFie5HHAcxLNnEakDlodR5A8JW0t9_5A-9g,/store/apps/details?id=com.lcmobilapp.trickytesttob&reviewId=Z3A6QU9xcFRPRUVoUXdiZXVPVWc2c0tXdzUwSmlMa2dNRS1PcUFlUkxucktNc1N1UEdfWl9NbUZpZTVISEFjeExObkVha0Rsb2RSNUE4SlcwdDlfNUEtOWc,
8,https://lh3.googleusercontent.com/-ag90d1f7fqU/AAAAAAAAAAI/AAAAAAAAAAA/aYWAw_aTnWI/w48-h48-p-rw/photo.jpg, ,5,com.lcmobilapp.trickytesttob,  too many ads  ,"February 12, 2018",gp:AOqpTOE48APwWLwUeYDup-UedYxkKhef7cP9cS1Y60Q2UQaG1_kfBFQkC1a0UdYxHEfPqQ2f3W_KQgIRqJrwSA,/store/apps/details?id=com.lcmobilapp.trickytesttob&reviewId=Z3A6QU9xcFRPRTQ4QVB3V0x3VWVZRHVwLVVlZFl4a0toZWY3Y1A5Y1MxWTYwUTJVUWFHMV9rZkJGUWtDMWEwVWRZeEhFZlBxUTJmM1dfS1FnSVJxSnJ3U0E,
9,https://lh5.googleusercontent.com/-zrLaZTDfeVE/AAAAAAAAAAI/AAAAAAAAAAA/sW5Yh1TwztE/w48-h48-p-rw/photo.jpg, ,5,com.lcmobilapp.trickytesttob,  This game is epic  ,"December 6, 2017",gp:AOqpTOEb_7HYmpfAXhbMOA_2zdzehVXTJil9-t5_2IO5lgL4l6el4DJSECnCfxwjQy0qInVJoa0t_CYJczyefQ,/store/apps/details?id=com.lcmobilapp.trickytesttob&reviewId=Z3A6QU9xcFRPRWJfN0hZbXBmQVhoYk1PQV8yemR6ZWhWWFRKaWw5LXQ1XzJJTzVsZ0w0bDZlbDRESlNFQ25DZnh3alF5MHFJblZKb2EwdF9DWUpjenllZlE,
10,https://lh3.googleusercontent.com/a-/AAuE7mDtVSATDVUCmdvahM5r4pqpsH7n96giB9WxKIgd=w48-h48-p-rw, Bella the bestest ,3,com.lcmobilapp.trickytesttob,  TOO MANY ADS  ,"November 3, 2017",gp:AOqpTOF-wgUV4I_eFnn6dmIOSVB-YY6HXPH8rRcWDLGDyM4Vmi7iWkaDc_0i1w6IfepKzbnccdxW-b7JibOjHQ,/store/apps/details?id=com.lcmobilapp.trickytesttob&reviewId=Z3A6QU9xcFRPRi13Z1VWNElfZUZubjZkbUlPU1ZCLVlZNkhYUEg4clJjV0RMR0R5TTRWbWk3aVdrYURjXzBpMXc2SWZlcEt6Ym5jY2R4Vy1iN0ppYk9qSFE,
11,https://lh3.googleusercontent.com/a-/AAuE7mCW7NoHxtcb2Xy7uQrzWz96lgpmRR7xNPlFcT4SPA=w48-h48-p-rw, Jatin Chaudhary ,5,com.lcmobilapp.trickytesttob,  interseting games for kid  ,"December 18, 2017",gp:AOqpTOFT1erSpzPWKZ2Nwk5Gfuoua4z9EUiO0fDxxnhOWKWy3dG0Impb12aXtJ6xx_JCFKk3YF8HPHP2WXqIuA,/store/apps/details?id=com.lcmobilapp.trickytesttob&reviewId=Z3A6QU9xcFRPRlQxZXJTcHpQV0taMk53azVHZnVvdWE0ejlFVWlPMGZEeHhuaE9XS1d5M2RHMEltcGIxMmFYdEo2eHhfSkNGS2szWUY4SFBIUDJXWHFJdUE,
12,https://lh3.googleusercontent.com/-pO98XecM1Ro/AAAAAAAAAAI/AAAAAAAAAAA/ACHi3rfkVqY_pggyA_Y3E-CKbUvSwor9Mw/w48-h48-p-rw/photo.jpg, Brian Jambretz ,1,com.lcmobilapp.trickytesttob,  To many ads  ,"March 4, 2018",gp:AOqpTOGMlMyJJI1Y6fy9EzG8ouLtuHSwZNWAZTTOS-Ky4pScW-iHB47FxYvsW1XY-3HPWQv6tw8lVS_EASXoQQ,/store/apps/details?id=com.lcmobilapp.trickytesttob&reviewId=Z3A6QU9xcFRPR01sTXlKSkkxWTZmeTlFekc4b3VMdHVIU3daTldBWlRUT1MtS3k0cFNjVy1pSEI0N0Z4WXZzVzFYWS0zSFBXUXY2dHc4bFZTX0VBU1hvUVE,
13,https://lh3.googleusercontent.com/a-/AAuE7mAPKhn0JItxCMz7MSUSWlAL5pekGYBMeNNGuzZF=w48-h48-p-rw, Unknown Name ,5,com.lcmobilapp.trickytesttob,  This game is to hard  ,"December 31, 2017",gp:AOqpTOHNcOyX1D4K2ANlBXERy8dxyNbe1lEGgilYrYw3mv2g_WVO2K8qHaWDRVZYODx660Yx-0LlBmn3OXaLoQ,/store/apps/details?id=com.lcmobilapp.trickytesttob&reviewId=Z3A6QU9xcFRPSE5jT3lYMUQ0SzJBTmxCWEVSeThkeHlOYmUxbEVHZ2lsWXJZdzNtdjJnX1dWTzJLOHFIYVdEUlZaWU9EeDY2MFl4LTBMbEJtbjNPWGFMb1E,
14,https://lh3.googleusercontent.com/a-/AAuE7mBpgYqryQoXVBDwsU79vI9r_jUyDo6L6kpm_WuVIw=w48-h48-p-rw, Jana Nortje ,1,com.lcmobilapp.trickytesttob,  Too many ads  ,"November 12, 2017",gp:AOqpTOF5kwpzAX0uHyzKU_5LpP9OKQXUP0GWCkP032JN_pQ7ZnU85Ea4trUAe7iCpGPvnnTZ7LXM6mv8rV8YzQ,/store/apps/details?id=com.lcmobilapp.trickytesttob&reviewId=Z3A6QU9xcFRPRjVrd3B6QVgwdUh5ektVXzVMcFA5T0tRWFVQMEdXQ2tQMDMySk5fcFE3Wm5VODVFYTR0clVBZTdpQ3BHUHZublRaN0xYTTZtdjhyVjhZelE,
15,https://lh6.googleusercontent.com/-GWrK2aaCmFo/AAAAAAAAAAI/AAAAAAAAAAA/N9ov1SzQY_k/w48-h48-p-rw/photo.jpg, ,3,com.lcmobilapp.trickytesttob,  Too many adds  ,"December 23, 2017",gp:AOqpTOEv2wtwsR2og3XlCYVR9QHEa-vXIcUEGDdUdlfryFNVg1T9QKDklWI7bMnhU50o4rzwGt3_zd_CMXCeUw,/store/apps/details?id=com.lcmobilapp.trickytesttob&reviewId=Z3A6QU9xcFRPRXYyd3R3c1Iyb2czWGxDWVZSOVFIRWEtdlhJY1VFR0RkVWRsZnJ5Rk5WZzFUOVFLRGtsV0k3Yk1uaFU1MG80cnp3R3QzX3pkX0NNWENlVXc,
16,https://lh6.googleusercontent.com/-_7Ion-QAAH4/AAAAAAAAAAI/AAAAAAAAAAA/GJ1HTLGAmB8/w48-h48-p-rw/photo.jpg, ,1,com.lcmobilapp.trickytesttob,  Too many adds  ,"January 2, 2018",gp:AOqpTOF9TBf3A6cm955mTb1FriuHVwJwnr-nzfYg3WVR-9LN930J35M8lXkQrN-9Nv8Uc4J5dVgF56HPA6ngvA,/store/apps/details?id=com.lcmobilapp.trickytesttob&reviewId=Z3A6QU9xcFRPRjlUQmYzQTZjbTk1NW1UYjFGcml1SFZ3Snduci1uemZZZzNXVlItOUxOOTMwSjM1TThsWGtRck4tOU52OFVjNEo1ZFZnRjU2SFBBNm5ndkE,
17,https://lh4.googleusercontent.com/-x5RHvn8QxRM/AAAAAAAAAAI/AAAAAAAAAAA/ACHi3rfMi0_4t3pUaRyTNpZGHbw-qF5l8w/w48-h48-p-rw/photo.jpg, harry style ,4,com.lcmobilapp.trickytesttob,  Too much ads  ,"December 13, 2017",gp:AOqpTOEa5tsCkIsNXAMCbpXOgsFbm6uIquAhTckZefVUcfmFbTGavj-IZy4pswLCVaUPFcsEjxUlEJ8XDRg9VQ,/store/apps/details?id=com.lcmobilapp.trickytesttob&reviewId=Z3A6QU9xcFRPRWE1dHNDa0lzTlhBTUNicFhPZ3NGYm02dUlxdUFoVGNrWmVmVlVjZm1GYlRHYXZqLUlaeTRwc3dMQ1ZhVVBGY3NFanhVbEVKOFhEUmc5VlE,
18,https://lh4.googleusercontent.com/-ZweoxnX0cX0/AAAAAAAAAAI/AAAAAAAAAAA/x3ORzNsQfzU/w48-h48-p-rw/photo.jpg, ,5,com.lcmobilapp.trickytesttob,  Its just there  ,"January 7, 2018",gp:AOqpTOHTPu9yyi8jJypvlA4c03xDymWsU_npoOCMlc9UxusBAFDaHM-3R0PNFcen6gXIwctub66iBsMqSx53XQ,/store/apps/details?id=com.lcmobilapp.trickytesttob&reviewId=Z3A6QU9xcFRPSFRQdTl5eWk4akp5cHZsQTRjMDN4RHltV3NVX25wb09DTWxjOVV4dXNCQUZEYUhNLTNSMFBORmNlbjZnWEl3Y3R1YjY2aUJzTXFTeDUzWFE,
19,https://lh3.googleusercontent.com/a-/AAuE7mAXfCCvAurXortyrUyeJL1_VJp9lj0K6v4EBKnc4w=w48-h48-p-rw, Amanda Condrit ,3,com.lcmobilapp.trickytesttob,  It's okay  ,"September 14, 2017",gp:AOqpTOEcT1I16gtXprnU8pR-7xrR5ys2reSrrCOoPUDMgoVjhGe4N7RR6wYY4knaKbZpaEbrpHJ1Z8eztNuEYw,/store/apps/details?id=com.lcmobilapp.trickytesttob&reviewId=Z3A6QU9xcFRPRWNUMUkxNmd0WHByblU4cFItN3hyUjV5czJyZVNyckNPb1BVRE1nb1ZqaEdlNE43UlI2d1lZNGtuYUtiWnBhRWJycEhKMVo4ZXp0TnVFWXc,
20,https://lh3.googleusercontent.com/a-/AAuE7mClipT7Q5d-77xy6L4gEinxVoY89x7BEZVXqq3VBw=w48-h48-p-rw, Shahi raj ,1,com.lcmobilapp.trickytesttob,  Too many ads.. bkvas game.. don't waste ur time  ,"December 19, 2017",gp:AOqpTOGcUnhXjir_Vd45dG-w1MIlnOGzXrVnQE1OArFxg_mpb4TFZEEdlzxRcKHuJx7fNXy-Vq3jEHtB0JfDSg,/store/apps/details?id=com.lcmobilapp.trickytesttob&reviewId=Z3A6QU9xcFRPR2NVbmhYamlyX1ZkNDVkRy13MU1JbG5PR3pYclZuUUUxT0FyRnhnX21wYjRURlpFRWRsenhSY0tIdUp4N2ZOWHktVnEzakVIdEIwSmZEU2c,
21,https://lh4.googleusercontent.com/-nfDYavzv9N8/AAAAAAAAAAI/AAAAAAAAAAA/ACHi3rd6dgsAaY9y50DN0B66kFSuAq0ULQ/w48-h48-p-rw/photo.jpg, Niki Jacobson ,1,com.lcmobilapp.trickytesttob,  I don't like it because it calls you a cheater  ,"March 4, 2018",gp:AOqpTOEQ6G32jbt9ztXEQ5gcMeb0d9bCOftshMICJuAUxC4hQ3qbmZjBBF_GYYDeVfMffb6ZaoEGMnuPlCEIfQ,/store/apps/details?id=com.lcmobilapp.trickytesttob&reviewId=Z3A6QU9xcFRPRVE2RzMyamJ0OXp0WEVRNWdjTWViMGQ5YkNPZnRzaE1JQ0p1QVV4QzRoUTNxYm1aakJCRl9HWVlEZVZmTWZmYjZaYW9FR01udVBsQ0VJZlE,
22,https://lh3.googleusercontent.com/a-/AAuE7mDP_hJvJ6lyXC-n4RtdSXzcQ4MfW3SRnKJja5c5sSs=w48-h48-p-rw, Erik Paul ,5,com.lcmobilapp.trickytesttob,  You have to think about it  ,"September 15, 2017",gp:AOqpTOG5xevqUEEZSe-1Xn1uR5zFaa6J2nhJeMZ3-_VtbDGo6sd7qz3gzKa5BNbqox8ihCl9OGWvWMJZ1DybzQ,/store/apps/details?id=com.lcmobilapp.trickytesttob&reviewId=Z3A6QU9xcFRPRzV4ZXZxVUVFWlNlLTFYbjF1UjV6RmFhNkoybmhKZU1aMy1fVnRiREdvNnNkN3F6M2d6S2E1Qk5icW94OGloQ2w5T0dXdldNSloxRHlielE,
23,https://lh3.googleusercontent.com/-Q7iPIKMaZps/AAAAAAAAAAI/AAAAAAAAAAA/ACHi3rde9L9L2TPbWsSwNUIzQ3E2_yE5Bw/w48-h48-p-rw/photo.jpg, Pari Bansal ,5,com.lcmobilapp.trickytesttob,  Wow good game but needs little improvements  ,"January 1, 2018",gp:AOqpTOGotBt-rYMxnbXbcL_Gkhr4XqjoY3Ir7K9BS2UsGhiERyx5E6V1_5wb6_rmtlMTgIL4PjET-1rUFcOn4w,/store/apps/details?id=com.lcmobilapp.trickytesttob&reviewId=Z3A6QU9xcFRPR290QnQtcllNeG5iWGJjTF9Ha2hyNFhxam9ZM0lyN0s5QlMyVXNHaGlFUnl4NUU2VjFfNXdiNl9ybXRsTVRnSUw0UGpFVC0xclVGY09uNHc,
24,https://lh3.googleusercontent.com/a-/AAuE7mBGl2ZTsov0464BJE6OvRsmhrZY65Hi3MOxbmuOow=w48-h48-p-rw, ,5,com.lcmobilapp.trickytesttob,  It is very good game i very enjoy th game i love  it 😚😚😚 good questions  ,"December 15, 2017",gp:AOqpTOEmurZVbK2EtCkX7LyClLltXRwWRw4LoreHjaxAxWtpVj9qguSt4487mT9PMBHwsjbJ4ENWuAGqW9S3GA,/store/apps/details?id=com.lcmobilapp.trickytesttob&reviewId=Z3A6QU9xcFRPRW11clpWYksyRXRDa1g3THlDbExsdFhSd1dSdzRMb3JlSGpheEF4V3RwVmo5cWd1U3Q0NDg3bVQ5UE1CSHdzamJKNEVOV3VBR3FXOVMzR0E,
25,https://lh3.googleusercontent.com/a-/AAuE7mBKEmHr9E4dK04ba9LF__g2HUHJi70sonUvuMK3=w48-h48-p-rw, Jaylene Rodriguez ,5,com.lcmobilapp.trickytesttob,  Its ok  ,"August 28, 2017",gp:AOqpTOGbLhniMnafjtQwr8pAsEqVtLjLk3lFs923ABXv7pTd6vx6aWvn4OS7-F-vu0XGUUUpg1pkLJEPL0EL1g,/store/apps/details?id=com.lcmobilapp.trickytesttob&reviewId=Z3A6QU9xcFRPR2JMaG5pTW5hZmp0UXdyOHBBc0VxVnRMakxrM2xGczkyM0FCWHY3cFRkNnZ4NmFXdm40T1M3LUYtdnUwWEdVVVVwZzFwa0xKRVBMMEVMMWc,
26,https://lh3.googleusercontent.com/a-/AAuE7mA8AXJRzWbDgEONriPwXNHTIKSEkAD5TDNxkH9JsQ=w48-h48-p-rw, ,5,com.lcmobilapp.trickytesttob,  I like it  ,"August 31, 2017",gp:AOqpTOEy7CSewhr-ioN8CGX5_3v7gD6aaZAT4t9Gm3kz4Kj7c3R_pIDJWdLp8wvIftl3ttlR0t1pDl68_5vjqQ,/store/apps/details?id=com.lcmobilapp.trickytesttob&reviewId=Z3A6QU9xcFRPRXk3Q1Nld2hyLWlvTjhDR1g1XzN2N2dENmFhWkFUNHQ5R20za3o0S2o3YzNSX3BJREpXZExwOHd2SWZ0bDN0dGxSMHQxcERsNjhfNXZqcVE,
27,https://lh3.googleusercontent.com/-ZxrFuJfXNjY/AAAAAAAAAAI/AAAAAAAAAAA/ACHi3reSSyPWGWM3iRJN8cLB1YNtdHJK1Q/w48-h48-p-rw/photo.jpg, Amida Knowles ,4,com.lcmobilapp.trickytesttob,  This game rocks.  Best game EVERRR.  download it NOW  ,"November 22, 2017",gp:AOqpTOHqhVserSDEefVMUQ4_esxW9VgZ76mz_k6CKmmsU5_m1V19hAeJ_REPeAgTY5GccEtgMyH6fezpTxaoqg,/store/apps/details?id=com.lcmobilapp.trickytesttob&reviewId=Z3A6QU9xcFRPSHFoVnNlclNERWVmVk1VUTRfZXN4VzlWZ1o3Nm16X2s2Q0ttbXNVNV9tMVYxOWhBZUpfUkVQZUFnVFk1R2NjRXRnTXlINmZlenBUeGFvcWc,
28,https://lh5.googleusercontent.com/-FG18ps-iZCk/AAAAAAAAAAI/AAAAAAAAAAA/ACHi3rf3wS3iqV8PKVgz4IMnZfDtDTJedA/w48-h48-p-rw/photo.jpg, Jordan Norval ,5,com.lcmobilapp.trickytesttob,  Pretty hard but fun  ,"October 30, 2017",gp:AOqpTOFuYbH-ETSi7SH2Fu79hBsfV-sYVLbxy6T0ShH7xXBEOKB38h4HwvppMxHLtvXqLsDzYSgr035BK_u3jg,/store/apps/details?id=com.lcmobilapp.trickytesttob&reviewId=Z3A6QU9xcFRPRnVZYkgtRVRTaTdTSDJGdTc5aEJzZlYtc1lWTGJ4eTZUMFNoSDd4WEJFT0tCMzhoNEh3dnBwTXhITHR2WHFMc0R6WVNncjAzNUJLX3Uzamc,
29,https://lh6.googleusercontent.com/-5C-2AWCChyk/AAAAAAAAAAI/AAAAAAAAAAA/jzAlyDxsjEw/w48-h48-p-rw/photo.jpg, ,3,com.lcmobilapp.trickytesttob,"  Is cool but,,  little slow  ","October 21, 2017",gp:AOqpTOGPGVsO7O5DJgHfSROTqlLku978pb-U3RWlgu6FrKK4eipm23QWQgKahcDYj_CKkJztUHHL1kfGgq2cBA,/store/apps/details?id=com.lcmobilapp.trickytesttob&reviewId=Z3A6QU9xcFRPR1BHVnNPN081REpnSGZTUk9UcWxMa3U5NzhwYi1VM1JXbGd1NkZyS0s0ZWlwbTIzUVdRZ0thaGNEWWpfQ0trSnp0VUhITDFrZkdncTJjQkE,
30,https://lh3.googleusercontent.com/a-/AAuE7mBfOmnhwZWjMpPkDPfAx8ZXqXzjUxqDh0SJVQpP=w48-h48-p-rw, ,3,com.lcmobilapp.trickytesttob,  It's very easy not a tricky test  ,"December 23, 2017",gp:AOqpTOE_3VuCYbb6GV35FhNZcDd5bl2POdR5duXeMfPPATMZNKGXCUU3CcGbPL5gp_JiHcPb45rtdvywCUkxrw,/store/apps/details?id=com.lcmobilapp.trickytesttob&reviewId=Z3A6QU9xcFRPRV8zVnVDWWJiNkdWMzVGaE5aY0RkNWJsMlBPZFI1ZHVYZU1mUFBBVE1aTktHWENVVTNDY0diUEw1Z3BfSmlIY1BiNDVydGR2eXdDVWt4cnc,
31,https://lh3.googleusercontent.com/a-/AAuE7mBTyrJRP8ksF4rICGcx2aSA1YSLTdNloZgKFcpL=w48-h48-p-rw, ,4,com.lcmobilapp.trickytesttob,  It's good but too many adds  ,"December 26, 2017",gp:AOqpTOGCnnl_ojiDd5oxDN2sAtTyE06CTgliIo765Q1WuS8za1B_pBpi43OQm8-tKIyaJbSJ3x5yAn7KCShpYA,/store/apps/details?id=com.lcmobilapp.trickytesttob&reviewId=Z3A6QU9xcFRPR0Nubmxfb2ppRGQ1b3hETjJzQXRUeUUwNkNUZ2xpSW83NjVRMVd1Uzh6YTFCX3BCcGk0M09RbTgtdEtJeWFKYlNKM3g1eUFuN0tDU2hwWUE,
32,https://lh3.googleusercontent.com/a-/AAuE7mCKgVWjwy-0ukfdz0U_o4bS-gYC0Jv1RQ_wjZSJ4Q=w48-h48-p-rw, Anugraha Prabhu ,4,com.lcmobilapp.trickytesttob,  Nice game to devolope your skills. Nice game to play  ,"December 31, 2017",gp:AOqpTOE3xUmknvOCWSw2eJNQKwYP2FtIvW5Nl5aWhJUsNKWSJDYtk_7S2wxNFWkHP74cA-N03PMqrhRqkSbZlA,/store/apps/details?id=com.lcmobilapp.trickytesttob&reviewId=Z3A6QU9xcFRPRTN4VW1rbnZPQ1dTdzJlSk5RS3dZUDJGdEl2VzVObDVhV2hKVXNOS1dTSkRZdGtfN1Myd3hORldrSFA3NGNBLU4wM1BNcXJoUnFrU2JabEE,
33,https://lh3.googleusercontent.com/a-/AAuE7mD6z6Wzg2FUzYmQgbv3swb66_v02Wopi7UJJmy4=w48-h48-p-rw, Kamari Gardner ,5,com.lcmobilapp.trickytesttob,  I love it but abs is a frefre 0000  ,"December 5, 2017",gp:AOqpTOHAi_jNaQVgO43taflbrL25ksPHY4lEYNt6naBP8sXMM3LPjRDpTN-W9OL-fx5NrF5CqvUwBH_A0d2yyQ,/store/apps/details?id=com.lcmobilapp.trickytesttob&reviewId=Z3A6QU9xcFRPSEFpX2pOYVFWZ080M3RhZmxickwyNWtzUEhZNGxFWU50Nm5hQlA4c1hNTTNMUGpSRHBUTi1XOU9MLWZ4NU5yRjVDcXZVd0JIX0EwZDJ5eVE,
34,https://lh5.googleusercontent.com/-IWE96LA_Wm8/AAAAAAAAAAI/AAAAAAAAAAA/ACHi3rdluhe6uwzxluTm8TXiJU3Ap8MDXw/w48-h48-p-rw/photo.jpg, Feliza Maria Sabado ,5,com.lcmobilapp.trickytesttob,  It can test your mind skills  ,"January 5, 2018",gp:AOqpTOEHxNmX65r5yzzeE-DXb0AUMYWEnraSigo9SdEixlVbAS4PbmSHZMHQjP9dvilSqmoIzyyGfnerdikSAA,/store/apps/details?id=com.lcmobilapp.trickytesttob&reviewId=Z3A6QU9xcFRPRUh4Tm1YNjVyNXl6emVFLURYYjBBVU1ZV0VucmFTaWdvOVNkRWl4bFZiQVM0UGJtU0haTUhRalA5ZHZpbFNxbW9Jenl5R2ZuZXJkaWtTQUE,
35,https://lh4.googleusercontent.com/-4FaIq8f1L88/AAAAAAAAAAI/AAAAAAAAAAA/ACHi3rcWB2V4XNyTCISFPPZJnMufYybdOQ/w48-h48-p-rw/photo.jpg, rafi jullion ,5,com.lcmobilapp.trickytesttob,  Hiiii I love you know me  ,"December 6, 2017",gp:AOqpTOELhsUytiveM0nWdwWKtW4B3Tfb8wJDvBcwZKk_NJaH4BVYrRycM5OL6WagcRvKja_uBJxYKAzosedo4w,/store/apps/details?id=com.lcmobilapp.trickytesttob&reviewId=Z3A6QU9xcFRPRUxoc1V5dGl2ZU0wbldkd1dLdFc0QjNUZmI4d0pEdkJjd1pLa19OSmFINEJWWXJSeWNNNU9MNldhZ2NSdktqYV91Qkp4WUtBem9zZWRvNHc,
36,https://lh4.googleusercontent.com/-HkoN9Fr4gjU/AAAAAAAAAAI/AAAAAAAAAAA/ACHi3rfultx-XxHGzKqAOiJyqBe8J33xNQ/w48-h48-p-rw/photo.jpg, Angel Girma ,5,com.lcmobilapp.trickytesttob,  I am a beautiful person who name is angel  ,"November 23, 2017",gp:AOqpTOEYmPgfT6vP7Y4dfpZszitEpaqBKT9oQs-lY0YHfZtacl8iI_FksAqAhLpPuyHFXfaf1gkLXaUbrQwocA,/store/apps/details?id=com.lcmobilapp.trickytesttob&reviewId=Z3A6QU9xcFRPRVltUGdmVDZ2UDdZNGRmcFpzeml0RXBhcUJLVDlvUXMtbFkwWUhmWnRhY2w4aUlfRmtzQXFBaExwUHV5SEZYZmFmMWdrTFhhVWJyUXdvY0E,
37,https://lh3.googleusercontent.com/a-/AAuE7mDg1e9xN3ZUXJMncXh6yisLa1WII0ulKNDtfb-YwA=w48-h48-p-rw, Riayn Kassiebug ,5,com.lcmobilapp.trickytesttob,  I think was a really  amazing and fun game  ,"December 26, 2017",gp:AOqpTOGQ9oEMiPT-PU3uDCJxTh2v1_-mTStkxgK1lXsZxZUjVswIaR7QE-yjcCxg3IVyPkEKcwIwsLIu7rJrJg,/store/apps/details?id=com.lcmobilapp.trickytesttob&reviewId=Z3A6QU9xcFRPR1E5b0VNaVBULVBVM3VEQ0p4VGgydjFfLW1UU3RreGdLMWxYc1p4WlVqVnN3SWFSN1FFLXlqY0N4ZzNJVnlQa0VLY3dJd3NMSXU3ckpySmc,
38,https://lh5.googleusercontent.com/-y7yOFLMCV6U/AAAAAAAAAAI/AAAAAAAAAAA/RbFGbNKuWPc/w48-h48-p-rw/photo.jpg, ,5,com.lcmobilapp.trickytesttob,  Is nice not waste your time  ,"December 29, 2017",gp:AOqpTOHgRs8isZGb2cAfdPjW5J85ndf3QZ9_5wwzpNh7j5rQqTbOhQ61BjC2r_NWk4nedOFNHVCwvgpmO6Z2sA,/store/apps/details?id=com.lcmobilapp.trickytesttob&reviewId=Z3A6QU9xcFRPSGdSczhpc1pHYjJjQWZkUGpXNUo4NW5kZjNRWjlfNXd3enBOaDdqNXJRcVRiT2hRNjFCakMycl9OV2s0bmVkT0ZOSFZDd3ZncG1PNloyc0E,
39,https://lh3.googleusercontent.com/a-/AAuE7mDXpfmmoy5p7gJ6n0-O2W4gFlntY4fjOWKDvIXKMw=w48-h48-p-rw, The Exploding Miner ,5,com.lcmobilapp.trickytesttob,  It deserves 0 stars Ironic isnt it  ,"November 3, 2017",gp:AOqpTOF3o1vUElCmh91DcCKY_YZQte8mc5fef_2Sq5DsQ_UyLUKTU6u9Hvi2VkiiehkpQuiPpf-0kolbjOBSDg,/store/apps/details?id=com.lcmobilapp.trickytesttob&reviewId=Z3A6QU9xcFRPRjNvMXZVRWxDbWg5MURjQ0tZX1laUXRlOG1jNWZlZl8yU3E1RHNRX1V5TFVLVFU2dTlIdmkyVmtpaWVoa3BRdWlQcGYtMGtvbGJqT0JTRGc,
