,author_image,author_name,current_rating,rev_app_id,review_body,review_date,review_id,review_permalink,review_title
0,https://lh6.googleusercontent.com/-imvyAO_M9GE/AAAAAAAAAAI/AAAAAAAAAAA/ACHi3rdDokJTiDCH5RT429bJaCjbft4I2w/w48-h48-p-rw/photo.jpg, Elizabeth Slack ,4,com.remax.remaxmobile,"  This app is easy and convenient. Like other reviewers, I would like to have a status indicator so I don't save pending houses.  ","November 20, 2016",gp:AOqpTOH8GWNUNdIwVie6_uoTL4ba_1PN55IHHld3XwyPzvIL9SwaTbHJFVNyoeBT8Y2TyYFIBe8C04hF9TyMEB8,/store/apps/details?id=com.remax.remaxmobile&reviewId=Z3A6QU9xcFRPSDhHV05VTmRJd1ZpZTZfdW9UTDRiYV8xUE41NUlISGxkM1h3eVB6dklMOVN3YVRiSEpGVk55b2VCVDhZMlR5WUZJQmU4QzA0aEY5VHlNRUI4,Convenient
1,https://lh6.googleusercontent.com/--ezmkZR083M/AAAAAAAAAAI/AAAAAAAAAAA/ACHi3rdA8qEf1iVwM7kkb_xXKsWUSqglZQ/w48-h48-p-rw/photo.jpg, marcela balquinta ,2,com.remax.remaxmobile,  Its simple but it lags between savings. It threw me off a bit  ,"December 27, 2016",gp:AOqpTOEaFzoV4pFGH7_xyLxouc7Kzphtuo--5l-9uOHNLmZo8INStLiTaDH7DzHGycWPnMRVouwnhkk8J1pZMW0,/store/apps/details?id=com.remax.remaxmobile&reviewId=Z3A6QU9xcFRPRWFGem9WNHBGR0g3X3h5THhvdWM3S3pwaHR1by0tNWwtOXVPSE5MbVpvOElOU3RMaVRhREg3RHpIR3ljV1BuTVJWb3V3bmhrazhKMXBaTVcw,Some what user friendly
2,https://lh3.googleusercontent.com/-L4gSbJaVTZI/AAAAAAAAAAI/AAAAAAAAAAA/ACHi3reyJAnGIVvk_O0mIrPdcj-LdEk7dA/w48-h48-p-rw/photo.jpg, D Malone ,1,com.remax.remaxmobile,"  Horrible it shows no houses no matter how I filter. But the filters are useless as well, there are many but few you actually use aside from number of beds and baths  ","February 2, 2017",gp:AOqpTOG8IrDXdBz1Fra3VypDgjHriKmmxNoG0M4cJUZKSTBz4-yfXaTyCdc4W9rC4O76Y8SufP_grA6grVvQiuI,/store/apps/details?id=com.remax.remaxmobile&reviewId=Z3A6QU9xcFRPRzhJckRYZEJ6MUZyYTNWeXBEZ2pIcmlLbW14Tm9HME00Y0pVWktTVEJ6NC15ZlhhVHlDZGM0VzlyQzRPNzZZOFN1ZlBfZ3JBNmdyVnZRaXVJ,
3,https://lh3.googleusercontent.com/a-/AAuE7mBnKBN_ABhHX87xdGTv4J8R45ewj5qdWGFRBUuUyg=w48-h48-p-rw, Eric W ,1,com.remax.remaxmobile,  It's pretty bad to have your app not let people filter out the price range they want to spend. Some may even call that typical.  ,"February 18, 2017",gp:AOqpTOHY8oIbo1jzAGp1sq39zkMfBdUTuWPdbwm_U1NzaKiqNt5nC31dAEb2Ms9PsrMaPOMw3XwEaid3z0Jx4f8,/store/apps/details?id=com.remax.remaxmobile&reviewId=Z3A6QU9xcFRPSFk4b0libzFqekFHcDFzcTM5emtNZkJkVVR1V1BkYndtX1UxTnphS2lxTnQ1bkMzMWRBRWIyTXM5UHNyTWFQT013M1h3RWFpZDN6MEp4NGY4,
4,https://lh4.googleusercontent.com/-Iz4j9TjdJf0/AAAAAAAAAAI/AAAAAAAAAAA/ACHi3rdWc8B89TB61Uf2K-WE6CSnU2OxUg/w48-h48-p-rw/photo.jpg, Amanda Cochrane ,3,com.remax.remaxmobile,  Won't show anything I've entered into the filters.  Keeps telling me there are no properties listed in that area when I know there are.  Pretty frustrating!  ,"January 22, 2017",gp:AOqpTOGN1CgugsLQXruVicDgHnBodIeICQQbR9a2JWZNXzN-ZVGgm2vW-MA03S4L3YCfQYKizsAjFDK15oZLQi8,/store/apps/details?id=com.remax.remaxmobile&reviewId=Z3A6QU9xcFRPR04xQ2d1Z3NMUVhydVZpY0RnSG5Cb2RJZUlDUVFiUjlhMkpXWk5Yek4tWlZHZ20ydlctTUEwM1M0TDNZQ2ZRWUtpenNBakZESzE1b1pMUWk4,
5,https://lh4.googleusercontent.com/-QwKcpa5FSco/AAAAAAAAAAI/AAAAAAAAAAA/ACHi3rcLpUn0k7VDysIVJcvQPFd_dYrybw/w48-h48-p-rw/photo.jpg, Montana Parker ,3,com.remax.remaxmobile,"  I works when It wants too, and lags a ton. It does help me look at houses and talk to Realtor's. Could use so.e improvement.  ","January 15, 2017",gp:AOqpTOEF4v0eV8_Rn-N63h2xHIqZ8xVcw9vd1PHaC8_Qdc3C46YMQzdSi0ldM18VwFDNlGyXlEnNbqbZrH8WpfA,/store/apps/details?id=com.remax.remaxmobile&reviewId=Z3A6QU9xcFRPRUY0djBlVjhfUm4tTjYzaDJ4SElxWjh4VmN3OXZkMVBIYUM4X1FkYzNDNDZZTVF6ZFNpMGxkTTE4VndGRE5sR3lYbEVuTmJxYlpySDhXcGZB,Super lag
6,https://lh3.googleusercontent.com/a-/AAuE7mCO5Ychgfm_IEVIo4JGwFriDizMAGIh5X2ZdQv6PWg=w48-h48-p-rw, nick villa ,1,com.remax.remaxmobile,  Extremely user unfriendly. Won't locate areas. Refuses to submit price ranges. Second attempt. WORST EVER!! How many sales has Remax lost  ,"January 19, 2017",gp:AOqpTOFZ892CVlh2r6e0URAzSaEhJjPXx8In7D53NzBd5TW4I-nMzg7dp3iZk8pjl2Qi5NbVkcJHrAIcJgjsdtI,/store/apps/details?id=com.remax.remaxmobile&reviewId=Z3A6QU9xcFRPRlo4OTJDVmxoMnI2ZTBVUkF6U2FFaEpqUFh4OEluN0Q1M056QmQ1VFc0SS1uTXpnN2RwM2laazhwamwyUWk1TmJWa2NKSHJBSWNKZ2pzZHRJ,
7,https://lh4.googleusercontent.com/-jfvdCNv6_pg/AAAAAAAAAAI/AAAAAAAAAAA/sivedn0Z0BQ/w48-h48-p-rw/photo.jpg, ,3,com.remax.remaxmobile,  I like the app but there are a lot of bugs that need to be fixed.  ,"November 20, 2016",gp:AOqpTOEqAgsspeYhzhU_-Sgw7kgtB9VmdfWOO2WcdPeMw9eIJudpjXhpeYRr2VUCGfdTx9RHhojQ2Hjngi8kP88,/store/apps/details?id=com.remax.remaxmobile&reviewId=Z3A6QU9xcFRPRXFBZ3NzcGVZaHpoVV8tU2d3N2tndEI5Vm1kZldPTzJXY2RQZU13OWVJSnVkcGpYaHBlWVJyMlZVQ0dmZFR4OVJIaG9qUTJIam5naThrUDg4,Lags
8,https://lh3.googleusercontent.com/a-/AAuE7mBJLz0TtbP9Dpo7TBZ1IklnK3Oi9KgT16p6xMqc=w48-h48-p-rw, Kushawn Austin Leggette ,5,com.remax.remaxmobile,  This app is a great tool for your home search. We used it to choose our new home. And we still use it as a search engine for possible rental properties and as we prepare to relocate to a different state  ,"December 28, 2016",gp:AOqpTOFjF0WSZd3bH1IKF715MxulRGb_iA04TFUTGqKBfjpv4gJifks81UsQupVtAAkV4ABRJmFaVdw_IoR6sfQ,/store/apps/details?id=com.remax.remaxmobile&reviewId=Z3A6QU9xcFRPRmpGMFdTWmQzYkgxSUtGNzE1TXh1bFJHYl9pQTA0VEZVVEdxS0JmanB2NGdKaWZrczgxVXNRdXBWdEFBa1Y0QUJSSm1GYVZkd19Jb1I2c2ZR,Great tool
9,https://lh3.googleusercontent.com/a-/AAuE7mCh0Ir_yzCFQqJU0ysNUgydmiutCLkOsdUF2cK7=w48-h48-p-rw, Corinne Wyss ,1,com.remax.remaxmobile,"  Doesn't work! Can't create an account, app says account already exists. Can't log in, app says email address not registered. FRUSTRATING!  ","February 13, 2017",gp:AOqpTOFgvVXwjnq2GTy-WC4cIosYY9UphmpJP4RhUt8hVMLYTkiIUgbDm81UtCqbwtxHbf8wYARlt3nYpKtRTDQ,/store/apps/details?id=com.remax.remaxmobile&reviewId=Z3A6QU9xcFRPRmd2Vlh3am5xMkdUeS1XQzRjSW9zWVk5VXBobXBKUDRSaFV0OGhWTUxZVGtpSVVnYkRtODFVdENxYnd0eEhiZjh3WUFSbHQzbllwS3RSVERR,
10,https://lh6.googleusercontent.com/-f0e_jvQw5n0/AAAAAAAAAAI/AAAAAAAAAAA/ACHi3rdmNyrxxaZuloDFQoC4uWJDU2iroA/w48-h48-p-rw/photo.jpg, PRIVATE PRIVATE ,1,com.remax.remaxmobile,"  Filters don't work, bing map blows, glitches galore  .hate everything about it. Absolutely horrible  ","January 17, 2017",gp:AOqpTOFa9_cOByBdc0sACKhlglzHIXjn4XiSTlBHjPiEKS9M-zAUEKB3Y5k4SGT6QwNcGMEBJMznYKu4hEVKldw,/store/apps/details?id=com.remax.remaxmobile&reviewId=Z3A6QU9xcFRPRmE5X2NPQnlCZGMwc0FDS2hsZ2x6SElYam40WGlTVGxCSGpQaUVLUzlNLXpBVUVLQjNZNWs0U0dUNlF3TmNHTUVCSk16bllLdTRoRVZLbGR3,
11,https://lh3.googleusercontent.com/a-/AAuE7mCCDDCliMzbfxghTShJOiuAD_QkBPsbBvO8hgmi=w48-h48-p-rw, Samantha Jayo ,4,com.remax.remaxmobile,  Really like the app. Just doesnt say if the house is pending or not. Other than that really good app  ,"December 21, 2016",gp:AOqpTOGJkLU3l0t1OSeOt3NrccFF_4FT6WknstIsHAw5NbD20Qxe_C-3ySUwISMCy-Siohe_reDls8cgcyZechQ,/store/apps/details?id=com.remax.remaxmobile&reviewId=Z3A6QU9xcFRPR0prTFUzbDB0MU9TZU90M05yY2NGRl80RlQ2V2tuc3RJc0hBdzVOYkQyMFF4ZV9DLTN5U1V3SVNNQ3ktU2lvaGVfcmVEbHM4Y2djeVplY2hR,
12,https://lh3.googleusercontent.com/-fdK1jGx7lk8/AAAAAAAAAAI/AAAAAAAAAAA/ACHi3rd2BQhE_qBsip7FO6jwnXB6-Q04-g/w48-h48-p-rw/photo.jpg, TaLysha Gutter ,3,com.remax.remaxmobile,  There are so many great listings but it takes a long time to find any within my price range because the price filter tool is not working.  ,"February 5, 2017",gp:AOqpTOG_3sghRp8f0KP1vEkgyJZxzV7EQyC5z63xqsF_7Nj80kEwnyAi_y39hW6YqTju-hYR1KclwisEKvyQZYw,/store/apps/details?id=com.remax.remaxmobile&reviewId=Z3A6QU9xcFRPR18zc2doUnA4ZjBLUDF2RWtneUpaeHpWN0VReUM1ejYzeHFzRl83Tmo4MGtFd255QWlfeTM5aFc2WXFUanUtaFlSMUtjbHdpc0VLdnlRWll3,
13,https://lh3.googleusercontent.com/a-/AAuE7mACxySyWFsIlZ2Az2QhEAZrwOn7oHcuJ08vLYBqkvM=w48-h48-p-rw, Rick Monroig ,1,com.remax.remaxmobile,  Terrible app.  Doesn't work more than 25% of the time  ,"January 29, 2017",gp:AOqpTOGaPd3upsaJZV482uAwSfq8eRafPMHWUGvu3ZrAFBWjpqeFBX-OkOVr4KqYklxOCOVh6tIZqj1R3wCcFv8,/store/apps/details?id=com.remax.remaxmobile&reviewId=Z3A6QU9xcFRPR2FQZDN1cHNhSlpWNDgydUF3U2ZxOGVSYWZQTUhXVUd2dTNackFGQldqcHFlRkJYLU9rT1ZyNEtxWWtseE9DT1ZoNnRJWnFqMVIzd0NjRnY4,
14,https://lh3.googleusercontent.com/a-/AAuE7mCGdXsYOxKWgYKxS0r_K-Iv0RLJ60eBdVA2skixOA=w48-h48-p-rw, Marcia Wahto ,1,com.remax.remaxmobile,  Freezes up and glitches a lot. Now it won't even open  ,"March 11, 2017",gp:AOqpTOH9Ph4NM2YA0jzwDpE5pCUaIqqdELNq4PrmbuF-XS-Bmr-26ukj0-h7m_BnfqaTLO13i5C7uaA_ZSswDTI,/store/apps/details?id=com.remax.remaxmobile&reviewId=Z3A6QU9xcFRPSDlQaDROTTJZQTBqendEcEU1cENVYUlxcWRFTE5xNFBybWJ1Ri1YUy1CbXItMjZ1a2owLWg3bV9CbmZxYVRMTzEzaTVDN3VhQV9aU3N3RFRJ,
15,https://lh3.googleusercontent.com/a-/AAuE7mAq14YkIzaQ5ygTnZz9WG5oC97LEmdWHdKkIv-M-w=w48-h48-p-rw, Catherine Peck ,3,com.remax.remaxmobile,"  I have issues with the app in general, freezing up and unresponsive  ","February 1, 2017",gp:AOqpTOHSJfOXZW1kv9izdLfMa-ZeS3zcSREc_CavDCvZIJPWiDkcQcR3aaVhCiabF55Yuja9KGoCpVRpHBmIr4E,/store/apps/details?id=com.remax.remaxmobile&reviewId=Z3A6QU9xcFRPSFNKZk9YWlcxa3Y5aXpkTGZNYS1aZVMzemNTUkVjX0NhdkRDdlpJSlBXaURrY1FjUjNhYVZoQ2lhYkY1NVl1amE5S0dvQ3BWUnBIQm1JcjRF,
16,https://lh3.googleusercontent.com/-nImYWBsSt4w/AAAAAAAAAAI/AAAAAAAAAAA/ACHi3rd39URkzjNttEZGMlo5OclOlgZmpQ/w48-h48-p-rw/photo.jpg, Erik Rhyne ,1,com.remax.remaxmobile,  Useless. Doesn't give the listing status for homes. Deleted. Back to website.  ,"January 13, 2017",gp:AOqpTOG44WItuFxmoW9dquNUh9aN4rqbRvZBUnXTV6W29DCFfNOB_sQ7yR1Zx7TaTNPLQy-S1Nh3c17745Gle7E,/store/apps/details?id=com.remax.remaxmobile&reviewId=Z3A6QU9xcFRPRzQ0V0l0dUZ4bW9XOWRxdU5VaDlhTjRycWJSdlpCVW5YVFY2VzI5RENGZk5PQl9zUTd5UjFaeDdUYVROUExReS1TMU5oM2MxNzc0NUdsZTdF,No status
17,https://lh6.googleusercontent.com/-r836bT3DmFE/AAAAAAAAAAI/AAAAAAAAAAA/IkI8WPqy25c/w48-h48-p-rw/photo.jpg, ,4,com.remax.remaxmobile,  Very easy to use wish it would say if the property was pending active contingent  though.  ,"December 15, 2016",gp:AOqpTOGjyJY9q1eJYVFVja4_F1wdpMsmkv469wVuBSQVgrYjkqjGiOa2zbjwYaBiUNkBjsLBnYPkhP5Wd4lMLLc,/store/apps/details?id=com.remax.remaxmobile&reviewId=Z3A6QU9xcFRPR2p5Slk5cTFlSllWRlZqYTRfRjF3ZHBNc21rdjQ2OXdWdUJTUVZncllqa3FqR2lPYTJ6Ymp3WWFCaVVOa0Jqc0xCbllQa2hQNVdkNGxNTExj,Like
18,https://lh3.googleusercontent.com/-gChLqtfjRgM/AAAAAAAAAAI/AAAAAAAAAAA/ACHi3rch3KMVVHpy_fwFMAb7d2DykR6oBQ/w48-h48-p-rw/photo.jpg, William aycock ,1,com.remax.remaxmobile,  Froze in a picture. I had to close the app to get out.  ,"January 20, 2017",gp:AOqpTOG7RXzbvhSBJ0Sed4BwwGrlH6ENpu7GKdde0-TKCsAI1JpcxhDjPKsKE6XMdpdDHUHw3-2UbWtR1CaA3hc,/store/apps/details?id=com.remax.remaxmobile&reviewId=Z3A6QU9xcFRPRzdSWHpidmhTQkowU2VkNEJ3d0dybEg2RU5wdTdHS2RkZTAtVEtDc0FJMUpwY3hoRGpQS3NLRTZYTWRwZERIVUh3My0yVWJXdFIxQ2FBM2hj,
19,https://lh6.googleusercontent.com/-qTNzQ7CadMQ/AAAAAAAAAAI/AAAAAAAAAAA/JPTX85o1BNo/w48-h48-p-rw/photo.jpg, ,1,com.remax.remaxmobile,"  Slow, glitchy, awkward to use and only has portrait mode  ","February 14, 2017",gp:AOqpTOFJ7jUUQQlUhmTQzI1HlRLtiQJo0taC4t0TO9OAAY_mgF9dYOrGI4qNwN56ssmCuxyrlshAPKMA3xQlPe8,/store/apps/details?id=com.remax.remaxmobile&reviewId=Z3A6QU9xcFRPRko3alVVUVFsVWhtVFF6STFIbFJMdGlRSm8wdGFDNHQwVE85T0FBWV9tZ0Y5ZFlPckdJNHFOd041NnNzbUN1eHlybHNoQVBLTUEzeFFsUGU4,
20,https://lh5.googleusercontent.com/-TosJ4RNgx5c/AAAAAAAAAAI/AAAAAAAAAAA/ACHi3rcmcVnWMTzeda77rt9qFeZsrKSeYg/w48-h48-p-rw/photo.jpg, Michael Luciano ,3,com.remax.remaxmobile,  why do app designers think they have to control how i look at an app.  Allow horizontal view of app.  ,"December 17, 2016",gp:AOqpTOEKIq6vJFQhNszGRJyHHz4nmBWKEmSxXiAalEtdo7BcFFuO4mythcJBdzmnuWn2uotC7XPGpdeJRPfH9TI,/store/apps/details?id=com.remax.remaxmobile&reviewId=Z3A6QU9xcFRPRUtJcTZ2SkZRaE5zekdSSnlISHo0bm1CV0tFbVN4WGlBYWxFdGRvN0JjRkZ1TzRteXRoY0pCZHptbnVXbjJ1b3RDN1hQR3BkZUpSUGZIOVRJ,Forced vertical app
21,https://lh3.googleusercontent.com/-RKSRjJdNQ5Q/AAAAAAAAAAI/AAAAAAAAAAA/ACHi3rdPxpfcWgKDctFB45C3PayE9DTiAg/w48-h48-p-rw/photo.jpg, alyssa denuit ,1,com.remax.remaxmobile,  Can't get it to work or open anything up.  ,"January 7, 2017",gp:AOqpTOGBYCbbNzdonYps-ZXNggvF9w_5ao7J3gLHZ13tJoIfjp60IdEcqx7GHe43e8twg1RSHFlj-CGkFOPb930,/store/apps/details?id=com.remax.remaxmobile&reviewId=Z3A6QU9xcFRPR0JZQ2JiTnpkb25ZcHMtWlhOZ2d2Rjl3XzVhbzdKM2dMSFoxM3RKb0lmanA2MElkRWNxeDdHSGU0M2U4dHdnMVJTSEZsai1DR2tGT1BiOTMw,
22,https://lh5.googleusercontent.com/-fY3KIbFe-Cc/AAAAAAAAAAI/AAAAAAAAAAA/ACHi3rfSfudefUlZCQb8hNRxu-h3lyhc6g/w48-h48-p-rw/photo.jpg, Luke Morgan ,5,com.remax.remaxmobile,"  Very easy to use, and I love that it updates every 24hrs!  ","February 18, 2017",gp:AOqpTOERACH82AuAlO7Mj4NJlkvhp-WWCkIOw7lJAqHgYdZzp2sSRNSuhLuUivcOIYAGBs8i85aYcO50qx6C4fQ,/store/apps/details?id=com.remax.remaxmobile&reviewId=Z3A6QU9xcFRPRVJBQ0g4MkF1QWxPN01qNE5KbGt2aHAtV1dDa0lPdzdsSkFxSGdZZFp6cDJzU1JOU3VoTHVVaXZjT0lZQUdCczhpODVhWWNPNTBxeDZDNGZR,
23,https://lh3.googleusercontent.com/a-/AAuE7mBrNiOeWe7TrKtTZt260J0ssE2Hf82lNKg0UbQi=w48-h48-p-rw, Mike Kilkenny ,1,com.remax.remaxmobile,"  Filters don't work, waste of time  ","January 24, 2017",gp:AOqpTOH59Y0LHb810RAdppMLs--LAhPdBePZf5ZhktwtWp1QiyJMFti4o6QTD8E38h2l1S3MdZ4pOif0SgjrX1Q,/store/apps/details?id=com.remax.remaxmobile&reviewId=Z3A6QU9xcFRPSDU5WTBMSGI4MTBSQWRwcE1Mcy0tTEFoUGRCZVBaZjVaaGt0d3RXcDFRaXlKTUZ0aTRvNlFURDhFMzhoMmwxUzNNZFo0cE9pZjBTZ2pyWDFR,
24,https://lh3.googleusercontent.com/a-/AAuE7mDO1TJemtdjeFzeS9S8X_FfBocSPhwY8-Q81cxn=w48-h48-p-rw, Manuel Ozornia ,5,com.remax.remaxmobile,"  Melissa Hale is an honest, fair, and brilliant agent. I am very happy and content with her commitment towards my needs.  ","February 21, 2017",gp:AOqpTOGVTONV5L4BO7rS6bgH1zaYrMwMkAPsawdIqxrzoc83HVO6oWaiaXW83wprerdb1qOgUvMlZ7HbLiZcNVE,/store/apps/details?id=com.remax.remaxmobile&reviewId=Z3A6QU9xcFRPR1ZUT05WNUw0Qk83clM2YmdIMXphWXJNd01rQVBzYXdkSXF4cnpvYzgzSFZPNm9XYWlhWFc4M3dwcmVyZGIxcU9nVXZNbFo3SGJMaVpjTlZF,
25,https://lh4.googleusercontent.com/-H3Sv-6zty08/AAAAAAAAAAI/AAAAAAAAAAA/ZJ7ffzApVtk/w48-h48-p-rw/photo.jpg, ,1,com.remax.remaxmobile,  Would be nice to know if they were pending or not not have to call and find out there pending  ,"February 17, 2017",gp:AOqpTOEqJRd6zj0z32tpCuyXdV9WE-r1yMEVpGm5sKGHuUAykJLusB-zHpIOhUDQM5oG-EjxrR_H9mlfsuS2prQ,/store/apps/details?id=com.remax.remaxmobile&reviewId=Z3A6QU9xcFRPRXFKUmQ2emowejMydHBDdXlYZFY5V0UtcjF5TUVWcEdtNXNLR0h1VUF5a0pMdXNCLXpIcElPaFVEUU01b0ctRWp4clJfSDltbGZzdVMycHJR,
26,https://lh3.googleusercontent.com/--pjCNO1z1nY/AAAAAAAAAAI/AAAAAAAAAAA/ACHi3rdZmi8OhcfvlLg0SEoV444S5D4ntQ/w48-h48-p-rw/photo.jpg, Dennis Wells ,4,com.remax.remaxmobile,  It's a really nice app it helps out a whole  lot I gave them a thumbs up  ,"December 3, 2016",gp:AOqpTOGdPmKAewzJHEVCl41GiXLIjlHDkb90CWN7qfJIPrsk7kD7esvcgKk-6KD-ANey73-7GihDltRCtQ-x9Ug,/store/apps/details?id=com.remax.remaxmobile&reviewId=Z3A6QU9xcFRPR2RQbUtBZXd6SkhFVkNsNDFHaVhMSWpsSERrYjkwQ1dON3FmSklQcnNrN2tEN2VzdmNnS2stNktELUFOZXk3My03R2loRGx0UkN0US14OVVn,Relax App
27,https://lh4.googleusercontent.com/-yxX1vq0YS6Q/AAAAAAAAAAI/AAAAAAAAAAA/Im8-KkwuxJg/w48-h48-p-rw/photo.jpg, ,2,com.remax.remaxmobile,  Forces you to zoom in to small locations in order to show homes for sale.  ,"January 3, 2017",gp:AOqpTOEdO9nC1LaK_v1wksUG_GCgPo-JCiK7yMDT6hDZHe8s5z7Bvbtym2kTGHbysqd0glJmSqiiLQTR1f3-WF0,/store/apps/details?id=com.remax.remaxmobile&reviewId=Z3A6QU9xcFRPRWRPOW5DMUxhS192MXdrc1VHX0dDZ1BvLUpDaUs3eU1EVDZoRFpIZThzNXo3QnZidHltMmtUR0hieXNxZDBnbEptU3FpaUxRVFIxZjMtV0Yw,
28,https://lh4.googleusercontent.com/-n6PxExal0NI/AAAAAAAAAAI/AAAAAAAAAAA/ACHi3re6kPXQsqVUOANMlyktgrGoi_3HpQ/w48-h48-p-rw/photo.jpg, Zackary Newberry ,2,com.remax.remaxmobile,  Filter not working properly.  ,"December 22, 2016",gp:AOqpTOEFMYQTq7KYS9RdFEbdK2c9ppJJErBxG-fuJZjRqPmg0D4s0XFWohwXfuNVhsi3UAxXFHiiIIxvKOPOY5Y,/store/apps/details?id=com.remax.remaxmobile&reviewId=Z3A6QU9xcFRPRUZNWVFUcTdLWVM5UmRGRWJkSzJjOXBwSkpFckJ4Ry1mdUpaalJxUG1nMEQ0czBYRldvaHdYZnVOVmhzaTNVQXhYRkhpaUlJeHZLT1BPWTVZ,Filter
29,https://lh4.googleusercontent.com/-nRaURGy8q-0/AAAAAAAAAAI/AAAAAAAAAAA/ACHi3rfZnBkfbJrMz7JVMsMFGxuOdU80ZQ/w48-h48-p-rw/photo.jpg, Jonas Buabo ,1,com.remax.remaxmobile,  Couldn't work it  ,"December 20, 2016",gp:AOqpTOG5q67z4SwJgc7x5Lu6Ip1elTehVcAeuzlk536nsLBtGv07Tx0O-pa85MYDuKoJeI-E_tVv50JtV4Qj75g,/store/apps/details?id=com.remax.remaxmobile&reviewId=Z3A6QU9xcFRPRzVxNjd6NFN3SmdjN3g1THU2SXAxZWxUZWhWY0FldXpsazUzNm5zTEJ0R3YwN1R4ME8tcGE4NU1ZRHVLb0plSS1FX3RWdjUwSnRWNFFqNzVn,Terrible
30,https://lh3.googleusercontent.com/a-/AAuE7mDEmgBWCny2yE9-8iBWGGdU9e8FSYpdIUfiqXn-Sg=w48-h48-p-rw, Alfred Bartels ,5,com.remax.remaxmobile,  And it beats the accuracy of zillow and Trulia apps  ,"November 18, 2016",gp:AOqpTOG6y_gHb6wGUUNMuuRQg6dzH-F7uJD-JCosIqTxDKaV4ZLuzAsP5FIueTD4B2PHnQjTXp3x82QiidRwFNw,/store/apps/details?id=com.remax.remaxmobile&reviewId=Z3A6QU9xcFRPRzZ5X2dIYjZ3R1VVTk11dVJRZzZkekgtRjd1SkQtSkNvc0lxVHhES2FWNFpMdXpBc1A1Rkl1ZVRENEIyUEhuUWpUWHAzeDgyUWlpZFJ3Rk53,Love it
31,https://lh5.googleusercontent.com/-hU9BxikSUEs/AAAAAAAAAAI/AAAAAAAAAAA/DH6-kY8Pg9o/w48-h48-p-rw/photo.jpg, ,4,com.remax.remaxmobile,  So far so good! Easy to use and gives the right amount of info when searching.  ,"February 22, 2017",gp:AOqpTOEU291lZTI2w7smAbzKAguNTJJGLIVWxz_K4rKJXp0QS9W2NX5MlmAePZuHozQoZ4SMNCEIvwsarv9xjFw,/store/apps/details?id=com.remax.remaxmobile&reviewId=Z3A6QU9xcFRPRVUyOTFsWlRJMnc3c21BYnpLQWd1TlRKSkdMSVZXeHpfSzRyS0pYcDBRUzlXMk5YNU1sbUFlUFp1SG96UW9aNFNNTkNFSXZ3c2Fydjl4akZ3,
32,https://lh3.googleusercontent.com/-Gkzwd9Zg9KI/AAAAAAAAAAI/AAAAAAAAAAA/ACHi3rdSLrLwLHs2STnERs9ZCgg67UwbHA/w48-h48-p-rw/photo.jpg, chaesdragon ,3,com.remax.remaxmobile,"  I'm going to purchase a bigger home this yr so more in 60-80,000would be great ty  ","February 11, 2017",gp:AOqpTOFSkieI2JK7nTAPaGhRzTez7bTIPCUKCv7fUdRGmQxLINJ0UF-dWtTw2CASvaawmMKy6nVCZyh8jXT_NRA,/store/apps/details?id=com.remax.remaxmobile&reviewId=Z3A6QU9xcFRPRlNraWVJMkpLN25UQVBhR2hSelRlejdiVElQQ1VLQ3Y3ZlVkUkdtUXhMSU5KMFVGLWRXdFR3MkNBU3ZhYXdtTUt5Nm5WQ1p5aDhqWFRfTlJB,
33,https://lh5.googleusercontent.com/-uhROfkFAsSs/AAAAAAAAAAI/AAAAAAAAAAA/ACHi3rcPjnC7A4Rgxm5uzB9_6Y0uQEq6Mw/w48-h48-p-rw/photo.jpg, David Ward ,5,com.remax.remaxmobile,  It's a great way to get a chance to look at houses and see what you thinking about getting  ,"February 20, 2017",gp:AOqpTOG2mx4T9MVjtURdvx84HVKoWcsAZ72KxtW7AaFEd0XGuyKQWszkjMe2uZHR_ZOye_syjmmWBf2t_OSbn-g,/store/apps/details?id=com.remax.remaxmobile&reviewId=Z3A6QU9xcFRPRzJteDRUOU1WanRVUmR2eDg0SFZLb1djc0FaNzJLeHRXN0FhRkVkMFhHdXlLUVdzemtqTWUydVpIUl9aT3llX3N5am1tV0JmMnRfT1Nibi1n,
34,https://lh5.googleusercontent.com/-ZPWAwYMIdJE/AAAAAAAAAAI/AAAAAAAAAAA/ACHi3rd_mFtivqQESO17Ccq8sWNcydDR5w/w48-h48-p-rw/photo.jpg, Suzanne Pruitt ,5,com.remax.remaxmobile,  It's easy to read. It also answers what I am looking for. Thank you.  ,"February 2, 2017",gp:AOqpTOE8OV1qCVrvWDaa2auPqBmwZfurAJfS2dtJlq9KrBmz_waEUzns1tNTvSWtEJiw-BHstKFozzTT1GJEZ48,/store/apps/details?id=com.remax.remaxmobile&reviewId=Z3A6QU9xcFRPRThPVjFxQ1ZydldEYWEyYXVQcUJtd1pmdXJBSmZTMmR0SmxxOUtyQm16X3dhRVV6bnMxdE5UdlNXdEVKaXctQkhzdEtGb3p6VFQxR0pFWjQ4,
35,https://lh3.googleusercontent.com/a-/AAuE7mCnaSrC_9bZ2mZKNpp1UbQhXaw_IWnzp98SK_2n=w48-h48-p-rw, Rob Gill ,5,com.remax.remaxmobile,"  Great app, easy-to-use  ","February 16, 2017",gp:AOqpTOHdnP8cgpUNBFJNDhE3LZrrSzLk8TDi7vd70HbqMibWTmy4x2fBOG8YJJv9aG4eTzfMQ2zUbyrZUipxVj4,/store/apps/details?id=com.remax.remaxmobile&reviewId=Z3A6QU9xcFRPSGRuUDhjZ3BVTkJGSk5EaEUzTFpyclN6TGs4VERpN3ZkNzBIYnFNaWJXVG15NHgyZkJPRzhZSkp2OWFHNGVUemZNUTJ6VWJ5clpVaXB4Vmo0,
36,https://lh3.googleusercontent.com/a-/AAuE7mDCfR4RsWdEKK_WIid99KO5olrVlDn87SNBT5caVw=w48-h48-p-rw, Neal Dillon ,2,com.remax.remaxmobile,  Site is frozen 80% of the time. I would not recommend to a friend or family member.  ,"February 13, 2017",gp:AOqpTOHmNOb_AyiwgGtleO73Ja8_gRpg5vvQ-XE-mOqv9FGYHlICoFPHro7Eq3z7MxdfMnB3_kw167BZxwAC9jc,/store/apps/details?id=com.remax.remaxmobile&reviewId=Z3A6QU9xcFRPSG1OT2JfQXlpd2dHdGxlTzczSmE4X2dScGc1dnZRLVhFLW1PcXY5RkdZSGxJQ29GUEhybzdFcTN6N014ZGZNbkIzX2t3MTY3Qlp4d0FDOWpj,
37,https://lh6.googleusercontent.com/-GipiUQTzGiE/AAAAAAAAAAI/AAAAAAAAAAA/m48jFRmoGk4/w48-h48-p-rw/photo.jpg, ,5,com.remax.remaxmobile,  LOVE this app! Already found a house I'm in love with  ,"February 13, 2017",gp:AOqpTOGV4pkg5q2hllosXjfJ7Ur1SptYZsF7GGgVN_QlJx_c8xGXmkxbR5NxFgb960ue8RuNsYCt99DHfoSdjjQ,/store/apps/details?id=com.remax.remaxmobile&reviewId=Z3A6QU9xcFRPR1Y0cGtnNXEyaGxsb3NYamZKN1VyMVNwdFlac0Y3R0dnVk5fUWxKeF9jOHhHWG1reGJSNU54RmdiOTYwdWU4UnVOc1lDdDk5REhmb1NkampR,
38,https://lh6.googleusercontent.com/-fVY6OAM_npc/AAAAAAAAAAI/AAAAAAAAAAA/ACHi3rfYvcQeAXBfM51Baq4MZm3IlW6DZA/w48-h48-p-rw/photo.jpg, Jarrod Mills ,5,com.remax.remaxmobile,  This app serves its purpose very well.  ,"December 5, 2016",gp:AOqpTOE1QFzRaESYlAyz38T9TuyQqOAXhGLicrXB792vw-P3dwKNd7swltx-NZOrwewm3AOcm-V4fJzHlnYY4bI,/store/apps/details?id=com.remax.remaxmobile&reviewId=Z3A6QU9xcFRPRTFRRnpSYUVTWWxBeXozOFQ5VHV5UXFPQVhoR0xpY3JYQjc5MnZ3LVAzZHdLTmQ3c3dsdHgtTlpPcndld20zQU9jbS1WNGZKekhsbllZNGJJ,Great app
39,https://lh5.googleusercontent.com/-1XeUTVxNHkM/AAAAAAAAAAI/AAAAAAAAAAA/ACHi3rd0n42A2eiWExIZn_kJVgfmVinMGg/w48-h48-p-rw/photo.jpg, kembar703kamala ,1,com.remax.remaxmobile,  Keep opening by himself  ,"February 24, 2017",gp:AOqpTOFYRx1hfPExsCeUVde-1dkrkoNo8Up0Z2061YFJetldijDwuqipYRaJVlLNQ8fLnk_EQLzZEC0oc6pX2nY,/store/apps/details?id=com.remax.remaxmobile&reviewId=Z3A6QU9xcFRPRllSeDFoZlBFeHNDZVVWZGUtMWRrcmtvTm84VXAwWjIwNjFZRkpldGxkaWpEd3VxaXBZUmFKVmxMTlE4Zkxua19FUUx6WkVDMG9jNnBYMm5Z,
