,author_image,author_name,current_rating,rev_app_id,review_body,review_date,review_id,review_permalink,review_title
0,https://lh3.googleusercontent.com/a-/AAuE7mC7ACACCE5kQHt-k2UcCsbfJRzm-02-n2YeMf3V=w48-h48-p-rw, praveen kandru ,5,com.california.cyber.developers.gps.speedometer.tripmeter,  Good one to find speed while traveling  ,"June 4, 2018",gp:AOqpTOFgk6dDCWeXx2gLGUMReYYt9LITp5GOO3q4CIAXMff37r_X9EWqBJLxIUAp7JSXm773SPgr61C1uxVNKA,/store/apps/details?id=com.california.cyber.developers.gps.speedometer.tripmeter&reviewId=Z3A6QU9xcFRPRmdrNmREQ1dlWHgyZ0xHVU1SZVlZdDlMSVRwNUdPTzNxNENJQVhNZmYzN3JfWDlFV3FCSkx4SVVBcDdKU1htNzczU1BncjYxQzF1eFZOS0E,
1,https://lh3.googleusercontent.com/a-/AAuE7mDNIoWl97mA6MCxQSAi79TX-x-v32jNw8V8MQBoggM=w48-h48-p-rw, hardik pandya ,4,com.california.cyber.developers.gps.speedometer.tripmeter,  Good app real time info.  ,"May 14, 2018",gp:AOqpTOGXce7s-zaICaSSULJYiG6mTrAmkUX9TeMwtv3KG1YtcZb0c2XzAWfQZIjMuUfze7UokP-L0v0ePNsnxw,/store/apps/details?id=com.california.cyber.developers.gps.speedometer.tripmeter&reviewId=Z3A6QU9xcFRPR1hjZTdzLXphSUNhU1NVTEpZaUc2bVRyQW1rVVg5VGVNd3R2M0tHMVl0Y1piMGMyWHpBV2ZRWklqTXVVZnplN1Vva1AtTDB2MGVQTnNueHc,
2,https://lh3.googleusercontent.com/a-/AAuE7mA1vyzdcpBejlEGFtlircfJvAkGfG26uVsyn2kN=w48-h48-p-rw, SB system solutions ,1,com.california.cyber.developers.gps.speedometer.tripmeter,  use less  ,"June 11, 2018",gp:AOqpTOHwc22g971p29sG6VCryqa6J2ks5WYF1HWodH-foaju8f9jUrlTE6l6Ndc5W19EFipuuf46LFipRFqmDg,/store/apps/details?id=com.california.cyber.developers.gps.speedometer.tripmeter&reviewId=Z3A6QU9xcFRPSHdjMjJnOTcxcDI5c0c2VkNyeXFhNkoya3M1V1lGMUhXb2RILWZvYWp1OGY5alVybFRFNmw2TmRjNVcxOUVGaXB1dWY0NkxGaXBSRnFtRGc,
3,https://lh3.googleusercontent.com/-69IPBSni90M/AAAAAAAAAAI/AAAAAAAAAAA/ACHi3rfJLxDEpCgaX6pGuHH2A63__gbcug/w48-h48-p-rw/photo.jpg, shashank shekhar ,5,com.california.cyber.developers.gps.speedometer.tripmeter,  Up to mark  ,"September 6, 2018",gp:AOqpTOH7WlVRiZgMwdKQxETmg0gbxzRZLWqmkp5-GNxOTsAfXFiZtBtDlf3fvDSX6FT7jJvYICLrcd0K-_daFg,/store/apps/details?id=com.california.cyber.developers.gps.speedometer.tripmeter&reviewId=Z3A6QU9xcFRPSDdXbFZSaVpnTXdkS1F4RVRtZzBnYnh6UlpMV3Fta3A1LUdOeE9Uc0FmWEZpWnRCdERsZjNmdkRTWDZGVDdqSnZZSUNMcmNkMEstX2RhRmc,
4,https://lh3.googleusercontent.com/a-/AAuE7mC26IIjBDhWJskUL4clDDTbbbKvYAtNoq0k4a3w=w48-h48-p-rw, สุรกานต์ สิมมา ,5,com.california.cyber.developers.gps.speedometer.tripmeter,  ดีเที่ยงตรง  ,"June 2, 2018",gp:AOqpTOFKm7aUkZQLTY--Vhf2vkv3fU2MBBpjBfIP9ZedDP14et8VnznoElAg1-ZMD9iN0-v15-lZ4--LFXPr4w,/store/apps/details?id=com.california.cyber.developers.gps.speedometer.tripmeter&reviewId=Z3A6QU9xcFRPRkttN2FVa1pRTFRZLS1WaGYydmt2M2ZVMk1CQnBqQmZJUDlaZWREUDE0ZXQ4Vm56bm9FbEFnMS1aTUQ5aU4wLXYxNS1sWjQtLUxGWFByNHc,
5,https://lh3.googleusercontent.com/a-/AAuE7mBK5_jYdVoOwwJfsjHKNnUDz7ESsHyBDnSazO4euA=w48-h48-p-rw, Venkata Rama Mohan Nadella ,2,com.california.cyber.developers.gps.speedometer.tripmeter,  Not working  ,"June 13, 2018",gp:AOqpTOErvCMUTHuqXXpVGBhKDT50g8mLozU9Qf81UVprAa7WE2fXpPABHk2mtiOSq-ESb_1MeA6-hMDBM8jjew,/store/apps/details?id=com.california.cyber.developers.gps.speedometer.tripmeter&reviewId=Z3A6QU9xcFRPRXJ2Q01VVEh1cVhYcFZHQmhLRFQ1MGc4bUxvelU5UWY4MVVWcHJBYTdXRTJmWHBQQUJIazJtdGlPU3EtRVNiXzFNZUE2LWhNREJNOGpqZXc,
6,https://lh3.googleusercontent.com/-J3OD8pGH9jA/AAAAAAAAAAI/AAAAAAAAAAA/ACHi3reFqVzMuW0LEKus6eviufnqIBhq7g/w48-h48-p-rw/photo.jpg, Ma Ni ,5,com.california.cyber.developers.gps.speedometer.tripmeter,  Thanks for the way  ,"October 27, 2018",gp:AOqpTOHYCr6Z0iVOmSP8rlhbH_CFiq08RmLHHk95fdy0HaQNZK5BWu-gsU5YcPuhBl0I36vXXURagsyDMBjDaQ,/store/apps/details?id=com.california.cyber.developers.gps.speedometer.tripmeter&reviewId=Z3A6QU9xcFRPSFlDcjZaMGlWT21TUDhybGhiSF9DRmlxMDhSbUxISGs5NWZkeTBIYVFOWks1Qld1LWdzVTVZY1B1aEJsMEkzNnZYWFVSYWdzeURNQmpEYVE,
7,https://lh3.googleusercontent.com/a-/AAuE7mBXXJ0y9sZ6pjk4-c_qSZL8CWQNQ-vevlDnPeGwKA=w48-h48-p-rw, ashutosh sharma ,4,com.california.cyber.developers.gps.speedometer.tripmeter,  NYC app  ,"May 24, 2018",gp:AOqpTOH7-TSRbjqGeZfY5esEGKKpxOMcmFw28S9pltGplOwpmI6sSWGnevEd4i1u9-HinZfGqPKVGGzG0AJkvw,/store/apps/details?id=com.california.cyber.developers.gps.speedometer.tripmeter&reviewId=Z3A6QU9xcFRPSDctVFNSYmpxR2VaZlk1ZXNFR0tLcHhPTWNtRncyOFM5cGx0R3BsT3dwbUk2c1NXR25ldkVkNGkxdTktSGluWmZHcVBLVkdHekcwQUprdnc,
8,https://lh3.googleusercontent.com/a-/AAuE7mBcK3trKgZr-vmKzYDn_-vQ2KB-wzFJsGIHzOSMYQ=w48-h48-p-rw, Mashood Mast ,4,com.california.cyber.developers.gps.speedometer.tripmeter,  Would be nice if widget is available...  ,"June 17, 2018",gp:AOqpTOFVKb4HN723eVOIuQt45RoQeFt9BEFD3RCu2zSGG8wIsEUjRqlt90o50Rv0MgssDcCCqWSXq5YeD2GFqQ,/store/apps/details?id=com.california.cyber.developers.gps.speedometer.tripmeter&reviewId=Z3A6QU9xcFRPRlZLYjRITjcyM2VWT0l1UXQ0NVJvUWVGdDlCRUZEM1JDdTJ6U0dHOHdJc0VValJxbHQ5MG81MFJ2ME1nc3NEY0NDcVdTWHE1WWVEMkdGcVE,
9,https://lh6.googleusercontent.com/-jcFGxVBXYtA/AAAAAAAAAAI/AAAAAAAAAAA/ACHi3rc-NQ7IH6mdCfkXWpZDCjYVqMx0hQ/w48-h48-p-rw/photo.jpg, Manikandan TM ,1,com.california.cyber.developers.gps.speedometer.tripmeter,  Worst app  ,"June 16, 2018",gp:AOqpTOHdlmW6yTdlaq04ySprvGDwrLD8nzdIpFBp-Ee3s9csQZXburlEPVVZzfPRo2ndqYkv85sg9DJKKRWr9Q,/store/apps/details?id=com.california.cyber.developers.gps.speedometer.tripmeter&reviewId=Z3A6QU9xcFRPSGRsbVc2eVRkbGFxMDR5U3BydkdEd3JMRDhuemRJcEZCcC1FZTNzOWNzUVpYYnVybEVQVlZaemZQUm8ybmRxWWt2ODVzZzlESktLUldyOVE,
10,https://lh4.googleusercontent.com/-RwDM8QGLTy4/AAAAAAAAAAI/AAAAAAAAAAA/ACHi3rfXYyWXofhn8fPrXP2D0bH7Lo3_vg/w48-h48-p-rw/photo.jpg, Yasir Mohamed ,1,com.california.cyber.developers.gps.speedometer.tripmeter,  Rip off  ,"May 10, 2018",gp:AOqpTOGo1DlKuABIhrPdFykIXAq6Nz2qfN2QsmE6UE2m2gLzxQl9Ea9pzaV4tSnab2eMRKARUlcFQVrybjubTQ,/store/apps/details?id=com.california.cyber.developers.gps.speedometer.tripmeter&reviewId=Z3A6QU9xcFRPR28xRGxLdUFCSWhyUGRGeWtJWEFxNk56MnFmTjJRc21FNlVFMm0yZ0x6eFFsOUVhOXB6YVY0dFNuYWIyZU1SS0FSVWxjRlFWcnlianViVFE,
11,https://lh3.googleusercontent.com/a-/AAuE7mBWEPZbpdOfiElYJK2KTYCQX9LskIcf67DUGPxOKw=w48-h48-p-rw, RAHUL SINHA ,4,com.california.cyber.developers.gps.speedometer.tripmeter,  Good aap. It like it .  ,"June 5, 2018",gp:AOqpTOG47MprIQba_y8rRKAL28kJZwE6r9urEYRzeGvKm4bbNLxX9P9nJn7JV_y7F8iqCeIOac3nyAl0JMThYA,/store/apps/details?id=com.california.cyber.developers.gps.speedometer.tripmeter&reviewId=Z3A6QU9xcFRPRzQ3TXBySVFiYV95OHJSS0FMMjhrSlp3RTZyOXVyRVlSemVHdkttNGJiTkx4WDlQOW5KbjdKVl95N0Y4aXFDZUlPYWMzbnlBbDBKTVRoWUE,
12,https://lh3.googleusercontent.com/a-/AAuE7mD1FFPoWl3L-aCk9ZIBCMxEw69hm-xKkTYwprzoAw=w48-h48-p-rw, krishna saxena ,5,com.california.cyber.developers.gps.speedometer.tripmeter,  Accuracy is superior... love it  ,"June 8, 2018",gp:AOqpTOFKnp5nZUznOaR5zfe7M2d2oIiso0LUMH_xcFu-ssctontMjMqHtkpbFJdiugi0s65YBXCqdYDirQb0SQ,/store/apps/details?id=com.california.cyber.developers.gps.speedometer.tripmeter&reviewId=Z3A6QU9xcFRPRktucDVuWlV6bk9hUjV6ZmU3TTJkMm9JaXNvMExVTUhfeGNGdS1zc2N0b250TWpNcUh0a3BiRkpkaXVnaTBzNjVZQlhDcWRZRGlyUWIwU1E,
13,https://lh5.googleusercontent.com/-JwOtGtolkHE/AAAAAAAAAAI/AAAAAAAAAAA/qGgX3E0iV2U/w48-h48-p-rw/photo.jpg, ,4,com.california.cyber.developers.gps.speedometer.tripmeter,  Works fine for me  ,"May 21, 2018",gp:AOqpTOEWQfZOc-emQRhMkjuYF4TxxDYs-M-F4hKJkSurjG4IFFpc-g_3SizwjK2RZjNiGLXtOQesdsJdjPZkIg,/store/apps/details?id=com.california.cyber.developers.gps.speedometer.tripmeter&reviewId=Z3A6QU9xcFRPRVdRZlpPYy1lbVFSaE1ranVZRjRUeHhEWXMtTS1GNGhLSmtTdXJqRzRJRkZwYy1nXzNTaXp3aksyUlpqTmlHTFh0T1Flc2RzSmRqUFprSWc,
14,https://lh3.googleusercontent.com/a-/AAuE7mAx4RnJDjwUI-KJrmb2vWQcv2vjgPiwEBJJBNrUCw=w48-h48-p-rw, raju m ,4,com.california.cyber.developers.gps.speedometer.tripmeter,  very good app  ,"June 18, 2018",gp:AOqpTOGY-e5PWOJlxMEayoAIf1GVTa7_TfpFrXU6s8uWjjubFfXBwP5AIpmH70UwVtEITesc5h23XsZ_JjOrIg,/store/apps/details?id=com.california.cyber.developers.gps.speedometer.tripmeter&reviewId=Z3A6QU9xcFRPR1ktZTVQV09KbHhNRWF5b0FJZjFHVlRhN19UZnBGclhVNnM4dVdqanViRmZYQndQNUFJcG1INzBVd1Z0RUlUZXNjNWgyM1hzWl9Kak9ySWc,
15,https://lh5.googleusercontent.com/-2jF6w0gFZhA/AAAAAAAAAAI/AAAAAAAAAAA/ACHi3rdFwf-AUCZx4nhYbmy6OvGJRyu8-g/w48-h48-p-rw/photo.jpg, Mohamed Fis ,5,com.california.cyber.developers.gps.speedometer.tripmeter,  Very nice app  ,"June 16, 2018",gp:AOqpTOER52W2LFTzOMBNnc6blcXDSY_mhiRorXtCjqsP7f4eH4bV-j1i34Pnct5l3fEgbBIDDbKNM5Bz5GXI_A,/store/apps/details?id=com.california.cyber.developers.gps.speedometer.tripmeter&reviewId=Z3A6QU9xcFRPRVI1MlcyTEZUek9NQk5uYzZibGNYRFNZX21oaVJvclh0Q2pxc1A3ZjRlSDRiVi1qMWkzNFBuY3Q1bDNmRWdiQklERGJLTk01Qno1R1hJX0E,
16,https://lh4.googleusercontent.com/-s3iFEa40nMI/AAAAAAAAAAI/AAAAAAAAAAA/ACHi3rcxTDLgyCzOmXSQyIYXvVMYFwe4Vg/w48-h48-p-rw/photo.jpg, Santosh Chavan ,5,com.california.cyber.developers.gps.speedometer.tripmeter,  Ok  ,"May 11, 2018",gp:AOqpTOFg2_kLEpHMH9ag_2VL0Pr9g2kSO0jftUzEqi8WygpMW3QOI2Pt2QA-IWU5d1NryMFhCKVuOEtQyWGeFQ,/store/apps/details?id=com.california.cyber.developers.gps.speedometer.tripmeter&reviewId=Z3A6QU9xcFRPRmcyX2tMRXBITUg5YWdfMlZMMFByOWcya1NPMGpmdFV6RXFpOFd5Z3BNVzNRT0kyUHQyUUEtSVdVNWQxTnJ5TUZoQ0tWdU9FdFF5V0dlRlE,
17,https://lh3.googleusercontent.com/a-/AAuE7mDej61F9rldiG3OeBVi2a7Meac57YD1MAoMWuAg=w48-h48-p-rw, Tuncel Apaydin ,4,com.california.cyber.developers.gps.speedometer.tripmeter,  Thx  ,"June 6, 2018",gp:AOqpTOE-C5engKmbenWAs9WcAsLOb4nx-dS07mh-QY71F1P5Fxuh_OjYuKgEvxNcByURSjFsSgOY1hD-fjIRXg,/store/apps/details?id=com.california.cyber.developers.gps.speedometer.tripmeter&reviewId=Z3A6QU9xcFRPRS1DNWVuZ0ttYmVuV0FzOVdjQXNMT2I0bngtZFMwN21oLVFZNzFGMVA1Rnh1aF9Pall1S2dFdnhOY0J5VVJTakZzU2dPWTFoRC1maklSWGc,
18,https://lh3.googleusercontent.com/a-/AAuE7mCym597l_lQ_-4Lg4C2yVr_smi3aYj7TKZgrUFqAw=w48-h48-p-rw, adhuvala balaji ,5,com.california.cyber.developers.gps.speedometer.tripmeter,  It's useful  ,"May 23, 2018",gp:AOqpTOGgLglyW80tHSufoWABECpqVGtb3843BoZ7VDEDzffTMle1eqpHpSrQ_cMUwp2UbTumXJCskbeqhg39iw,/store/apps/details?id=com.california.cyber.developers.gps.speedometer.tripmeter&reviewId=Z3A6QU9xcFRPR2dMZ2x5VzgwdEhTdWZvV0FCRUNwcVZHdGIzODQzQm9aN1ZERUR6ZmZUTWxlMWVxcEhwU3JRX2NNVXdwMlViVHVtWEpDc2tiZXFoZzM5aXc,
19,https://lh5.googleusercontent.com/-xx6ND_7TO5s/AAAAAAAAAAI/AAAAAAAAAAA/ACHi3rcEupmg9UzUimHjkzygIKVuMpuHVg/w48-h48-p-rw/photo.jpg, ajay kumar ,5,com.california.cyber.developers.gps.speedometer.tripmeter,  Good app  ,"May 8, 2018",gp:AOqpTOH9a2gF4ZIxfRoG1X055Jb3UClS8t8XlCufXrCjSORphBIVh7R30jMsCesUpCPEcbdMJ6Bc65MPp6DxZA,/store/apps/details?id=com.california.cyber.developers.gps.speedometer.tripmeter&reviewId=Z3A6QU9xcFRPSDlhMmdGNFpJeGZSb0cxWDA1NUpiM1VDbFM4dDhYbEN1ZlhyQ2pTT1JwaEJJVmg3UjMwak1zQ2VzVXBDUEVjYmRNSjZCYzY1TVBwNkR4WkE,
20,https://lh3.googleusercontent.com/a-/AAuE7mASY--EdtnPoogEotE0C8PXmUZjOndhP9C20JVJ7w=w48-h48-p-rw, Anil Thakor ,4,com.california.cyber.developers.gps.speedometer.tripmeter,  Nice work  ,"June 8, 2018",gp:AOqpTOH2DTVMaO0tVx5mj83yxrvzKoF_aUKRAK1T6KgtniPP-nkvkyBrdXBTuZwTjIJXy8-0QaBljuteCAg1ZQ,/store/apps/details?id=com.california.cyber.developers.gps.speedometer.tripmeter&reviewId=Z3A6QU9xcFRPSDJEVFZNYU8wdFZ4NW1qODN5eHJ2ektvRl9hVUtSQUsxVDZLZ3RuaVBQLW5rdmt5QnJkWEJUdVp3VGpJSlh5OC0wUWFCbGp1dGVDQWcxWlE,
21,https://lh6.googleusercontent.com/-yBp8RTcgDIU/AAAAAAAAAAI/AAAAAAAAAAA/JnmXlSg3374/w48-h48-p-rw/photo.jpg, ,5,com.california.cyber.developers.gps.speedometer.tripmeter,  Great app  ,"June 9, 2018",gp:AOqpTOHN17qN6_vED96US5e94KHw6bt3xBVxYo0P0_hfum9gAgjRutmGaPBTXg-lkqEXecOUiZcfpHCxYGQQKA,/store/apps/details?id=com.california.cyber.developers.gps.speedometer.tripmeter&reviewId=Z3A6QU9xcFRPSE4xN3FONl92RUQ5NlVTNWU5NEtIdzZidDN4QlZ4WW8wUDBfaGZ1bTlnQWdqUnV0bUdhUEJUWGctbGtxRVhlY09VaVpjZnBIQ3hZR1FRS0E,
22,https://lh3.googleusercontent.com/a-/AAuE7mBYzzz5VVpZacfLWC1bZrPyLSXipT_YeyR7zD-9LQ=w48-h48-p-rw, Ganesh Shanker ,1,com.california.cyber.developers.gps.speedometer.tripmeter,  Fake  ,"June 11, 2018",gp:AOqpTOGNYilz0-2UamSzkCIQmvx9INr28AQbCgm8ChJKzvsZ4CLDdsnmwgeDU9EhznzGu1FxAuKBsw2kuqRgfA,/store/apps/details?id=com.california.cyber.developers.gps.speedometer.tripmeter&reviewId=Z3A6QU9xcFRPR05ZaWx6MC0yVWFtU3prQ0lRbXZ4OUlOcjI4QVFiQ2dtOENoSkt6dnNaNENMRGRzbm13Z2VEVTlFaHpuekd1MUZ4QXVLQnN3Mmt1cVJnZkE,
23,https://lh4.googleusercontent.com/-NUODkbVcCL0/AAAAAAAAAAI/AAAAAAAAAAA/ACHi3rf-YvoYvlW8TXadhN3YMcEiOet1uA/w48-h48-p-rw/photo.jpg, Munna Kumar ,3,com.california.cyber.developers.gps.speedometer.tripmeter,  Good  ,"June 12, 2018",gp:AOqpTOEI8ftRbFAbNKmBorgctfe6ABcdIWhGngG6AuM5e2VTj-xwL7DBrqX_hl_AUBnfByuZ6yhOrBmsq28DYg,/store/apps/details?id=com.california.cyber.developers.gps.speedometer.tripmeter&reviewId=Z3A6QU9xcFRPRUk4ZnRSYkZBYk5LbUJvcmdjdGZlNkFCY2RJV2hHbmdHNkF1TTVlMlZUai14d0w3REJycVhfaGxfQVVCbmZCeXVaNnloT3JCbXNxMjhEWWc,
24,https://lh3.googleusercontent.com/a-/AAuE7mBM7xDFvzXuEjPJ2gFNgT8ze2G3mvE5GYDzkAux=w48-h48-p-rw, Sukhvinder Koushik ,5,com.california.cyber.developers.gps.speedometer.tripmeter,  Good  ,"July 27, 2018",gp:AOqpTOFVVuh4X28Iu0HMYLSu7Myo4dlG4V-xMzsDOzWYrN5NHRAWTahed0SEUT29Z5_jMVQJ0tU3je5dLFvcXg,/store/apps/details?id=com.california.cyber.developers.gps.speedometer.tripmeter&reviewId=Z3A6QU9xcFRPRlZWdWg0WDI4SXUwSE1ZTFN1N015bzRkbEc0Vi14TXpzRE96V1lyTjVOSFJBV1RhaGVkMFNFVVQyOVo1X2pNVlFKMHRVM2plNWRMRnZjWGc,
25,https://lh3.googleusercontent.com/a-/AAuE7mAZIz2mHs45Hx_Fn7Kp09AW9uMxiN_O0IdBJ7ikrg=w48-h48-p-rw, x- skull ,5,com.california.cyber.developers.gps.speedometer.tripmeter,  Useful  ,"July 24, 2018",gp:AOqpTOHyyTELKqAKbtPJhJB15fr5uHBWjOVr-tlH5qUjn3VrO-T_-X4RZneXSGj73IrAVsjJJnkRv0nVB5a-OQ,/store/apps/details?id=com.california.cyber.developers.gps.speedometer.tripmeter&reviewId=Z3A6QU9xcFRPSHl5VEVMS3FBS2J0UEpoSkIxNWZyNXVIQldqT1ZyLXRsSDVxVWpuM1ZyTy1UXy1YNFJabmVYU0dqNzNJckFWc2pKSm5rUnYwblZCNWEtT1E,
26,https://lh5.googleusercontent.com/-60RXXuLn8aw/AAAAAAAAAAI/AAAAAAAAAAA/ACHi3rfIEfkJXD-CdWB7n6iDrihvBvmAfw/w48-h48-p-rw/photo.jpg, Rakesh Kumar ,5,com.california.cyber.developers.gps.speedometer.tripmeter,  Good  ,"May 8, 2018",gp:AOqpTOH4KeWjHl4BIqVDoUVfRm4cjpSScAffo8k28FupoJRIBkHaURvziAJB9jD5Q9Pahwz269AMDwnJ_JW_8Q,/store/apps/details?id=com.california.cyber.developers.gps.speedometer.tripmeter&reviewId=Z3A6QU9xcFRPSDRLZVdqSGw0QklxVkRvVVZmUm00Y2pwU1NjQWZmbzhrMjhGdXBvSlJJQmtIYVVSdnppQUpCOWpENVE5UGFod3oyNjlBTUR3bkpfSldfOFE,
27,https://lh3.googleusercontent.com/-P0m7V37HzdY/AAAAAAAAAAI/AAAAAAAAAAA/ACHi3re5uZBzI6rffLugt8Ogaov8LE9bcg/w48-h48-p-rw/photo.jpg, Dhanraj Gondane ,5,com.california.cyber.developers.gps.speedometer.tripmeter,  Love it  ,"June 6, 2018",gp:AOqpTOGU475PEVGL90Vr6zzR8fhzzvEw0Mllw_wGY3kEn-bYRoZGs5PDbSCb36KimKgOM3adURoWlg-nZKsCMg,/store/apps/details?id=com.california.cyber.developers.gps.speedometer.tripmeter&reviewId=Z3A6QU9xcFRPR1U0NzVQRVZHTDkwVnI2enpSOGZoenp2RXcwTWxsd193R1kza0VuLWJZUm9aR3M1UERiU0NiMzZLaW1LZ09NM2FkVVJvV2xnLW5aS3NDTWc,
28,https://lh3.googleusercontent.com/-EZtOijlGJ7Y/AAAAAAAAAAI/AAAAAAAAAAA/yyUO7UBQlQw/w48-h48-p-rw/photo.jpg, ,5,com.california.cyber.developers.gps.speedometer.tripmeter,  Good  ,"June 11, 2018",gp:AOqpTOGAQyebaINt83SFitXKQGmJ_LFZbZDfcfKig-0IzT6_M7KrIOCc5ZcYor6k2znTySMubkYbm7DyV6XH2A,/store/apps/details?id=com.california.cyber.developers.gps.speedometer.tripmeter&reviewId=Z3A6QU9xcFRPR0FReWViYUlOdDgzU0ZpdFhLUUdtSl9MRlpiWkRmY2ZLaWctMEl6VDZfTTdLcklPQ2M1WmNZb3I2azJ6blR5U011YmtZYm03RHlWNlhIMkE,
29,https://lh4.googleusercontent.com/-GZ14FQkbx_w/AAAAAAAAAAI/AAAAAAAAAAA/ACHi3reTSXAZh5ptlgJOUSge4Tlo2m4nsQ/w48-h48-p-rw/photo.jpg, c s ,4,com.california.cyber.developers.gps.speedometer.tripmeter,  Meter range should be increased up to 500 km  ,"June 15, 2018",gp:AOqpTOEIZPylnoASeeyczC_NTJN3x-VUESOgCxppVk_6-2nd0Ochi5hefjPbvTghyJdLIY74AZw28hCE9e3htg,/store/apps/details?id=com.california.cyber.developers.gps.speedometer.tripmeter&reviewId=Z3A6QU9xcFRPRUlaUHlsbm9BU2VleWN6Q19OVEpOM3gtVlVFU09nQ3hwcFZrXzYtMm5kME9jaGk1aGVmalBidlRnaHlKZExJWTc0QVp3MjhoQ0U5ZTNodGc,
30,https://lh3.googleusercontent.com/-_ZusIjJe8bE/AAAAAAAAAAI/AAAAAAAAAAA/ACHi3rfUpBr_2HoV97APZeUa32W0WKAA4A/w48-h48-p-rw/photo.jpg, Ather Sharique ,5,com.california.cyber.developers.gps.speedometer.tripmeter,  Awesome  ,"May 3, 2018",gp:AOqpTOFrFjkNwHLHpMbWuRz7xhyVqpwNALySktgE1kFaMF38hH26UJk1CNPoPaZroSIFDor1UAFKZUDAE12xyg,/store/apps/details?id=com.california.cyber.developers.gps.speedometer.tripmeter&reviewId=Z3A6QU9xcFRPRnJGamtOd0hMSHBNYld1Uno3eGh5VnFwd05BTHlTa3RnRTFrRmFNRjM4aEgyNlVKazFDTlBvUGFacm9TSUZEb3IxVUFGS1pVREFFMTJ4eWc,
31,https://lh3.googleusercontent.com/a-/AAuE7mAizFqYd7EUfOseHZcJHqVknnryJH0aGdrh8CYQ=w48-h48-p-rw, alete dini ,4,com.california.cyber.developers.gps.speedometer.tripmeter,"  It's great, but keep in mind this: analogic scale reaches only 260 km/h you run out of scale if you take a bullet train for example. The same for notification, it shows ""220+ km/h"" it would be great if it supports any speed (at least until 999km/h?)  ","April 6, 2018",gp:AOqpTOGAOnlTBr1_C2YW6c20YCLoFVUy5954NFVL4G02GzAvgFnNrhhpi5imDtFBTRhEQp3v9h17dMdLx2IvQA,/store/apps/details?id=com.california.cyber.developers.gps.speedometer.tripmeter&reviewId=Z3A6QU9xcFRPR0FPbmxUQnIxX0MyWVc2YzIwWUNMb0ZWVXk1OTU0TkZWTDRHMDJHekF2Z0ZuTnJoaHBpNWltRHRGQlRSaEVRcDN2OWgxN2RNZEx4Mkl2UUE,
32,https://lh3.googleusercontent.com/a-/AAuE7mBFkaZ6kPF5-eLvdarVs2vljTP7kZb6iAR_LrU=w48-h48-p-rw, Babul Kumar ,5,com.california.cyber.developers.gps.speedometer.tripmeter,  It works 99 percent accurately though very short distance like 5 metres walking it can't capture that small distance and for large distance  I will test and give my review.  ,"March 24, 2018",gp:AOqpTOHj6FD-IdzKvX-1YWxgJlJMF1wrdd33v6NsDfC5N5uHrBHBI4SL-MyYkRJXY7nlTOs2Jn58HNilz4VzoA,/store/apps/details?id=com.california.cyber.developers.gps.speedometer.tripmeter&reviewId=Z3A6QU9xcFRPSGo2RkQtSWR6S3ZYLTFZV3hnSmxKTUYxd3JkZDMzdjZOc0RmQzVONXVIckJIQkk0U0wtTXlZa1JKWFk3bmxUT3MySm41OEhOaWx6NFZ6b0E,
33,https://lh3.googleusercontent.com/a-/AAuE7mDK2ZBKJCO1ml3bAMVF7zQ5M8vjViy_1lOEjftMsA=w48-h48-p-rw, Mukesh Sharma ,1,com.california.cyber.developers.gps.speedometer.tripmeter,  Alway msg showing that CONNECTING TO THE GPS but it is not able to connect even in better internet connectivity.  ,"February 27, 2018",gp:AOqpTOHCD6xT9eOYP0Uw_HIWQdrX4kpguzD4E1YRa-WOF_71296Xz3RXyXn-vuQjos-eeff9EEwpD2N7WrKP4Q,/store/apps/details?id=com.california.cyber.developers.gps.speedometer.tripmeter&reviewId=Z3A6QU9xcFRPSENENnhUOWVPWVAwVXdfSElXUWRyWDRrcGd1ekQ0RTFZUmEtV09GXzcxMjk2WHozUlh5WG4tdnVRam9zLWVlZmY5RUV3cEQyTjdXcktQNFE,
34,https://lh5.googleusercontent.com/-QTTEssXNZEM/AAAAAAAAAAI/AAAAAAAAAAA/ACHi3rccDTDvURfSgq8St308vRsE8HRlbA/w48-h48-p-rw/photo.jpg, Chaturbhuj Nath Tiwari ,5,com.california.cyber.developers.gps.speedometer.tripmeter,  Terrific and Accurate keep up the good work  but please be patient allow little bit less advertisement on your page  ,"March 6, 2018",gp:AOqpTOH6dnodSNDfNpkW5cVxEubV-cSMNWDoBVY5t86NIFz7agwSu093QvAD_UTP9KPrmAtLWKKHUmFdvwC8zw,/store/apps/details?id=com.california.cyber.developers.gps.speedometer.tripmeter&reviewId=Z3A6QU9xcFRPSDZkbm9kU05EZk5wa1c1Y1Z4RXViVi1jU01OV0RvQlZZNXQ4Nk5JRno3YWd3U3UwOTNRdkFEX1VUUDlLUHJtQXRMV0tLSFVtRmR2d0M4enc,
35,https://lh3.googleusercontent.com/a-/AAuE7mC2pOPiw_cncorasYkWctDfYmFI3ckl5N2jakBlXQ=w48-h48-p-rw, Nani Rk ,5,com.california.cyber.developers.gps.speedometer.tripmeter,  Probably the most accurate one. Those who are complaining pls Enable both Gps & data and wait for some time  ,"April 16, 2018",gp:AOqpTOF8sBAfkhx4rQkRgeF4-QtG68T6TaYxn78nc1IkxyoXqEgjR7JwAQy-urJ-0nkHmDyPi1oY8Hxom84mSw,/store/apps/details?id=com.california.cyber.developers.gps.speedometer.tripmeter&reviewId=Z3A6QU9xcFRPRjhzQkFma2h4NHJRa1JnZUY0LVF0RzY4VDZUYVl4bjc4bmMxSWt4eW9YcUVnalI3SndBUXktdXJKLTBua0htRHlQaTFvWThIeG9tODRtU3c,
36,https://lh5.googleusercontent.com/-agg_Dp8zH0c/AAAAAAAAAAI/AAAAAAAAAAA/HVYZNFVPNCQ/w48-h48-p-rw/photo.jpg, ,4,com.california.cyber.developers.gps.speedometer.tripmeter,  It works well for my needs altho it turns itself off if I stop to long sometimes  ,"March 23, 2018",gp:AOqpTOFjIaeffLEPHeJRxnVFkdXrYu6KbMv1m-U4GrWg9RjpKz0gJKZ2ld2Pm7I5zi1Lubjf90Si5aNjuC0CjQ,/store/apps/details?id=com.california.cyber.developers.gps.speedometer.tripmeter&reviewId=Z3A6QU9xcFRPRmpJYWVmZkxFUEhlSlJ4blZGa2RYcll1NktiTXYxbS1VNEdyV2c5UmpwS3owZ0pLWjJsZDJQbTdJNXppMUx1YmpmOTBTaTVhTmp1QzBDalE,
37,https://lh3.googleusercontent.com/a-/AAuE7mACWfD6gyjUPZYR0fwO47EPC46J8MyKimYRxS5WVg=w48-h48-p-rw, RK Vlogs ,5,com.california.cyber.developers.gps.speedometer.tripmeter,  Does what it says.. No issues with ads as it's a free application. Very less ads which we can remove easily. Thank you.  ,"March 4, 2018",gp:AOqpTOEmIzBw57OFOGU6OXt4qx6_TuyHmcdEQfV1F0AIT7yEt4OrVUNHAQKyJADzUAKDY9abJ15BkIhTc2lyrw,/store/apps/details?id=com.california.cyber.developers.gps.speedometer.tripmeter&reviewId=Z3A6QU9xcFRPRW1JekJ3NTdPRk9HVTZPWHQ0cXg2X1R1eUhtY2RFUWZWMUYwQUlUN3lFdDRPclZVTkhBUUt5SkFEelVBS0RZOWFiSjE1QmtJaFRjMmx5cnc,
38,https://lh3.googleusercontent.com/a-/AAuE7mByXxRcDBiBY7XdibEZsheuCr5q21Gt4WUS81COPA=w48-h48-p-rw, mahesh sachdev ,1,com.california.cyber.developers.gps.speedometer.tripmeter,  Did not show speed while travelling  ,"March 18, 2018",gp:AOqpTOGRbzNlhciVz-tpZM23ih1YH8Lsvz-CktvPL2zl88Sa39UcOl0dnZMZRoeHyyfuFMcsOIadJU9sQMy1VQ,/store/apps/details?id=com.california.cyber.developers.gps.speedometer.tripmeter&reviewId=Z3A6QU9xcFRPR1Jiek5saGNpVnotdHBaTTIzaWgxWUg4THN2ei1Da3R2UEwyemw4OFNhMzlVY09sMGRuWk1aUm9lSHl5ZnVGTWNzT0lhZEpVOXNRTXkxVlE,
39,https://lh4.googleusercontent.com/-25Ar4awbMBU/AAAAAAAAAAI/AAAAAAAAAAA/OmosrQoWT5U/w48-h48-p-rw/photo.jpg, ,3,com.california.cyber.developers.gps.speedometer.tripmeter,"  Is not corresponding with the car speedometer 100%,thank you.  ","March 25, 2018",gp:AOqpTOG2jAXjM2DrG1QCm7SOJlkVmPkrGTcQjPrzZBPyZpuJ5SQlmNqmPWC01AsONw2Ff5Wp5J9Ogom8rDg9sw,/store/apps/details?id=com.california.cyber.developers.gps.speedometer.tripmeter&reviewId=Z3A6QU9xcFRPRzJqQVhqTTJEckcxUUNtN1NPSmxrVm1Qa3JHVGNRalByelpCUHlacHVKNVNRbG1OcW1QV0MwMUFzT053MkZmNVdwNUo5T2dvbThyRGc5c3c,
