,author_image,author_name,current_rating,rev_app_id,review_body,review_date,review_id,review_permalink,review_title
0,https://lh3.googleusercontent.com/a-/AAuE7mAweVkYkZKKkRyKzQsk7MEODuPYGJYVWTiOoYboqw=w48-h48-p-rw, Sherry Gilbert ,5,com.webmd.android,  Easy to navigate through  ,"February 18, 2018",gp:AOqpTOFEWGzWzSA22oGn2QFmKlqp0UfBcB_4jh8wHyLKANzI4nEyNBDxSUtM-saOFl5WwkXjtmDswb7F-g2W0Kc,/store/apps/details?id=com.webmd.android&reviewId=Z3A6QU9xcFRPRkVXR3pXelNBMjJvR24yUUZtS2xxcDBVZkJjQl80amg4d0h5TEtBTnpJNG5FeU5CRHhTVXRNLXNhT0ZsNVd3a1hqdG1Ec3diN0YtZzJXMEtj,
1,https://lh3.googleusercontent.com/-jhcYliXoCVA/AAAAAAAAAAI/AAAAAAAAAAA/ACHi3rcUxeWHV17oYOmJgMjGbyPi8Qbk1Q/w48-h48-p-rw/photo.jpg, tenadjang nelson ,5,com.webmd.android,  Very good app  ,"February 21, 2018",gp:AOqpTOHhC6TNekTA1pvMUiKrs2KdQK-rSsAnaEaniycU8jp5HCGkWR8ZeDPQ_k0OWNBVPo4rtsaZzu5-P8iIw44,/store/apps/details?id=com.webmd.android&reviewId=Z3A6QU9xcFRPSGhDNlROZWtUQTFwdk1VaUtyczJLZFFLLXJTc0FuYUVhbml5Y1U4anA1SENHa1dSOFplRFBRX2swT1dOQlZQbzRydHNhWnp1NS1QOGlJdzQ0,
2,https://lh5.googleusercontent.com/-OStTJiKlbSQ/AAAAAAAAAAI/AAAAAAAAAAA/ikIOlybP9VY/w48-h48-p-rw/photo.jpg, ,5,com.webmd.android,  Very informative and helpful  ,"February 28, 2018",gp:AOqpTOHvdInM3fP72QVmmKYXsFv7sLYP5q_jmqh6r6mutXNG76FdKaT5cSXTTwlWiqu3xDRTn39QhigzbbPosvI,/store/apps/details?id=com.webmd.android&reviewId=Z3A6QU9xcFRPSHZkSW5NM2ZQNzJRVm1tS1lYc0Z2N3NMWVA1cV9qbXFoNnI2bXV0WE5HNzZGZEthVDVjU1hUVHdsV2lxdTN4RFJUbjM5UWhpZ3piYlBvc3ZJ,
3,https://lh3.googleusercontent.com/a-/AAuE7mAIWsA6TxC5DjUaXrf4n7BbqCgaVEjqhC4vi8uVHA=w48-h48-p-rw, Shauna kaye Shepard ,5,com.webmd.android,  Attt  ,"November 4, 2018",gp:AOqpTOEeq1x5bZx46AXx6DjzMuD0j530p3tTZQJ-f6T7nDHGwJUq6-j59vlJeeYPOAsOpglOaSQAceyED7ABpxE,/store/apps/details?id=com.webmd.android&reviewId=Z3A6QU9xcFRPRWVxMXg1Ylp4NDZBWHg2RGp6TXVEMGo1MzBwM3RUWlFKLWY2VDduREhHd0pVcTYtajU5dmxKZWVZUE9Bc09wZ2xPYVNRQWNleUVEN0FCcHhF,
4,https://lh5.googleusercontent.com/-dTS5uoDeu8M/AAAAAAAAAAI/AAAAAAAAAAA/ACHi3rdnQ8oo009JP1IrJdDQrklVcFrVRQ/w48-h48-p-rw/photo.jpg, KCS ,4,com.webmd.android,  It's good  ,"March 5, 2018",gp:AOqpTOE4kTuoqwJlvTwMEWFr_32-SS1u7fKH4e7wiKB7D3R28YqL4KaDOej56tGY3NVJ2ZIATIiDCsJvE1fgVng,/store/apps/details?id=com.webmd.android&reviewId=Z3A6QU9xcFRPRTRrVHVvcXdKbHZUd01FV0ZyXzMyLVNTMXU3ZktINGU3d2lLQjdEM1IyOFlxTDRLYURPZWo1NnRHWTNOVkoyWklBVElpRENzSnZFMWZnVm5n,
5,https://lh3.googleusercontent.com/a-/AAuE7mBH5mkgBojxsu39vale2uZvapxEWrWib0Qh8s_RKg=w48-h48-p-rw, Wil Green ,5,com.webmd.android,  Kool app  ,"February 20, 2018",gp:AOqpTOE0aQHFsGwfwy_1jMxhtu-kiDDG009foIWzDBsD_Q7VQfiQ4eN09HoMSmS5G8Xd3guX1H6NJ6FX-EwC4RI,/store/apps/details?id=com.webmd.android&reviewId=Z3A6QU9xcFRPRTBhUUhGc0d3Znd5XzFqTXhodHUta2lEREcwMDlmb0lXekRCc0RfUTdWUWZpUTRlTjA5SG9NU21TNUc4WGQzZ3VYMUg2Tko2RlgtRXdDNFJJ,
6,https://lh3.googleusercontent.com/a-/AAuE7mAkXXoW5uVVx-Oa4N-CkWxjh5rYHVnyrpjshNDTIA=w48-h48-p-rw, dee f.e.best ,5,com.webmd.android,  Helpful and informative  ,"March 4, 2018",gp:AOqpTOFyy72uSv8dopCM_RUlLM1d7uOLYUJa_4AnFELP7bDyd7UKeALrMsQ4sb56eGb0MhKi8Ezr2OqR83VbLHY,/store/apps/details?id=com.webmd.android&reviewId=Z3A6QU9xcFRPRnl5NzJ1U3Y4ZG9wQ01fUlVsTE0xZDd1T0xZVUphXzRBbkZFTFA3YkR5ZDdVS2VBTHJNc1E0c2I1NmVHYjBNaEtpOEV6cjJPcVI4M1ZiTEhZ,
7,https://lh3.googleusercontent.com/a-/AAuE7mD1qvLkv27ybMMyHX0iH2YgYMS15uNoW4s2_Ye2euA=w48-h48-p-rw, Rebecca W ,5,com.webmd.android,  Informative app  ,"February 22, 2018",gp:AOqpTOFT7SqXjmd7kxCzyfeqnBYP3buanbqp8TcVOLwhvFb9LR8gKEPnpJWezK4JYsuxP-oC1vNJF5LOhxz7wUw,/store/apps/details?id=com.webmd.android&reviewId=Z3A6QU9xcFRPRlQ3U3FYam1kN2t4Q3p5ZmVxbkJZUDNidWFuYnFwOFRjVk9Md2h2RmI5TFI4Z0tFUG5wSldleks0SllzdXhQLW9DMXZOSkY1TE9oeHo3d1V3,
8,https://lh3.googleusercontent.com/a-/AAuE7mAxjzprj7IBhUAvvA0V4TfmTqnTNjP5VLLOdAysqg=w48-h48-p-rw, Joseph Gibson ,5,com.webmd.android,  Very useful  ,"February 24, 2018",gp:AOqpTOF5PCH5Qd8tGt0xvWJ7hbBIrpzIhs_coESt9Fd6o7uSZr5FmI8wvvAVxutITOWYHymi6enPjaMfvIWNlPc,/store/apps/details?id=com.webmd.android&reviewId=Z3A6QU9xcFRPRjVQQ0g1UWQ4dEd0MHh2V0o3aGJCSXJwekloc19jb0VTdDlGZDZvN3VTWnI1Rm1JOHd2dkFWeHV0SVRPV1lIeW1pNmVuUGphTWZ2SVdObFBj,
9,https://lh4.googleusercontent.com/-qPj_0Bn5-fA/AAAAAAAAAAI/AAAAAAAAAAA/ACHi3rfUUst_-TT3_XGwVBi2wWE0sOVRLA/w48-h48-p-rw/photo.jpg, c gonza ,5,com.webmd.android,  Very Informative  ,"February 23, 2018",gp:AOqpTOFNWUbxwqJgFkcZy6CYiUqbZp1DkxxFNah0iYGayDGJOC6tltQNYZTytmHQ4eDx7fUUBmfcOrXkB3CFHaE,/store/apps/details?id=com.webmd.android&reviewId=Z3A6QU9xcFRPRk5XVWJ4d3FKZ0ZrY1p5NkNZaVVxYlpwMURreHhGTmFoMGlZR2F5REdKT0M2dGx0UU5ZWlR5dG1IUTRlRHg3ZlVVQm1mY09yWGtCM0NGSGFF,
10,https://lh4.googleusercontent.com/-NFAKQ4ySANA/AAAAAAAAAAI/AAAAAAAAAAA/ACHi3rfjy9wl79JTb1LTeO5u5cyDygK-Og/w48-h48-p-rw/photo.jpg, Dave Rose ,5,com.webmd.android,  Very Informative  ,"March 19, 2018",gp:AOqpTOE8vEV4cgnMxl4pO2legC_nkM2Ih7YDA41zDjZoAqnqgr33Ud5kY_I7EY5hfTwT2SJSh0r-z96jU0KlrMo,/store/apps/details?id=com.webmd.android&reviewId=Z3A6QU9xcFRPRTh2RVY0Y2duTXhsNHBPMmxlZ0NfbmtNMkloN1lEQTQxekRqWm9BcW5xZ3IzM1VkNWtZX0k3RVk1aGZUd1QyU0pTaDByLXo5NmpVMEtsck1v,
11,https://lh4.googleusercontent.com/-V1Nfx4SjMJE/AAAAAAAAAAI/AAAAAAAAAAA/ACHi3rfTyV_nmC-XD6zVuAKNCjgSNX9c3A/w48-h48-p-rw/photo.jpg, Munazza Mah Jabeen ,5,com.webmd.android,  Very helpful  ,"February 20, 2018",gp:AOqpTOFmCpFhkU5XJ3zRZD57m1b4IrC2n0ruTum71gFJ8juhCRLnrwkfa2dfl1P_L8xvjtmNGYganvecPYabaZY,/store/apps/details?id=com.webmd.android&reviewId=Z3A6QU9xcFRPRm1DcEZoa1U1WEozelJaRDU3bTFiNElyQzJuMHJ1VHVtNzFnRko4anVoQ1JMbnJ3a2ZhMmRmbDFQX0w4eHZqdG1OR1lnYW52ZWNQWWFiYVpZ,
12,https://lh3.googleusercontent.com/a-/AAuE7mDNUjJJI_JqcKPIKnax2CkbWpfp7UB05x46qcASWw=w48-h48-p-rw, Aefrol Jean Cagatan ,5,com.webmd.android,  Awesome  ,"February 14, 2018",gp:AOqpTOFWA-qJ4hogibYEtFmDz-RHfOFBbWGEem66NdLxbXuJvjQVqXK9iq68WXyK55C-AWpql5qElK5_J40tjbE,/store/apps/details?id=com.webmd.android&reviewId=Z3A6QU9xcFRPRldBLXFKNGhvZ2liWUV0Rm1Eei1SSGZPRkJiV0dFZW02Nk5kTHhiWHVKdmpRVnFYSzlpcTY4V1h5SzU1Qy1BV3BxbDVxRWxLNV9KNDB0amJF,
13,https://lh4.googleusercontent.com/-5maIcNnn66o/AAAAAAAAAAI/AAAAAAAAAAA/6Lu3jhT844E/w48-h48-p-rw/photo.jpg, ,5,com.webmd.android,  Love it  ,"March 4, 2018",gp:AOqpTOE6SUPKIbwtESC1361Yr22uIZxM14VeihcG4c-lXE9vDP0r-P6rlGlk6cUxYI55NBoGvuCAezqcW-Fdhuw,/store/apps/details?id=com.webmd.android&reviewId=Z3A6QU9xcFRPRTZTVVBLSWJ3dEVTQzEzNjFZcjIydUlaeE0xNFZlaWhjRzRjLWxYRTl2RFAwci1QNnJsR2xrNmNVeFlJNTVOQm9HdnVDQWV6cWNXLUZkaHV3,
14,https://lh3.googleusercontent.com/a-/AAuE7mCyu3pBpx-xaY86I3a4j6INWoFBpvSBdJwVrr8=w48-h48-p-rw, george borland ,4,com.webmd.android,  I believe the information to be trustworthy and informative but it often leaves me asking for more. Maybe some questionnaires of some types would be able to give more personalized and detailed answers.  ,"February 10, 2018",gp:AOqpTOGZFpNgLOSD3koBGYMZbOpNdjUhCVkW88eO4d4FiTEPRuea4fNqHbHKp-9wlUnebQrgxCy99WYw3qqYd0w,/store/apps/details?id=com.webmd.android&reviewId=Z3A6QU9xcFRPR1pGcE5nTE9TRDNrb0JHWU1aYk9wTmRqVWhDVmtXODhlTzRkNEZpVEVQUnVlYTRmTnFIYkhLcC05d2xVbmViUXJneEN5OTlXWXczcXFZZDB3,
15,https://lh3.ggpht.com/EGemoI2NTXmTsBVtJqk8jxF9rh8ApRWfsIMQSt2uE4OcpQqbFu7f7NbTK05lx80nuSijCz7sc3a277R67g=w48-h48-p-rw, A Google User ,5,com.webmd.android,  Works Great. I am surprised it is free. Has lots of medical information. Rate 100%  ,"February 11, 2018",lg:AOqpTOFSZ42fcYgseLmwmYS1cATgKiMdmTluHs5RBKwigs9NRDsm-nz09-lw_8YejQP2l4piCIHcJbFag-52Uys,/store/apps/details?id=com.webmd.android&reviewId=bGc6QU9xcFRPRlNaNDJmY1lnc2VMbXdtWVMxY0FUZ0tpTWRtVGx1SHM1UkJLd2lnczlOUkRzbS1uejA5LWx3XzhZZWpRUDJsNHBpQ0lIY0piRmFnLTUyVXlz,
16,https://lh4.googleusercontent.com/-BOjClN0ynqg/AAAAAAAAAAI/AAAAAAAAAAA/ACHi3reXhp_sholNBFU4PRhaXraUoM9vPg/w48-h48-p-rw/photo.jpg, Jim Robertson ,1,com.webmd.android,  political bias and poor quality and selection of stories.  ,"February 12, 2018",gp:AOqpTOE4LLQ8IEC1TzSgqZZat5Yzc76amKzbNW8B5dL1b-RJn02bdeOzicuuQ1majb-lt4eOGgkOvYpqpyyls8M,/store/apps/details?id=com.webmd.android&reviewId=Z3A6QU9xcFRPRTRMTFE4SUVDMVR6U2dxWlphdDVZemM3NmFtS3piTlc4QjVkTDFiLVJKbjAyYmRlT3ppY3V1UTFtYWpiLWx0NGVPR2drT3ZZcHFweXlsczhN,
17,https://lh3.googleusercontent.com/a-/AAuE7mCyHAZoDpqOmJyPTLzGFudfV8gsPbrq3eRsndWQcA=w48-h48-p-rw, Howie Kipnes ,5,com.webmd.android,  Tells me all I want to know.  ,"February 13, 2018",gp:AOqpTOEy4WfEQXJKC_kNoG8UNvEbZNXaBE0mDkrqatqHBJ92o-5FkufrdN0Xqc57hzAqWwouvmLDcZ_ImIxGw9I,/store/apps/details?id=com.webmd.android&reviewId=Z3A6QU9xcFRPRXk0V2ZFUVhKS0Nfa05vRzhVTnZFYlpOWGFCRTBtRGtycWF0cUhCSjkyby01Rmt1ZnJkTjBYcWM1N2h6QXFXd291dm1MRGNaX0ltSXhHdzlJ,
18,https://lh3.googleusercontent.com/a-/AAuE7mDa9EWd5rxyiUTqqeddxItGbcBC54BNJH7teaFd1g=w48-h48-p-rw, Rhonda M White ,5,com.webmd.android,  Very Informative...  ,"February 8, 2018",gp:AOqpTOF2q_TZAJANY_iMI377W8RQgBiskQeGrCZrNIJfpihuhju9-mx9uyuQYzgK1uV07XDsGMisV1fxyhLh6pM,/store/apps/details?id=com.webmd.android&reviewId=Z3A6QU9xcFRPRjJxX1RaQUpBTllfaU1JMzc3VzhSUWdCaXNrUWVHckNack5JSmZwaWh1aGp1OS1teDl1eXVRWXpnSzF1VjA3WERzR01pc1YxZnh5aExoNnBN,
19,https://lh3.googleusercontent.com/a-/AAuE7mA7omMtROAokF14wx_A9iG6Cb1k1ybljvKfNgJX_w=w48-h48-p-rw, DEO TANGDAI ,4,com.webmd.android,  Actually is good  ,"February 9, 2018",gp:AOqpTOGw-bbiDmW3D945Fm693Zw_1tUib96BbmYXb1CsBUkOJ0Vgjbdawb95QN1bdn4V4ZUSWnpYR9sjajde1Oc,/store/apps/details?id=com.webmd.android&reviewId=Z3A6QU9xcFRPR3ctYmJpRG1XM0Q5NDVGbTY5M1p3XzF0VWliOTZCYm1ZWGIxQ3NCVWtPSjBWZ2piZGF3Yjk1UU4xYmRuNFY0WlVTV25wWVI5c2phamRlMU9j,
20,https://lh5.googleusercontent.com/-deOoavd9Miw/AAAAAAAAAAI/AAAAAAAAAAA/ACHi3rc-GYD6B3oxefYY5pTHA9oHOWTxPA/w48-h48-p-rw/photo.jpg, Frank En Stein ,5,com.webmd.android,  Helpful  ,"February 13, 2018",gp:AOqpTOEIqwLEJulCs8h43zsYk4YNtc5Iiam9aAegh_yUqlac-yBSqBFC9hr4SWusBXfgeoFAbmJhldjryGwI9Cw,/store/apps/details?id=com.webmd.android&reviewId=Z3A6QU9xcFRPRUlxd0xFSnVsQ3M4aDQzenNZazRZTnRjNUlpYW05YUFlZ2hfeVVxbGFjLXlCU3FCRkM5aHI0U1d1c0JYZmdlb0ZBYm1KaGxkanJ5R3dJOUN3,
21,https://lh3.googleusercontent.com/a-/AAuE7mCkll0gUDUptajgYF8XUfVkGS1OesEqpuO1Q9_DMHE=w48-h48-p-rw, Greg Morin ,2,com.webmd.android,"  This App needs to Quit asking me to Rate it. I already had, and I gave it a 5 Star and a great review. But just about every time I open it up the Anoyying please Rate shows up.  So now I have down graded it to 3 stars and this. , ask me again and I'll drop it to 1 star. Plain and simple.  ","January 2, 2018",gp:AOqpTOFtsAGR90I-fCt04ZRmfus3T5_3dsxAvgLKog-_yomVHKL-cJgdYjgpunYI40DPDFIyqU-bVmi3NSr9-ck,/store/apps/details?id=com.webmd.android&reviewId=Z3A6QU9xcFRPRnRzQUdSOTBJLWZDdDA0WlJtZnVzM1Q1XzNkc3hBdmdMS29nLV95b21WSEtMLWNKZ2RZamdwdW5ZSTQwRFBERkl5cVUtYlZtaTNOU3I5LWNr,
22,https://lh5.googleusercontent.com/-0NROp0hMl3w/AAAAAAAAAAI/AAAAAAAAAAA/ACHi3rcDMSw0xTb2u0kp9dgody4taX0yTA/w48-h48-p-rw/photo.jpg, MeezLaydee ,5,com.webmd.android,"  I absolutely LOVE WebMd. 💖 I do, however, think that the emails pile up.  I don't want to stop receiving them; however,  receiving them a little less frequently would be good.  The information provided is so useful and very educational.  I do save the information after I read it. I used to bookmark it or save to desktop; or the home screen on my phone, which I'd place in a WebMd designated folder on my phone or on my pc.  It seems that the design, now, only allows sharing--which allows emailing...  maybe texting.. I'm not sure.  I sometimes share the info with others via email.  I was emailing it to myself; however, since that is not my preference of how to save it for myself, I now, close the webpage and simply save the original email in a WebMd folder I created.  I really preferred the option to bookmark after I opened up the topic; or save the topic page to my desktop to place in a designated folder; or I'd save the topic page on my phone's homescreen to place in the designated folder.  Having said all this.. It could be that it's the app design.  I open the email and it looks like I'm reading straight from the web; however, when I'm closing out, I see the app, just before I get back to the email to close it out.  I love WebMd.  I've used WebMd as a medical source for information for many years; long before there was an app.  I think having the app is good.. to have to open as a shortcut to vital information.  Having things the way it is when going straight to the website's URL is great, too.  Some change is good; but I feel it's better and in some ways, more convenient to leave what works well... to work well.  Thank you, very much, WebMd for sharing very vital, significant, and very helpful information with us.  ","January 4, 2018",gp:AOqpTOHWUVo41ylUMj40eOvwlXfdjttKQZAJq73rAk8An7dasSHpvekbPlgOdGXrmuOwdIbCdJ1Ei2e9YWuoHdc,/store/apps/details?id=com.webmd.android&reviewId=Z3A6QU9xcFRPSFdVVm80MXlsVU1qNDBlT3Z3bFhmZGp0dEtRWkFKcTczckFrOEFuN2Rhc1NIcHZla2JQbGdPZEdYcm11T3dkSWJDZEoxRWkyZTlZV3VvSGRj,
23,https://lh3.googleusercontent.com/a-/AAuE7mCGQhcEMrVm0eoJmHmg4j3R8uz7GXM2tyfMmEBP=w48-h48-p-rw, ,5,com.webmd.android,"  ""....all around outstanding app. that includes everything from a symptom 
checker to in-depth medical explanations and suggested treatments for minor 
illness like the common cold to life threatening diseases, etc. ....young 
or old, men or women, everyone can benefit from this app.!""  ","August 4, 2018",gp:AOqpTOFyIX_9kUcSYT66y7GzVJiyCv7Usl_gZMPTtohHIHOm0wwytgl6UTqVlU2Eare0aoSq2yhOQgakfwQYnrs,/store/apps/details?id=com.webmd.android&reviewId=Z3A6QU9xcFRPRnlJWF85a1VjU1lUNjZ5N0d6VkppeUN2N1VzbF9nWk1QVHRvaEhJSE9tMHd3eXRnbDZVVHFWbFUyRWFyZTBhb1NxMnloT1FnYWtmd1FZbnJz,
24,https://lh3.googleusercontent.com/a-/AAuE7mCIUmlrQZbfDQXOeMDFLQa-Z3zJv3nRms57iaZjEA=w48-h48-p-rw, Tere Fredericks ,4,com.webmd.android,"  I use it all the time. I wouldn't use it as much as I do if I didn't love it. I use it to look up prescription adverse reactions, interactions with both prescription and OTC medications, and to see what causes a symptoms. It's embarrassing, but recently used it to see why I was having severe pain in my chest. It was simply gas. A huge gulp of cool coke and a huge burp later and all was well! Saved me a trip to the ER!  ","February 8, 2018",gp:AOqpTOF5yszrwc1FeSOZAOACqKM1vufFBBMIiwPH1hxE6lzLnhIzcde-V1UzXY78SQBj9o0Slkz8FboWnS_D-GQ,/store/apps/details?id=com.webmd.android&reviewId=Z3A6QU9xcFRPRjV5c3pyd2MxRmVTT1pBT0FDcUtNMXZ1ZkZCQk1JaXdQSDFoeEU2bHpMbmhJemNkZS1WMVV6WFk3OFNRQmo5bzBTbGt6OEZib1duU19ELUdR,
25,https://lh3.googleusercontent.com/a-/AAuE7mCELbwtPW9G5IgvTtA369gFBjczAjKANvSoNROz7w=w48-h48-p-rw, Nichole Lynn Edwards ,4,com.webmd.android,"  One of my fave apps. Ive used this for 3+ years. The symptom checker is awesome and extremely helpful. I love the update that made reading on particular topics a choice.   You can select topics of interest (ex. Digestive Health, Mental Health, Pain Management, Cancer, Aging, Parenting, etc. ) I enjoy the news alerts also. They arent excessive or annoying.  ","January 15, 2018",gp:AOqpTOEDIasqoTivwkjl5MmXFrzSMqUcH9hDiVbD-hqhqwcAL4S55gshfQpF5CDg2g7u5mjqYBBZSF4rS1U6-Rs,/store/apps/details?id=com.webmd.android&reviewId=Z3A6QU9xcFRPRURJYXNxb1Rpdndramw1TW1YRnJ6U01xVWNIOWhEaVZiRC1ocWhxd2NBTDRTNTVnc2hmUXBGNUNEZzJnN3U1bWpxWUJCWlNGNHJTMVU2LVJz,
26,https://lh3.googleusercontent.com/-Ttc2kjE4BZQ/AAAAAAAAAAI/AAAAAAAAAAA/ACHi3rcY8uvdo0t_lYa8dX8OAzk8pkGfhg/w48-h48-p-rw/photo.jpg, Zoeann Bode ,3,com.webmd.android,"  I find it hard to add all my meds to this app. Along with med. Adverse affects. I have so many illnesses, i wish this app. Could help with best options area for a paintent.  Finding a doctor who cares,and know ,and willing to help to find what's  best.  ","January 4, 2018",gp:AOqpTOEd4Azqquh0aYWKrJFudnpBt9onICY_xOihcHTo3_LD-SLxSEmBOizeW5wqUBfBZk_QWHTam_8RSgHMfxo,/store/apps/details?id=com.webmd.android&reviewId=Z3A6QU9xcFRPRWQ0QXpxcXVoMGFZV0tySkZ1ZG5wQnQ5b25JQ1lfeE9paGNIVG8zX0xELVNMeFNFbUJPaXplVzV3cVVCZkJaa19RV0hUYW1fOFJTZ0hNZnhv,
27,https://lh6.googleusercontent.com/-6vKVF-3_BdE/AAAAAAAAAAI/AAAAAAAAAAA/ACHi3reLX8lhP8B0XxQjORzw2-psKH-C9w/w48-h48-p-rw/photo.jpg, Jennifer Cottrell ,4,com.webmd.android,  I really love this app except that it doesn't give room for deeper answers to symptoms. Great for the medications but I'd like more news about changes in medication laws. But it is a very helpful!!  ,"February 7, 2018",gp:AOqpTOEWLTV3qZstorGj_BxhWH2YWegJryx63ePT5bOmCRJztRa0Ze2vT55zcCH-2dJoXLYbqnqfdmtEmFLyD5g,/store/apps/details?id=com.webmd.android&reviewId=Z3A6QU9xcFRPRVdMVFYzcVpzdG9yR2pfQnhoV0gyWVdlZ0pyeXg2M2VQVDViT21DUkp6dFJhMFplMnZUNTV6Y0NILTJkSm9YTFlicW5xZmRtdEVtRkx5RDVn,
28,https://lh3.googleusercontent.com/-ZdTouMwI4bk/AAAAAAAAAAI/AAAAAAAAAAA/ACHi3rf_fCZ6agxZIEFbTPMjonBH9ftW_w/w48-h48-p-rw/photo.jpg, Steve Cagle ,1,com.webmd.android,"  Absolutely useless. Spent 45 minutes inputting my medication list on my laptop, then installed the app on my phone. It lists the medication but DOES NOT SHOW THE DOSE OR TIME OF DAY FOR DOSE. DO NOT WASTE YOUR TIME!  ","January 29, 2018",gp:AOqpTOHiWANtF8I0hIk6Fm9yzThCywy4NCZ2qzFEXfDuhKfu2d1IRUERp37DrjYzzhjLhojhVt7-iMXQ4eWCKA8,/store/apps/details?id=com.webmd.android&reviewId=Z3A6QU9xcFRPSGlXQU50RjhJMGhJazZGbTl5elRoQ3l3eTROQ1oycXpGRVhmRHVoS2Z1MmQxSVJVRVJwMzdEcmpZenpoakxob2poVnQ3LWlNWFE0ZVdDS0E4,
29,https://lh3.googleusercontent.com/a-/AAuE7mBG3xL_swbCgm06R-vRryMQKLBZuiu1a4GU0iW-=w48-h48-p-rw, Hammad Akbar ,5,com.webmd.android,"  I love this I love this app it's a very fantastic app it gives us too much 
knowledge about medical science. But tell me one thing how can I get a 
connection with the medical doctors online...  ","July 16, 2018",gp:AOqpTOGiaCI0mvQrMLb5fkGJ-spQ_gekxHHnaLPndb1CeN1w2n9pMtldAjtpHh6CFJxgNubjWBvg8e6AzHdL60s,/store/apps/details?id=com.webmd.android&reviewId=Z3A6QU9xcFRPR2lhQ0kwbXZRck1MYjVma0dKLXNwUV9nZWt4SEhuYUxQbmRiMUNlTjF3Mm45cE10bGRBanRwSGg2Q0ZKeGdOdWJqV0J2ZzhlNkF6SGRMNjBz,
30,https://lh4.googleusercontent.com/-u6WVFwf9yhY/AAAAAAAAAAI/AAAAAAAAAAA/ACHi3rdRpXu-H94Xe35RrJbaAauCKwh-CQ/w48-h48-p-rw/photo.jpg, Kim Graham ,5,com.webmd.android,  The app is an excellent tool for non-medical users to help determine your medical status. To arm you with information if or when going to the Doctor. Its also great for understanding your medications better. I love the wealth of information at my fingertips thanks to WebMD!!! Thank you!!!  ,"February 28, 2018",gp:AOqpTOG3x-1tCbZGHuLXw45vizHGtpCucs7Ht-go48Raye2a2c30-SviwLPyjotw-1pQXF8y14ZhW4CAK-S-7FU,/store/apps/details?id=com.webmd.android&reviewId=Z3A6QU9xcFRPRzN4LTF0Q2JaR0h1TFh3NDV2aXpIR3RwQ3VjczdIdC1nbzQ4UmF5ZTJhMmMzMC1Tdml3TFB5am90dy0xcFFYRjh5MTRaaFc0Q0FLLVMtN0ZV,
31,https://lh3.googleusercontent.com/a-/AAuE7mAtTf5oN4T5M9M4fkAzC9jw51HfGzHlXAOkCr2_cQ=w48-h48-p-rw, Wes Hardin ,4,com.webmd.android,  Useful app with information.  One complaint: I turned off notifications in the app but I am still getting notifications.  Will have to remove that permission entirely it seems.  ,"January 5, 2018",gp:AOqpTOG7ovGhceAye0rDVHnJIdK7ViH5p_7MwHSyE-NMFCToIkjYvJ14Ze0I62VaKhzJh8pVHRaedMjmhCcxslU,/store/apps/details?id=com.webmd.android&reviewId=Z3A6QU9xcFRPRzdvdkdoY2VBeWUwckRWSG5KSWRLN1ZpSDVwXzdNd0hTeUUtTk1GQ1RvSWtqWXZKMTRaZTBJNjJWYUtoekpoOHBWSFJhZWRNam1oQ2N4c2xV,
32,https://lh5.googleusercontent.com/-xIa5xXFWBqc/AAAAAAAAAAI/AAAAAAAAAAA/ACHi3rfud3AXmt_SOPB0bJGFa5nBhMdwXA/w48-h48-p-rw/photo.jpg, Rita Rissell ,4,com.webmd.android,"  I am grateful for the comprehensive information provided on medications.  However, I can't vouch for the accuracy & reliability of data provided because source is not identified.  I am trusting that it is from a medical professional knowledgeable on the topic  ","January 2, 2018",gp:AOqpTOGybARehbCsDjyvSR_bSNzcBVH7LokTjtfHxQUPVOdocPUGBfgbxe5hJ_SQd6mlWJxwywz_uK_mhp5tEPI,/store/apps/details?id=com.webmd.android&reviewId=Z3A6QU9xcFRPR3liQVJlaGJDc0RqeXZTUl9iU056Y0JWSDdMb2tUanRmSHhRVVBWT2RvY1BVR0JmZ2J4ZTVoSl9TUWQ2bWxXSnh3eXd6X3VLX21ocDV0RVBJ,
33,https://lh4.googleusercontent.com/-92Ki0A2yoTc/AAAAAAAAAAI/AAAAAAAAAAA/ACHi3rfF7saqTLjuxej-zipSMeRfmlrG5g/w48-h48-p-rw/photo.jpg, Kim Piotrowski ,5,com.webmd.android,"  Very thorough, user friendly and informative. Videos and diagrams are great too. Nothing bad to say. I use or read from it almost every day. Info is always up to date.  ","January 25, 2018",gp:AOqpTOEEh4e7rlKvBTyQUl_1zdnMX0vJ_NvFvjzo-DYebG_8Tp9wjUZ-b5yxftvX3qesfP_vpghpJ0t5AXFSaiU,/store/apps/details?id=com.webmd.android&reviewId=Z3A6QU9xcFRPRUVoNGU3cmxLdkJUeVFVbF8xemRuTVgwdkpfTnZGdmp6by1EWWViR184VHA5d2pVWi1iNXl4ZnR2WDNxZXNmUF92cGdocEowdDVBWEZTYWlV,
34,https://lh3.googleusercontent.com/a-/AAuE7mCvpGzNGeHe0MuIYr_9OPAKTQY4yc6L1bJo_UTp=w48-h48-p-rw, Eric Zudell ,5,com.webmd.android,  What can't you do with this incredible a]p? Think of all the longevity you retain  just by using this application?  ,"January 14, 2018",gp:AOqpTOHbIhAiaGSgJmYI79Z2aOQlgRSaoqwvxJlxjHhE39fC3l8SM0PmYFloYzqCxTgJD9RJr9TqHA3oYztm0ys,/store/apps/details?id=com.webmd.android&reviewId=Z3A6QU9xcFRPSGJJaEFpYUdTZ0ptWUk3OVoyYU9RbGdSU2FvcXd2eEpseGpIaEUzOWZDM2w4U00wUG1ZRmxvWXpxQ3hUZ0pEOVJKcjlUcUhBM29ZenRtMHlz,
35,https://lh3.googleusercontent.com/a-/AAuE7mBKpS3QhdxJLCOQ_Mvie8ShRn1VZGpCFwOeExHT4w=w48-h48-p-rw, Cabbage ,5,com.webmd.android,"  Easy-to-use. I know everyone says WebMD makes them think they are sicker than they really are, but it usually puts me at ease.  ","February 5, 2018",gp:AOqpTOFRAl9lrNwoWn0odHQnLfmx5UJwgot874eQX19kJ9qDk91FVYA00c00-Ek-BX2YkxQS_9-ABfkvUpfG9bs,/store/apps/details?id=com.webmd.android&reviewId=Z3A6QU9xcFRPRlJBbDlsck53b1duMG9kSFFuTGZteDVVSndnb3Q4NzRlUVgxOWtKOXFEazkxRlZZQTAwYzAwLUVrLUJYMllreFFTXzktQUJma3ZVcGZHOWJz,
36,https://lh3.googleusercontent.com/a-/AAuE7mDA78AyrFRg9mjy2Np8VQJyGfRgqevV6Oi7yydAzg=w48-h48-p-rw, Chet Jagannathan ,4,com.webmd.android,  Very useful health related information at the finger tip instantly. Thanks for informing us on most relevant and latest updates on health issues everyone should know.  ,"February 8, 2018",gp:AOqpTOE7KE7Zf77Jzf1hwJ76pvL1nuleZKlhafu8ihNjnUkRmVF2Zu6kyM-V4hA_65Y0VF2vV6t8vwPrrzi9g_Y,/store/apps/details?id=com.webmd.android&reviewId=Z3A6QU9xcFRPRTdLRTdaZjc3SnpmMWh3Sjc2cHZMMW51bGVaS2xoYWZ1OGloTmpuVWtSbVZGMlp1Nmt5TS1WNGhBXzY1WTBWRjJ2VjZ0OHZ3UHJyemk5Z19Z,
37,https://lh4.googleusercontent.com/-9RlntAk5UA8/AAAAAAAAAAI/AAAAAAAAAAA/ACHi3rchobZiWelz-zx4ExYbsL9cCy-TFw/w48-h48-p-rw/photo.jpg, Debbie Herzbrun ,4,com.webmd.android,  The health information is very easy to use and goes  into alot of detail. I also like the symptom checker .  ,"January 5, 2018",gp:AOqpTOGPkvWPilUNgBtTVAdY3iRY1UkqmKp3HdJwKino054FPKVCRlPuPTkoRIzVYoYse1hE3zu0oqJXPvoWXpc,/store/apps/details?id=com.webmd.android&reviewId=Z3A6QU9xcFRPR1BrdldQaWxVTmdCdFRWQWRZM2lSWTFVa3FtS3AzSGRKd0tpbm8wNTRGUEtWQ1JsUHVQVGtvUkl6VllvWXNlMWhFM3p1MG9xSlhQdm9XWHBj,
38,https://lh3.googleusercontent.com/a-/AAuE7mD9TnFlFWdDlEyWLntBLyGIX7Z_WiJE5BtaHNiJeQ=w48-h48-p-rw, Nick Mullinix ,3,com.webmd.android,  The most annoying thing about this app is that I am constantly clicking on stories in my Android notifications only to have it open up a completely different story that I don't care about.  ,"February 13, 2018",gp:AOqpTOH6mEghdfhAIoKew9_Dz5Nl8-tYsogSE33H83Rid0nAAFEojxSqWENDvTYvwip--g2F-4Ju6geL_F95wDw,/store/apps/details?id=com.webmd.android&reviewId=Z3A6QU9xcFRPSDZtRWdoZGZoQUlvS2V3OV9EejVObDgtdFlzb2dTRTMzSDgzUmlkMG5BQUZFb2p4U3FXRU5EdlRZdndpcC0tZzJGLTRKdTZnZUxfRjk1d0R3,
39,https://lh4.googleusercontent.com/-QHf8ULHTtvs/AAAAAAAAAAI/AAAAAAAAAAA/ACHi3rfn5E6y_w6p6jDlRl5zfD_XAUr3gQ/w48-h48-p-rw/photo.jpg, Silvia McGirt ,5,com.webmd.android,"  This is one of my go to site that I go to to gather information.  The information that I find on this site helps me to articulate my questions and concerns better, when speaking to my physican  ","January 28, 2018",gp:AOqpTOGYzhcHOzn1jBGKhQmvyCxbeBObU8NjAc_kjhuNvju-0AweJM-FfcRG9quJBSCPHfwIg_wbmv1U-dUW_sg,/store/apps/details?id=com.webmd.android&reviewId=Z3A6QU9xcFRPR1l6aGNIT3puMWpCR0toUW12eUN4YmVCT2JVOE5qQWNfa2podU52anUtMEF3ZUpNLUZmY1JHOXF1SkJTQ1BIZndJZ193Ym12MVUtZFVXX3Nn,
40,https://lh3.googleusercontent.com/-F2qy6cqU5BM/AAAAAAAAAAI/AAAAAAAAAAA/lZRBqryJlSU/w48-h48-p-rw/photo.jpg, ,1,com.shire.biolife,  App. will NOT open! I have uninstalled & reinstalled it numerous times. The only time it works is after initial download from the Play Store. All I see when try to open the app is a blue screen with a picture of the chairs. So far no one has been able to assist.  ,"October 23, 2018",gp:AOqpTOEec_QM-Z98ZevCI8_FUMcb6Cqw0DD0ZAw6Cg_eQXKeFLODM5iDmJIqaz7e0FUtyar9Fwr1iazSAPoFKQ,/store/apps/details?id=com.shire.biolife&reviewId=Z3A6QU9xcFRPRWVjX1FNLVo5OFpldkNJOF9GVU1jYjZDcXcwREQwWkF3NkNnX2VRWEtlRkxPRE01aURtSklxYXo3ZTBGVXR5YXI5RndyMWlhelNBUG9GS1E,
41,https://lh3.googleusercontent.com/a-/AAuE7mAkeMHn7cG7_ZB2Tkd_4g2SdbHAGFCGOW1UYNms=w48-h48-p-rw, Sammy Walton ,1,com.shire.biolife,"  I'm not even able to put my full password in to login. The last character 
doesnt seem to fit in the space provided or something, and currently the 
website seems to be broken, so that's great.  ","May 29, 2018",gp:AOqpTOGuDVVOvrpHLzGaS_2Zhp8EnmEr_gwGxX6Cp4MQ4whpPrE2i1sTewgqxJw40pNrXprckpKaBJofZR_gvw,/store/apps/details?id=com.shire.biolife&reviewId=Z3A6QU9xcFRPR3VEVlZPdnJwSEx6R2FTXzJaaHA4RW5tRXJfZ3dHeFg2Q3A0TVE0d2hwUHJFMmkxc1Rld2dxeEp3NDBwTnJYcHJja3BLYUJKb2ZaUl9ndnc,
42,https://lh4.googleusercontent.com/-ohTDgI7ACPY/AAAAAAAAAAI/AAAAAAAAAAA/ACHi3reM_kCDcECs21Ym5yhetuaZWV5YRw/w48-h48-p-rw/photo.jpg, Patricia Schwickerath ,3,com.shire.biolife,"  Great idea, but doesn't show the amount on your card. Also everything I 
click on says it's unavailable.  ","April 17, 2018",gp:AOqpTOG75gKW0xj96eKEEr9Pe9bLmlMbSl39MTxttgzC-y-GLd4N_vO2dLwVT2ik4_XB45uHxCm2Bo-qqH-iUQ,/store/apps/details?id=com.shire.biolife&reviewId=Z3A6QU9xcFRPRzc1Z0tXMHhqOTZlS0VFcjlQZTliTG1sTWJTbDM5TVR4dHRnekMteS1HTGQ0Tl92TzJkTHdWVDJpazRfWEI0NXVIeENtMkJvLXFxSC1pVVE,
43,https://lh3.googleusercontent.com/a-/AAuE7mBkAUO-YynbdyMo9GmmXIzvdiLy2DFNb23R85dvoA=w48-h48-p-rw, Faery Bryn ,5,com.shire.biolife,"  The app is great. It was easy to set an appointment and learn about the process, until I went in and was told I need at least one good vein in each arm to donate. I was given a card telling me to drink plenty of water and try again in 90 days. Uninstalled. Won't be back.  ","December 18, 2018",gp:AOqpTOHzxJ2D1qLSHKgJ2Byn32wwxTijVZ7YuJDF8zUHBLPYaCksSJbr7VGsGrOGa-YC8REgj-79F8-ciG9AiQ,/store/apps/details?id=com.shire.biolife&reviewId=Z3A6QU9xcFRPSHp4SjJEMXFMU0hLZ0oyQnluMzJ3d3hUaWpWWjdZdUpERjh6VUhCTFBZYUNrc1NKYnI3VkdzR3JPR2EtWUM4UkVnai03OUY4LWNpRzlBaVE,
44,https://lh3.googleusercontent.com/a-/AAuE7mDiHU7yfNBXcuw25XKCnuVzlqakXXiDpnAV7_Cn-A=w48-h48-p-rw, Kelly McGarry ,1,com.shire.biolife,"  This is the worst app I've ever used in my life. What's the point of having it if you cant make an appointment on it, OR when you fill in your profile info it wont save. Guess I'll just go to the actual website to do this.  ","February 21, 2019",gp:AOqpTOF7Gmui4PiogK9Q1ns_6KNByxSUnuiLct81tyv0NhlXEYqzxf5pDUyIxWmEVS9JoZBNbpl42y1X-guQ0Q,/store/apps/details?id=com.shire.biolife&reviewId=Z3A6QU9xcFRPRjdHbXVpNFBpb2dLOVExbnNfNktOQnl4U1VudWlMY3Q4MXR5djBOaGxYRVlxenhmNXBEVXlJeFdtRVZTOUpvWkJOYnBsNDJ5MVgtZ3VRMFE,
45,https://lh6.googleusercontent.com/-O5NC0Nbu_Yo/AAAAAAAAAAI/AAAAAAAAAAA/ACHi3rcf7ggVWG-TSE_WTxuzsjyH4KKEeg/w48-h48-p-rw/photo.jpg, Jeremy Hatcher ,1,com.shire.biolife,  this place is a joke and jen loves too fail people for stupid stuff its allways 1 point below with her i have been donating at another company and never come close to failing and they have same guidlines  ,"January 22, 2019",gp:AOqpTOHKH62X_i3tdRSdCgBKS_NStokhMr9rsVOufOiPMDrJIztCOMyS9vmlkAsTGHGspIOEBerkvmDRt8rt7A,/store/apps/details?id=com.shire.biolife&reviewId=Z3A6QU9xcFRPSEtINjJYX2kzdGRSU2RDZ0JLU19OU3Rva2hNcjlyc1ZPdWZPaVBNRHJKSXp0Q09NeVM5dm1sa0FzVEdIR3NwSU9FQmVya3ZtRFJ0OHJ0N0E,
46,https://lh3.googleusercontent.com/a-/AAuE7mBlDFpZDdcdCvp1oc4puilqbpp4Q-Cjub4Zetny=w48-h48-p-rw, ,1,com.shire.biolife,"  Your app is the suck. It's constantly telling me wrong passcode and then letting me in later with same passcode. Often it tells me my email and account don't even exist. It refuses to load and then gives a blank white screen 50% of the time. The balance amount is NEVER correct. Kicks me out when I do manage to get in. Freezes when loading the calendar....on and on and on. Seriously....THE SUCK. *Update* Still terrible....now it wants me to change my password every time I try and log in. And the rescheduling calendar has gone MIA; just blank where the day and time option should be. And if it does manage to pull it up, it tries to force you to reschedule the next day.  ","November 6, 2018",gp:AOqpTOEXDj2UiNla82giHrJ3snGUfokUYd5GBhhSwKi0PkLIQxUVUuLSsvKZrINDROhvGocuATSzSZW1hK8rhQ,/store/apps/details?id=com.shire.biolife&reviewId=Z3A6QU9xcFRPRVhEajJVaU5sYTgyZ2lIckozc25HVWZva1VZZDVHQmhoU3dLaTBQa0xJUXhVVlV1TFNzdktacklORFJPaHZHb2N1QVRTelNaVzFoSzhyaFE,
47,https://lh5.googleusercontent.com/-ktM2YFpgDGQ/AAAAAAAAAAI/AAAAAAAAAAA/fU-fLaB6248/w48-h48-p-rw/photo.jpg, ,1,com.shire.biolife,"  3 HOURS ive been trying to download this app and it still says ""something went wrong"". its Not my phone. its NOTmy data. I've now read multiple reviews on this BAD app and agree... EXTREMELY inconvenient and more updates needed AGAIN. ,😔  ","January 12, 2019",gp:AOqpTOHrblOerlj6aNYDxD3sjz4zBFyWQS0kb44c0g3dMbj1F9qmhnZ3HlkM-8mmiuvI02klyoefPPgvCkZM6A,/store/apps/details?id=com.shire.biolife&reviewId=Z3A6QU9xcFRPSHJibE9lcmxqNmFOWUR4RDNzano0ekJGeVdRUzBrYjQ0YzBnM2RNYmoxRjlxbWhuWjNIbGtNLThtbWl1dkkwMmtseW9lZlBQZ3ZDa1pNNkE,
48,https://lh3.googleusercontent.com/a-/AAuE7mDz_VykSCr6tbm-fr5dmnNIa3bTxmliXehnKnoujQ=w48-h48-p-rw, Ami Allain ,1,com.shire.biolife,"  I can't download the app. I've been trying for 2 day's now and it still 
won't downloaded and I have a very nice and expensive phone so it's not my 
phone it's the app  ","May 6, 2018",gp:AOqpTOH2_F_O8nHi3H5Oot_J1rDzhrLCXa739eaUIxZV_zITxQZC1JGvPA8-VE1LWaInwaAROOtHstjYXZ3UWQ,/store/apps/details?id=com.shire.biolife&reviewId=Z3A6QU9xcFRPSDJfRl9POG5IaTNINU9vdF9KMXJEemhyTENYYTczOWVhVUl4WlZfeklUeFFaQzFKR3ZQQTgtVkUxTFdhSW53YUFST090SHN0allYWjNVV1E,
49,https://lh6.googleusercontent.com/-oNtWnkvD-Mw/AAAAAAAAAAI/AAAAAAAAAAA/ACHi3reqdOx1m5qlYQVNlsqg738SlHl2ag/w48-h48-p-rw/photo.jpg, L Cr ,2,com.shire.biolife,"  Glitchy, havevto uninstall and reinstall a lot. Theyve known gir months but have done nothing  ","December 12, 2018",gp:AOqpTOE3dyklnkFeUfhyzR9Mtuuar_WIvCfFNIKPcnH4SB2Efqzs88DE2mXjYVP14bLyolPrXndTYuCWvUxZdQ,/store/apps/details?id=com.shire.biolife&reviewId=Z3A6QU9xcFRPRTNkeWtsbmtGZVVmaHl6UjlNdHV1YXJfV0l2Q2ZGTklLUGNuSDRTQjJFZnF6czg4REUybVhqWVZQMTRiTHlvbFByWG5kVFl1Q1d2VXhaZFE,
50,https://lh3.googleusercontent.com/-r66_rV-vURA/AAAAAAAAAAI/AAAAAAAAAAA/ACHi3rd5i2ey3go_aV977Ks4nh9t_dWWOw/w48-h48-p-rw/photo.jpg, Larry Peer ,1,com.shire.biolife,  this app does not work. I have installed and reinstalled several times still no luck with it working  ,"March 16, 2019",gp:AOqpTOGrEJgj6vqraoDHMU5cpkiTxqNRzj1WkTQm-nFMJYPHDOPDANUXjbkUyVz28Ogr6tsAxp-pKEigouQ1BA,/store/apps/details?id=com.shire.biolife&reviewId=Z3A6QU9xcFRPR3JFSmdqNnZxcmFvREhNVTVjcGtpVHhxTlJ6ajFXa1RRbS1uRk1KWVBIRE9QREFOVVhqYmtVeVZ6MjhPZ3I2dHNBeHAtcEtFaWdvdVExQkE,
51,https://lh4.googleusercontent.com/-jAkNjMcvvo0/AAAAAAAAAAI/AAAAAAAAAAA/ACHi3rcALym490hzShkIt9EcDR8Cmqi7GQ/w48-h48-p-rw/photo.jpg, Othea Alford ,4,com.shire.biolife,  It's better then the other ones I've been to or seen.  ,"October 3, 2018",gp:AOqpTOEvEud5n617KBI2dwXDhEMpfOIEhhA_Fo2haX72A6DyqD6jrYTg0lBgCCSanl_2uUoaXmnIsaFe9GyS1w,/store/apps/details?id=com.shire.biolife&reviewId=Z3A6QU9xcFRPRXZFdWQ1bjYxN0tCSTJkd1hEaEVNcGZPSUVoaEFfRm8yaGFYNzJBNkR5cUQ2anJZVGcwbEJnQ0NTYW5sXzJ1VW9hWG1uSXNhRmU5R3lTMXc,
52,https://lh3.googleusercontent.com/-O86ClAL6Ujg/AAAAAAAAAAI/AAAAAAAAAAA/LVCGOuwcZT4/w48-h48-p-rw/photo.jpg, ,1,com.shire.biolife,"  Never ask me for screen or password. Would not let me register with 
facebook or google account  ","June 1, 2018",gp:AOqpTOE8hW-yUfwdBStHXR8FeEh2N-g9rlqbqJpozYwn6kmArQibCmrS0QqI1gg3pH_FYO3_UYU0ft4k9Glaxw,/store/apps/details?id=com.shire.biolife&reviewId=Z3A6QU9xcFRPRThoVy15VWZ3ZEJTdEhYUjhGZUVoMk4tZzlybHFicUpwb3pZd242a21BclFpYkNtclMwUXFJMWdnM3BIX0ZZTzNfVVlVMGZ0NGs5R2xheHc,
53,https://lh5.googleusercontent.com/-EVTb1p7vh3c/AAAAAAAAAAI/AAAAAAAAAAA/QnviGY5rZOE/w48-h48-p-rw/photo.jpg, ,5,com.shire.biolife,"  Bio life is a fast paced professional environment, with highly trained 
employees that know what they are doing, so your able to get in and out, 
while providing the substance needed to save lives!  ","May 23, 2018",gp:AOqpTOF5JgNvjjlWxoepYS_OxJzj8MqreU8fBC50NiPYjxRUCTyoqSzSf42BpViJIB6K16-_yhIJcjYYMUIzmQ,/store/apps/details?id=com.shire.biolife&reviewId=Z3A6QU9xcFRPRjVKZ052ampsV3hvZXBZU19PeEp6ajhNcXJlVThmQkM1ME5pUFlqeFJVQ1R5b3FTelNmNDJCcFZpSklCNksxNi1feWhJSmNqWVlNVUl6bVE,
54,https://lh5.googleusercontent.com/-dvGDLyZUqAs/AAAAAAAAAAI/AAAAAAAAAAA/GMI2bJb0t2s/w48-h48-p-rw/photo.jpg, ,2,com.shire.biolife,"  I am being charged .75 a day. And next to it, it says fee. I'm not happy 
about it.  ","June 15, 2018",gp:AOqpTOE-NnTxls-OqJZz8V2UkZA6k40FaSzlWm4ZVi_vRzMuQbgteMEGxVGw8WZt2bJF7_GpbPZ1AJ4zlD7WUg,/store/apps/details?id=com.shire.biolife&reviewId=Z3A6QU9xcFRPRS1OblR4bHMtT3FKWno4VjJVa1pBNms0MEZhU3psV200WlZpX3ZSek11UWJndGVNRUd4Vkd3OFdadDJiSkY3X0dwYlBaMUFKNHpsRDdXVWc,
55,https://lh6.googleusercontent.com/-J1Rlnw8aDig/AAAAAAAAAAI/AAAAAAAAAAA/ACHi3rc7Lch4mEDQh0Az_4gnag7u91pX5g/w48-h48-p-rw/photo.jpg, Eric Rodriguez ,1,com.shire.biolife,  This app stinks. Constantly loading and can't provide up to date info.  ,"January 12, 2019",gp:AOqpTOEI4IW6lv99-Q0nBX786T95uCNphEgfN111-k4UDpa56w4NhsEOSS4yx9mPixYrAvzZWrYm4EfF3zxaQQ,/store/apps/details?id=com.shire.biolife&reviewId=Z3A6QU9xcFRPRUk0SVc2bHY5OS1RMG5CWDc4NlQ5NXVDTnBoRWdmTjExMS1rNFVEcGE1Nnc0TmhzRU9TUzR5eDltUGl4WXJBdnpaV3JZbTRFZkYzenhhUVE,
56,https://lh3.googleusercontent.com/a-/AAuE7mBGyuxTBoM0Jc2tN8kP_xh0CfrZQfnoctZ1y6RI=w48-h48-p-rw, Jerry Faughn ,2,com.shire.biolife,"  Tried 15 times to register, Every time said oops, registration error, waste of time☹  ","March 21, 2019",gp:AOqpTOH8Jo2a2NotnP9qq_nlf5b2pVDrdanHdlt-rB9Tog2hklNArLdJgRVCNmM-1bEDgXYu21knCMUbfRoDEA,/store/apps/details?id=com.shire.biolife&reviewId=Z3A6QU9xcFRPSDhKbzJhMk5vdG5QOXFxX25sZjViMnBWRHJkYW5IZGx0LXJCOVRvZzJoa2xOQXJMZEpnUlZDTm1NLTFiRURnWFl1MjFrbkNNVWJmUm9ERUE,
57,https://lh3.googleusercontent.com/a-/AAuE7mAg59d68yZ2uhVfS_nB08QJaRi1c4CfhenfDbdo55A=w48-h48-p-rw, Brian Sodke ,1,com.shire.biolife,  For some reason when I go to log in it's doing a security check on my password as if I'm creating a new account and incorrectly states that my password doesn't match the criteria and won't let me log in. How did this even happen?  ,"September 1, 2018",gp:AOqpTOHUi7eaOWVbpRyUsBN0xziwKzRY62xTSLUf7mDikxC71NmuBkS45ujTpqDs6UcbnD3QkbVQyK6gqqfOSg,/store/apps/details?id=com.shire.biolife&reviewId=Z3A6QU9xcFRPSFVpN2VhT1dWYnBSeVVzQk4weHppd0t6Ulk2MnhUU0xVZjdtRGlreEM3MU5tdUJrUzQ1dWpUcHFEczZVY2JuRDNRa2JWUXlLNmdxcWZPU2c,
58,https://lh4.googleusercontent.com/-P9uxmS2Pi0M/AAAAAAAAAAI/AAAAAAAAAAA/Fo9pJZL3HOY/w48-h48-p-rw/photo.jpg, ,5,com.shire.biolife,  Can't download it right but it look good to me so far  ,"September 19, 2018",gp:AOqpTOEAMaEDVEUP-41xxRfrmPIMdxd1atmmCdGaVecerM6QuQG-e48hHwc250_syIOA-7_K8r3Oy_CdxeTKmg,/store/apps/details?id=com.shire.biolife&reviewId=Z3A6QU9xcFRPRUFNYUVEVkVVUC00MXh4UmZybVBJTWR4ZDFhdG1tQ2RHYVZlY2VyTTZRdVFHLWU0OGhId2MyNTBfc3lJT0EtN19LOHIzT3lfQ2R4ZVRLbWc,
59,https://lh3.googleusercontent.com/a-/AAuE7mCqLrDzmQD-URul7k-X3LCSenKwKBfL1SLlk-brhQ=w48-h48-p-rw, Sara R ,1,com.shire.biolife,  Very glitchy can never see my appointments or account card balance  ,"May 17, 2018",gp:AOqpTOHRNOJy38e8kXHBGsw27r79XeXzxfC_unvwV_k7MO_mrKJpC4jlv69qRdtrC-B7MbR-8-vWOuDPMnZ15w,/store/apps/details?id=com.shire.biolife&reviewId=Z3A6QU9xcFRPSFJOT0p5MzhlOGtYSEJHc3cyN3I3OVhlWHp4ZkNfdW52d1ZfazdNT19tcktKcEM0amx2NjlxUmR0ckMtQjdNYlItOC12V091RFBNbloxNXc,
60,https://lh6.googleusercontent.com/-1HvmqD0DWb8/AAAAAAAAAAI/AAAAAAAAAAA/06IM1QCi6Ms/w48-h48-p-rw/photo.jpg, ,3,com.shire.biolife,  App taking forever to load wasting my data plan.  ,"June 1, 2018",gp:AOqpTOEbH4FQJoTttIOMUd-XosI_eHZUFILXrq1Ik6qlPf0by2sTpjFagZFSfFQDxjJGdVGwRPm0-JkbBuvaMQ,/store/apps/details?id=com.shire.biolife&reviewId=Z3A6QU9xcFRPRWJINEZRSm9UdHRJT01VZC1Yb3NJX2VIWlVGSUxYcnExSWs2cWxQZjBieTJzVHBqRmFnWkZTZkZRRHhqSkdkVkd3UlBtMC1Ka2JCdXZhTVE,
61,https://lh3.googleusercontent.com/-FGoAR4YKj90/AAAAAAAAAAI/AAAAAAAAAAA/ACHi3rc9KJ_HdQS-tMnGmTuViG3rzhcpMw/w48-h48-p-rw/photo.jpg, Tree Nez ,3,com.shire.biolife,"  Promotions and Permissions - Why is an email coupon not showing up in my 
promotions screen. Why do you need Permissions for my data in my phone? Are 
you selling my data?  ","June 24, 2018",gp:AOqpTOFWjKQ7t7kR2o6QaBvIlP911Rl9UZ5ef4HCTDLP-xEUfzWzzHFWOj6Ahkq4Dqly7wn1ghcBvAFQDmQUVw,/store/apps/details?id=com.shire.biolife&reviewId=Z3A6QU9xcFRPRldqS1E3dDdrUjJvNlFhQnZJbFA5MTFSbDlVWjVlZjRIQ1RETFAteEVVZnpXenpIRldPajZBaGtxNERxbHk3d24xZ2hjQnZBRlFEbVFVVnc,
62,https://lh4.googleusercontent.com/-oATjynji6qk/AAAAAAAAAAI/AAAAAAAAAAA/ACHi3rehgzyRV5hCyMT7KGqAHbDSsBivYw/w48-h48-p-rw/photo.jpg, Andy Ford ,1,com.shire.biolife,  I just went to biolife today and I don't appericate the attiude the lady gave me.  ,"October 7, 2018",gp:AOqpTOGmxG38l9GUSu6Av-LdwPzsZhaCf94jxAYWvaUC90OBXq3DMztDXOlQHAQI5bx-mkJqcd7oatOS5OX1Iw,/store/apps/details?id=com.shire.biolife&reviewId=Z3A6QU9xcFRPR214RzM4bDlHVVN1NkF2LUxkd1B6c1poYUNmOTRqeEFZV3ZhVUM5ME9CWHEzRE16dERYT2xRSEFRSTVieC1ta0pxY2Q3b2F0T1M1T1gxSXc,
63,https://lh5.googleusercontent.com/-Z4mXOmZgx_U/AAAAAAAAAAI/AAAAAAAAAAA/ACHi3rdSsjYfTgGkL1n-LpofpDdUsIP-lA/w48-h48-p-rw/photo.jpg, Tim Ftraser ,1,com.shire.biolife,  Downloaded the app and I can never login. It just goes to a loading screen. Btw im using a kindle fire 8.  ,"March 6, 2019",gp:AOqpTOEp9sPNiDCXQSdF5UmZ3MurfevckaaKUFY37juMVv1MQJ0NmImQP3tDTzKP9gzvFd6VO3BZHR4R7oiuFw,/store/apps/details?id=com.shire.biolife&reviewId=Z3A6QU9xcFRPRXA5c1BOaURDWFFTZEY1VW1aM011cmZldmNrYWFLVUZZMzdqdU1WdjFNUUowTm1JbVFQM3REVHpLUDlnenZGZDZWTzNCWkhSNFI3b2l1Rnc,
64,https://lh3.googleusercontent.com/a-/AAuE7mDk_dUle8NZHtU-CPU8rFAaNRGyWzjL6R5Qjtt6=w48-h48-p-rw, real talk ,1,com.shire.biolife,  Wouldn't work after 5 donations  ,"August 19, 2018",gp:AOqpTOHzWp9i8GNHywGkLWUdhISDEIGR-znW2tb2b9yE41ZgTqPEwbFfay1BkyvR7VUDOQ3dvXd9OLu5UQg5pg,/store/apps/details?id=com.shire.biolife&reviewId=Z3A6QU9xcFRPSHpXcDlpOEdOSHl3R2tMV1VkaElTREVJR1Item5XMnRiMmI5eUU0MVpnVHFQRXdiRmZheTFCa3l2UjdWVURPUTNkdlhkOU9MdTVVUWc1cGc,
65,https://lh6.googleusercontent.com/-IDbCDW7VikE/AAAAAAAAAAI/AAAAAAAAAAA/f3_CMyMOi9M/w48-h48-p-rw/photo.jpg, ,5,com.shire.biolife,  I love this place it has saved me in my bad times thank you so much  ,"June 13, 2018",gp:AOqpTOERfQzWBY65bQqPxjFR0ol7PyoPtmYRui04pSZpewyt7xQn3HxLk-7d0T5f9kaoGML9gpRQf45YmMqlLg,/store/apps/details?id=com.shire.biolife&reviewId=Z3A6QU9xcFRPRVJmUXpXQlk2NWJRcVB4akZSMG9sN1B5b1B0bVlSdWkwNHBTWnBld3l0N3hRbjNIeExrLTdkMFQ1ZjlrYW9HTUw5Z3BSUWY0NVltTXFsTGc,
66,https://lh3.googleusercontent.com/-kpcW4Cxecrg/AAAAAAAAAAI/AAAAAAAAAAA/O1KW_98o-MQ/w48-h48-p-rw/photo.jpg, ,5,com.shire.biolife,  Love making my appointment online 2 weeks in advance and can always change if unable to make appointment!!  ,"September 18, 2018",gp:AOqpTOHfTOR_OVX_nqdvsA2mUoW_Y6n9C_p2fSNiGdbQBjoP8yBbOWcZSvF3Wm7lAJq4tmeFEfOcU2AzMU5Q0Q,/store/apps/details?id=com.shire.biolife&reviewId=Z3A6QU9xcFRPSGZUT1JfT1ZYX25xZHZzQTJtVW9XX1k2bjlDX3AyZlNOaUdkYlFCam9QOHlCYk9XY1pTdkYzV203bEFKcTR0bWVGRWZPY1UyQXpNVTVRMFE,
67,https://lh5.googleusercontent.com/-E8TjWpZfawE/AAAAAAAAAAI/AAAAAAAAAAA/ACHi3reOmIuFp3Bw-CsAl4y2EU6sHgIykA/w48-h48-p-rw/photo.jpg, Juan Duque ,2,com.shire.biolife,  Login in with my correct password and it says it cant log in due to incorrect password attempts. Even when I reset my password.  ,"August 27, 2018",gp:AOqpTOE8Og_j4PJafDiIHbuh0NtVm6NCAI9jUik8IGmvcg5iQP14AV0q3WxU9sgwzuDFZ4wKdNoH5-6-dqUedg,/store/apps/details?id=com.shire.biolife&reviewId=Z3A6QU9xcFRPRThPZ19qNFBKYWZEaUlIYnVoME50Vm02TkNBSTlqVWlrOElHbXZjZzVpUVAxNEFWMHEzV3hVOXNnd3p1REZaNHdLZE5vSDUtNi1kcVVlZGc,
68,https://lh3.googleusercontent.com/a-/AAuE7mBts-_Giy0rYjdu6VRHKywD-jX4ALazd_mFwtmlHA=w48-h48-p-rw, Wilfredo Hernandez ,2,com.shire.biolife,  glitchy and Freeze's when biolife is busy but apart from that its very helpful  ,"March 20, 2019",gp:AOqpTOHLcwGwyQ39g7YcFMrbX7esir3z6UNYvIGTH5M9z0TZIgsCmY17zUK0FvmyhOo3d10IK7R5gkN8bTPr5Q,/store/apps/details?id=com.shire.biolife&reviewId=Z3A6QU9xcFRPSExjd0d3eVEzOWc3WWNGTXJiWDdlc2lyM3o2VU5ZdklHVEg1TTl6MFRaSWdzQ21ZMTd6VUswRnZteWhPbzNkMTBJSzdSNWdrTjhiVFByNVE,
69,https://lh6.googleusercontent.com/-OTwjeQ7A-u8/AAAAAAAAAAI/AAAAAAAAAAA/ACHi3rczPKszYzY7w0Qd6wdCDj-Z0-euqg/w48-h48-p-rw/photo.jpg, Penny Brackney ,2,com.shire.biolife,  Having problems installing the app  ,"August 21, 2018",gp:AOqpTOHK0LGMS3wny-PyZpi7yskr-Fao7_LTkDBRB5phDaoP-2AsTa1ev-TzuINCSft-RFHCpRkgp1ZQW5WkKw,/store/apps/details?id=com.shire.biolife&reviewId=Z3A6QU9xcFRPSEswTEdNUzN3bnktUHlacGk3eXNrci1GYW83X0xUa0RCUkI1cGhEYW9QLTJBc1RhMWV2LVR6dUlOQ1NmdC1SRkhDcFJrZ3AxWlFXNVdrS3c,
70,https://lh3.googleusercontent.com/a-/AAuE7mDyDKLNWr9rO2yJLcCfvZ_TNnE71d5XZ95p9TKChQ=w48-h48-p-rw, Kaeda Sonata ,1,com.shire.biolife,"  Won't even let me install the app. constantly frozen on ""Download Pending"".  ","March 10, 2019",gp:AOqpTOHvYIDPAKjfoeLZcBQnOoZUHDefVZJfbbA1UpjTz6yoiQ6mx2sWoNxOLE2-Lvqqz476tTS4b_Owc4R1Pw,/store/apps/details?id=com.shire.biolife&reviewId=Z3A6QU9xcFRPSHZZSURQQUtqZm9lTFpjQlFuT29aVUhEZWZWWkpmYmJBMVVwalR6NnlvaVE2bXgyc1dvTnhPTEUyLUx2cXF6NDc2dFRTNGJfT3djNFIxUHc,
71,https://lh5.googleusercontent.com/-UGkqRsxSFgE/AAAAAAAAAAI/AAAAAAAAAAA/HVgtbSv9Pag/w48-h48-p-rw/photo.jpg, ,1,com.shire.biolife,  It's much faster for me to go online to the BioLife website than to use this app!  ,"October 3, 2018",gp:AOqpTOH2lhrUjQqhP6-mYcgWRuzcmriBQDKRMCfJ94sV0kib9WzncXFHUlsFa06zBnCik7S3rrcvJbLippJbeA,/store/apps/details?id=com.shire.biolife&reviewId=Z3A6QU9xcFRPSDJsaHJValFxaFA2LW1ZY2dXUnV6Y21yaUJRREtSTUNmSjk0c1Ywa2liOVd6bmNYRkhVbHNGYTA2ekJuQ2lrN1MzcnJjdkpiTGlwcEpiZUE,
72,https://lh4.googleusercontent.com/-zmWQjFexcj0/AAAAAAAAAAI/AAAAAAAAAAA/ACHi3rdUQbPM0BcVRj2KwuDJbOMrYtBrxA/w48-h48-p-rw/photo.jpg, Daniel Brooks ,1,com.shire.biolife,  I have installed it 4 times and not once has it worked at all. useless!!  ,"May 27, 2018",gp:AOqpTOHypx4y2dw262KpL012r9n8Y1OOoyEkrJ5tbA37DiFr8K97tNstr4Tns0eP9lf_WRWVQzTMweG4GIZG5Q,/store/apps/details?id=com.shire.biolife&reviewId=Z3A6QU9xcFRPSHlweDR5MmR3MjYyS3BMMDEycjluOFkxT09veUVrcko1dGJBMzdEaUZyOEs5N3ROc3RyNFRuczBlUDlsZl9XUldWUXpUTXdlRzRHSVpHNVE,
73,https://lh5.googleusercontent.com/-IDwN5TWhAL0/AAAAAAAAAAI/AAAAAAAAAAA/6RrGkYqtwRc/w48-h48-p-rw/photo.jpg, ,3,com.shire.biolife,  Love Biolife hate this app!  ,"March 19, 2019",gp:AOqpTOE94tQyan8u__bbLrtScHPXRcHfwwmn1xHbWkEYqvNfyxPbCBBnXsOm0upRDiwi97W-ltjmcwMuT8Pg8w,/store/apps/details?id=com.shire.biolife&reviewId=Z3A6QU9xcFRPRTk0dFF5YW44dV9fYmJMcnRTY0hQWFJjSGZ3d21uMXhIYldrRVlxdk5meXhQYkNCQm5Yc09tMHVwUkRpd2k5N1ctbHRqbWN3TXVUOFBnOHc,
74,https://lh4.googleusercontent.com/-7vb7hiF8GU8/AAAAAAAAAAI/AAAAAAAAAAA/ACHi3rfxeiTt28lap5JZEQXt8Fx4gw9m3w/w48-h48-p-rw/photo.jpg, Katherineg Baird ,1,com.shire.biolife,  Cannot write a password that isn't already used! Odd?  ,"September 13, 2018",gp:AOqpTOHoMjKdcgSNIxRPvLhJfj6ui78PiIrORnfKhgg3MnJ7f221UqH0KoZVi41alSoGgTuCv6xc_ff4MqmJPw,/store/apps/details?id=com.shire.biolife&reviewId=Z3A6QU9xcFRPSG9NaktkY2dTTkl4UlB2TGhKZmo2dWk3OFBpSXJPUm5mS2hnZzNNbko3ZjIyMVVxSDBLb1pWaTQxYWxTb0dnVHVDdjZ4Y19mZjRNcW1KUHc,
75,https://lh4.googleusercontent.com/-VaSgXaXDffk/AAAAAAAAAAI/AAAAAAAAAAA/OfJ-Gn8NAgQ/w48-h48-p-rw/photo.jpg, ,1,com.shire.biolife,  Just got the app followed all instructions and cant log in. Yea great app.  ,"March 4, 2019",gp:AOqpTOEBrNqNieduShgh7Rmdv08gngwEXWgTD51AdwqmGm6tMVsxBoPtngzSElYc1Mz5wGkTgInpZBUbkM9egw,/store/apps/details?id=com.shire.biolife&reviewId=Z3A6QU9xcFRPRUJyTnFOaWVkdVNoZ2g3Um1kdjA4Z25nd0VYV2dURDUxQWR3cW1HbTZ0TVZzeEJvUHRuZ3pTRWxZYzFNejV3R2tUZ0lucFpCVWJrTTllZ3c,
76,https://lh4.googleusercontent.com/-ZYSnZ8xwoUs/AAAAAAAAAAI/AAAAAAAAAAA/ACHi3reirjSM8ATGAUFOWM64BENfWOVb2Q/w48-h48-p-rw/photo.jpg, Really Lelwoj ,5,com.shire.biolife,  Try to register can't go throuhgt  ,"July 20, 2018",gp:AOqpTOH-Sed4BUWl6wGoHfvnO3ggaNjMcOD0R5OUMFxkhV2D7C4csjV55w-5DZoehYqcRnra__fTreVvUEmzeQ,/store/apps/details?id=com.shire.biolife&reviewId=Z3A6QU9xcFRPSC1TZWQ0QlVXbDZ3R29IZnZuTzNnZ2FOak1jT0QwUjVPVU1GeGtoVjJEN0M0Y3NqVjU1dy01RFpvZWhZcWNSbnJhX19mVHJlVnZVRW16ZVE,
77,https://lh3.googleusercontent.com/a-/AAuE7mD8Fig_N_vre7gUwxWjZ3J69kAjSEUuIc2c3R8a=w48-h48-p-rw, J H ,3,com.shire.biolife,"  Slow loading, but really useful  ","December 16, 2018",gp:AOqpTOGu0kjrZou_wBnDarhzuiJ9NiHjdghd1gKjK9mY-p0hcYD-rzZse1WgY-hsIUJavaLLoebbMTKHAwC77w,/store/apps/details?id=com.shire.biolife&reviewId=Z3A6QU9xcFRPR3Uwa2pyWm91X3dCbkRhcmh6dWlKOU5pSGpkZ2hkMWdLaks5bVktcDBoY1lELXJ6WnNlMVdnWS1oc0lVSmF2YUxMb2ViYk1US0hBd0M3N3c,
78,https://lh3.googleusercontent.com/a-/AAuE7mALCs1_i-vCYt1wOegaGQ6yJ04Y2mwI5yUYpilh5g=w48-h48-p-rw, DEANNA marble ,1,com.shire.biolife,  It won't even open for me  ,"October 30, 2018",gp:AOqpTOH4KpOSQGGdPIoQv-Gu7BMUOgFNkelkIuirAIr7kfnLJVStVtQeBr1OJWWiAJM0Pg3ZAwOYilwHZ6cHnA,/store/apps/details?id=com.shire.biolife&reviewId=Z3A6QU9xcFRPSDRLcE9TUUdHZFBJb1F2LUd1N0JNVU9nRk5rZWxrSXVpckFJcjdrZm5MSlZTdFZ0UWVCcjFPSldXaUFKTTBQZzNaQXdPWWlsd0haNmNIbkE,
79,https://lh4.googleusercontent.com/-U6Csb1_hJ5k/AAAAAAAAAAI/AAAAAAAAAAA/ACHi3reucJfwZtdxevYmNV-McX9rsS6giQ/w48-h48-p-rw/photo.jpg, Brandon Johnson ,5,com.shire.biolife,  I've always liked donating plasma and it helps me find locations near me  ,"November 9, 2018",gp:AOqpTOERP8wJIe0uBMO3B_ZjeCXeEvYBFS0VPyIILTehqt8sOGxFrpG9Cgf_krRdAnsckk92mo_ivoAUhBN-nQ,/store/apps/details?id=com.shire.biolife&reviewId=Z3A6QU9xcFRPRVJQOHdKSWUwdUJNTzNCX1pqZUNYZUV2WUJGUzBWUHlJSUxUZWhxdDhzT0d4RnJwRzlDZ2Zfa3JSZEFuc2NrazkybW9faXZvQVVoQk4tblE,
80,https://lh3.googleusercontent.com/a-/AAuE7mDWI3-a-IMMK704tOK8BOCQ5zK14s39STQckd67KA=w48-h48-p-rw, Lauren Mary Socha ,1,com.dexcom.follow,"  Confusing, unable to download G5 app.  ","March 15, 2017",gp:AOqpTOEWI3Hpv2YfZ5iz-ijtHfwWzN0UsWCHIdypw5vJRji2VZm8rQKPYY1u_Mx8iN2GUfYr24_ZcK7rI4Cgvw,/store/apps/details?id=com.dexcom.follow&reviewId=Z3A6QU9xcFRPRVdJM0hwdjJZZlo1aXotaWp0SGZ3V3pOMFVzV0NISWR5cHc1dkpSamkyVlptOHJRS1BZWTF1X014OGlOMkdVZllyMjRfWmNLN3JJNENndnc,
81,https://lh3.ggpht.com/EGemoI2NTXmTsBVtJqk8jxF9rh8ApRWfsIMQSt2uE4OcpQqbFu7f7NbTK05lx80nuSijCz7sc3a277R67g=w48-h48-p-rw, A Google User ,1,com.dexcom.follow,"  Nightscout is the way to go!!! Look it up guys it's a do it yourself project that only takes minutes to set up,works with droid...and works well!  ","September 29, 2015",gp:AOqpTOFATD-GRHG0izkT-U9uRhywTY5SwqHjvDdeQI0nCC92vBQZZEGSWNAFBFCE4JLpkYIeWaTM_cI095CQlA,/store/apps/details?id=com.dexcom.follow&reviewId=Z3A6QU9xcFRPRkFURC1HUkhHMGl6a1QtVTl1Umh5d1RZNVN3cUhqdkRkZVFJMG5DQzkydkJRWlpFR1NXTkFGQkZDRTRKTHBrWUllV2FUTV9jSTA5NUNRbEE,
82,https://lh3.googleusercontent.com/a-/AAuE7mA7zvi2r-R-qrJ31adfnltTaHmi2TGRqghFx2ewKg=w48-h48-p-rw, ,1,com.dexcom.follow,"  The app keeps stopping, numbers can be really far off. And I can't edit the picture without the app stopping.  ","February 13, 2019",gp:AOqpTOGHI0cMy4ghvhNjVQPDkmCwmBSEOsWrlmPiFmvCPIEMZRpWnx6P7bi482S54EomymBRlFLYXMLC4Bd5QA,/store/apps/details?id=com.dexcom.follow&reviewId=Z3A6QU9xcFRPR0hJMGNNeTRnaHZoTmpWUVBEa21Dd21CU0VPc1dybG1QaUZtdkNQSUVNWlJwV254NlA3Ymk0ODJTNTRFb215bUJSbEZMWVhNTEM0QmQ1UUE,
83,https://lh6.googleusercontent.com/-bLSd94aaL7g/AAAAAAAAAAI/AAAAAAAAAAA/ACHi3rdrmDN8NWv5jJRgOMEr7hOPDUgnnQ/w48-h48-p-rw/photo.jpg, Guillermo Diaz ,1,com.dexcom.follow,"  DEXCOM #dexcom It's time for you to get an Android app!!! #dexcom are you ever going to give an update? All you have is ""working on it""  ","June 10, 2017",gp:AOqpTOEUdTDAv73p1rJrbsRJ7kPrVVP8S6aUdKUyUjClLCkdqJ9h5vfuh6auwMFVrE9A18wTEnfWVxdkMnOkow,/store/apps/details?id=com.dexcom.follow&reviewId=Z3A6QU9xcFRPRVVkVERBdjczcDFySnJic1JKN2tQclZWUDhTNmFVZEtVeVVqQ2xMQ2tkcUo5aDV2ZnVoNmF1d01GVnJFOUExOHdURW5mV1Z4ZGtNbk9rb3c,
84,https://lh3.googleusercontent.com/a-/AAuE7mAIyx4qhS3771mgIGt9IEXJiE1Jr1pPcw2D9ug0=w48-h48-p-rw, ,4,com.dexcom.follow,  I would like be able to use it on gear s3 watch  ,"September 2, 2017",gp:AOqpTOH5YZBwSZMl1TSPsK61tIlLPUlD1kGsyD8fYBZBSf48-QEEqutNRZ8x0bPq1Hudi6BGkkVC4kaXuR6dGg,/store/apps/details?id=com.dexcom.follow&reviewId=Z3A6QU9xcFRPSDVZWkJ3U1pNbDFUU1BzSzYxdElsTFBVbEQxa0dzeUQ4ZllCWkJTZjQ4LVFFRXF1dE5SWjh4MGJQcTFIdWRpNkJHa2tWQzRrYVh1UjZkR2c,
85,https://lh5.googleusercontent.com/-stjeT7MGHTU/AAAAAAAAAAI/AAAAAAAAAAA/ACHi3rer47DgAt29s6A_lDLuNM18tQuSTQ/w48-h48-p-rw/photo.jpg, Tony Gibbs ,1,com.dexcom.follow,"  Not everyone uses an Apple product,stop catering and get a move on it for Android  ","May 29, 2017",gp:AOqpTOHckmKbhF4l31CUPBp6dPwPUVUKa6-zieCN4rxW47WQlTun-IZangBpQeC6b87noL79cukyrpLXzOP92w,/store/apps/details?id=com.dexcom.follow&reviewId=Z3A6QU9xcFRPSGNrbUtiaEY0bDMxQ1VQQnA2ZFB3UFVWVUthNi16aWVDTjRyeFc0N1dRbFR1bi1JWmFuZ0JwUWVDNmI4N25vTDc5Y3VreXJwTFh6T1A5Mnc,
86,https://lh3.googleusercontent.com/a-/AAuE7mBA_sVGOS0eTu4KFeZgIc58_ymbyQ0fOtFm2gOia8k=w48-h48-p-rw, NJ Pete ,1,com.dexcom.follow,  Why do we all need an iPhone to accompany this Android app? What if we only have Android phones?  ,"March 6, 2017",gp:AOqpTOHk_Pj8yTxB7TTeiU6sM7sXxIyaUoNnGdECbc_UW-DXh8WUHX9s_nqV7nFPU0DjvuhuDqZJpewEA4uKWw,/store/apps/details?id=com.dexcom.follow&reviewId=Z3A6QU9xcFRPSGtfUGo4eVR4QjdUVGVpVTZzTTdzWHhJeWFVb05uR2RFQ2JjX1VXLURYaDhXVUhYOXNfbnFWN25GUFUwRGp2dWh1RHFaSnBld0VBNHVLV3c,
87,https://lh3.googleusercontent.com/a-/AAuE7mBDRGf1Rnwe0KggRTQk6CCQsPhXMMexp9VUinC8=w48-h48-p-rw, Ariana Filsinger ,1,com.dexcom.follow,  Don't know how to use it  ,"June 3, 2017",gp:AOqpTOHDw9U1Dkjxd2SXIxU5E_e17n07azc3kJvDD55o2fIgIHy0EhvNmqGVjEjrlNU2LydVfhFK29MzmUMmEw,/store/apps/details?id=com.dexcom.follow&reviewId=Z3A6QU9xcFRPSER3OVUxRGtqeGQyU1hJeFU1RV9lMTduMDdhemMza0p2REQ1NW8yZklnSUh5MEVodk5tcUdWakVqcmxOVTJMeWRWZmhGSzI5TXptVU1tRXc,
88,https://lh4.googleusercontent.com/-Cwy4rmKO2Tc/AAAAAAAAAAI/AAAAAAAAAAA/xQkcVBrBf5Q/w48-h48-p-rw/photo.jpg, ,1,com.dexcom.follow,  I did not like it it was not on track  ,"September 1, 2018",gp:AOqpTOEloZRB8p5uPrQiXNT9UFBz97eYrpqTRgrk69G4v22UOi-u9yNjGLxWX-etQvI8UThyZxDSZp_PPF7t9g,/store/apps/details?id=com.dexcom.follow&reviewId=Z3A6QU9xcFRPRWxvWlJCOHA1dVByUWlYTlQ5VUZCejk3ZVlycHFUUmdyazY5RzR2MjJVT2ktdTl5TmpHTHhXWC1ldFF2SThVVGh5WnhEU1pwX1BQRjd0OWc,
89,https://lh3.googleusercontent.com/a-/AAuE7mBAGDSQOstJi6q7c1UT_-mDwG970vdCtXuDs__-=w48-h48-p-rw, Todd Youngman ,1,com.dexcom.follow,  Need that android app so I can use my frontier watch  ,"May 8, 2017",gp:AOqpTOEgA1eUL9_4uOAJETOCxQbOun0w4W5azBt4dL7JWqF0a9SiqGIq4LJLcPZ2sN1Ywtbi5ikHAM3P62j3GA,/store/apps/details?id=com.dexcom.follow&reviewId=Z3A6QU9xcFRPRWdBMWVVTDlfNHVPQUpFVE9DeFFiT3VuMHc0VzVhekJ0NGRMN0pXcUYwYTlTaXFHSXE0TEpMY1BaMnNOMVl3dGJpNWlrSEFNM1A2MmozR0E,
90,https://lh3.ggpht.com/EGemoI2NTXmTsBVtJqk8jxF9rh8ApRWfsIMQSt2uE4OcpQqbFu7f7NbTK05lx80nuSijCz7sc3a277R67g=w48-h48-p-rw, A Google User ,1,com.dexcom.follow,  Wouldn't even open  ,"July 5, 2015",gp:AOqpTOFWCEIIrjCtFN88s5PmEn_xdpHOLQGP2AXIrZJch0ip_-wnFcr0KIquYpKf_a_3I3TEPFMob8PDrTcZlg,/store/apps/details?id=com.dexcom.follow&reviewId=Z3A6QU9xcFRPRldDRUlJcmpDdEZOODhzNVBtRW5feGRwSE9MUUdQMkFYSXJaSmNoMGlwXy13bkZjcjBLSXF1WXBLZl9hXzNJM1RFUEZNb2I4UERyVGNabGc,
91,https://lh6.googleusercontent.com/-rJMSGx_kMKo/AAAAAAAAAAI/AAAAAAAAAAA/ACHi3recOaAgJ6rCtN3aAXV6cS_kMR0N4w/w48-h48-p-rw/photo.jpg, Leon Mckinzie ,1,com.dexcom.follow,  Doesn't work  ,"January 28, 2018",gp:AOqpTOGAZNeCu2cygBiK026VTcP-bSCS1DEfKz90sMdrRaHn8ogivH1UvPEWF-aCCWwt6P0aOK3CTqnavQKIpw,/store/apps/details?id=com.dexcom.follow&reviewId=Z3A6QU9xcFRPR0FaTmVDdTJjeWdCaUswMjZWVGNQLWJTQ1MxREVmS3o5MHNNZHJSYUhuOG9naXZIMVV2UEVXRi1hQ0NXd3Q2UDBhT0szQ1RxbmF2UUtJcHc,
92,https://lh3.googleusercontent.com/a-/AAuE7mA3lzdSWfhSK87uLUabsSsMGH47Ie0RxQAjpwRb=w48-h48-p-rw, Skylar Cushenbery ,5,com.dexcom.follow,  Most helpful and meaningful app I've ever downloaded.  ,"January 24, 2017",gp:AOqpTOEJmMqV1rpX5DQ2gQzjrF7lulY_hStI-p6Mj79Les-tJ_tQvZpg0jNv-EwP-ULoDk0MjFr_s42UDx_UoA,/store/apps/details?id=com.dexcom.follow&reviewId=Z3A6QU9xcFRPRUptTXFWMXJwWDVEUTJnUXpqckY3bHVsWV9oU3RJLXA2TWo3OUxlcy10Sl90UXZacGcwak52LUV3UC1VTG9EazBNakZyX3M0MlVEeF9Vb0E,
93,https://lh3.ggpht.com/EGemoI2NTXmTsBVtJqk8jxF9rh8ApRWfsIMQSt2uE4OcpQqbFu7f7NbTK05lx80nuSijCz7sc3a277R67g=w48-h48-p-rw, A Google User ,1,com.dexcom.follow,  Vygt  ,"June 26, 2016",gp:AOqpTOGdeZ3SW18n6xlnSxd-OdcZxVOXxmtacSqa_MSl-vuy1I7LdJfmtaHdQmBpCQlWsc-Rgl4DmYjz3Mlv1Q,/store/apps/details?id=com.dexcom.follow&reviewId=Z3A6QU9xcFRPR2RlWjNTVzE4bjZ4bG5TeGQtT2RjWnhWT1h4bXRhY1NxYV9NU2wtdnV5MUk3TGRKZm10YUhkUW1CcENRbFdzYy1SZ2w0RG1ZanozTWx2MVE,U g
94,https://lh3.googleusercontent.com/a-/AAuE7mCv-u7r7x5kN-BMKvUVmmNiqTDSoo8WG_59jNBAgQ=w48-h48-p-rw, neisha keep it 100 ,5,com.dexcom.follow,  Love it  ,"November 22, 2016",gp:AOqpTOGLE_DlAE0pTJ-WWZ2w69Q0sZR6k5kI0NFmd2LAEPDgVGH85F44PFG1hOYV2CLTSh2Re8Rymq2hzG2H6Q,/store/apps/details?id=com.dexcom.follow&reviewId=Z3A6QU9xcFRPR0xFX0RsQUUwcFRKLVdXWjJ3NjlRMHNaUjZrNWtJME5GbWQyTEFFUERnVkdIODVGNDRQRkcxaE9ZVjJDTFRTaDJSZThSeW1xMmh6RzJINlE,Good for people who have a bexcon like me
95,https://lh3.ggpht.com/EGemoI2NTXmTsBVtJqk8jxF9rh8ApRWfsIMQSt2uE4OcpQqbFu7f7NbTK05lx80nuSijCz7sc3a277R67g=w48-h48-p-rw, A Google User ,4,com.dexcom.follow,  Great app that annualized prudential  ,"April 8, 2016",gp:AOqpTOGgTtntA8T1BcGGNy7pmajcHXdbU5-RXH34lBXuhuy9Q70G76tu-KA4CepoOkmD9F-aWbXhhcRJqygMrQ,/store/apps/details?id=com.dexcom.follow&reviewId=Z3A6QU9xcFRPR2dUdG50QThUMUJjR0dOeTdwbWFqY0hYZGJVNS1SWEgzNGxCWHVodXk5UTcwRzc2dHUtS0E0Q2Vwb09rbUQ5Ri1hV2JYaGhjUkpxeWdNclE,DEXTER follow
96,https://lh5.googleusercontent.com/-q6yrtabeceA/AAAAAAAAAAI/AAAAAAAAAAA/7AUwbT1rPzI/w48-h48-p-rw/photo.jpg, ,5,com.dexcom.follow,  This app works great!  ,"September 11, 2016",gp:AOqpTOG3Y-8tZZJWCv9MY6xOjTq1CIPs0Sdezi1KJIGXM-FJ2tf0Q9zfC4ajIqfyJw14UPR-XL1BfLii03-41Q,/store/apps/details?id=com.dexcom.follow&reviewId=Z3A6QU9xcFRPRzNZLTh0WlpKV0N2OU1ZNnhPalRxMUNJUHMwU2RlemkxS0pJR1hNLUZKMnRmMFE5emZDNGFqSXFmeUp3MTRVUFItWEwxQmZMaWkwMy00MVE,Great app!
97,https://lh4.googleusercontent.com/-1bT7kWkUp4U/AAAAAAAAAAI/AAAAAAAAAAA/ACHi3rfKrw2PueuZLJ7GX8w2ewD5HVaJTA/w48-h48-p-rw/photo.jpg, Anthony Valenzuela ,5,com.dexcom.follow,  It iz grat n stooph  ,"August 10, 2017",gp:AOqpTOHFLboRajDbHlPv3Gcsz91rvrcUYa6WmidEQR4wYWUka9BOMZKUg9qY78eFXbyZxKHahbYZMTYn0sJj6w,/store/apps/details?id=com.dexcom.follow&reviewId=Z3A6QU9xcFRPSEZMYm9SYWpEYkhsUHYzR2NzejkxcnZyY1VZYTZXbWlkRVFSNHdZV1VrYTlCT01aS1VnOXFZNzhlRlhieVp4S0hhaGJZWk1UWW4wc0pqNnc,
98,https://lh3.googleusercontent.com/a-/AAuE7mDokavqk3wN3Elr2ApT1mihiHL3-UmpMKGNKTiQ=w48-h48-p-rw, ,3,com.dexcom.follow,  Glad to have it.  ,"October 24, 2016",gp:AOqpTOEv368cNsKtswlUFIi5ErrsEa-H9dX0MS57sODUBoghrckyHNN4CJQzQ3PZGEBG0bqNFlHdEGPJ4uNWlQ,/store/apps/details?id=com.dexcom.follow&reviewId=Z3A6QU9xcFRPRXYzNjhjTnNLdHN3bFVGSWk1RXJyc0VhLUg5ZFgwTVM1N3NPRFVCb2docmNreUhOTjRDSlF6UTNQWkdFQkcwYnFORmxIZEVHUEo0dU5XbFE,It's decent
99,https://lh3.googleusercontent.com/a-/AAuE7mDmqnLSjwo2S3ynXG4kERuyUAX1eHNPzJ2d9AqX-o8=w48-h48-p-rw, i Ceja ,5,com.dexcom.follow,  What an amazing concept...  ,"June 24, 2017",gp:AOqpTOH0ZhJMrkeXkZSzS7xJc7nhFFJP62DQSXa3a2151alKuiezQn6r-KZYyhg-j-oLrajr5El82FUJvwBLGA,/store/apps/details?id=com.dexcom.follow&reviewId=Z3A6QU9xcFRPSDBaaEpNcmtlWGtaU3pTN3hKYzduaEZGSlA2MkRRU1hhM2EyMTUxYWxLdWllelFuNnItS1pZeWhnLWotb0xyYWpyNUVsODJGVUp2d0JMR0E,
100,https://lh3.googleusercontent.com/-ZJdkrGt_R7o/AAAAAAAAAAI/AAAAAAAAAAA/ACHi3rcSLSCx-VUMWPcy_ejSqNTxCi07bg/w48-h48-p-rw/photo.jpg, cassie powell ,4,com.dexcom.follow,  App is sufficient for needs  ,"December 1, 2016",gp:AOqpTOFaEGM3Vsi0Cfw45r9tgtxyTsyXbuUEPW4wq5VEThaFSm8OgsdKUhxhfCO0eonsdP7pAhfneD3NY8CBSw,/store/apps/details?id=com.dexcom.follow&reviewId=Z3A6QU9xcFRPRmFFR00zVnNpMENmdzQ1cjl0Z3R4eVRzeVhidVVFUFc0d3E1VkVUaGFGU204T2dzZEtVaHhoZkNPMGVvbnNkUDdwQWhmbmVEM05ZOENCU3c,
101,https://lh3.googleusercontent.com/a-/AAuE7mBeWb07L0bUqY8K12l-t4aTzOF-7ivjfZZB-iickw=w48-h48-p-rw, Steven Messaritis ,5,com.dexcom.follow,  Meow  ,"June 25, 2017",gp:AOqpTOHug35YzaDus-i4en31MLSgyjwmjjNH2dpaLFHya15WfdIrvHAD4DQYjoN1zqXNSwkZERfLsML_bj-Y8Q,/store/apps/details?id=com.dexcom.follow&reviewId=Z3A6QU9xcFRPSHVnMzVZemFEdXMtaTRlbjMxTUxTZ3lqd21qak5IMmRwYUxGSHlhMTVXZmRJcnZIQUQ0RFFZam9OMXpxWE5Td2taRVJmTHNNTF9iai1ZOFE,
102,https://lh3.googleusercontent.com/a-/AAuE7mAJVovFtM3OfAnTTT17c7kpUqdERMVOJ8hR90o3hQ=w48-h48-p-rw, Tyera Davis ,1,com.dexcom.follow,  😡😡😡😡  ,"June 10, 2017",gp:AOqpTOGi1_lCUwXsAq74-qymWBL140sZDnoLtgnvFDaclIFynR2xGHVpdabihzgtXu7bLQ1SptKdYsKeEdrOAw,/store/apps/details?id=com.dexcom.follow&reviewId=Z3A6QU9xcFRPR2kxX2xDVXdYc0FxNzQtcXltV0JMMTQwc1pEbm9MdGdudkZEYWNsSUZ5blIyeEdIVnBkYWJpaHpndFh1N2JMUTFTcHRLZFlzS2VFZHJPQXc,
103,https://lh4.googleusercontent.com/-hWhY2UokRu4/AAAAAAAAAAI/AAAAAAAAAAA/ACHi3rdUFVOb63-n4ygX1fmiNMNZEbK_WQ/w48-h48-p-rw/photo.jpg, peanutgizzy23 gizzy24 ,5,com.dexcom.follow,  Great  ,"December 14, 2017",gp:AOqpTOGJ76I0ZBrBwDmP1V4PkMDEj4GPoL_Fzm_7zp2PSi0CEBavdyLH1eVceOqgoES39QXVSENSErVfi3U26w,/store/apps/details?id=com.dexcom.follow&reviewId=Z3A6QU9xcFRPR0o3NkkwWkJyQndEbVAxVjRQa01ERWo0R1BvTF9Gem1fN3pwMlBTaTBDRUJhdmR5TEgxZVZjZU9xZ29FUzM5UVhWU0VOU0VyVmZpM1UyNnc,
104,https://lh3.ggpht.com/EGemoI2NTXmTsBVtJqk8jxF9rh8ApRWfsIMQSt2uE4OcpQqbFu7f7NbTK05lx80nuSijCz7sc3a277R67g=w48-h48-p-rw, A Google User ,5,com.dexcom.follow,  Great  ,"July 29, 2016",gp:AOqpTOHJ2dE8CMVOKYEjrHML9KfodOImfeE3-ggr9Ezm9Jr72vqkB-G36MAjrF45TT9VFexa6q7jVp5eaP-x5A,/store/apps/details?id=com.dexcom.follow&reviewId=Z3A6QU9xcFRPSEoyZEU4Q01WT0tZRWpySE1MOUtmb2RPSW1mZUUzLWdncjlFem05SnI3MnZxa0ItRzM2TUFqckY0NVRUOVZGZXhhNnE3alZwNWVhUC14NUE,
105,https://lh3.googleusercontent.com/a-/AAuE7mDtGe6MbRRstMf6nflxsyDpynWVXGd33SGhdLt5Pw=w48-h48-p-rw, Alyssa Guerra ,5,com.dexcom.follow,  Amazing  ,"December 3, 2017",gp:AOqpTOEl6lPPVpk2SoFmNngaBcsIHD04P24RjnqebdRej3Bcp6dxMyZqiN3BOMOdZI01hGe3OSUOdUpB20n8_g,/store/apps/details?id=com.dexcom.follow&reviewId=Z3A6QU9xcFRPRWw2bFBQVnBrMlNvRm1ObmdhQmNzSUhEMDRQMjRSam5xZWJkUmVqM0JjcDZkeE15WnFpTjNCT01PZFpJMDFoR2UzT1NVT2RVcEIyMG44X2c,
106,https://lh3.googleusercontent.com/a-/AAuE7mCVrunJDxgIMobvXS11C9Y2iGStbYIUrddukRMO5Mc=w48-h48-p-rw, Todd Libasci ,3,com.resmed.myair,"  Finally, but why oh why could you not make this tablet-compatible?  ","April 21, 2018",gp:AOqpTOF7B1UG4ZEj9BnL6od-bHLhOngDLFHxOf9SDuZR8_Ct_R6gfftEcoRXH8jkIT-uHX01DJDQrIsp55ygJdI,/store/apps/details?id=com.resmed.myair&reviewId=Z3A6QU9xcFRPRjdCMVVHNFpFajlCbkw2b2QtYkhMaE9uZ0RMRkh4T2Y5U0R1WlI4X0N0X1I2Z2ZmdEVjb1JYSDhqa0lULXVIWDAxREpEUXJJc3A1NXlnSmRJ,
107,https://lh3.googleusercontent.com/a-/AAuE7mAL15Rm3GiylF9BOeVDIQcvkVKYtRw2tswBkTAsPw=w48-h48-p-rw, Patrick Browning ,5,com.resmed.myair,  About time! Seems to work fine on my Note 8 (US version).  ,"April 21, 2018",gp:AOqpTOGapOluESiQuijriesbYDmRjJEr5vv4SRrBu8UItfyjkyqOgFwe-_wGUa2vYEYl3ILZdplALEBsNdhxS0w,/store/apps/details?id=com.resmed.myair&reviewId=Z3A6QU9xcFRPR2FwT2x1RVNpUXVpanJpZXNiWURtUmpKRXI1dnY0U1JyQnU4VUl0Znlqa3lxT2dGd2UtX3dHVWEydllFWWwzSUxaZHBsQUxFQnNOZGh4UzB3,
108,https://lh3.googleusercontent.com/a-/AAuE7mCub_60dGuZJFN0hZabxfhQF-hZ3BWQdZP8SfWQgw=w48-h48-p-rw, Franklin Reyes ,5,com.resmed.myair,"  Finally!! App looks great, no issues so far.  ","April 20, 2018",gp:AOqpTOFAzpzmAyXxaDoNDfStSxmhF04nYe2I6llBvMbhfwtW5bZ3M_MIx7W92K5WJTqnoxZDW5RjwflSA02m8xE,/store/apps/details?id=com.resmed.myair&reviewId=Z3A6QU9xcFRPRkF6cHptQXlYeGFEb05EZlN0U3htaEYwNG5ZZTJJNmxsQnZNYmhmd3RXNWJaM01fTUl4N1c5Mks1V0pUcW5veFpEVzVSandmbFNBMDJtOHhF,
109,https://lh5.googleusercontent.com/-RI0Y3PN5lqE/AAAAAAAAAAI/AAAAAAAAAAA/ACHi3rehrGMctfqs0HOSrxglQIHgeY6vtA/w48-h48-p-rw/photo.jpg, Dennis Challoner ,3,com.resmed.myair,"  It would be nice the app would tell you when to change filters and mask 
instead of having to set it up in my own calender  ","April 22, 2018",gp:AOqpTOFW23aBFysMS5aqUEiZqiFAcjJ9El8PLRwYk1oY_oVE8RBvb41AG6RjUPAUdkdZabPnjlDyipFVf7NnuPg,/store/apps/details?id=com.resmed.myair&reviewId=Z3A6QU9xcFRPRlcyM2FCRnlzTVM1YXFVRWlacWlGQWNqSjlFbDhQTFJ3WWsxb1lfb1ZFOFJCdmI0MUFHNlJqVVBBVWRrZFphYlBuamxEeWlwRlZmN05udVBn,
110,https://lh3.googleusercontent.com/a-/AAuE7mBUjipbl9ZBy6eiFxxE50svWQ_wgS0YtJKMGQvjzSw=w48-h48-p-rw, ,2,com.resmed.myair,"  I can't get into the app. Added fingerprint ID and it just goes between 
asking for my I'd and my fingerprint.  ","May 6, 2018",gp:AOqpTOFWdVKLK49o06Dq3lGp8G5oNOSlAZ2sd24uKLoxlYmDI-RISwRIJtivP9DsANGjMD5Q6VWRHkZfwxFa1KE,/store/apps/details?id=com.resmed.myair&reviewId=Z3A6QU9xcFRPRldkVktMSzQ5bzA2RHEzbEdwOEc1b05PU2xBWjJzZDI0dUtMb3hsWW1ESS1SSVN3UklKdGl2UDlEc0FOR2pNRDVRNlZXUkhrWmZ3eEZhMUtF,
111,https://lh3.googleusercontent.com/a-/AAuE7mCaq6-BP5kSHtvu7yn5qrOpI1upMIfu3o2ThxDjXA=w48-h48-p-rw, Lisa Nicholson ,5,com.resmed.myair,"  Thank you so much! I have been waiting for this app for 2 years now. Very 
easy to use and you get information quick.  ","April 23, 2018",gp:AOqpTOEXoHkEwM-ox-84lLVoE42jnw8Lv3ybOaGldcm02cs7lwqdvgBHxQBv4O8TMxLa1NzdLDKWGo8FAD_e2Nk,/store/apps/details?id=com.resmed.myair&reviewId=Z3A6QU9xcFRPRVhvSGtFd00tb3gtODRsTFZvRTQyam53OEx2M3liT2FHbGRjbTAyY3M3bHdxZHZnQkh4UUJ2NE84VE14TGExTnpkTERLV0dvOEZBRF9lMk5r,
112,https://lh5.googleusercontent.com/-F2zqvhlgCu0/AAAAAAAAAAI/AAAAAAAAAAA/iZ4YKp_iQrg/w48-h48-p-rw/photo.jpg, ,5,com.resmed.myair,  Great app. The Web site was fine enough but this is much more convenient.  ,"April 22, 2018",gp:AOqpTOE-ltY65-rKqdm5hVJ-0uuYWKmQEz6xQE5AoC_tDwhDVPTc7SxsyDStATXDYDkXgMYWi-dEdgRH9VTa3Ec,/store/apps/details?id=com.resmed.myair&reviewId=Z3A6QU9xcFRPRS1sdFk2NS1yS3FkbTVoVkotMHV1WVdLbVFFejZ4UUU1QW9DX3REd2hEVlBUYzdTeHN5RFN0QVRYRFlEa1hnTVlXaS1kRWRnUkg5VlRhM0Vj,
113,https://lh3.googleusercontent.com/a-/AAuE7mDN4K3J0PDOYvzJR1RheLFKqtjPMCg8CAUQATQGHg=w48-h48-p-rw, Mike Flanagan ,1,com.resmed.myair,  Still no international support. POS  ,"April 23, 2018",gp:AOqpTOGGI0sePV8vEMPj5hKGJVG9yQHSsVz_R6LYkzrMYiRGKBckZI_50w7LE4ZC8Si6ahxrx8Y5SgMProYlcbg,/store/apps/details?id=com.resmed.myair&reviewId=Z3A6QU9xcFRPR0dJMHNlUFY4dkVNUGo1aEtHSlZHOXlRSFNzVnpfUjZMWWt6ck1ZaVJHS0Jja1pJXzUwdzdMRTRaQzhTaTZhaHhyeDhZNVNnTVByb1lsY2Jn,
114,https://lh5.googleusercontent.com/-AiC7efsglHY/AAAAAAAAAAI/AAAAAAAAAAA/Hfq_85RD7uI/w48-h48-p-rw/photo.jpg, ,2,com.resmed.myair,"  Have to sign in everyday. Most of the time, will not accept password.  ","May 3, 2018",gp:AOqpTOGZQkryAQt1Vg8P8RUKiDUvcifTT_JKbQWusIcD89xvhfxORgDhtngsMO3_ixvLWwNLhTrr1PjTwXfJTEQ,/store/apps/details?id=com.resmed.myair&reviewId=Z3A6QU9xcFRPR1pRa3J5QVF0MVZnOFA4UlVLaURVdmNpZlRUX0pLYlFXdXNJY0Q4OXh2aGZ4T1JnRGh0bmdzTU8zX2l4dkxXd05MaFRycjFQalR3WGZKVEVR,
115,https://lh3.googleusercontent.com/-3y71J3MFWHc/AAAAAAAAAAI/AAAAAAAAAAA/ACHi3rd9GuEbRnoMYf9FvplZeR027NTYOA/w48-h48-p-rw/photo.jpg, Michael Fox ,5,com.resmed.myair,"  It was a long wait for this, but well worth it  ","April 20, 2018",gp:AOqpTOEfD6dElPwztDOKRkzCylp-zvoyzLo-9YlGNI2jLgsiSfVZUEd39vvOLsC52hYziAdwlOEEcGNMBl6iLpQ,/store/apps/details?id=com.resmed.myair&reviewId=Z3A6QU9xcFRPRWZENmRFbFB3enRET0tSa3pDeWxwLXp2b3l6TG8tOVlsR05JMmpMZ3NpU2ZWWlVFZDM5dnZPTHNDNTJoWXppQWR3bE9FRWNHTk1CbDZpTHBR,
116,https://lh3.googleusercontent.com/a-/AAuE7mDUS0nBMQNxthlJ7KkPiEHU_ymBgpfG31QurSR8=w48-h48-p-rw, Melissa Monaghan ,5,com.resmed.myair,"  Finally an app for the android!! This operates the same as the apple 
version.  ","April 21, 2018",gp:AOqpTOEA2i197B4Jp-tkvjmGBL4NHnL_kppKfxdWFx5KzrxdlQjw3T9eEMKYRhE5pntJDTRdoqA0vfzW0BFP1wk,/store/apps/details?id=com.resmed.myair&reviewId=Z3A6QU9xcFRPRUEyaTE5N0I0SnAtdGt2am1HQkw0TkhuTF9rcHBLZnhkV0Z4NUt6cnhkbFFqdzNUOWVFTUtZUmhFNXBudEpEVFJkb3FBMHZmelcwQkZQMXdr,
117,https://lh5.googleusercontent.com/-3Gb0XlSr97Y/AAAAAAAAAAI/AAAAAAAAAAA/ACHi3rcF9bqSYIBazpT_I-uI9p-HodAWSw/w48-h48-p-rw/photo.jpg, Karina Clayton ,5,com.resmed.myair,  It's about time! I love the website but I'm an app person. Yay!!  ,"April 20, 2018",gp:AOqpTOECYFrcQCSENQJ5ig-6ddHWliJ8-lCkZ9v2MlCzvwFKwj-Wu32TkBG-IncIdMu4MMzkbULNnaQZkqC_iHI,/store/apps/details?id=com.resmed.myair&reviewId=Z3A6QU9xcFRPRUNZRnJjUUNTRU5RSjVpZy02ZGRIV2xpSjgtbENrWjl2Mk1sQ3p2d0ZLd2otV3UzMlRrQkctSW5jSWRNdTRNTXprYlVMTm5hUVprcUNfaUhJ,
118,https://lh5.googleusercontent.com/-cinTEIl0uS0/AAAAAAAAAAI/AAAAAAAAAAA/YPPBnqXrIbA/w48-h48-p-rw/photo.jpg, ,5,com.resmed.myair,"  This will make it easier to keep on track of my sleep apnea scores and 
treatment.  ","April 22, 2018",gp:AOqpTOGcKeye9P52aTlAFDSipauIPZ4ybDGvlP0Gxlzqj5uiMu3n6D5pLPCvG1sX8dQxJwpPZHnlaOQoIMjZM5k,/store/apps/details?id=com.resmed.myair&reviewId=Z3A6QU9xcFRPR2NLZXllOVA1MmFUbEFGRFNpcGF1SVBaNHliREd2bFAwR3hsenFqNXVpTXUzbjZENXBMUEN2RzFzWDhkUXhKd3BQWkhubGFPUW9JTWpaTTVr,
119,https://lh4.googleusercontent.com/-YsrnEoPv6zs/AAAAAAAAAAI/AAAAAAAAAAA/ACHi3rcHeuAZPCGrQ29iL4EXCApWGvFSZQ/w48-h48-p-rw/photo.jpg, Doug Mitchell ,5,com.resmed.myair,  Glad to see that the Android users have finally been supported.  ,"April 21, 2018",gp:AOqpTOFRjD79OqnYAdedTIo3gqqlty_vN5YB9NWXuQH13XEKWJXT2yRcgTGJ9vnrXnGZVsAegyyzz97Q83-77ZA,/store/apps/details?id=com.resmed.myair&reviewId=Z3A6QU9xcFRPRlJqRDc5T3FuWUFkZWRUSW8zZ3FxbHR5X3ZONVlCOU5XWHVRSDEzWEVLV0pYVDJ5UmNnVEdKOXZuclhuR1pWc0FlZ3l5eno5N1E4My03N1pB,
120,https://lh3.googleusercontent.com/a-/AAuE7mD1e0dRP8tLHHuXIuSRgyXpa3-0xFqS2pb6dgpZCg=w48-h48-p-rw, TMG Apps ,1,com.resmed.myair,  It is in a fingerprint scanning loop and I can not log in.  ,"May 9, 2018",gp:AOqpTOE_iLrj5iOui8WQoBcb1DDEKuvP9QC97hGH5VlstxmFB5LzefA1XHJPk2KAGPQPnAuVzkJlNTCkobdNfR0,/store/apps/details?id=com.resmed.myair&reviewId=Z3A6QU9xcFRPRV9pTHJqNWlPdWk4V1FvQmNiMURERUt1dlA5UUM5N2hHSDVWbHN0eG1GQjVMemVmQTFYSEpQazJLQUdQUVBuQXVWemtKbE5UQ2tvYmROZlIw,
121,https://lh3.googleusercontent.com/-WSEFazT2HN4/AAAAAAAAAAI/AAAAAAAAAAA/ACHi3reYgNO6wEl_8hLnKvPKr_0-nU96yw/w48-h48-p-rw/photo.jpg, Tina Stache ,5,com.resmed.myair,  About time! Great app!  ,"April 19, 2018",gp:AOqpTOFy-6h96C5FKIpyvThhk7ZFW3CP9nQ3Wi8Tr7fhAO4tV2-HgNlswUCIeZAk7aLavPWtc9uqIYFue98z6vs,/store/apps/details?id=com.resmed.myair&reviewId=Z3A6QU9xcFRPRnktNmg5NkM1RktJcHl2VGhoazdaRlczQ1A5blEzV2k4VHI3ZmhBTzR0VjItSGdObHN3VUNJZVpBazdhTGF2UFd0Yzl1cUlZRnVlOTh6NnZz,
122,https://lh5.googleusercontent.com/-Gx7Lby-RmjM/AAAAAAAAAAI/AAAAAAAAAAA/kYKxM616Iak/w48-h48-p-rw/photo.jpg, ,2,com.resmed.myair,"  Will not accept my password, my airweb just tap sign in and got in.  ","May 7, 2018",gp:AOqpTOGIwCwnoqYEznNOyH5vU53xMe-qIdfYb_j_GDmpCmTfaz3fsn6paB58UQCJ2HHqcSfjbHjn1gvkMxZXZdw,/store/apps/details?id=com.resmed.myair&reviewId=Z3A6QU9xcFRPR0l3Q3dub3FZRXpuTk95SDV2VTUzeE1lLXFJZGZZYl9qX0dEbXBDbVRmYXozZnNuNnBhQjU4VVFDSjJISHFjU2ZqYkhqbjFndmtNeFpYWmR3,
123,https://lh4.googleusercontent.com/-ttAWeyogZiQ/AAAAAAAAAAI/AAAAAAAAAAA/ACHi3rdxuQF8ulIDfLoV3ZqK6bd6eGw1FA/w48-h48-p-rw/photo.jpg, Sandra H ,5,com.resmed.myair,"  Been waiting for this app! Thank you! Quick info now. Goes right to the 
results I need.  ","April 20, 2018",gp:AOqpTOGAM2Y7fZbqLqg0J_9S4uig9T99A5MdT_sSZqNDGhQbMh3lHMQaIpFGWxXIH3mtQXarms8Fq6As24LBsgM,/store/apps/details?id=com.resmed.myair&reviewId=Z3A6QU9xcFRPR0FNMlk3ZlpicUxxZzBKXzlTNHVpZzlUOTlBNU1kVF9zU1pxTkRHaFFiTWgzbEhNUWFJcEZHV3hYSUgzbXRRWGFybXM4RnE2QXMyNExCc2dN,
124,https://lh3.googleusercontent.com/-F90FHKmeQe0/AAAAAAAAAAI/AAAAAAAAAAA/ACHi3rfNfYfQomkIGqoNf6VJkjf4YsDd4Q/w48-h48-p-rw/photo.jpg, Belinda McKenny ,5,com.resmed.myair,  About time u show love to android commhnity  ,"April 20, 2018",gp:AOqpTOFwl9toAQbBQXqgNlNt7W5dugDUS2lPp9OVkIGX1FZZ4D7LW95dGw9DgLpXVpft9CEqnT4A4jWTcJ23sZE,/store/apps/details?id=com.resmed.myair&reviewId=Z3A6QU9xcFRPRndsOXRvQVFiQlFYcWdObE50N1c1ZHVnRFVTMmxQcDlPVmtJR1gxRlpaNEQ3TFc5NWRHdzlEZ0xwWFZwZnQ5Q0VxblQ0QTRqV1RjSjIzc1pF,
125,https://lh3.googleusercontent.com/a-/AAuE7mAZ26BPxQ8G-xvdzovrscPJbANJnx-u2oBOJhEBIQ=w48-h48-p-rw, ,4,com.resmed.myair,"  This app does not mask your password, smh  ","April 20, 2018",gp:AOqpTOG8P-iECjLDfVnrm4h8ybrWjOCywMyl1Y-0qCqDM7Oeo26lf-Ak3k1XrYOKBRhQlxA9fKYmHtPhTy0K5dA,/store/apps/details?id=com.resmed.myair&reviewId=Z3A6QU9xcFRPRzhQLWlFQ2pMRGZWbnJtNGg4eWJyV2pPQ3l3TXlsMVktMHFDcURNN09lbzI2bGYtQWszazFYcllPS0JSaFFseEE5ZktZbUh0UGhUeTBLNWRB,
126,https://lh3.googleusercontent.com/a-/AAuE7mAiVaeaOoUYaCgbyL7Mpa1KZtcr-I8kGQ8F9Ns7eQ=w48-h48-p-rw, Dan Smith ,5,com.resmed.myair,  Does what it says it does.  ,"May 3, 2018",gp:AOqpTOE_4iuZTyCcGkEXBJ5OA9BjHu_cIbXYK2z4VUtsTEkCG4uKI6fVxkftQmaX7PEORVElumfgwEQFrwERvWM,/store/apps/details?id=com.resmed.myair&reviewId=Z3A6QU9xcFRPRV80aXVaVHlDY0drRVhCSjVPQTlCakh1X2NJYlhZSzJ6NFZVdHNURWtDRzR1S0k2ZlZ4a2Z0UW1hWDdQRU9SVkVsdW1mZ3dFUUZyd0VSdldN,
127,https://lh3.googleusercontent.com/a-/AAuE7mB2pV16N9Pp3K93XvjKmnMTX_iZA-SbWNMYWs0N=w48-h48-p-rw, Jesse J ,5,com.resmed.myair,  It gives you an idea of where you are with your sleep.  ,"April 22, 2018",gp:AOqpTOEnoTGnNBZdS3DunAOTlf_tfRJbmvNcZAsdtWaEH6vCybYnqI6oTkPrSCamPR1DylSD4ZLve7YbN6ZOlQg,/store/apps/details?id=com.resmed.myair&reviewId=Z3A6QU9xcFRPRW5vVEduTkJaZFMzRHVuQU9UbGZfdGZSSmJtdk5jWkFzZHRXYUVINnZDeWJZbnFJNm9Ua1ByU0NhbVBSMUR5bFNENFpMdmU3WWJONlpPbFFn,
128,https://lh3.googleusercontent.com/a-/AAuE7mBFOvGPSefhwfxgUfJlCRhNC9iLJtfvwILODPIAYLY=w48-h48-p-rw, Rodney Fowler ,5,com.resmed.myair,  Finally!!! Thank you so much!!  ,"April 20, 2018",gp:AOqpTOELT5plaTJvwV920Th4rKNHXd89_ZrCEMO8QwL8YDUovhZrZ8K3c11cTz3qs22FX4ioavsn7y8yXdPFeaw,/store/apps/details?id=com.resmed.myair&reviewId=Z3A6QU9xcFRPRUxUNXBsYVRKdndWOTIwVGg0cktOSFhkODlfWnJDRU1POFF3TDhZRFVvdmhaclo4SzNjMTFjVHozcXMyMkZYNGlvYXZzbjd5OHlYZFBGZWF3,
129,https://lh3.googleusercontent.com/a-/AAuE7mDQR9sYCnvF7X5J_JovSte4og1U3402XaEyZHCzXg=w48-h48-p-rw, Chris Perry ,2,com.resmed.myair,  Only works on phones. When will developers make a tablet-compatible version?  ,"April 23, 2018",gp:AOqpTOG03b54UhffxnEIiPD1IqWQzqJOELO2fbFQ4dPQy2LMcFGfVDdG7kXBDFe6pbU_7my94FJXEwAEmt9D7_Y,/store/apps/details?id=com.resmed.myair&reviewId=Z3A6QU9xcFRPRzAzYjU0VWhmZnhuRUlpUEQxSXFXUXpxSk9FTE8yZmJGUTRkUFF5MkxNY0ZHZlZEZEc3a1hCREZlNnBiVV83bXk5NEZKWEV3QUVtdDlEN19Z,
130,https://lh3.googleusercontent.com/a-/AAuE7mAT3cW1hA30Z8enSQwKtSDBhPpPhoY4HcjBdaMHYA=w48-h48-p-rw, Mel Kimble ,1,com.resmed.myair,"  App repeatedly asks for finger print confirms it, then asks for it again. 
And again. And again. Never ending. I'm sleepy.  ","May 8, 2018",gp:AOqpTOFlADQ8rSXD_9zPP8Mi6JxDyVpvKxYokxGmLpjW3hcVBHn-loyFKZp3x2M3BfaXcQcbk-3niQTZPwV4X0g,/store/apps/details?id=com.resmed.myair&reviewId=Z3A6QU9xcFRPRmxBRFE4clNYRF85elBQOE1pNkp4RHlWcHZLeFlva3hHbUxwalczaGNWQkhuLWxveUZLWnAzeDJNM0JmYVhjUWNiay0zbmlRVFpQd1Y0WDBn,
131,https://lh3.googleusercontent.com/a-/AAuE7mBRzTbRiDwzTnjjogHrLmB56erm3P6dpoac0v7vkg=w48-h48-p-rw, Dan White ,2,com.resmed.myair,  Won't take my email address to register  ,"April 20, 2018",gp:AOqpTOGoQjxkrzmL0i94g4zqSVBLgXqLwiGeu62eoOW6w8EBPOscb8XRCZE89J36ob-AGA4t_mF7CegjhbxeXQk,/store/apps/details?id=com.resmed.myair&reviewId=Z3A6QU9xcFRPR29RanhrcnptTDBpOTRnNHpxU1ZCTGdYcUx3aUdldTYyZW9PVzZ3OEVCUE9zY2I4WFJDWkU4OUozNm9iLUFHQTR0X21GN0NlZ2poYnhlWFFr,
132,https://lh3.googleusercontent.com/a-/AAuE7mDX33HjHP1rT0b6N3kyZUSIXCszXo6fobDOoY7Q9g=w48-h48-p-rw, Justin Bussing ,5,com.resmed.myair,  about time not everyone uses apple  ,"April 20, 2018",gp:AOqpTOHdsYPTbMswKcLxVsLPrRBQEbldjfMVUR8jlPgL_bab4tRwRFYoEPj9sTEev10vazEN2V9O-O6eynrVgEs,/store/apps/details?id=com.resmed.myair&reviewId=Z3A6QU9xcFRPSGRzWVBUYk1zd0tjTHhWc0xQclJCUUVibGRqZk1WVVI4amxQZ0xfYmFiNHRSd1JGWW9FUGo5c1RFZXYxMHZhekVOMlY5Ty1PNmV5bnJWZ0Vz,
133,https://lh3.googleusercontent.com/a-/AAuE7mA5UDaYsYQq4uTLV0yin2pCUp2QKsfk1sRqqwbpCg=w48-h48-p-rw, ,5,com.resmed.myair,  THANK YOU FINALLY!!!!!!!!  ,"April 20, 2018",gp:AOqpTOEGpmaJ5dYjY_ZTUODTzkQSW4dSGTVFQPLWffSBK64LCXIjNSOExFOqrhDeCKS1TOuUPTwLuBBxKVOdicA,/store/apps/details?id=com.resmed.myair&reviewId=Z3A6QU9xcFRPRUdwbWFKNWRZallfWlRVT0RUemtRU1c0ZFNHVFZGUVBMV2ZmU0JLNjRMQ1hJak5TT0V4Rk9xcmhEZUNLUzFUT3VVUFR3THVCQnhLVk9kaWNB,
134,https://lh3.googleusercontent.com/a-/AAuE7mDySqhSCRxl43QrZyyIA8HVmfusHvmnSti4F73Ul44=w48-h48-p-rw, Samantha Hill ,5,com.resmed.myair,  All i can say is.. FINALLY!!!!!!  ,"April 20, 2018",gp:AOqpTOGv1IHFjUIl50PsQWU8NoEcqNkky8IG25xbytQFdCv9w7sfhc2nKZZcxZr6c-6eBltT6HZUYLKNq6BmPEo,/store/apps/details?id=com.resmed.myair&reviewId=Z3A6QU9xcFRPR3YxSUhGalVJbDUwUHNRV1U4Tm9FY3FOa2t5OElHMjV4Ynl0UUZkQ3Y5dzdzZmhjMm5LWlpjeFpyNmMtNmVCbHRUNkhaVVlMS05xNkJtUEVv,
135,https://lh3.googleusercontent.com/a-/AAuE7mA6LxXvF4YAGm7KFLa4EkeO1nD7TFxeqSzozC7zRw=w48-h48-p-rw, Bryan Harvey ,5,com.resmed.myair,  Just like the iOS app. Glad it's on Android.  ,"April 20, 2018",gp:AOqpTOHLuL4tp0x0FtGg4QpLlXltT6uw6u8r8oDdkBoCA_5bE-RERq8BXA7-4_46c62dLte0Qmz3Zwy3CYpLKL0,/store/apps/details?id=com.resmed.myair&reviewId=Z3A6QU9xcFRPSEx1TDR0cDB4MEZ0R2c0UXBMbFhsdFQ2dXc2dThyOG9EZGtCb0NBXzViRS1SRVJxOEJYQTctNF80NmM2MmRMdGUwUW16M1p3eTNDWXBMS0ww,
136,https://lh5.googleusercontent.com/-aSu3U2hD_jc/AAAAAAAAAAI/AAAAAAAAAAA/ACHi3rcGq9kBqhxgFc_0KNzP4tHSamenMA/w48-h48-p-rw/photo.jpg, Adam Currie ,4,com.resmed.myair,  Better late than never!  ,"April 20, 2018",gp:AOqpTOEmEoQnAsCy-PtB-VTIDOZH4NI7s5Xn-3_zw9OFumV5g2eRv_k1p1sm-6cvxw3ubw1Khvo--zaP5_Bpg6I,/store/apps/details?id=com.resmed.myair&reviewId=Z3A6QU9xcFRPRW1Fb1FuQXNDeS1QdEItVlRJRE9aSDROSTdzNVhuLTNfenc5T0Z1bVY1ZzJlUnZfazFwMXNtLTZjdnh3M3VidzFLaHZvLS16YVA1X0JwZzZJ,
137,https://lh3.googleusercontent.com/a-/AAuE7mCZ-u5zelhaKVjYm2sYxgm0ck1Ixae26MdkkIZ0rRc=w48-h48-p-rw, Bhargava Kondaveeti ,2,com.resmed.myair,  Can't even log in at the moment  ,"May 16, 2018",gp:AOqpTOFecJONT9e1LiQeCzu_G8EqnHas-A-1vA9iXOKl75WVwhCNMNJDK0_tXg7Yk1tjAdBFNnlPqy9fwxAMTSs,/store/apps/details?id=com.resmed.myair&reviewId=Z3A6QU9xcFRPRmVjSk9OVDllMUxpUWVDenVfRzhFcW5IYXMtQS0xdkE5aVhPS2w3NVdWd2hDTk1OSkRLMF90WGc3WWsxdGpBZEJGTm5sUHF5OWZ3eEFNVFNz,
138,https://lh6.googleusercontent.com/-Ms9AFy2CnKA/AAAAAAAAAAI/AAAAAAAAAAA/66WHPeO9fh4/w48-h48-p-rw/photo.jpg, ,3,com.resmed.myair,  No app on home page  ,"May 10, 2018",gp:AOqpTOEBkKp8rtkzmk1Slia6pEsvPoVzdeSP1_0GOpUY4qtwHyYpAAr03rcd4xMGSn0TZ8aVbGW9_a1KKiPckDg,/store/apps/details?id=com.resmed.myair&reviewId=Z3A6QU9xcFRPRUJrS3A4cnRrem1rMVNsaWE2cEVzdlBvVnpkZVNQMV8wR09wVVk0cXR3SHlZcEFBcjAzcmNkNHhNR1NuMFRaOGFWYkdXOV9hMUtLaVBja0Rn,
139,https://lh4.googleusercontent.com/-GrYeOmKRP8M/AAAAAAAAAAI/AAAAAAAAAAA/ACHi3rdRbinaNun7cUP6u-u7yvHeXgEHcw/w48-h48-p-rw/photo.jpg, Tim Melcher ,1,com.resmed.myair,  Can't log in. Could but can't now.  ,"May 7, 2018",gp:AOqpTOHG3qnm0Y0ntjItn_TTxTMdS5-Czj8THyDrgE17QU7PAgjD93awe0jCNNWibJHedgKW9A7sS-ZhysTOBOo,/store/apps/details?id=com.resmed.myair&reviewId=Z3A6QU9xcFRPSEczcW5tMFkwbnRqSXRuX1RUeFRNZFM1LUN6ajhUSHlEcmdFMTdRVTdQQWdqRDkzYXdlMGpDTk5XaWJKSGVkZ0tXOUE3c1MtWmh5c1RPQk9v,
140,https://lh3.googleusercontent.com/-EcmA-ZIVgaw/AAAAAAAAAAI/AAAAAAAAAAA/ACHi3reX7nW8AXzIvfg7rKLIw64zHD56LQ/w48-h48-p-rw/photo.jpg, Barb Helmus ,5,com.resmed.myair,  It does what i need  ,"April 20, 2018",gp:AOqpTOHSMZZ_RJIg6-FnoyTsOUl8thxWmSA3WjTIg-NgVzZreXGeGkzI4Vm_jOqJNJpdFEnORIw6YbR427Bg9kk,/store/apps/details?id=com.resmed.myair&reviewId=Z3A6QU9xcFRPSFNNWlpfUkpJZzYtRm5veVRzT1VsOHRoeFdtU0EzV2pUSWctTmdWelpyZVhHZUdrekk0Vm1fak9xSk5KcGRGRW5PUkl3NlliUjQyN0JnOWtr,
141,https://lh3.googleusercontent.com/a-/AAuE7mB5Y1hOkTWS-1999cj1JG_VIBOx6Zt_SOR6eukJdA=w48-h48-p-rw, David Pavey ,5,com.resmed.myair,"  Finally, an app for Android. Everything works fine, so far.  ","April 20, 2018",gp:AOqpTOEw_7kwMZFY1GpqaV5zTLSEb-ssT0k_cjP5XkQGdqAWdxHXbbCR5S4UTC9hLTbWxmgnDbAZkgy4xsNytTA,/store/apps/details?id=com.resmed.myair&reviewId=Z3A6QU9xcFRPRXdfN2t3TVpGWTFHcHFhVjV6VExTRWItc3NUMGtfY2pQNVhrUUdkcUFXZHhIWGJiQ1I1UzRVVEM5aExUYld4bWduRGJBWmtneTR4c055dFRB,
142,https://lh3.googleusercontent.com/a-/AAuE7mD1u2dXX-N1fQXemlUa5AuUoeVyuhBPs-Kq3C3ZLQ=w48-h48-p-rw, Sophie Barnhart ,5,com.resmed.myair,  I would like to know how to log out.  ,"April 23, 2018",gp:AOqpTOEiNFPfXUI-i6Hu_q-0kOyfHSPlQC4s_RSvSUQo7rwyngfX9DWeBbKdel1_wCnpL5m-YzzPb9jF9quGHLo,/store/apps/details?id=com.resmed.myair&reviewId=Z3A6QU9xcFRPRWlORlBmWFVJLWk2SHVfcS0wa095ZkhTUGxRQzRzX1JTdlNVUW83cnd5bmdmWDlEV2VCYktkZWwxX3dDbnBMNW0tWXp6UGI5akY5cXVHSExv,
143,https://lh3.googleusercontent.com/a-/AAuE7mCCvlym22iLNJRZqHOhKJWqzRmgo-2VX_oKjsWhgv4=w48-h48-p-rw, Jeff Carello ,3,com.resmed.myair,  No screenshots? Really????  ,"May 1, 2018",gp:AOqpTOGpsO4AYNZ_HmXW9RYRnn4Jrn1uDoCMufnWXU3ShBSjsCmZH9WVC8IeUeMT0HO3foDeOGckzQXBKgwl0xA,/store/apps/details?id=com.resmed.myair&reviewId=Z3A6QU9xcFRPR3BzTzRBWU5aX0htWFc5UllSbm40SnJuMXVEb0NNdWZuV1hVM1NoQlNqc0NtWkg5V1ZDOEllVWVNVDBITzNmb0RlT0dja3pRWEJLZ3dsMHhB,
144,https://lh3.googleusercontent.com/a-/AAuE7mC1aSH_GHiaHfGHM8t6L_ikFCwaFt1cK5USMsWEkw=w48-h48-p-rw, Larry Francy ,4,com.resmed.myair,  Trying out looks good.  ,"April 24, 2018",gp:AOqpTOHxcMRT91ffUFp1fdfmRwFGC1x5bgoI46zKEpgpSoqtfYUICYjNqbuQpUc8Bg-CfgtWKpKIEwkHLktN0To,/store/apps/details?id=com.resmed.myair&reviewId=Z3A6QU9xcFRPSHhjTVJUOTFmZlVGcDFmZGZtUndGR0MxeDViZ29JNDZ6S0VwZ3BTb3F0ZllVSUNZak5xYnVRcFVjOEJnLUNmZ3RXS3BLSUV3a0hMa3ROMFRv,
145,https://lh5.googleusercontent.com/-G4k-YuRmW3U/AAAAAAAAAAI/AAAAAAAAAAA/ACHi3rcmunBfBVTXIUZ79rEPzxB8DQej_A/w48-h48-p-rw/photo.jpg, mike denington ,5,com.resmed.myair,  Great tools  ,"May 2, 2018",gp:AOqpTOFJBK5DCJBjr9NXwFzlzFDBefFNNJ_SH2Ng4w662QGzGPrIsHJcmfHQVKTqGoX1RBYltcsnzqrKuXZKYNs,/store/apps/details?id=com.resmed.myair&reviewId=Z3A6QU9xcFRPRkpCSzVEQ0pCanI5Tlh3RnpsekZEQmVmRk5OSl9TSDJOZzR3NjYyUUd6R1BySXNISmNtZkhRVktUcUdvWDFSQllsdGNzbnpxckt1WFpLWU5z,
146,https://lh3.googleusercontent.com/-ZdBZSxysteA/AAAAAAAAAAI/AAAAAAAAAAA/ACHi3rdl9ejUzbQ4HmCFZ7UmNK3M9nlMaw/w48-h48-p-rw/photo.jpg, Shani Schoenfeld ,5,com.myquest,  Great app very useful  ,"October 11, 2017",gp:AOqpTOGnVyJxzjmkuzzyTsVkkmrdTWk33w7CFn_HBJP9M-i8Rovo5kax_bf9jt74yMlykGfd5HgZA5LfLDRogA,/store/apps/details?id=com.myquest&reviewId=Z3A6QU9xcFRPR25WeUp4empta3V6enlUc1Zra21yZFRXazMzdzdDRm5fSEJKUDlNLWk4Um92bzVrYXhfYmY5anQ3NHlNbHlrR2ZkNUhnWkE1TGZMRFJvZ0E,
147,https://lh6.googleusercontent.com/-ea3i3yRcXwE/AAAAAAAAAAI/AAAAAAAAAAA/ACHi3rfAgKaTFhF2HU9DSQiAKqLW-fR3zw/w48-h48-p-rw/photo.jpg, Marti Mynatt ,5,com.myquest,  App is easy to use.  ,"July 18, 2017",gp:AOqpTOF01bj-EGRqrbWJWgkWbAhWkWilIPRg91-b6yF70SJQAW0Irp0CD_mhyJHPAEeVGyi2EU8-ANalGtFmPQ,/store/apps/details?id=com.myquest&reviewId=Z3A6QU9xcFRPRjAxYmotRUdScXJiV0pXZ2tXYkFoV2tXaWxJUFJnOTEtYjZ5RjcwU0pRQVcwSXJwMENEX21oeUpIUEFFZVZHeWkyRVU4LUFOYWxHdEZtUFE,
148,https://lh3.googleusercontent.com/a-/AAuE7mAN8A6_ZtDUmnDDFBZnFPvhluOyTAeP8Jkhalk-GA=w48-h48-p-rw, ,5,com.myquest,  Love this app!  ,"July 12, 2017",gp:AOqpTOHBR1L9fpqZwS6SjyoxOyPzRnR8FKc5c4YxhmbS1BwjAEoj-zEJwOqDFUXef5YrDoOo2u0GIl3EPUodlA,/store/apps/details?id=com.myquest&reviewId=Z3A6QU9xcFRPSEJSMUw5ZnBxWndTNlNqeW94T3lQelJuUjhGS2M1YzRZeGhtYlMxQndqQUVvai16RUp3T3FERlVYZWY1WXJEb09vMnUwR0lsM0VQVW9kbEE,
149,https://lh3.googleusercontent.com/a-/AAuE7mAjyZYQEvXkeRLeczigAMiilgeuOT4sB-jdd1cN5g=w48-h48-p-rw, Tony Nguyen ,5,com.myquest,  Simple and easy to use  ,"August 7, 2017",gp:AOqpTOFEQS1ma5NRL_jrm5heS8cqNr5lY1dVLyn_9Z23qxQYugTqZgoTMxm1Kg1MCeEwank4CaY1F6W0UKJnzg,/store/apps/details?id=com.myquest&reviewId=Z3A6QU9xcFRPRkVRUzFtYTVOUkxfanJtNWhlUzhjcU5yNWxZMWRWTHluXzlaMjNxeFFZdWdUcVpnb1RNeG0xS2cxTUNlRXdhbms0Q2FZMUY2VzBVS0puemc,
150,https://lh3.googleusercontent.com/a-/AAuE7mC8VXxXhpQnNFLZs05HyUrcHCqwECrV2wqVo_Zz5w=w48-h48-p-rw, julie W ,5,com.myquest,  Nice to have  ,"November 7, 2017",gp:AOqpTOFVtyqqfciz24Fu377Afc964VCqtZaFdM4rFk22vdRxD9VCv9b-QfbHpv650Vima06Wz4E2bWQeKZVIxA,/store/apps/details?id=com.myquest&reviewId=Z3A6QU9xcFRPRlZ0eXFxZmNpejI0RnUzNzdBZmM5NjRWQ3F0WmFGZE00ckZrMjJ2ZFJ4RDlWQ3Y5Yi1RZmJIcHY2NTBWaW1hMDZXejRFMmJXUWVLWlZJeEE,
151,https://lh3.googleusercontent.com/a-/AAuE7mAUP1iAuj4GC3qiMfxsRSIZYawC_ZN2WQvYR2LjFw=w48-h48-p-rw, Quinteste Cotton ,5,com.myquest,  Very convenient!!!  ,"July 25, 2017",gp:AOqpTOEeCYbt8YX14qfpP9nwtGB9dRXzCNHagwwobW6UZ2X8RKa-GoDYiHUbSP01zlCo_LCa9v10IF7rrOWO5w,/store/apps/details?id=com.myquest&reviewId=Z3A6QU9xcFRPRWVDWWJ0OFlYMTRxZnBQOW53dEdCOWRSWHpDTkhhZ3d3b2JXNlVaMlg4UkthLUdvRFlpSFViU1AwMXpsQ29fTENhOXYxMElGN3JyT1dPNXc,
152,https://lh3.googleusercontent.com/a-/AAuE7mCfdF2raxONJNJpzbSfMC0xX88iBggJp7yjxWSO=w48-h48-p-rw, Justin Gage ,5,com.myquest,  Amazing app!!!!  ,"July 5, 2017",gp:AOqpTOGbGWH8AvyWau7rdCMai48W4YSfoswSMcUCrqWLkAuJYB9sBWr_Lk1pbkYFijW6oUUE9tYRFCB_joerjA,/store/apps/details?id=com.myquest&reviewId=Z3A6QU9xcFRPR2JHV0g4QXZ5V2F1N3JkQ01haTQ4VzRZU2Zvc3dTTWNVQ3JxV0xrQXVKWUI5c0JXcl9MazFwYmtZRmlqVzZvVVVFOXRZUkZDQl9qb2VyakE,
153,https://lh4.googleusercontent.com/-HAuywvHWv7A/AAAAAAAAAAI/AAAAAAAAAAA/ACHi3reSFwszS61QAYLu0IKx3ygkBTp9kg/w48-h48-p-rw/photo.jpg, Iresi Rosado ,5,com.myquest,  Excellent app  ,"August 8, 2017",gp:AOqpTOG0rFLiFFzGjCaiV0M6l_6jepRSvWorA-JYD3Hj05QgzerorBq5cqIiqs2AaVl02F0h9wYGN-JlWNbT7w,/store/apps/details?id=com.myquest&reviewId=Z3A6QU9xcFRPRzByRkxpRkZ6R2pDYWlWME02bF82amVwUlN2V29yQS1KWUQzSGowNVFnemVyb3JCcTVjcUlpcXMyQWFWbDAyRjBoOXdZR04tSmxXTmJUN3c,
154,https://lh3.googleusercontent.com/a-/AAuE7mBFa63FfY117zq3Ff1U_Z3UhUCbOPDMjlWSGnqo=w48-h48-p-rw, Louie louie ,5,com.myquest,  Easy and fast  ,"August 4, 2017",gp:AOqpTOEDMSSGCU313YWFsHUnygamGvOrEHjwNU6nQWZRXky1_xBuxEtp89uHNUj-Uqi9c0TScqnaOIunlJ6mSg,/store/apps/details?id=com.myquest&reviewId=Z3A6QU9xcFRPRURNU1NHQ1UzMTNZV0ZzSFVueWdhbUd2T3JFSGp3TlU2blFXWlJYa3kxX3hCdXhFdHA4OXVITlVqLVVxaTljMFRTY3FuYU9JdW5sSjZtU2c,
155,https://lh3.googleusercontent.com/a-/AAuE7mAUVur4u8BsIQI31aTY8YdUp_xEF170KT4mTovIbaU=w48-h48-p-rw, ,5,com.myquest,  Love the convenience  ,"December 23, 2017",gp:AOqpTOGhwOSnP1mP0JsUpHez-SONNNj7dyVLaLBkU5Ordx_dvOcJ5JPoNuzk1xsKXfYrNn8-TM-o5eLXZT6TrQ,/store/apps/details?id=com.myquest&reviewId=Z3A6QU9xcFRPR2h3T1NuUDFtUDBKc1VwSGV6LVNPTk5OajdkeVZMYUxCa1U1T3JkeF9kdk9jSjVKUG9OdXprMXhzS1hmWXJObjgtVE0tbzVlTFhaVDZUclE,
156,https://lh3.googleusercontent.com/a-/AAuE7mDwlzJZz16YJvi48-KVBlxozIjfxXvdSG0Ke8ZpDQ=w48-h48-p-rw, Carol Davis ,5,com.myquest,  Great  ,"September 15, 2017",gp:AOqpTOEX8VKbWADbd37fm_Lj_PULXUNRYSySZDiun3VdGHo0E9khw8tKV5Ake-fH3DJGMOorISwNg2RH0VQytA,/store/apps/details?id=com.myquest&reviewId=Z3A6QU9xcFRPRVg4VktiV0FEYmQzN2ZtX0xqX1BVTFhVTlJZU3lTWkRpdW4zVmRHSG8wRTlraHc4dEtWNUFrZS1mSDNESkdNT29ySVN3TmcyUkgwVlF5dEE,
157,https://lh3.googleusercontent.com/a-/AAuE7mChPeaf3UV7ilbigoq3zKJmhmEouflMmnVVxkkN=w48-h48-p-rw, TheresaMarie Midenberg ,5,com.myquest,  Perfect  ,"August 25, 2017",gp:AOqpTOEQrVb64Gz3DqAGkDggGBBb-PHkrnZrdsLvIchYtJ_qvi1FPLp1K9eWecgNZ21wVQ9l0KuufxVfg5ZAqw,/store/apps/details?id=com.myquest&reviewId=Z3A6QU9xcFRPRVFyVmI2NEd6M0RxQUdrRGdnR0JCYi1QSGtyblpyZHNMdkljaFl0Sl9xdmkxRlBMcDFLOWVXZWNnTloyMXdWUTlsMEt1dWZ4VmZnNVpBcXc,
158,https://lh3.googleusercontent.com/a-/AAuE7mB8r_SlfRFVVBC6K07aMFmasgBHs4ht-AAzD84_aw=w48-h48-p-rw, PAULETTE GAMBLE ,3,com.myquest,"  After signing up for guest, I was running around in circles like a dog with its tail between his legs. I was going back, and forth trying to figure out what to do next. Please explain things in a more simplex way in the future.                  *THANK YOU *  ","April 23, 2017",gp:AOqpTOE-8Zl76qb5ovQh_Y8LBqNVLfyNcTXpMOqxkZeUFtTZvbXcBnPw9IhbEfHa0mFoMLL-UqcsCotAKeNXYw,/store/apps/details?id=com.myquest&reviewId=Z3A6QU9xcFRPRS04Wmw3NnFiNW92UWhfWThMQnFOVkxmeU5jVFhwTU9xeGtaZVVGdFRadmJYY0JuUHc5SWhiRWZIYTBtRm9NTEwtVXFjc0NvdEFLZU5YWXc,
159,https://lh3.googleusercontent.com/a-/AAuE7mDND26GqukJO87WeDmFY1wkDWsgtH0L5TSRw4lxi5s=w48-h48-p-rw, Dawn Lauryn ,1,com.myquest,"  Fails to provide all results and ZERO TECH SUPPORT for assistance with results missing in patient access, yet vendor still bills Medicare. This app stinks and my repeated requests for help may have to go the Medicare fraud route.  ","April 22, 2017",gp:AOqpTOHTO5rX1lE30hmVveVgKFZyn1jfNquMFmHg_hDdHoQ4HoIrNn7laEupM9aJIs8XOWbKTlHIui0WzCrRUg,/store/apps/details?id=com.myquest&reviewId=Z3A6QU9xcFRPSFRPNXJYMWxFMzBobVZ2ZVZnS0ZaeW4xamZOcXVNRm1IZ19oRGRIb1E0SG9Jck5uN2xhRXVwTTlhSklzOFhPV2JLVGxISXVpMFd6Q3JSVWc,
160,https://lh3.googleusercontent.com/a-/AAuE7mCIu27ieA6prKjA0cpBpljUslpUncMtbXMgOqe6ypQ=w48-h48-p-rw, Edward Shea ,1,com.myquest,  App closes when I try to sign in.   Strangely if I go to Feedback and hot send my results then appear but my medications that were listed have disappeared.  Very disappointed after years of use.  ,"June 22, 2017",gp:AOqpTOE00fLZx6tiHRZlR5LteIchVc2dF6m8dC7kxVGD2-abjiPEQF8rYaKWThYY36iIPD3EgeYiy0-PQk-sFQ,/store/apps/details?id=com.myquest&reviewId=Z3A6QU9xcFRPRTAwZkxaeDZ0aUhSWmxSNUx0ZUljaFZjMmRGNm04ZEM3a3hWR0QyLWFiamlQRVFGOHJZYUtXVGhZWTM2aUlQRDNFZ2VZaXkwLVBRay1zRlE,
161,https://lh3.googleusercontent.com/a-/AAuE7mCIFfyI1QuBEs1Qu6cUWU1ujQzReZDt77M6igLDJQ=w48-h48-p-rw, Iriana Castillo ,1,com.myquest,"  Ok. I downloaded this app and it won't even let me press the ""New User/Sign Up"" button. I even uninstalled it, turned off my phone, turned it back on (just in case it was my phone doing the issue), then re-installed the app, gave me the same issue. It won't let me go past the login page. Please fix the issue so I can use it. Thanks.  ","May 6, 2017",gp:AOqpTOEF9W5v-D_L9ddMZA0Mg8gpVkEJgq_ONjFoRtkdZtNq1vELFUV6gZP4nNAH-I9HX6aQ86iTZDfpjVqTnQ,/store/apps/details?id=com.myquest&reviewId=Z3A6QU9xcFRPRUY5VzV2LURfTDlkZE1aQTBNZzhncFZrRUpncV9PTmpGb1J0a2RadE5xMXZFTEZVVjZnWlA0bk5BSC1JOUhYNmFRODZpVFpEZnBqVnFUblE,
162,https://lh5.googleusercontent.com/-ZmhPa9MgHoA/AAAAAAAAAAI/AAAAAAAAAAA/ACHi3rcOK99PIo-WQtO_czKoju3B6BhgKQ/w48-h48-p-rw/photo.jpg, Stacey Best ,1,com.myquest,"  Hate it , non of my labs are showing uo in the app... i have requested them and they say  they have been completed and will show and they never do.  ","March 21, 2017",gp:AOqpTOEvT3SmyLGpT98SzDGma42riKUc8ZpdaUcpSEiIoDCMBsU6ntZd5x60tM0URsWbpfzO5diCtP1Y45jkGg,/store/apps/details?id=com.myquest&reviewId=Z3A6QU9xcFRPRXZUM1NteUxHcFQ5OFN6REdtYTQycmlLVWM4WnBkYVVjcFNFaUlvRENNQnNVNm50WmQ1eDYwdE0wVVJzV2JwZnpPNWRpQ3RQMVk0NWprR2c,
163,https://lh5.googleusercontent.com/-LJEW0gMQo_k/AAAAAAAAAAI/AAAAAAAAAAA/ACHi3rdf8JKfKFa44YBR1GUDzE7qlpzIYQ/w48-h48-p-rw/photo.jpg, Charles Crossley ,1,com.myquest,"  It may be great for patients who want to see their results, but for those of us who just want to make an appointment, this app sucks.  It transfers you to the website, which is difficult to use from a smartphone, rather than have an its own appointment scheduler.  Too frustrating to be useful.  Stick to a computer.  ","April 21, 2017",gp:AOqpTOHUZ5kwWqv3TAUemrOjhY4f_3V4_dj7lDow1U3lTeDiYJRMw7bgajtaemTypG4hafUzxKn4DqSXDVt8dg,/store/apps/details?id=com.myquest&reviewId=Z3A6QU9xcFRPSFVaNWt3V3F2M1RBVWVtck9qaFk0Zl8zVjRfZGo3bERvdzFVM2xUZURpWUpSTXc3YmdhanRhZW1UeXBHNGhhZlV6eEtuNERxU1hEVnQ4ZGc,
164,https://lh5.googleusercontent.com/-mFEUwc-bOQw/AAAAAAAAAAI/AAAAAAAAAAA/lPgHjv_bM_4/w48-h48-p-rw/photo.jpg, ,1,com.myquest,  Will not run on rooted devices. Tec says it breaks their security. Interesting in that even my banks app runs on rooted devices. If this were so you'd think banks would be all over this  ,"March 29, 2017",gp:AOqpTOGoI0Cl_F9r46dPYwo43cXiZs-VvyOlkR1PwF4tl_ruHnWAcH0inAf6ya8BzUDa7BovNOu4NUt7kIkOYg,/store/apps/details?id=com.myquest&reviewId=Z3A6QU9xcFRPR29JMENsX0Y5cjQ2ZFBZd280M2NYaVpzLVZ2eU9sa1IxUHdGNHRsX3J1SG5XQWNIMGluQWY2eWE4QnpVRGE3Qm92Tk91NE5VdDdrSWtPWWc,
165,https://lh3.googleusercontent.com/a-/AAuE7mBIpFg2y0isrP1zJQfZ7udFASDRQsekpYTTjxAh8Q=w48-h48-p-rw, Meg Cross ,3,com.myquest,"  The app itself is good, however Quest is horrible about posting results in a timely manner.  I am supposed to get report automatically without requesting but always have to request and then it takes over a month for them to post.  ","June 16, 2017",gp:AOqpTOGPGW5ssdgu8uIiScPwsXlQ2MY_i3Eu4r9zQQJl40uEM0R69-8Usr2doP1JEJit6IOQ8RWQ8szmwlHiDw,/store/apps/details?id=com.myquest&reviewId=Z3A6QU9xcFRPR1BHVzVzc2RndTh1SWlTY1B3c1hsUTJNWV9pM0V1NHI5elFRSmw0MHVFTTBSNjktOFVzcjJkb1AxSkVKaXQ2SU9ROFJXUThzem13bEhpRHc,
166,https://lh3.googleusercontent.com/a-/AAuE7mDsD8Y74Y40duwKyEr4osERTjjE8zJmDmuh16N-=w48-h48-p-rw, Jack Collins ,5,com.myquest,"  Blood test results app. Works great. Love the graphing functionality. But even though it says different, I always have to request results and wait several days. It definitely rates a 5!  ","April 29, 2017",gp:AOqpTOG9xfSIBrGWefHAkHPBmCGr2aI2m2YwuKSGfUvW8jBpNa5m-GkYlXCkBojvYpbwvs0nxblN7NCMiDyKSQ,/store/apps/details?id=com.myquest&reviewId=Z3A6QU9xcFRPRzl4ZlNJQnJHV2VmSEFrSFBCbUNHcjJhSTJtMll3dUtTR2ZVdlc4akJwTmE1bS1Ha1lsWENrQm9qdllwYnd2czBueGJsTjdOQ01pRHlLU1E,
167,https://lh3.googleusercontent.com/-LFzwtykdnrU/AAAAAAAAAAI/AAAAAAAAAAA/ACHi3rdaYgqEFNM8-wFdToDEx4z_1zTqoQ/w48-h48-p-rw/photo.jpg, Anthony Cortez ,5,com.myquest,  I used this app to make my appointment and see my reults but today I tried to open it and it's not working I'm concerned it's upgraded beyond my phones capabilities. Hoping it's just a glitch.  ,"April 13, 2017",gp:AOqpTOHKtxxUnRGtmPzXmtC4R6g-4MU-mMGiEa4FytDSg7FBBCxogo6V_z8S21j29H5THe27GNOdcods3crGCw,/store/apps/details?id=com.myquest&reviewId=Z3A6QU9xcFRPSEt0eHhVblJHdG1QelhtdEM0UjZnLTRNVS1tTUdpRWE0Rnl0RFNnN0ZCQkN4b2dvNlZfejhTMjFqMjlINVRIZTI3R05PZGNvZHMzY3JHQ3c,
168,https://lh6.googleusercontent.com/-ZfAggvFUjIc/AAAAAAAAAAI/AAAAAAAAAAA/ACHi3rf2vHjPoopdQei3rOys8meEFG_kvg/w48-h48-p-rw/photo.jpg, Shirley Elder ,3,com.myquest,  I would give it a five if I could get it to work.  Not been able to open it for quite a while.  ,"March 27, 2017",gp:AOqpTOGDif14qgZdfHM6NqboSDEBKwJSWayalvbxwrdCxxP1BwKPoO8qMiJOUYXqul3FC9CL0eCvIH6p7g6pfw,/store/apps/details?id=com.myquest&reviewId=Z3A6QU9xcFRPR0RpZjE0cWdaZGZITTZOcWJvU0RFQkt3SlNXYXlhbHZieHdyZEN4eFAxQndLUG9POHFNaUpPVVlYcXVsM0ZDOUNMMGVDdklINnA3ZzZwZnc,
169,https://lh3.googleusercontent.com/a-/AAuE7mAWCuqx5RnWqNwjXAkomLEbdQbdM7hz3AVF6j3NjA=w48-h48-p-rw, Tom Hunter ,1,com.myquest,"  Installed, ran once. Now it stops immediately after tapping the icon. Re-Installed twice, rebooted twice, no change. Just updated to latest version, no change. Still won't start.  ","March 22, 2017",gp:AOqpTOGc01nfN91YhPmbzo2bKZ8NMlfdRZ7kzK9FJRKVsJfDoG3hfJY_HH-TNf3z96uxVxAzNpu3XtIqNmQA3w,/store/apps/details?id=com.myquest&reviewId=Z3A6QU9xcFRPR2MwMW5mTjkxWWhQbWJ6bzJiS1o4Tk1sZmRSWjdreks5RkpSS1ZzSmZEb0czaGZKWV9ISC1UTmYzejk2dXhWeEF6TnB1M1h0SXFObVFBM3c,
170,https://lh3.googleusercontent.com/a-/AAuE7mDrR6hT0uoxOFe7oaxzMCg1Um8nZk1NP6hmUfFzLQ=w48-h48-p-rw, William Mitchell ,5,com.myquest,  Great tool to manage my health.. I just noticed a problem on my last blood report that it was not addressed by my doctor..This is a great life saver.  I will make an appointment with my doctor.  ,"April 1, 2017",gp:AOqpTOFjXp9a5z3ebOTrnOkZEObwWrss69P4NJORa4w5XjCxEoMbhixr9RgPDvjmU0CriGRCWBpRAIo_jJAKhg,/store/apps/details?id=com.myquest&reviewId=Z3A6QU9xcFRPRmpYcDlhNXozZWJPVHJuT2taRU9id1dyc3M2OVA0TkpPUmE0dzVYakN4RW9NYmhpeHI5UmdQRHZqbVUwQ3JpR1JDV0JwUkFJb19qSkFLaGc,
171,https://lh3.googleusercontent.com/a-/AAuE7mA11I5TlMLxVmYKqD-9Qp2b-L7bs02JIsVHuXPq=w48-h48-p-rw, Andrew W. Amaral ,4,com.myquest,"  I like this app! Very good! Now all you need to do is integrate the Quest Appointment Scheduler App with this one, instead of just having a link in the app to go to the website. Then worthy of 5-stars! :-)  Also, so far, I haven't been able to retrieve any lab results...  ","April 29, 2017",gp:AOqpTOEHJKtCcr1HHQ5ooL0nLU4PczEhb1f_bA4OikP9vVS2Zysue2AUeMIuC1Y9xVE_VyDpdOCq74g8Gv-Xdw,/store/apps/details?id=com.myquest&reviewId=Z3A6QU9xcFRPRUhKS3RDY3IxSEhRNW9vTDBuTFU0UGN6RWhiMWZfYkE0T2lrUDl2VlMyWnlzdWUyQVVlTUl1QzFZOXhWRV9WeURwZE9DcTc0ZzhHdi1YZHc,
172,https://lh3.googleusercontent.com/a-/AAuE7mC9Ffyi33nnuy-4QVxSR-uVNDgwlMH_fpf-sRRL=w48-h48-p-rw, Sally Tompkins ,1,com.myquest,"  I can't even get it to open! ""Unfortunately, MyQuest has stopped"" is all that happens. Each time.  ","May 12, 2017",gp:AOqpTOGjZiGVb71PgHuoAxiaMDqknt4JGM8MsrPp0OqASKwIThNR-Zg3SqsFMzy7FcqeD92HkZjoNZlK1DWouw,/store/apps/details?id=com.myquest&reviewId=Z3A6QU9xcFRPR2paaUdWYjcxUGdIdW9BeGlhTURxa250NEpHTThNc3JQcDBPcUFTS3dJVGhOUi1aZzNTcXNGTXp5N0ZjcWVEOTJIa1pqb05abEsxRFdvdXc,
173,https://lh5.googleusercontent.com/-sQp0e-0S5-4/AAAAAAAAAAI/AAAAAAAAAAA/ACHi3re5wxC48lqGHqOXrwG5zkOKTOwehA/w48-h48-p-rw/photo.jpg, Cindy Plant ,1,com.myquest,  The app DOESN'T WORK! Very aggravating.  Fix the scheduling link. Can't spend the whole day resubmitting information.  ,"April 6, 2017",gp:AOqpTOFMmA84LO6Ybtr-tXxM_wcs3zqGnHqWZbHFUICyPtqGpD3z7gAS6WkBfGB45jX9jSfmwC5MdOpUQdyMPw,/store/apps/details?id=com.myquest&reviewId=Z3A6QU9xcFRPRk1tQTg0TE82WWJ0ci10WHhNX3djczN6cUduSHFXWmJIRlVJQ3lQdHFHcEQzejdnQVM2V2tCZkdCNDVqWDlqU2Ztd0M1TWRPcFVRZHlNUHc,
174,https://lh4.googleusercontent.com/-a-n_rA2bUaQ/AAAAAAAAAAI/AAAAAAAAAAA/ACHi3rde0S6slKVR6oVM1PR6TgDWJbAHIA/w48-h48-p-rw/photo.jpg, Wil Baylon ,1,com.myquest,"  Only as good as data provided - It took over a month to see the results from its own Quest Diagnostics lab! If I didn't submit THREE follow up requests, I expect I would have never seen the lab results.  ","May 19, 2017",gp:AOqpTOFQg8fno3T3CWm6PP2aNJ6GX6Tqe3tXnyEdjUmvptHTW1R-p-HQPi2jsbpoD18lWT1ZfSIVAcdKMoET5g,/store/apps/details?id=com.myquest&reviewId=Z3A6QU9xcFRPRlFnOGZubzNUM0NXbTZQUDJhTko2R1g2VHFlM3RYbnlFZGpVbXZwdEhUVzFSLXAtSFFQaTJqc2Jwb0QxOGxXVDFaZlNJVkFjZEtNb0VUNWc,
175,https://lh3.googleusercontent.com/a-/AAuE7mBt_2RJReVtqc024LvONWUyTtfpWeAUyE-ZcAj2=w48-h48-p-rw, ,4,com.myquest,  Needs some work I accidentally entered my doctor's name wrong in a request for results and there's no way to remove the request even though it will not succeed.  ,"May 27, 2017",gp:AOqpTOHHKFQx3OnayOVK9QUVK8IgFAebXvq_moAP622IL3tTgfNVr0zRR3ZND93OgjmYfXGLdhWwFxy64Ch4sA,/store/apps/details?id=com.myquest&reviewId=Z3A6QU9xcFRPSEhLRlF4M09uYXlPVks5UVVWSzhJZ0ZBZWJYdnFfbW9BUDYyMklMM3RUZ2ZOVnIwelJSM1pORDkzT2dqbVlmWEdMZGhXd0Z4eTY0Q2g0c0E,
176,https://lh4.googleusercontent.com/-SLdbsacxXFU/AAAAAAAAAAI/AAAAAAAAAAA/ACHi3rdAyjPi6R62Yy7UkLXqrJRQLgUy4A/w48-h48-p-rw/photo.jpg, Kathleen Olesh ,5,com.myquest,  Easy to make appointments. I appreciate seeing my labs before my doctor visit so I can gather info and questions. This app is very easy to use  ,"May 8, 2017",gp:AOqpTOHfp0NXXqpZJDpBfsY22lveN6DYCyhX0MkaTt9FhvpDOzMcMTz9f0MKzCs4LrbGXv5Nx1nAzR_gdECpZg,/store/apps/details?id=com.myquest&reviewId=Z3A6QU9xcFRPSGZwME5YWHFwWkpEcEJmc1kyMmx2ZU42RFlDeWhYME1rYVR0OUZodnBET3pNY01UejlmME1LekNzNExyYkdYdjVOeDFuQXpSX2dkRUNwWmc,
177,https://lh3.googleusercontent.com/a-/AAuE7mA7PWc_Q4JApbAdPTbPkZQgJXLfZ3zYNXlnZYxzaA=w48-h48-p-rw, Joseph Dougherty ,2,com.myquest,  Step 3 will not allow me to make a selection.  Only continue button works and defaults to next available appointment but it will not allow me to select a future date. Frustrating!  ,"April 18, 2017",gp:AOqpTOGBnQRIan4ecg34n6TUjtexx5RrCHpSNB_WbuEftAsOEWVjScbh7NKcny0XGMIbf23YFGSn7rbf2_mZ5g,/store/apps/details?id=com.myquest&reviewId=Z3A6QU9xcFRPR0JuUVJJYW40ZWNnMzRuNlRVanRleHg1UnJDSHBTTkJfV2J1RWZ0QXNPRVdWalNjYmg3TktjbnkwWEdNSWJmMjNZRkdTbjdyYmYyX21aNWc,
178,https://lh3.googleusercontent.com/a-/AAuE7mDXe6ZhzKV3paqTWS4FbbPoKZyxJDFeXUVGAo54=w48-h48-p-rw, ,1,com.myquest,"  I paid for the bloodwork, give me my results when they are received. Health Network Labs will give you routine bloodwork results in 2 to 3 days. Not a week after the doctor gets the results. DON'T BOTHER TO DOWNLOAD  ","March 23, 2017",gp:AOqpTOFSaqfTxPIlphot-0fqtTS6u8UEGlend6dSh-riKMcxcPq-JalJ_H20hBd7vM6zYKmmQyO98i3ZdkNVIQ,/store/apps/details?id=com.myquest&reviewId=Z3A6QU9xcFRPRlNhcWZUeFBJbHBob3QtMGZxdFRTNnU4VUVHbGVuZDZkU2gtcmlLTWN4Y1BxLUphbEpfSDIwaEJkN3ZNNnpZS21tUXlPOThpM1pka05WSVE,
179,https://lh4.googleusercontent.com/-u_CrViFtvNA/AAAAAAAAAAI/AAAAAAAAAAA/ACHi3rfcrrfHEDDjcSQtPNeQIMrpoyl87w/w48-h48-p-rw/photo.jpg, C B ,1,com.myquest,  Stupid thing crashes immediately after opening. WORTHLESS  ,"April 23, 2017",gp:AOqpTOEPvNz_SW8u53vOVkfJdzJ-VLzCv0srrZKWkTXFvx6ur4dgXDvM8Je62PRBLx97ZwOLzcn7j5j3w9vtKg,/store/apps/details?id=com.myquest&reviewId=Z3A6QU9xcFRPRVB2TnpfU1c4dTUzdk9Wa2ZKZHpKLVZMekN2MHNyclpLV2tUWEZ2eDZ1cjRkZ1hEdk04SmU2MlBSQkx4OTdad09MemNuN2o1ajN3OXZ0S2c,
180,https://lh6.googleusercontent.com/-5lq_WIiaDsE/AAAAAAAAAAI/AAAAAAAAAAA/YqQGMEFj7l4/w48-h48-p-rw/photo.jpg, ,1,com.myquest,  Won't open up can't use. Older version was faithful and easy to use Bring it back let us choose  ,"March 23, 2017",gp:AOqpTOHD38ivvaZfuhbsplj-V3EmNU317BoH7zE0oVc_lL7_N3XL4ZKq3EcXxKzQC226ZdlVcBPMn0zJnloI6w,/store/apps/details?id=com.myquest&reviewId=Z3A6QU9xcFRPSEQzOGl2dmFaZnVoYnNwbGotVjNFbU5VMzE3Qm9IN3pFMG9WY19sTDdfTjNYTDRaS3EzRWNYeEt6UUMyMjZaZGxWY0JQTW4wekpubG9JNnc,
181,https://lh3.googleusercontent.com/a-/AAuE7mB_1aGkDxLsrFd5_ggL-SC_eQxg8kozgYQVBurvoQ=w48-h48-p-rw, Tiffany Heiman ,2,com.myquest,  Results take weeks to be uploaded when it used to only take days. I am very displeased with this app!  ,"April 4, 2017",gp:AOqpTOHijsyGVTlirFjztF4PEr4Qk0awh7SjbCgIVUmh0p_0aCVH91XmK0vU9Y2r-S_LBqe78B2ZhTfFnMsFRQ,/store/apps/details?id=com.myquest&reviewId=Z3A6QU9xcFRPSGlqc3lHVlRsaXJGanp0RjRQRXI0UWswYXdoN1NqYkNnSVZVbWgwcF8wYUNWSDkxWG1LMHZVOVkyci1TX0xCcWU3OEIyWmhUZkZuTXNGUlE,
182,https://lh3.googleusercontent.com/a-/AAuE7mDtZJYf0au-YJITpWtHlUs9Z5hG9jFeG3WWDM0n=w48-h48-p-rw, Donald Smith ,5,com.myquest,  It is a place that I have all my tests at one place. If I go to a new DR and they need to see the past tests I can bring up the past years test and hand them the phone to copy what they need.  ,"March 28, 2017",gp:AOqpTOEVRe5L2UytaLlFWJSr_VQ0M2yEVQQ-Zt6Qbx0xunRmveOh_A9JZ-LSPHpPp4BMbFzXE1plfJ5ZAvLIbA,/store/apps/details?id=com.myquest&reviewId=Z3A6QU9xcFRPRVZSZTVMMlV5dGFMbEZXSlNyX1ZRME0yeUVWUVEtWnQ2UWJ4MHh1blJtdmVPaF9BOUpaLUxTUEhwUHA0Qk1iRnpYRTFwbGZKNVpBdkxJYkE,
183,https://lh6.googleusercontent.com/-bup5cynLsRE/AAAAAAAAAAI/AAAAAAAAAAA/ACHi3re3Vc3VZ1FHeHeRQlNErzQ0mrzrkQ/w48-h48-p-rw/photo.jpg, Gary Coghill ,4,com.myquest,  App is good however never get results. Always have to request as they  (app) claims I do not have to request.  ,"April 6, 2017",gp:AOqpTOEHMpS0xgODWu0VyVEx-cqrjrWDiRKWIe4OnsO61HCEgUvWFSCCF0kyDW4QEsjGshDU3hwvvfG_NDk7kw,/store/apps/details?id=com.myquest&reviewId=Z3A6QU9xcFRPRUhNcFMweGdPRFd1MFZ5VkV4LWNxcmpyV0RpUktXSWU0T25zTzYxSENFZ1V2V0ZTQ0NGMGt5RFc0UUVzakdzaERVM2h3dnZmR19ORGs3a3c,
184,https://lh6.googleusercontent.com/-JOUbsza_e2w/AAAAAAAAAAI/AAAAAAAAAAA/ACHi3recOt3Z7tz8Q9PVDJemYS3kOEdQgA/w48-h48-p-rw/photo.jpg, Nick Jones ,2,com.myquest,  Stopped working. Uninstalled and reinstalled and crashes immediately after attempting to launch.  ,"April 18, 2017",gp:AOqpTOF9yr3oBfPu8FNquTH7Ccz4Sq4TVdIZboeFUkzED2s7a4bBKPUdwIwzM-PqkQyzHIQUEN5DC3q0Pkdprw,/store/apps/details?id=com.myquest&reviewId=Z3A6QU9xcFRPRjl5cjNvQmZQdThGTnF1VEg3Q2N6NFNxNFRWZElaYm9lRlVrekVEMnM3YTRiQktQVWR3SXd6TS1QcWtReXpISVFVRU41REMzcTBQa2Rwcnc,
185,https://lh6.googleusercontent.com/-QpuYmo8YEVw/AAAAAAAAAAI/AAAAAAAAAAA/ACHi3reY6YDYfB_ez3xA7-FTVLDadHtNnQ/w48-h48-p-rw/photo.jpg, Alex Rodz ,2,com.myquest,"  Waste of time, put your info and look for Lab and sorry no match. Waste of time  ","May 19, 2017",gp:AOqpTOEUHMFtc2CCq8qMEgf_N3fN5FpM1w5Oa6WvWcLb-dRzELnpS03BLCLoYIhEmKFsc0ddE2yM5r-KA-Wbfg,/store/apps/details?id=com.myquest&reviewId=Z3A6QU9xcFRPRVVITUZ0YzJDQ3E4cU1FZ2ZfTjNmTjVGcE0xdzVPYTZXdldjTGItZFJ6RUxucFMwM0JMQ0xvWUloRW1LRnNjMGRkRTJ5TTVyLUtBLVdiZmc,
