,author_image,author_name,current_rating,rev_app_id,review_body,review_date,review_id,review_permalink,review_title
0,https://lh3.googleusercontent.com/a-/AAuE7mCOMFYEOOBugmvgIjudV1KTdD3Ayy8kM7IlLog-Gw=w48-h48-p-rw, ,5,com.gamelounge.chroomakeyboard,  i am very 😂  ,"March 11, 2019",gp:AOqpTOGk1dCEj_P9zjQe3pYN2Xbkr4OxudUkuW01MjMugos2NN4KI4DsCN-0j-uogJ2UFvim8nS013HxCzbiUA,/store/apps/details?id=com.gamelounge.chroomakeyboard&reviewId=Z3A6QU9xcFRPR2sxZENFal9QOXpqUWUzcFlOMlhia3I0T3h1ZFVrdVcwMU1qTXVnb3MyTk40S0k0RHNDTi0wai11b2dKMlVGdmltOG5TMDEzSHhDemJpVUE,
1,https://lh3.googleusercontent.com/a-/AAuE7mBOKwva9kiNG-x5IJhKu4Rid8630-4Zpph2o1kXcQ=w48-h48-p-rw, wG ,5,com.gamelounge.chroomakeyboard,  best looking keyboard I've ever use  ,"March 9, 2019",gp:AOqpTOEd62rtYJnAf6_zXCNZvgUaLiZoQlhoDMEMXorpcEbALZPVGrw7mH3i23v6E0hkAL-3h9Wo20HJxM4UAg,/store/apps/details?id=com.gamelounge.chroomakeyboard&reviewId=Z3A6QU9xcFRPRWQ2MnJ0WUpuQWY2X3pYQ05admdVYUxpWm9RbGhvRE1FTVhvcnBjRWJBTFpQVkdydzdtSDNpMjN2NkUwaGtBTC0zaDlXbzIwSEp4TTRVQWc,
2,https://lh3.googleusercontent.com/a-/AAuE7mAoj23dQwG6Tke4Vrx_l3AfERYNrLZXOXcuouUnmg=w48-h48-p-rw, Sagar Banik ,4,com.gamelounge.chroomakeyboard,  Awesome keyboard feels really interesting while typing 😁👍👍👍  ,"March 14, 2019",gp:AOqpTOG02cLmhVdvDl5SSv_yxKvND9nvujMurYvLipRLzPbNyvAgxzmZC7Pw_Pl5jEwRC3fBd-_zfq_BcHMzJg,/store/apps/details?id=com.gamelounge.chroomakeyboard&reviewId=Z3A6QU9xcFRPRzAyY0xtaFZkdkRsNVNTdl95eEt2TkQ5bnZ1ak11cll2TGlwUkx6UGJOeXZBZ3h6bVpDN1B3X1BsNWpFd1JDM2ZCZC1femZxX0JjSE16Smc,
3,https://lh3.googleusercontent.com/-mHm2OCA64UI/AAAAAAAAAAI/AAAAAAAAAAA/ACHi3re3FF_WtiXlRCoHS2gtBG-6ebWFDQ/w48-h48-p-rw/photo.jpg, mahesh dusa ,5,com.gamelounge.chroomakeyboard,  BEST KEYBOARD I HAVE EVER USED😍  ,"March 6, 2019",gp:AOqpTOERv2tUCwp4kz8jJGpGL_qTZBMR4nN7KwMaZ1N5w9zYFXdhI_VDteqnzqhzQ5n1MnDFRNw6QBNnUPX8SA,/store/apps/details?id=com.gamelounge.chroomakeyboard&reviewId=Z3A6QU9xcFRPRVJ2MnRVQ3dwNGt6OGpKR3BHTF9xVFpCTVI0bk43S3dNYVoxTjV3OXpZRlhkaElfVkR0ZXFuenFoelE1bjFNbkRGUk53NlFCTm5VUFg4U0E,
4,https://lh3.googleusercontent.com/a-/AAuE7mA34QnAMDK0G11-DGspGQkUY_jSAzL7IBBzuia4Og=w48-h48-p-rw, Hersh Singh ,5,com.gamelounge.chroomakeyboard,  It's been pretty great till now  ,"March 8, 2019",gp:AOqpTOHSxfSTgAFI_1uKvW_g5lL619G_HQxHqgXbzNEf4ky97wFZWF5xc8GWPuFFsH4jCwnmpnpun7VffxM65w,/store/apps/details?id=com.gamelounge.chroomakeyboard&reviewId=Z3A6QU9xcFRPSFN4ZlNUZ0FGSV8xdUt2V19nNWxMNjE5R19IUXhIcWdYYnpORWY0a3k5N3dGWldGNXhjOEdXUHVGRnNINGpDd25tcG5wdW43VmZmeE02NXc,
5,https://lh3.googleusercontent.com/a-/AAuE7mAAl_58ZhmBw69g6Mxuht3Ji33-qaXSAF1dGLsdnQ=w48-h48-p-rw, RAHUL SANKHALA ,5,com.gamelounge.chroomakeyboard,"  I'm lucky, I got pro version for free  ","March 10, 2019",gp:AOqpTOEZeok7mOeVf2NmMPI8Xn6z0H6oQRMk_F4vHSKplZFKYl4wOu0QsJPZVxRpmiat0S_0Til2nkJ_C0ZpGg,/store/apps/details?id=com.gamelounge.chroomakeyboard&reviewId=Z3A6QU9xcFRPRVplb2s3bU9lVmYyTm1NUEk4WG42ejBINm9RUk1rX0Y0dkhTS3BsWkZLWWw0d091MFFzSlBaVnhScG1pYXQwU18wVGlsMm5rSl9DMFpwR2c,
6,https://lh3.googleusercontent.com/a-/AAuE7mADxTTI9bo9kXt8e2jHqlqIQsdigWCrFect4TaqAA=w48-h48-p-rw, Abhijeet Thorawade ,4,com.gamelounge.chroomakeyboard,  if of sky.  ,"March 10, 2019",gp:AOqpTOHl9i5L52xyDsch2HqhwkjEsDAJQiZQMU3SSTwNwvnJcd0qXWhWwVSJa9rSCtMgg0GnAMfbsdUAtMtwwg,/store/apps/details?id=com.gamelounge.chroomakeyboard&reviewId=Z3A6QU9xcFRPSGw5aTVMNTJ4eURzY2gySHFod2tqRXNEQUpRaVpRTVUzU1NUd053dm5KY2QwcVhXaFd3VlNKYTlyU0N0TWdnMEduQU1mYnNkVUF0TXR3d2c,
7,https://lh3.googleusercontent.com/a-/AAuE7mDaQYW-DCmlFVDWIBK_w3Og6vcX0sTFUwG7HlbGaA=w48-h48-p-rw, ,4,com.gamelounge.chroomakeyboard,"  good app, I like the RGB version  ","March 21, 2019",gp:AOqpTOEKd-ImMlw5tJjFrdRheN-M-Jc_l8gfOaCgqvaKL-Y3BzKjvvdnEML4lbfHsh34x9xYUFPWOenNZSJv2A,/store/apps/details?id=com.gamelounge.chroomakeyboard&reviewId=Z3A6QU9xcFRPRUtkLUltTWx3NXRKakZyZFJoZU4tTS1KY19sOGdmT2FDZ3F2YUtMLVkzQnpLanZ2ZG5FTUw0bGJmSHNoMzR4OXhZVUZQV09lbk5aU0p2MkE,
8,https://lh3.googleusercontent.com/a-/AAuE7mCHCRxbtqX0sejlJWysZ3zYIYyCqftBj1m8qWtNKw=w48-h48-p-rw, ,5,com.gamelounge.chroomakeyboard,  really very nice keyboard... adaptive theme feature is unique...  ,"March 9, 2019",gp:AOqpTOEKsgx3RUYCjIBOrfviXFHfktIAh0KyF_2ZbywfeNVd0Z3xzXupPJDI0HI_AFvy1tfnKQOtmTsik9RngQ,/store/apps/details?id=com.gamelounge.chroomakeyboard&reviewId=Z3A6QU9xcFRPRUtzZ3gzUlVZQ2pJQk9yZnZpWEZIZmt0SUFoMEt5Rl8yWmJ5d2ZlTlZkMFozeHpYdXBQSkRJMEhJX0FGdnkxdGZuS1FPdG1Uc2lrOVJuZ1E,
9,https://lh3.googleusercontent.com/a-/AAuE7mDEkE2ZSJKSuMRxZ4y4rJUQNQJc_-wsoL1felcDpg=w48-h48-p-rw, Avinash Pandey ,5,com.gamelounge.chroomakeyboard,"  Just downloaded it, first impressions are pretty nice...  ","March 11, 2019",gp:AOqpTOHnVhdGlEJM_nS0Hi1py3JCvSLBSO-2ijQH3-0spQByYQkmt5Oyf8FOswl6JouAPvApbOcZAK5LqhaQAA,/store/apps/details?id=com.gamelounge.chroomakeyboard&reviewId=Z3A6QU9xcFRPSG5WaGRHbEVKTV9uUzBIaTFweTNKQ3ZTTEJTTy0yaWpRSDMtMHNwUUJ5WVFrbXQ1T3lmOEZPc3dsNkpvdUFQdkFwYk9jWkFLNUxxaGFRQUE,
10,https://lh3.googleusercontent.com/a-/AAuE7mCkhubu95ugN0BNsK-OyiJYpDcmMc48ZGyMViiHIQ=w48-h48-p-rw, Sameer Khan ,5,com.gamelounge.chroomakeyboard,  nice app but how to enable RGB keyboard  ,"March 14, 2019",gp:AOqpTOHwMR6388zw3iknyCaiYkStSSGQLlLQ9-BcIXuwnfiPI53gNtfRC_XyHeBZJYaq7xy11nJpalj2USY6ng,/store/apps/details?id=com.gamelounge.chroomakeyboard&reviewId=Z3A6QU9xcFRPSHdNUjYzODh6dzNpa255Q2FpWWtTdFNTR1FMbExROS1CY0lYdXduZmlQSTUzZ050ZlJDX1h5SGVCWkpZYXE3eHkxMW5KcGFsajJVU1k2bmc,
11,https://lh6.googleusercontent.com/-GCg4v9lj1MI/AAAAAAAAAAI/AAAAAAAAAAA/ACHi3reftAsEQapGTjBFm0qjUG9PU9eNVA/w48-h48-p-rw/photo.jpg, Ayush Misra ,5,com.gamelounge.chroomakeyboard,  lucky me got premium and its awesome  ,"March 13, 2019",gp:AOqpTOGVOlAZ0k1teO_8y8aCqGubV5PiO9kEYTIfygBBerRfMJZje48G03KUTGm_g4CU5XGm76fd7iJLJ2pAPw,/store/apps/details?id=com.gamelounge.chroomakeyboard&reviewId=Z3A6QU9xcFRPR1ZPbEFaMGsxdGVPXzh5OGFDcUd1YlY1UGlPOWtFWVRJZnlnQkJlclJmTUpaamU0OEcwM0tVVEdtX2c0Q1U1WEdtNzZmZDdpSkxKMnBBUHc,
12,https://lh3.googleusercontent.com/a-/AAuE7mCdSSPOJhUguSZFQVP76-2xeR96t-C8XZJCT0Ty=w48-h48-p-rw, ,5,com.gamelounge.chroomakeyboard,  best keyboard in the world rgb is mind blowing  ,"March 15, 2019",gp:AOqpTOF3urm-gFYZTFhwkwaAydGla-rJS0MdqV2QzcLnJYyIpB6w00hSiPDw39ssA6BbQVxn4UDUyzobcd32_g,/store/apps/details?id=com.gamelounge.chroomakeyboard&reviewId=Z3A6QU9xcFRPRjN1cm0tZ0ZZWlRGaHdrd2FBeWRHbGEtckpTME1kcVYyUXpjTG5KWXlJcEI2dzAwaFNpUER3Mzlzc0E2QmJRVnhuNFVEVXl6b2JjZDMyX2c,
13,https://lh3.googleusercontent.com/a-/AAuE7mCb4FboXSQWLvs-4elimuPP-jIDBdrpMIIapceWLA=w48-h48-p-rw, Dhananjay Vaze ,5,com.gamelounge.chroomakeyboard,  best keyboard I have ever seen  ,"March 8, 2019",gp:AOqpTOEnS7BtfUHsh7PqZfk8YNeI5em0QTfVtibsCKjW4nFuRXtippgpRJZ4WQxPI0I63GUBRQYlJgjXKh-NBA,/store/apps/details?id=com.gamelounge.chroomakeyboard&reviewId=Z3A6QU9xcFRPRW5TN0J0ZlVIc2g3UHFaZms4WU5lSTVlbTBRVGZWdGlic0NLalc0bkZ1Ulh0aXBwZ3BSSlo0V1F4UEkwSTYzR1VCUlFZbEpnalhLaC1OQkE,
14,https://lh3.googleusercontent.com/a-/AAuE7mDJXIU5mw9MT9XXiCibcxeTqOjKOp7axrpzyFRAog=w48-h48-p-rw, Jay Raj ,5,com.gamelounge.chroomakeyboard,  recommend to all this app download it 5 star  ,"March 16, 2019",gp:AOqpTOEjgp0wbg57S9Xqd3sEH_zTvIu6CLML4FTAAUyTXt6eXRQZioIawhUcQLRQ_pebBoNBwfTlLoO5UjygCg,/store/apps/details?id=com.gamelounge.chroomakeyboard&reviewId=Z3A6QU9xcFRPRWpncDB3Ymc1N1M5WHFkM3NFSF96VHZJdTZDTE1MNEZUQUFVeVRYdDZlWFJRWmlvSWF3aFVjUUxSUV9wZWJCb05Cd2ZUbExvTzVVanlnQ2c,
15,https://lh3.googleusercontent.com/a-/AAuE7mBJ8X3iPdLFJ78QpX8ArQowBZV5QL5LB-Ja2aqF=w48-h48-p-rw, John Changsan ,4,com.gamelounge.chroomakeyboard,  Let's see  ,"March 10, 2019",gp:AOqpTOHr9_lfftLrnbIocwfY5UYPgssPyl89OxoaEMB0hV5TvVXrQyoMq62GX5Tz-1Estmc7y7d6hgQ7Yk-YsQ,/store/apps/details?id=com.gamelounge.chroomakeyboard&reviewId=Z3A6QU9xcFRPSHI5X2xmZnRMcm5iSW9jd2ZZNVVZUGdzc1B5bDg5T3hvYUVNQjBoVjVUdlZYclF5b01xNjJHWDVUei0xRXN0bWM3eTdkNmhnUTdZay1Zc1E,
16,https://lh3.googleusercontent.com/a-/AAuE7mBRnEZXKku6j8jw3WVWlzGoTMoBI0904AynEuYGrQw=w48-h48-p-rw, Hooda Plays ,4,com.gamelounge.chroomakeyboard,  Plz Add Option to Change RGB speed  ,"March 9, 2019",gp:AOqpTOEPXvCIyavsgaEa-MHR6eBbiuJQiiPpKoiwgA0EjylIVN4DyB_ayM7I3qPH_VzHhEXjDfjqJ0pvf2LVug,/store/apps/details?id=com.gamelounge.chroomakeyboard&reviewId=Z3A6QU9xcFRPRVBYdkNJeWF2c2dhRWEtTUhSNmVCYml1SlFpaVBwS29pd2dBMEVqeWxJVk40RHlCX2F5TTdJM3FQSF9WekhoRVhqRGZqcUowcHZmMkxWdWc,
17,https://lh3.googleusercontent.com/a-/AAuE7mBfuH0PCFelT0XI4aIf3L_8lV-R955xaOyfOROMFg=w48-h48-p-rw, Brandon Patterson ,4,com.gamelounge.chroomakeyboard,  needs more free features or cheaper premium  ,"March 9, 2019",gp:AOqpTOFU2Eqlce3-pDJuvX7wSy31YlYMR_gHVVxbMPPpTZBlj0qAs2WS89FmrTjHJWSitkb79zebsve03zTkiw,/store/apps/details?id=com.gamelounge.chroomakeyboard&reviewId=Z3A6QU9xcFRPRlUyRXFsY2UzLXBESnV2WDd3U3kzMVlsWU1SX2dIVlZ4Yk1QUHBUWkJsajBxQXMyV1M4OUZtclRqSEpXU2l0a2I3OXplYnN2ZTAzelRraXc,
18,https://lh3.googleusercontent.com/a-/AAuE7mBCMxS2ZIECGUVH1tzDDtWuXoiV-0JS8t5ohnK4=w48-h48-p-rw, ,3,com.gamelounge.chroomakeyboard,  3 star for many option inside in premium  ,"March 9, 2019",gp:AOqpTOEvLnwjK98tk-74huN8B_dmJoFjskx6MxY84CBhcXSts2UfBrudtI2DvqOCZKYgH1Bm9W9kSsIfz59-jg,/store/apps/details?id=com.gamelounge.chroomakeyboard&reviewId=Z3A6QU9xcFRPRXZMbndqSzk4dGstNzRodU44Ql9kbUpvRmpza3g2TXhZODRDQmhjWFN0czJVZkJydWR0STJEdnFPQ1pLWWdIMUJtOVc5a1NzSWZ6NTktamc,
19,https://lh4.googleusercontent.com/-3PPpaE-j5aE/AAAAAAAAAAI/AAAAAAAAAAA/YOWi_5dqBO4/w48-h48-p-rw/photo.jpg, ,4,com.gamelounge.chroomakeyboard,  rgb keyboard makes typing fun loved it  ,"March 16, 2019",gp:AOqpTOEQwexZYP7jhkMZ9o5-61eEvmiSw8DHZ3xgQFriNKyLI0T1w5WY30lifUnxiPopGSGj_ETFFIHOjbnfCg,/store/apps/details?id=com.gamelounge.chroomakeyboard&reviewId=Z3A6QU9xcFRPRVF3ZXhaWVA3amhrTVo5bzUtNjFlRXZtaVN3OERIWjN4Z1FGcmlOS3lMSTBUMXc1V1kzMGxpZlVueGlQb3BHU0dqX0VURkZJSE9qYm5mQ2c,
20,https://lh6.googleusercontent.com/-ZE4NWRntVS0/AAAAAAAAAAI/AAAAAAAAAAA/ACHi3reLk6IxaVmuJoq2fu4UsajgjXfpKA/w48-h48-p-rw/photo.jpg, Shobhit Shrivastava ,5,com.gamelounge.chroomakeyboard,  nice app and cool themes available amazing  ,"March 17, 2019",gp:AOqpTOGRQPe9PPCSDuoYqCKwxZ-U_b13Yms-HwF1nteLFOBL-tBDiBBpkfKDm_PLNQlxQg5e0eprx2ViAg_lWQ,/store/apps/details?id=com.gamelounge.chroomakeyboard&reviewId=Z3A6QU9xcFRPR1JRUGU5UFBDU0R1b1lxQ0t3eFotVV9iMTNZbXMtSHdGMW50ZUxGT0JMLXRCRGlCQnBrZktEbV9QTE5RbHhRZzVlMGVwcngyVmlBZ19sV1E,
21,https://lh3.googleusercontent.com/a-/AAuE7mCfGR9FaaUm5i0Rgv-_U2rWvARDq3WbJXMMJ2jp5Q=w48-h48-p-rw, Archett Patil ,5,com.gamelounge.chroomakeyboard,  Very good the key board looks perfect  ,"March 12, 2019",gp:AOqpTOEDVz771wQ5svo-2qZTVfibbgSkAKQLXGHRkJ2EgAPl7A6FpH9M_rgOQRR2Gl0o2RSFLn0wFdFFMqjJUQ,/store/apps/details?id=com.gamelounge.chroomakeyboard&reviewId=Z3A6QU9xcFRPRURWejc3MXdRNXN2by0ycVpUVmZpYmJnU2tBS1FMWEdIUmtKMkVnQVBsN0E2RnBIOU1fcmdPUVJSMkdsMG8yUlNGTG4wd0ZkRkZNcWpKVVE,
22,https://lh3.googleusercontent.com/a-/AAuE7mBmODfaoprMFMkXboLR7e2ZTkLuXm2JCb9eBJMqx2Y=w48-h48-p-rw, Aleksandra Grubic ,5,com.gamelounge.chroomakeyboard,  Overall its good but sometimes it buggy  ,"March 22, 2019",gp:AOqpTOH_Iyr_7HahVzQng4eJlPGIfpX5-9JHUH2ftTbvOaKUDVi06gshNTQGXyyIp7ylU_heCFfNm3feBwx9UQ,/store/apps/details?id=com.gamelounge.chroomakeyboard&reviewId=Z3A6QU9xcFRPSF9JeXJfN0hhaFZ6UW5nNGVKbFBHSWZwWDUtOUpIVUgyZnRUYnZPYUtVRFZpMDZnc2hOVFFHWHl5SXA3eWxVX2hlQ0ZmTm0zZmVCd3g5VVE,
23,https://lh6.googleusercontent.com/-V4fKY_DbwjM/AAAAAAAAAAI/AAAAAAAAAAA/5qbTWIaYZJ4/w48-h48-p-rw/photo.jpg, ,4,com.gamelounge.chroomakeyboard,  its great app to custumize ur phone  ,"March 22, 2019",gp:AOqpTOFPIZ2unQh8saU_sVjcZw3N3cc96KYISMKbJrVHzrXHcOMaCFPnpQdVMtyiHcSal2Qio4dvIefbY1ExLQ,/store/apps/details?id=com.gamelounge.chroomakeyboard&reviewId=Z3A6QU9xcFRPRlBJWjJ1blFoOHNhVV9zVmpjWnczTjNjYzk2S1lJU01LYkpyVkh6clhIY09NYUNGUG5wUWRWTXR5aUhjU2FsMlFpbzRkdkllZmJZMUV4TFE,
24,https://lh5.googleusercontent.com/-HRmn6umBv-Y/AAAAAAAAAAI/AAAAAAAAAAA/tl4jBsSJc6U/w48-h48-p-rw/photo.jpg, ,5,com.gamelounge.chroomakeyboard,  Wow just won premium😍😍😍I am so happy  ,"March 11, 2019",gp:AOqpTOGZ8hz2etvBSkzUUv5i87UCYdpSTy3y2gDLjGpqHWPI0wxueWD0yo3agH-yipBpqFnf5aqjRvozRdkP-g,/store/apps/details?id=com.gamelounge.chroomakeyboard&reviewId=Z3A6QU9xcFRPR1o4aHoyZXR2QlNrelVVdjVpODdVQ1lkcFNUeTN5MmdETGpHcHFIV1BJMHd4dWVXRDB5bzNhZ0gteWlwQnBxRm5mNWFxalJ2b3pSZGtQLWc,
25,https://lh3.googleusercontent.com/a-/AAuE7mBDz6rHI7ddIgZDWM5URaLj2nOLaMCVKqVo0bOp=w48-h48-p-rw, ,5,com.gamelounge.chroomakeyboard,  nice it is forcing me to do so  ,"March 9, 2019",gp:AOqpTOGemtRjIcVkoEs-O5-sK8FLRfi3gwXv0P37FTDq4waMPZl919_9KWI38PahLLml1r_cLhvVcaOqXIy0Ew,/store/apps/details?id=com.gamelounge.chroomakeyboard&reviewId=Z3A6QU9xcFRPR2VtdFJqSWNWa29Fcy1PNS1zSzhGTFJmaTNnd1h2MFAzN0ZURHE0d2FNUFpsOTE5XzlLV0kzOFBhaExMbWwxcl9jTGh2VmNhT3FYSXkwRXc,
26,https://lh3.googleusercontent.com/a-/AAuE7mDWTTVwhpA3cUpnTvg2U_-2oV23hJyY9Ithy0oM=w48-h48-p-rw, Ananya Sachar ,5,com.gamelounge.chroomakeyboard,  got the premium for free!!!!!???!! 💘  ,"March 16, 2019",gp:AOqpTOE3HmXisa81cRQIaryHRyHgJ0A1xeBhnDhKYeM-B-vcFWyGkG5p88BLM-0fhTr94k3uZAIO4_FEK-48vQ,/store/apps/details?id=com.gamelounge.chroomakeyboard&reviewId=Z3A6QU9xcFRPRTNIbVhpc2E4MWNSUUlhcnlIUnlIZ0owQTF4ZUJobkRoS1llTS1CLXZjRld5R2tHNXA4OEJMTS0wZmhUcjk0azN1WkFJTzRfRkVLLTQ4dlE,
27,https://lh3.googleusercontent.com/a-/AAuE7mDgnwKj0aqpdlZ58qY64j6Oad0k464ZuaNhVq-aLQ=w48-h48-p-rw, Optimistic Muthu ,4,com.gamelounge.chroomakeyboard,"  Kindly add option for ""auto learning"" words.  ","March 19, 2019",gp:AOqpTOGT35XPaF-GMt_XIUEYR7BgfojeBc8GldFazvm2Skz1gLVEqew3AKeEPwzTNQW3-XYyUJ_MVzTVS-JgsA,/store/apps/details?id=com.gamelounge.chroomakeyboard&reviewId=Z3A6QU9xcFRPR1QzNVhQYUYtR010X1hJVUVZUjdCZ2ZvamVCYzhHbGRGYXp2bTJTa3oxZ0xWRXFldzNBS2VFUHd6VE5RVzMtWFl5VUpfTVZ6VFZTLUpnc0E,
28,https://lh3.googleusercontent.com/a-/AAuE7mAUGK78qWZQZW7QfFy3dDnJQTzGwoMtcY5uEu7DxA=w48-h48-p-rw, Aakash Murao ,5,com.gamelounge.chroomakeyboard,  cool it unlocks me pro verson for free..  ,"March 13, 2019",gp:AOqpTOFpfo_EcMAMwEMvIF4pA-sPGPCafHeic4cTyz751KRbpK9kfMifF7llbuE0b4DFt5SJtq1niNqoxA8l7g,/store/apps/details?id=com.gamelounge.chroomakeyboard&reviewId=Z3A6QU9xcFRPRnBmb19FY01BTXdFTXZJRjRwQS1zUEdQQ2FmSGVpYzRjVHl6NzUxS1JicEs5a2ZNaWZGN2xsYnVFMGI0REZ0NVNKdHExbmlOcW94QThsN2c,
29,https://lh3.googleusercontent.com/a-/AAuE7mCO8s35yJ4hQx6KtLu3WKMQBZj8-kIYTh5fe8TFnA=w48-h48-p-rw, shibi ghosh ,5,com.gamelounge.chroomakeyboard,  this is a great appointed... specially love the rgb feature  ,"March 7, 2019",gp:AOqpTOElT5BQE3rOkIkYgrY1zpCIwJ56nbxtu0SyTdYr4pQadzH69bxM7PVm9trQscOGUvPXqWwVBn8SpGQBFw,/store/apps/details?id=com.gamelounge.chroomakeyboard&reviewId=Z3A6QU9xcFRPRWxUNUJRRTNyT2tJa1lnclkxenBDSXdKNTZuYnh0dTBTeVRkWXI0cFFhZHpINjlieE03UFZtOXRyUXNjT0dVdlBYcVd3VkJuOFNwR1FCRnc,
30,https://lh3.googleusercontent.com/a-/AAuE7mAyTl6FqrdrdyDSNQlMQQETYE6B9ZCF_9dPOtfzlw=w48-h48-p-rw, Vippan Bishnoi ,3,com.gamelounge.chroomakeyboard,  using it first time.. hope works better  ,"March 13, 2019",gp:AOqpTOH58Fhaw0ooUw6wCA2iIsXf_UAl-wHjAOcJtLKszR1iEXtaMwS9P-F2bES2zd0vtpsthO5TLO8PjPPI5w,/store/apps/details?id=com.gamelounge.chroomakeyboard&reviewId=Z3A6QU9xcFRPSDU4RmhhdzBvb1V3NndDQTJpSXNYZl9VQWwtd0hqQU9jSnRMS3N6UjFpRVh0YU13UzlQLUYyYkVTMnpkMHZ0cHN0aE81VExPOFBqUFBJNXc,
31,https://lh6.googleusercontent.com/-tbYv-m1DsyE/AAAAAAAAAAI/AAAAAAAAAAA/ACHi3rf6PiK0oGjwlsYpN1dcDMAgaOW7hg/w48-h48-p-rw/photo.jpg, Santha Murthy ,4,com.gamelounge.chroomakeyboard,  its gud and has quick responce..... everyone try and enjoy....  ,"March 10, 2019",gp:AOqpTOEaBC4C254s-AC3X8kWF8Vt9hKnHXiGFiRW96vC7Ot3S0S1dYWFdhn4XojCnJqeUvaZGjSyInSeTMMwiw,/store/apps/details?id=com.gamelounge.chroomakeyboard&reviewId=Z3A6QU9xcFRPRWFCQzRDMjU0cy1BQzNYOGtXRjhWdDloS25IWGlHRmlSVzk2dkM3T3QzUzBTMWRZV0ZkaG40WG9qQ25KcWVVdmFaR2pTeUluU2VUTU13aXc,
32,https://lh3.googleusercontent.com/-w51tGHz4-IA/AAAAAAAAAAI/AAAAAAAAAAA/ZYRDK09TqzU/w48-h48-p-rw/photo.jpg, ,5,com.gamelounge.chroomakeyboard,  its a good keyboard and the color changing is too good  ,"March 17, 2019",gp:AOqpTOFDpOi-AzKKOiTVWBHw8NtY48-89Xrk8BKHO_wGAohAt8SdoA90zZ1TANfmBw4dtA6ttilidNaFDbfJKg,/store/apps/details?id=com.gamelounge.chroomakeyboard&reviewId=Z3A6QU9xcFRPRkRwT2ktQXpLS09pVFZXQkh3OE50WTQ4LTg5WHJrOEJLSE9fd0dBb2hBdDhTZG9BOTB6WjFUQU5mbUJ3NGR0QTZ0dGlsaWROYUZEYmZKS2c,
33,https://lh3.googleusercontent.com/a-/AAuE7mBXTQUhIAsy9TNkzLXMGIwnzSResNFLmXKvlH2ebw=w48-h48-p-rw, Saare AASH Karo ,5,com.gamelounge.chroomakeyboard,  Best typo feel.  ,"March 21, 2019",gp:AOqpTOH2JbmnuYSPMKV7vTT6RLlIns83ypB9ZyiuDOr6fbkarfbqI4jSF1y1iZviGYpLzF_B8tvG1B3zoLybDw,/store/apps/details?id=com.gamelounge.chroomakeyboard&reviewId=Z3A6QU9xcFRPSDJKYm1udVlTUE1LVjd2VFQ2UkxsSW5zODN5cEI5WnlpdURPcjZmYmthcmZicUk0alNGMXkxaVp2aUdZcEx6Rl9COHR2RzFCM3pvTHliRHc,
34,https://lh5.googleusercontent.com/-45ZhABTD-qE/AAAAAAAAAAI/AAAAAAAAAAA/ACHi3recZVEo0maNaAG58qBGuleVoqgp8g/w48-h48-p-rw/photo.jpg, Krishna Vardhan ,5,com.gamelounge.chroomakeyboard,  My luck..... got a premium for free... nice app .. try all..  ,"March 9, 2019",gp:AOqpTOGR9Nlz1FVAzrPnCyEkaQ0PAf13oSF-8gInZWeE5f0e-5ko1lY7PMiRQH_yM40zBWcXwjMyNiLVvyf69g,/store/apps/details?id=com.gamelounge.chroomakeyboard&reviewId=Z3A6QU9xcFRPR1I5Tmx6MUZWQXpyUG5DeUVrYVEwUEFmMTNvU0YtOGdJblpXZUU1ZjBlLTVrbzFsWTdQTWlSUUhfeU00MHpCV2NYd2pNeU5pTFZ2eWY2OWc,
35,https://lh3.googleusercontent.com/a-/AAuE7mAFNnS2K4t6cqtvNoKW_rH_OZXtQvQfU4MB2w7X=w48-h48-p-rw, sudip Roy ,4,com.gamelounge.chroomakeyboard,  great keyboard!! keep up the good work guys....  ,"March 20, 2019",gp:AOqpTOFj9jbrBq0N0KHzg8LMkYkOvZaHn03ILpqHCfvtBWjzscAsuH8-4NIAV2ULYwkG5nZ7Kq9ssd647aMLnA,/store/apps/details?id=com.gamelounge.chroomakeyboard&reviewId=Z3A6QU9xcFRPRmo5amJyQnEwTjBLSHpnOExNa1lrT3ZaYUhuMDNJTHBxSENmdnRCV2p6c2NBc3VIOC00TklBVjJVTFl3a0c1blo3S3E5c3NkNjQ3YU1MbkE,
36,https://lh3.googleusercontent.com/a-/AAuE7mDeoUCwRsQU4JLXR0XcCGcWt3978o7O0Ho2Iu7iJg=w48-h48-p-rw, ullas eshwar ,5,com.gamelounge.chroomakeyboard,  one of the best keyboard app ... you can ever find ...  ,"March 20, 2019",gp:AOqpTOGuabXAen4kkEuky7j2rwsn_k_0pYe1aBJATIFlHt8iFLRBDtPBWf_OKeFTSvO1tHkh6Mc26XaPkifUtg,/store/apps/details?id=com.gamelounge.chroomakeyboard&reviewId=Z3A6QU9xcFRPR3VhYlhBZW40a2tFdWt5N2oycndzbl9rXzBwWWUxYUJKQVRJRmxIdDhpRkxSQkR0UEJXZl9PS2VGVFN2TzF0SGtoNk1jMjZYYVBraWZVdGc,
37,https://lh3.googleusercontent.com/a-/AAuE7mDMqtEe-JAQTohYN8Czhku592tF7UKbFvTWLuEYXA=w48-h48-p-rw, KunalN77 ,5,com.gamelounge.chroomakeyboard,  I've won the premium version of this amazing !!!! Free  ,"March 12, 2019",gp:AOqpTOEIaQ7V-y6VoOrlTdn9AG701bW4G5MTEAsQ8WrZeg_9s1dagt3s_dOIfpzX52rMaAhxGMRd-znOtdFZjg,/store/apps/details?id=com.gamelounge.chroomakeyboard&reviewId=Z3A6QU9xcFRPRUlhUTdWLXk2Vm9PcmxUZG45QUc3MDFiVzRHNU1URUFzUThXclplZ185czFkYWd0M3NfZE9JZnB6WDUyck1hQWh4R01SZC16bk90ZEZaamc,
38,https://lh3.googleusercontent.com/a-/AAuE7mAVGYYURGWa83Wm0j59oKAIlN1bj6xw7Eby9EKgyA=w48-h48-p-rw, jordan curtis ,5,com.gamelounge.chroomakeyboard,  it's a good app and hat's off to you all  ,"March 12, 2019",gp:AOqpTOFamNHJLL5Oyynu8xHtRg68kLrkoVS3curCfs-xj53lRbT8MuhABg3LggpVm0lm_7Fj1LsNcqHzfSKCTA,/store/apps/details?id=com.gamelounge.chroomakeyboard&reviewId=Z3A6QU9xcFRPRmFtTkhKTEw1T3l5bnU4eEh0Umc2OGtMcmtvVlMzY3VyQ2ZzLXhqNTNsUmJUOE11aEFCZzNMZ2dwVm0wbG1fN0ZqMUxzTmNxSHpmU0tDVEE,
39,https://lh3.googleusercontent.com/a-/AAuE7mDcUzdmUBTqGU9UY_BhR2GTCJecxpnSRhKaP-CwRA=w48-h48-p-rw, ,5,com.gamelounge.chroomakeyboard,  it's amazing I never seen this keeborb be for  ,"March 10, 2019",gp:AOqpTOHn3XDctO7gKnb5U_9R3D6HfWKZFvXzW3_IJZUOKiD1alO4ujAHFah3_jizp6uxGOAOlGHBL85EkrgYrw,/store/apps/details?id=com.gamelounge.chroomakeyboard&reviewId=Z3A6QU9xcFRPSG4zWERjdE83Z0tuYjVVXzlSM0Q2SGZXS1pGdlh6VzNfSUpaVU9LaUQxYWxPNHVqQUhGYWgzX2ppenA2dXhHT0FPbEdIQkw4NUVrcmdZcnc,
40,https://lh5.googleusercontent.com/-LKRF7Y2diPA/AAAAAAAAAAI/AAAAAAAAAAA/ACHi3re7HAkXQ1jOlJL64P-LiXCBdZQmCA/w48-h48-p-rw/photo.jpg, Autumn Nickson ,5,live.wallpaper.for.galaxy.j2,"  A very nice app and 99.999999999999999999999999999999999999999999% let's 
you be you. But I don't understand what the difference is between 3D and 4D.  ","May 16, 2018",gp:AOqpTOEeue_SEOGSI7OH1brVrF8G3AHg-4qZeGL5eQB2zb3xK4k8ZMVKo7s6cwpyKLMIUAbRVNKWjE7Nr5uN6ZY,/store/apps/details?id=live.wallpaper.for.galaxy.j2&reviewId=Z3A6QU9xcFRPRWV1ZV9TRU9HU0k3T0gxYnJWckY4RzNBSGctNHFaZUdMNWVRQjJ6YjN4SzRrOFpNVktvN3M2Y3dweUtMTUlVQWJSVk5LV2pFN05yNXVONlpZ,
41,https://lh3.googleusercontent.com/a-/AAuE7mA4iHu3k86t4yDKjlUSIJHAs4qpAW791W-8jWvnfw=w48-h48-p-rw, Pinkie Unicorn ,4,live.wallpaper.for.galaxy.j2,"  I like it but it does drain your battery but I have so much going on in 
this phone I don't realise:) But it has that unicorn theme and I love the 
pastel colors and stuff Just pls try to add more stuff like GIFs and like 
something so u can download your own picture so u can perhaps have a loot 
Lama just looking at you All in all good app for me Coz I'm 10  ","July 18, 2018",gp:AOqpTOHkNKs5AutN94rU0sXEASnbnsOekNOR72xoc37xxT7Qh1igWTt_Qf9fqgMAE_GnpHtLIqI_r7AyM-AHdUE,/store/apps/details?id=live.wallpaper.for.galaxy.j2&reviewId=Z3A6QU9xcFRPSGtOS3M1QXV0Tjk0clUwc1hFQVNuYm5zT2VrTk9SNzJ4b2MzN3h4VDdRaDFpZ1dUdF9RZjlmcWdNQUVfR25wSHRMSXFJX3I3QXlNLUFIZFVF,
42,https://lh3.googleusercontent.com/a-/AAuE7mARD3tq7vve9hCMSBnF557TvNlGrW1HYMgeEhw_=w48-h48-p-rw, ,5,live.wallpaper.for.galaxy.j2,"  I absolutely love you setup it comes in good use thanku so much ur the 
best😛  ","May 5, 2018",gp:AOqpTOE3YHimaVaqtCoDyB39XS-xR8NqsUCBDxvsAPtymYtcBACvf4jCMkx67BPaSBPrStJXVnkl_LysaNTUymw,/store/apps/details?id=live.wallpaper.for.galaxy.j2&reviewId=Z3A6QU9xcFRPRTNZSGltYVZhcXRDb0R5QjM5WFMteFI4TnFzVUNCRHh2c0FQdHltWXRjQkFDdmY0akNNa3g2N0JQYVNCUHJTdEpYVm5rbF9MeXNhTlRVeW13,
43,https://lh3.googleusercontent.com/a-/AAuE7mAeFJi2sr2UUTXRzGSgyG3LgLucqFLF9VqcRFOdfQ=w48-h48-p-rw, ,1,live.wallpaper.for.galaxy.j2,"  This app is100% bad.DO NOT GET THIS it dose not work NEVER GET THIS APP 
.not leing  ","May 13, 2018",gp:AOqpTOEtI8dGIVCaEasm-GaWUnUmnh7ETOLGC2hvT7icVH-xjcbdz1QZpF_MlfLm-M4y5zpVTU9kYZCgSg6v6oQ,/store/apps/details?id=live.wallpaper.for.galaxy.j2&reviewId=Z3A6QU9xcFRPRXRJOGRHSVZDYUVhc20tR2FXVW5VbW5oN0VUT0xHQzJodlQ3aWNWSC14amNiZHoxUVpwRl9NbGZMbS1NNHk1enBWVFU5a1laQ2dTZzZ2Nm9R,
44,https://lh6.googleusercontent.com/-fzoOsZNn0qY/AAAAAAAAAAI/AAAAAAAAAAA/ACHi3rcsZBcYNf6tQpRs-JBxNAgw80rIXQ/w48-h48-p-rw/photo.jpg, Avi Alin ,4,live.wallpaper.for.galaxy.j2,"  Amazing cool PLEASE DOWNNLOAD, PRANK Its AMZING LIKE IT TO 4 Stars  ","May 5, 2018",gp:AOqpTOG1JUGRn31JnmcJ-zFpmcZtYm2vDA4Abt8M7Sdz4MkTfd1UziYoUyA-R7Xn1Qfu_4gYso2e5Lu9Fjv0jd8,/store/apps/details?id=live.wallpaper.for.galaxy.j2&reviewId=Z3A6QU9xcFRPRzFKVUdSbjMxSm5tY0otekZwbWNadFltMnZEQTRBYnQ4TTdTZHo0TWtUZmQxVXppWW9VeUEtUjdYbjFRZnVfNGdZc28yZTVMdTlGanYwamQ4,
45,https://lh3.googleusercontent.com/a-/AAuE7mCrgjb55FBUM3p3_lJgAaAfTgFxdWvq7h-U-jZq4Q=w48-h48-p-rw, Chesney Easler ,5,live.wallpaper.for.galaxy.j2,"  It is amazing because the baby blue back round and the magic touch omg its 
amazing!😎😎😎☺️☺️😂  ","May 5, 2018",gp:AOqpTOHyAvYzJI0iYJEyAkpgtMq4dH4Gzjx2y-M-cBCIcF4fse4LGSS_XT3-1u0nDH6hqWvPSYwBY8aOS4eWsSk,/store/apps/details?id=live.wallpaper.for.galaxy.j2&reviewId=Z3A6QU9xcFRPSHlBdll6SkkwaVlKRXlBa3BndE1xNGRINEd6angyeS1NLWNCQ0ljRjRmc2U0TEdTU19YVDMtMXUwbkRINmhxV3ZQU1l3Qlk4YU9TNGVXc1Nr,
46,https://lh3.googleusercontent.com/a-/AAuE7mAnKrk7JYwsgpHPXfhhl-Hcw5GwXns7hNq0FCu-=w48-h48-p-rw, Cigi Farmer ,5,live.wallpaper.for.galaxy.j2,"  This is a really good app, you can put any message you want, and EMOJI  ","May 8, 2018",gp:AOqpTOFpCQPOasoogqCch-2NACSUdGYIQIgc_TFkbNIbVtqbsYrpuGfobS7BQDrVQtlgH1KRkB9QzPyE055tu1I,/store/apps/details?id=live.wallpaper.for.galaxy.j2&reviewId=Z3A6QU9xcFRPRnBDUVBPYXNvb2dxQ2NoLTJOQUNTVWRHWUlRSWdjX1RGa2JOSWJWdHFic1lycHVHZm9iUzdCUURyVlF0bGdIMUtSa0I5UXpQeUUwNTV0dTFJ,
47,https://lh3.googleusercontent.com/a-/AAuE7mCJDfdD7sptAy8kb6spfVxzunpw8kqBsRuaqiHi=w48-h48-p-rw, ,5,live.wallpaper.for.galaxy.j2,"  this app is amazing I even use it on my tablet all the time!!! oh and 
please subscribe to happymee2009 on yt  ","May 20, 2018",gp:AOqpTOE0HgC73BcBFW64IMAmLZ3_pR82Xtm_Iw6l2OkIeHSkkQSsgR53tX9OAozJzVRnDWW5UEV9EIzdkzpYfhE,/store/apps/details?id=live.wallpaper.for.galaxy.j2&reviewId=Z3A6QU9xcFRPRTBIZ0M3M0JjQkZXNjRJTUFtTFozX3BSODJYdG1fSXc2bDJPa0llSFNra1FTc2dSNTN0WDlPQW96SnpWUm5EV1c1VUVWOUVJemRrenBZZmhF,
48,https://lh3.googleusercontent.com/a-/AAuE7mClntUbOSV0LQ9tc-kgjlTBMwF8oNOZLtxIzfQ=w48-h48-p-rw, ,5,live.wallpaper.for.galaxy.j2,"  I really like the background they are so cute and only you gat to 
customizer it 😎  ","May 16, 2018",gp:AOqpTOEjz_N6Y0GOdVhmVTDT9Z46aAxbVDGkRoc4pGDDKP986myq84K-Fet5VsEmbUu0saOx-UpUOT-5l35__RM,/store/apps/details?id=live.wallpaper.for.galaxy.j2&reviewId=Z3A6QU9xcFRPRWp6X042WTBHT2RWaG1WVERUOVo0NmFBeGJWREdrUm9jNHBHRERLUDk4Nm15cTg0Sy1GZXQ1VnNFbWJVdTBzYU94LVVwVU9ULTVsMzVfX1JN,
49,https://lh3.googleusercontent.com/a-/AAuE7mAxRK5KqGyOWQD8H3eTBdQRvHcoNi3kXbk5GHOvYQ=w48-h48-p-rw, PizzieHD games ,4,live.wallpaper.for.galaxy.j2,"  It's 💕😍 I love it and all but I don't get why it's not live its just an 
epic wallpaper  ","May 20, 2018",gp:AOqpTOFKf18BoHG5uJlA6cYCuhqyg_2yXF8tYz0GY_IBbAlETOIMEALbAHT-l13avkPbWaQo15DkXrdXJKiB2zw,/store/apps/details?id=live.wallpaper.for.galaxy.j2&reviewId=Z3A6QU9xcFRPRktmMThCb0hHNXVKbEE2Y1lDdWhxeWdfMnlYRjh0WXowR1lfSUJiQWxFVE9JTUVBTGJBSFQtbDEzYXZrUGJXYVFvMTVEa1hyZFhKS2lCMnp3,
50,https://lh3.googleusercontent.com/a-/AAuE7mDPADvdUWRTJHXWDM9cxY0BFJEbvhsqHA8pzvM7Zw=w48-h48-p-rw, ,5,live.wallpaper.for.galaxy.j2,"  I had this app id u want to save the name exit the app and go back to the 
app and your wallpaper there  ","May 18, 2018",gp:AOqpTOHWeJA9nz2-PH5UX5N88ffzvZRbVydXZM9m70x_IR6uDfpm-DCfztRNH4bfTDmtO0m7EB3vBq0npwS8gTo,/store/apps/details?id=live.wallpaper.for.galaxy.j2&reviewId=Z3A6QU9xcFRPSFdlSkE5bnoyLVBINVVYNU44OGZmenZaUmJWeWRYWk05bTcweF9JUjZ1RGZwbS1EQ2Z6dFJOSDRiZlREbXRPMG03RUIzdkJxMG5wd1M4Z1Rv,
51,https://lh5.googleusercontent.com/-LlMZt7dNr3w/AAAAAAAAAAI/AAAAAAAAAAA/LF0r0MF2mCo/w48-h48-p-rw/photo.jpg, ,5,live.wallpaper.for.galaxy.j2,"  I love this app it is me and my frend destiny c and my name is crystal and 
we love this app  ","May 3, 2018",gp:AOqpTOE3q7EF99HRPdMDnqpWbpvfFAVHTSI5fLUFVDCQ1x3_0tZnQa19TaObM-AJFnZZW_7QtmIQOnUaT-VEq_Y,/store/apps/details?id=live.wallpaper.for.galaxy.j2&reviewId=Z3A6QU9xcFRPRTNxN0VGOTlIUlBkTURucXBXYnB2ZkZBVkhUU0k1ZkxVRlZEQ1ExeDNfMHRablFhMTlUYU9iTS1BSkZuWlpXXzdRdG1JUU9uVWFULVZFcV9Z,
52,https://lh3.googleusercontent.com/a-/AAuE7mDJts4-_T6VLih_h0pVSjm-xoLRhyiq7af2zO7hCw=w48-h48-p-rw, Gianna Costello ,5,live.wallpaper.for.galaxy.j2,  Its great the best out of all the ones i tried so far  ,"May 17, 2018",gp:AOqpTOFl28OSwwmGX5_kspQ7iTqC3RRg7etipjfXfykMEwos07h-it0p5aag_XzxXcwZF6KxzHb1u9vMSJUMmtY,/store/apps/details?id=live.wallpaper.for.galaxy.j2&reviewId=Z3A6QU9xcFRPRmwyOE9Td3dtR1g1X2tzcFE3aVRxQzNSUmc3ZXRpcGpmWGZ5a01Fd29zMDdoLWl0MHA1YWFnX1h6eFhjd1pGNkt4ekhiMXU5dk1TSlVNbXRZ,
53,https://lh3.googleusercontent.com/a-/AAuE7mDpndCmK2RXQEATHlkAd0UXSKm9AvxYpXi4v-0S=w48-h48-p-rw, ,5,live.wallpaper.for.galaxy.j2,  I love it you guys need to get This app  ,"May 9, 2018",gp:AOqpTOFhS5Gj5UeaPMPC2VKczZjVRY1yqbqZ8UQ4EUYihxRSagt-ueK5UHUzsUPwhswPeyAEh8M-ws-JiHOeuIY,/store/apps/details?id=live.wallpaper.for.galaxy.j2&reviewId=Z3A6QU9xcFRPRmhTNUdqNVVlYVBNUEMyVktjelpqVlJZMXlxYnFaOFVRNEVVWWloeFJTYWd0LXVlSzVVSFV6c1VQd2hzd1BleUFFaDhNLXdzLUppSE9ldUlZ,
54,https://lh3.googleusercontent.com/a-/AAuE7mDcNk5RxjLcwVzmD41lkRWy-1kT32r8rLFD59iLCw=w48-h48-p-rw, Chaya Cyprys ,5,live.wallpaper.for.galaxy.j2,  THE BEST I CAN MAKE MOVING EMOJIES LIKE WHAT DAH HECK!!!!  ,"May 5, 2018",gp:AOqpTOG3BAH8ps0gXZNXj2DDEUdoPYcW9R-Kugt5AkMuG8zFUC-SvOsyPD4cnoO_97ZUnlMsxJFUDlHSay1_wv0,/store/apps/details?id=live.wallpaper.for.galaxy.j2&reviewId=Z3A6QU9xcFRPRzNCQUg4cHMwZ1haTlhqMkRERVVkb1BZY1c5Ui1LdWd0NUFrTXVHOHpGVUMtU3ZPc3lQRDRjbm9PXzk3WlVubE1zeEpGVURsSFNheTFfd3Yw,
55,https://lh3.googleusercontent.com/a-/AAuE7mDdfsjgTsL__8763NeFdq67zcfPXQQrVuwtYAWSMw=w48-h48-p-rw, Fwuzzy Taco ,5,live.wallpaper.for.galaxy.j2,  Amazing its like the best live wallpaper :)  ,"May 1, 2018",gp:AOqpTOFtbi3icJ1uZCoGUU7v6uISwRF9husvP2Q4EKpSP_UL20WSOqRPDs82H0JLtjSZ68t8F6P_jtYCavv_V7A,/store/apps/details?id=live.wallpaper.for.galaxy.j2&reviewId=Z3A6QU9xcFRPRnRiaTNpY0oxdVpDb0dVVTd2NnVJU3dSRjlodXN2UDJRNEVLcFNQX1VMMjBXU09xUlBEczgySDBKTHRqU1o2OHQ4RjZQX2p0WUNhdnZfVjdB,
56,https://lh3.googleusercontent.com/-LlGeTekscMI/AAAAAAAAAAI/AAAAAAAAAAA/QqVWtN9sSAg/w48-h48-p-rw/photo.jpg, ,5,live.wallpaper.for.galaxy.j2,  This really good I love it they should do more apps because they do great!  ,"May 19, 2018",gp:AOqpTOHbV6vOdcosfyBlEd6EEdizVyb4C0c9tgG2QwqOEkTScqYSUnosh7DDKxPx15NXZVP2EGStAaPZUodGx04,/store/apps/details?id=live.wallpaper.for.galaxy.j2&reviewId=Z3A6QU9xcFRPSGJWNnZPZGNvc2Z5QmxFZDZFRWRpelZ5YjRDMGM5dGdHMlF3cU9Fa1RTY3FZU1Vub3NoN0RES3hQeDE1TlhaVlAyRUdTdEFhUFpVb2RHeDA0,
57,https://lh5.googleusercontent.com/-jJ5qO_0iXOE/AAAAAAAAAAI/AAAAAAAAAAA/ACHi3rdBYXDsYnZ4vGGnSSQHCL2etXsPjQ/w48-h48-p-rw/photo.jpg, Jane Shooter ,5,live.wallpaper.for.galaxy.j2,"  This game is awesome and who ever made this game is awesome #love this game 
to bits xxx  ","May 7, 2018",gp:AOqpTOHDXFpDwVK7XBgyX8IHGiZGDo9sezQ-KZHhpdQhvnCEfedMgLbRp3Gex_Bd1hV_AZbSW21kM2cOSYqG_5Q,/store/apps/details?id=live.wallpaper.for.galaxy.j2&reviewId=Z3A6QU9xcFRPSERYRnBEd1ZLN1hCZ3lYOElIR2laR0RvOXNlelEtS1pIaHBkUWh2bkNFZmVkTWdMYlJwM0dleF9CZDFoVl9BWmJTVzIxa00yY09TWXFHXzVR,
58,https://lh3.googleusercontent.com/a-/AAuE7mB2R0AhZcfTZ1PWmU6b1Jp43ngiucIo6lmJefMT=w48-h48-p-rw, Kristin Nunn ,5,live.wallpaper.for.galaxy.j2,  These wallpapers are soooooo cool I love love love love them  ,"May 2, 2018",gp:AOqpTOEQJEcOyjH-mBKD1J_xfwOBUBu3gCat2ugPdtSCCNtG4Thgs8iRuTe5ZuyjseBUwtyhutpsbEPHH2oHOxA,/store/apps/details?id=live.wallpaper.for.galaxy.j2&reviewId=Z3A6QU9xcFRPRVFKRWNPeWpILW1CS0QxSl94ZndPQlVCdTNnQ2F0MnVnUGR0U0NDTnRHNFRoZ3M4aVJ1VGU1WnV5anNlQlV3dHlodXRwc2JFUEhIMm9IT3hB,
59,https://lh3.googleusercontent.com/a-/AAuE7mBALZ7ntgPP_B5_bG6K7KM7bAExDHHvhEJEANgOmw=w48-h48-p-rw, Sujata Bhagwat ,5,live.wallpaper.for.galaxy.j2,  It's so cool it also work for Android 😘😘😘😘😘  ,"May 2, 2018",gp:AOqpTOEwsbWpI2-nVYS2IzN1ik3EEIwCcFEZMequCu5qkAishCZFmS-yBRueGqxOQuQqxWeuT43x9HQrOeR3iHE,/store/apps/details?id=live.wallpaper.for.galaxy.j2&reviewId=Z3A6QU9xcFRPRXdzYldwSTItblZZUzJJek4xaWszRUVJd0NjRkVaTWVxdUN1NXFrQWlzaENaRm1TLXlCUnVlR3F4T1F1UXF4V2V1VDQzeDlIUXJPZVIzaUhF,
60,https://lh3.googleusercontent.com/-T2AHWA47Ti4/AAAAAAAAAAI/AAAAAAAAAAA/ACHi3reijb9spxIAiWEeVB_h1ylNMb7UWg/w48-h48-p-rw/photo.jpg, Sinead Bantleman ,5,live.wallpaper.for.galaxy.j2,  I think evry one needs to get it  ,"May 12, 2018",gp:AOqpTOFTaNO5FmcNDCZ7n9QePTODqPXzg5UrFRZ3cP1OhqQmu990G5me51wXWQ10Iwe2CMVESzaqaRenWk43Qrs,/store/apps/details?id=live.wallpaper.for.galaxy.j2&reviewId=Z3A6QU9xcFRPRlRhTk81Rm1jTkRDWjduOVFlUFRPRHFQWHpnNVVyRlJaM2NQMU9ocVFtdTk5MEc1bWU1MXdYV1ExMEl3ZTJDTVZFU3phcWFSZW5XazQzUXJz,
61,https://lh5.googleusercontent.com/-1Ltdvo8_SlY/AAAAAAAAAAI/AAAAAAAAAAA/ACHi3rcIIFZ4wcoODAf-z3fJY4QLDTRqqQ/w48-h48-p-rw/photo.jpg, LaTanya Anderson ,5,live.wallpaper.for.galaxy.j2,  I just love when I'm bored I play with it  ,"May 3, 2018",gp:AOqpTOHMH5utRSDHMiGRXVpiIg-LNKLdjXHl9zJC6YXBzzi8Agz8yDdHNWDw6h1RdV0z1wEz8-CEEGDsdTCl-ks,/store/apps/details?id=live.wallpaper.for.galaxy.j2&reviewId=Z3A6QU9xcFRPSE1INXV0UlNESE1pR1JYVnBpSWctTE5LTGRqWEhsOXpKQzZZWEJ6emk4QWd6OHlEZEhOV0R3NmgxUmRWMHoxd0V6OC1DRUVHRHNkVENsLWtz,
62,https://lh3.googleusercontent.com/a-/AAuE7mAcVv-49LWusqvEmCBWSUyZ92sinmI-8bDhwdPW=w48-h48-p-rw, ,1,live.wallpaper.for.galaxy.j2,  Does not even work  ,"May 8, 2018",gp:AOqpTOEbTEvzi1Pqdonhmy0_M0vVhra-uJXFXKKWh_7MiMX5ylqR8FpFBnLGCvvuVA3onXjxhB_NXRTUGgNWbC4,/store/apps/details?id=live.wallpaper.for.galaxy.j2&reviewId=Z3A6QU9xcFRPRWJURXZ6aTFQcWRvbmhteTBfTTB2VmhyYS11SlhGWEtLV2hfN01pTVg1eWxxUjhGcEZCbkxHQ3Z2dVZBM29uWGp4aEJfTlhSVFVHZ05XYkM0,
63,https://lh3.googleusercontent.com/a-/AAuE7mBeTVqxxJrs82Zh_LA2-tl4Z3qn7k27C7buC6Nwqg=w48-h48-p-rw, ,1,live.wallpaper.for.galaxy.j2,  I HATED IT!  ,"May 24, 2018",gp:AOqpTOHMQOrDLk-8nu8Eq8sFBF6KZCtJd8UVhFawWinq6bgIaMx5nLFQod34X7aC2maFAm71G0GCPrn5f43a33c,/store/apps/details?id=live.wallpaper.for.galaxy.j2&reviewId=Z3A6QU9xcFRPSE1RT3JETGstOG51OEVxOHNGQkY2S1pDdEpkOFVWaEZhd1dpbnE2YmdJYU14NW5MRlFvZDM0WDdhQzJtYUZBbTcxRzBHQ1BybjVmNDNhMzNj,
64,https://lh4.googleusercontent.com/-1CYCbCsQNRM/AAAAAAAAAAI/AAAAAAAAAAA/ACHi3rdl3-zSoCSXZ5IO1GfY28WJpek-kA/w48-h48-p-rw/photo.jpg, fong waiwai ,5,live.wallpaper.for.galaxy.j2,  It is super cool and amazing  ,"May 12, 2018",gp:AOqpTOHgkw_pC-Q5tP67VGXfaI9awqel-awYpV42vJ1PtlX0uq__kCkabnVyzSmX4NrTLQKyr-m-gRRKaui8Cpw,/store/apps/details?id=live.wallpaper.for.galaxy.j2&reviewId=Z3A6QU9xcFRPSGdrd19wQy1RNXRQNjdWR1hmYUk5YXdxZWwtYXdZcFY0MnZKMVB0bFgwdXFfX2tDa2FiblZ5elNtWDROclRMUUt5ci1tLWdSUkthdWk4Q3B3,
65,https://lh3.googleusercontent.com/-7--9HF_CVUs/AAAAAAAAAAI/AAAAAAAAAAA/ACHi3re8lWcIa53hf-UC3l9b4iw6f8tYeA/w48-h48-p-rw/photo.jpg, Ronald Gagne ,5,live.wallpaper.for.galaxy.j2,  I love this ap!!!  ,"May 17, 2018",gp:AOqpTOFmKTctDxurgIiRVPlH2F6GuCnipsfaC3uM7dGQrnOt1DGJH3AS4xF-ZXM6vAufR451-z_2YoXSn_iyw2U,/store/apps/details?id=live.wallpaper.for.galaxy.j2&reviewId=Z3A6QU9xcFRPRm1LVGN0RHh1cmdJaVJWUGxIMkY2R3VDbmlwc2ZhQzN1TTdkR1Fybk90MURHSkgzQVM0eEYtWlhNNnZBdWZSNDUxLXpfMllvWFNuX2l5dzJV,
66,https://lh3.googleusercontent.com/a-/AAuE7mAtKDq_ZPXOunhYqBqRoJC7zpc8BWRCqmf8Nf3PGw=w48-h48-p-rw, ,1,live.wallpaper.for.galaxy.j2,  Its VERY FACE  ,"May 15, 2018",gp:AOqpTOH_xng9BeKNIGwdVYMsQGTDlY-x5d3JIrdXOdxZZfZ-82SjO0efMQb7ay_ILq_BtE6a83boLr2NO7PU0xM,/store/apps/details?id=live.wallpaper.for.galaxy.j2&reviewId=Z3A6QU9xcFRPSF94bmc5QmVLTklHd2RWWU1zUUdURGxZLXg1ZDNKSXJkWE9keFpaZlotODJTak8wZWZNUWI3YXlfSUxxX0J0RTZhODNib0xyMk5PN1BVMHhN,
67,https://lh3.googleusercontent.com/a-/AAuE7mCyUYIWQJIK5_OkyGKFKPpsyVqWhmy6n0xojfdy=w48-h48-p-rw, ,1,live.wallpaper.for.galaxy.j2,  Bad not real  ,"May 17, 2018",gp:AOqpTOFTHbP9vGcxUZ3eEJG1_xAfgLB2mH1GfH7JnLjuNnfae53NoqaiCritxDJYtlL4xW_inc5QdTRHhB2ZMZI,/store/apps/details?id=live.wallpaper.for.galaxy.j2&reviewId=Z3A6QU9xcFRPRlRIYlA5dkdjeFVaM2VFSkcxX3hBZmdMQjJtSDFHZkg3Sm5ManVObmZhZTUzTm9xYWlDcml0eERKWXRsTDR4V19pbmM1UWRUUkhoQjJaTVpJ,
68,https://lh4.googleusercontent.com/-CM4vwYwNeXY/AAAAAAAAAAI/AAAAAAAAAAA/ACHi3rcobf6hHzhLS79Mh1ULIiQeN7YXrQ/w48-h48-p-rw/photo.jpg, Jerry Pulley 3 ,5,live.wallpaper.for.galaxy.j2,  It's cool  ,"May 12, 2018",gp:AOqpTOHBG11LB2BmcU3HCnNz7prg0eMTPU9g0SyHi613ko1whSd7EH9OJFwWKzGK7X9xemfMbFpWVTdNT1m1E3M,/store/apps/details?id=live.wallpaper.for.galaxy.j2&reviewId=Z3A6QU9xcFRPSEJHMTFMQjJCbWNVM0hDbk56N3ByZzBlTVRQVTlnMFN5SGk2MTNrbzF3aFNkN0VIOU9KRndXS3pHSzdYOXhlbWZNYkZwV1ZUZE5UMW0xRTNN,
69,https://lh3.googleusercontent.com/a-/AAuE7mBvEq5QseXY4ty4fSKt7S2GOxIofo7iKRFK1EUOdg=w48-h48-p-rw, Cutie Solano ,5,live.wallpaper.for.galaxy.j2,  It so good to use  ,"May 21, 2018",gp:AOqpTOHuY1ak2ACDyBXqSH1doi3sa3mAPDTZ_AqKCPMEax-YbmhzXyXtE7yT6z7iZy6pwZ8ga5u-7DYi5orT9LQ,/store/apps/details?id=live.wallpaper.for.galaxy.j2&reviewId=Z3A6QU9xcFRPSHVZMWFrMkFDRHlCWHFTSDFkb2kzc2EzbUFQRFRaX0FxS0NQTUVheC1ZYm1oelh5WHRFN3lUNno3aVp5NnB3WjhnYTV1LTdEWWk1b3JUOUxR,
70,https://lh4.googleusercontent.com/-wI4zozgLsBU/AAAAAAAAAAI/AAAAAAAAAAA/ACHi3reYnJbPv_WaPFwIAkZxEvv1Z4mdEw/w48-h48-p-rw/photo.jpg, New Queen ,5,live.wallpaper.for.galaxy.j2,  It is amazballs👅😉  ,"May 17, 2018",gp:AOqpTOGKFSxbnaVx50Om7ODrPEvaW26SQRnQ-8AHxz0yK1AXocA_136esuIWkZDkWUPDf4P9mqLokAMqHrWh0DM,/store/apps/details?id=live.wallpaper.for.galaxy.j2&reviewId=Z3A6QU9xcFRPR0tGU3hibmFWeDUwT203T0RyUEV2YVcyNlNRUm5RLThBSHh6MHlLMUFYb2NBXzEzNmVzdUlXa1pEa1dVUERmNFA5bXFMb2tBTXFIcldoMERN,
71,https://lh3.googleusercontent.com/-FOzXSovrC8s/AAAAAAAAAAI/AAAAAAAAAAA/L9zP9OAK8xY/w48-h48-p-rw/photo.jpg, ,5,live.wallpaper.for.galaxy.j2,  It is is so good  ,"May 2, 2018",gp:AOqpTOFeUQVZ4iqMyJW3slUXi6pTM9eUUincgNtvgMK2mDZTB1eE8U2md9ki_-vC54PvFyCRK1FeFPGGe43Uxc0,/store/apps/details?id=live.wallpaper.for.galaxy.j2&reviewId=Z3A6QU9xcFRPRmVVUVZaNGlxTXlKVzNzbFVYaTZwVE05ZVVVaW5jZ050dmdNSzJtRFpUQjFlRThVMm1kOWtpXy12QzU0UHZGeUNSSzFGZUZQR0dlNDNVeGMw,
72,https://lh6.googleusercontent.com/-BOlbiv7EKo0/AAAAAAAAAAI/AAAAAAAAAAA/ACHi3rfH_M_CVoDCZpdQLXveUK3jESOnug/w48-h48-p-rw/photo.jpg, hara habte ,5,live.wallpaper.for.galaxy.j2,  I LOVE IT!!!!!!!!!!!!!!!  ,"May 16, 2018",gp:AOqpTOGdPl56uEepxUdYRmDdD-E7xavnXu4V7gP3oh6POmRIyjCs2SM--kEcSku7wFQfCp67_a-ecEbjOPSbqhw,/store/apps/details?id=live.wallpaper.for.galaxy.j2&reviewId=Z3A6QU9xcFRPR2RQbDU2dUVlcHhVZFlSbURkRC1FN3hhdm5YdTRWN2dQM29oNlBPbVJJeWpDczJTTS0ta0VjU2t1N3dGUWZDcDY3X2EtZWNFYmpPUFNicWh3,
73,https://lh5.googleusercontent.com/-eVD_0vy3p6Y/AAAAAAAAAAI/AAAAAAAAAAA/OIsUhxcqhcM/w48-h48-p-rw/photo.jpg, ,5,live.wallpaper.for.galaxy.j2,  😘 ILove you  ,"May 18, 2018",gp:AOqpTOFjx8vBmf6TAY-ZoypLvXLD4NDHFRIH9qbYZiVhUOLPveWvvBqsRBafKrBCf8SHQSKw78ERyc1kiehOLcU,/store/apps/details?id=live.wallpaper.for.galaxy.j2&reviewId=Z3A6QU9xcFRPRmp4OHZCbWY2VEFZLVpveXBMdlhMRDROREhGUklIOXFiWVppVmhVT0xQdmVXdnZCcXNSQmFmS3JCQ2Y4U0hRU0t3NzhFUnljMWtpZWhPTGNV,
74,https://lh3.googleusercontent.com/a-/AAuE7mAg8YwOAUOL2v4Csw2x6bK_esnylKyhoQSQsM6IDA=w48-h48-p-rw, ,5,live.wallpaper.for.galaxy.j2,  I love it  ,"May 6, 2018",gp:AOqpTOFBL72Zj2g8dy9vlQOvEqKmz97CqWUUd955jLGwtYc4GKIpgnRNRmix4hzR4pzPLCTm7KGDGKubxNClYSM,/store/apps/details?id=live.wallpaper.for.galaxy.j2&reviewId=Z3A6QU9xcFRPRkJMNzJaajJnOGR5OXZsUU92RXFLbXo5N0NxV1VVZDk1NWpMR3d0WWM0R0tJcGduUk5SbWl4NGh6UjRwelBMQ1RtN0tHREdLdWJ4TkNsWVNN,
75,https://lh3.googleusercontent.com/a-/AAuE7mAKQ0SH3GKYVHPU7qAhH1R_nj-JcV0DVgRN5Mrt=w48-h48-p-rw, ,5,live.wallpaper.for.galaxy.j2,  Really good  ,"May 2, 2018",gp:AOqpTOEdCopE-9Ly2oWg25fUskGAAkaRDveEZvLDaRxFwxUSbKLx8JLyrnYHIFMDGnQPF8pjmJWNPQF8Y0EZqz4,/store/apps/details?id=live.wallpaper.for.galaxy.j2&reviewId=Z3A6QU9xcFRPRWRDb3BFLTlMeTJvV2cyNWZVc2tHQUFrYVJEdmVFWnZMRGFSeEZ3eFVTYktMeDhKTHlybllISUZNREduUVBGOHBqbUpXTlBRRjhZMEVacXo0,
76,https://lh6.googleusercontent.com/-wc4kIdkVqAM/AAAAAAAAAAI/AAAAAAAAAAA/h_DaCk1PI1s/w48-h48-p-rw/photo.jpg, ,1,live.wallpaper.for.galaxy.j2,  this app is stupid  ,"May 6, 2018",gp:AOqpTOFnwOKGw6pAjC_Lya2woC47jSjA_hZH5yffKiCdVBtcRd_etk0osLjNwLTj2qI6imqDpQedQUFXeR8rE50,/store/apps/details?id=live.wallpaper.for.galaxy.j2&reviewId=Z3A6QU9xcFRPRm53T0tHdzZwQWpDX0x5YTJ3b0M0N2pTakFfaFpINXlmZktpQ2RWQnRjUmRfZXRrMG9zTGpOd0xUajJxSTZpbXFEcFFlZFFVRlhlUjhyRTUw,
77,https://lh3.googleusercontent.com/--YHg7hdq2ik/AAAAAAAAAAI/AAAAAAAAAAA/82Jc0eGk7Mw/w48-h48-p-rw/photo.jpg, ,5,live.wallpaper.for.galaxy.j2,  Love it sooo much  ,"May 1, 2018",gp:AOqpTOEHUet8nt3moPcBRUnOYowOxErgVIqpn_oQvo8oTeAk95dQdJcpq0S1dL4j6UA0VR6ply9lqz24-3CGF5Q,/store/apps/details?id=live.wallpaper.for.galaxy.j2&reviewId=Z3A6QU9xcFRPRUhVZXQ4bnQzbW9QY0JSVW5PWW93T3hFcmdWSXFwbl9vUXZvOG9UZUFrOTVkUWRKY3BxMFMxZEw0ajZVQTBWUjZwbHk5bHF6MjQtM0NHRjVR,
78,https://lh3.googleusercontent.com/a-/AAuE7mAPBO5Ug-fa3JcoOVpBQYyNsLyZKLGDm_CB24qrbg=w48-h48-p-rw, Mariand Rosas ,5,live.wallpaper.for.galaxy.j2,  Galaxy  ,"May 3, 2018",gp:AOqpTOEsrivV983EHxO27f0qJwwIiDA1zTtj6CRLGn6hpwLRZedrPWSJpEf14cLnVXGlGpNVoY86iiAxfdHn_B4,/store/apps/details?id=live.wallpaper.for.galaxy.j2&reviewId=Z3A6QU9xcFRPRXNyaXZWOTgzRUh4TzI3ZjBxSnd3SWlEQTF6VHRqNkNSTEduNmhwd0xSWmVkclBXU0pwRWYxNGNMblZYR2xHcE5Wb1k4NmlpQXhmZEhuX0I0,
79,https://lh5.googleusercontent.com/-gWk00uZFeOM/AAAAAAAAAAI/AAAAAAAAAAA/dTiMRgkb4LE/w48-h48-p-rw/photo.jpg, ,5,live.wallpaper.for.galaxy.j2,  TAOTALY AWESOME!!!!!!!!!!!!!!!!!!!!!!!!!!!!!!!!!!!!!!!!!!!  ,"May 3, 2018",gp:AOqpTOFuMlDBTZTGUnFjYSGI-2OR59T2E7-raCL3aeRVluqeYvLtyC2Op8uIsQbnLTdmvC8Ur8qu61FQ8wMQAXM,/store/apps/details?id=live.wallpaper.for.galaxy.j2&reviewId=Z3A6QU9xcFRPRnVNbERCVFpUR1VuRmpZU0dJLTJPUjU5VDJFNy1yYUNMM2FlUlZsdXFlWXZMdHlDMk9wOHVJc1FibkxUZG12QzhVcjhxdTYxRlE4d01RQVhN,
