,author_image,author_name,current_rating,rev_app_id,review_body,review_date,review_id,review_permalink,review_title
0,https://lh3.googleusercontent.com/a-/AAuE7mCxn09M7VqksQB51xj0QzP5Do560-okgzvatSKgCg=w48-h48-p-rw, ,4,net.difer.weather,"  Almost great. Would be nice if: 1. the widgets font for date and location was bigger. 2. if there was an option to change the forecast screen pic, or a solid color (black) at least. 3. the colored thick bar at the bottom of forecast screen was gone, or maybe get some usefullness , like back button, switch to 2nd location... etc.  ","December 29, 2018",gp:AOqpTOH4QTaCgml0TXkDtBMLiCHj3pDcZGQYe60sO-NjdZT0hAFguvOPntMFSDW5jTdRd4lKvmHE0WlQ15eh4g,/store/apps/details?id=net.difer.weather&reviewId=Z3A6QU9xcFRPSDRRVGFDZ21sMFRYa0R0Qk1MaUNIajNwRGNaR1FZZTYwc08tTmpkWlQwaEFGZ3V2T1BudE1GU0RXNWpUZFJkNGxLdm1IRTBXbFExNWVoNGc,
1,https://lh3.googleusercontent.com/-qB76Ricq3ss/AAAAAAAAAAI/AAAAAAAAAAA/ACHi3rcY-r-z0rjP3gjZYyeo70BVSOMOlA/w48-h48-p-rw/photo.jpg, mr man ,5,net.difer.weather,  Clear widgets. nice big thick graphics. seems accurate. makes any phone look expensive and lovely. I prefer it to the bloatware that came with my Samsung note 8.  ,"December 25, 2018",gp:AOqpTOF0ccHkbjG0PY-R4KL2cxpqjEv7zkh8Vlv77REoC11Vc1KusVSWO_EyhSIIbnpuQGR6nr6SG_1EIZLsSw,/store/apps/details?id=net.difer.weather&reviewId=Z3A6QU9xcFRPRjBjY0hrYmpHMFBZLVI0S0wyY3hwcWpFdjd6a2g4Vmx2NzdSRW9DMTFWYzFLdXNWU1dPX0V5aFNJSWJucHVRR1I2bnI2U0dfMUVJWkxzU3c,
2,https://lh3.googleusercontent.com/a-/AAuE7mDSzu9GOSP6pr0dZeBQtHumL1ehdepAxfnUdYMpNQ=w48-h48-p-rw, Vivian Arencibia ,4,net.difer.weather,"  easy to use, i have a new pixel 3 and so far the only thing not working better than any phone i have ever had is weather widgit. so i downlo this one and so far it works great!!  ","January 6, 2019",gp:AOqpTOFegfVpjTbC1HJKlw79zGKs0KUCrTnKkIsXRyeICpduYBBNH5d4vpVgAxlqGn9404AxnyUoGkC3j2gvXw,/store/apps/details?id=net.difer.weather&reviewId=Z3A6QU9xcFRPRmVnZlZwalRiQzFISktsdzc5ekdLczBLVUNyVG5La0lzWFJ5ZUlDcGR1WUJCTkg1ZDR2cFZnQXhscUduOTQwNEF4bnlVb0drQzNqMmd2WHc,
3,https://lh3.googleusercontent.com/a-/AAuE7mB-bQmG1bngsruIzaUW04Q1uJQoT6Jj3ImchTca=w48-h48-p-rw, ,4,net.difer.weather,  App could have provided more information like real feel temperature or when it's going to rain. Provided information is a bit fuzzy on that. Also wish I can turn off daily notifications.  ,"January 8, 2019",gp:AOqpTOHmQRYCX6427JdDM-JCqM-hsXG8HVYjD_i-h9hUr4eqDKcAzcFSRxRLSvlTOLVo2LvCLcnSBdPL_tPR9w,/store/apps/details?id=net.difer.weather&reviewId=Z3A6QU9xcFRPSG1RUllDWDY0MjdKZERNLUpDcU0taHNYRzhIVllqRF9pLWg5aFVyNGVxREtjQXpjRlNSeFJMU3ZsVE9MVm8yTHZDTGNuU0JkUExfdFBSOXc,
4,https://lh3.googleusercontent.com/a-/AAuE7mDzNbGEpMElTnwqNXY3B2NXQUcbfsDoHfbfMVRlgQ=w48-h48-p-rw, Ronnie Jenkins ,5,net.difer.weather,  Best weather app ever. It is so handy. It syncs weather updates timely and makes correct weather predictions. I am completely satisfied with it. No annoying ads. Thanks developers  ,"December 18, 2018",gp:AOqpTOE-Lx95NS0cj08gsG91c3sFSWDhFiYTJWV4S5pBtngmUDWIHMdbZTg3AXsoXJXG-571hT4dISu1YpLwWg,/store/apps/details?id=net.difer.weather&reviewId=Z3A6QU9xcFRPRS1MeDk1TlMwY2owOGdzRzkxYzNzRlNXRGhGaVlUSldWNFM1cEJ0bmdtVURXSUhNZGJaVGczQVhzb1hKWEctNTcxaFQ0ZElTdTFZcEx3V2c,
5,https://lh3.googleusercontent.com/a-/AAuE7mD4VmSsGEb9D8zp5TWhtfcZbNHlRj6qWFwytG5ybQ=w48-h48-p-rw, MAJIK HANDZ ,5,net.difer.weather,"  Excellent 5 plus. No Advertising, No Unnecessary Permissions. Should be Rated #1 but they don't have the Advertising Lobbyists Pushing it.  ","January 25, 2019",gp:AOqpTOHvyCYcSAQlyzJ2NlqSrBZ-htOhxCg78D7Q6_3JspWuc2xeDQ7piNsH2TPaT9UDKKB-EX1K6hg5t4IjBg,/store/apps/details?id=net.difer.weather&reviewId=Z3A6QU9xcFRPSHZ5Q1ljU0FRbHl6SjJObHFTckJaLWh0T2h4Q2c3OEQ3UTZfM0pzcFd1YzJ4ZURRN3BpTnNIMlRQYVQ5VURLS0ItRVgxSzZoZzV0NElqQmc,
6,https://lh5.googleusercontent.com/-Z5WJ-iI93HE/AAAAAAAAAAI/AAAAAAAAAAA/3U7ra3I7iu4/w48-h48-p-rw/photo.jpg, ,1,net.difer.weather,"  warning! latest version (0.8.48 139} adds undocumented proxy server that lets other people use your network! settings, ""share network resources with oxylabs"", and that is on by default! DO NOT INSTALL OR UPDATE TO 0.8.48! ! ! !  ","February 4, 2019",gp:AOqpTOHC4yjMrx9NwbReNgypGCluFkWE8lB6o1lXfEwAaO5vt3dWLT1Fdu0kVMV6P2Jqsp19p95YsdJ7U2jQeg,/store/apps/details?id=net.difer.weather&reviewId=Z3A6QU9xcFRPSEM0eWpNcng5TndiUmVOZ3lwR0NsdUZrV0U4bEI2bzFsWGZFd0FhTzV2dDNkV0xUMUZkdTBrVk1WNlAySnFzcDE5cDk1WXNkSjdVMmpRZWc,
7,https://lh3.googleusercontent.com/a-/AAuE7mA9WQ2JkP_hiakBuXC8KDWMAV7z5OZ69DuGDbzI=w48-h48-p-rw, Chuck Thomas ,5,net.difer.weather,  Tried them all. This weather app has the best widget for my new OnePlus 6T. Clicking on it shows hourly temperatures for a couple days.  ,"December 21, 2018",gp:AOqpTOEP4ch5hxxf02S0iRvGUubGwo1z5pyskAUlMfAq-K1rFZrjDyBQJLP_WH1fsfNY0KF9Cms8GQd8nq-E0Q,/store/apps/details?id=net.difer.weather&reviewId=Z3A6QU9xcFRPRVA0Y2g1aHh4ZjAyUzBpUnZHVXViR3dvMXo1cHlza0FVbE1mQXEtSzFyRlpyakR5QlFKTFBfV0gxZnNmTlkwS0Y5Q21zOEdRZDhucS1FMFE,
8,https://lh3.googleusercontent.com/a-/AAuE7mB3MPCpTnx09IE2spSIPdWsM7iPB22DxkaJpob7=w48-h48-p-rw, Charmaine Pringle ,4,net.difer.weather,  Great. clean and no ads. The only disadvantage is that it forecasts 3 days only.  ,"December 27, 2018",gp:AOqpTOEmXt8q0pIyytLAx6W87s3lMMxNyeuOPTmUddOhaVY3LBG67oMkMWzd80FD33z7NmGMYaB-uOhyqZ-dQQ,/store/apps/details?id=net.difer.weather&reviewId=Z3A6QU9xcFRPRW1YdDhxMHBJeXl0TEF4Nlc4N3MzbE1NeE55ZXVPUFRtVWRkT2hhVlkzTEJHNjdvTWtNV3pkODBGRDMzejdObUdNWWFCLXVPaHlxWi1kUVE,
9,https://lh3.googleusercontent.com/a-/AAuE7mDurT1rYgkaseHj3rOXHu-5QEoURku1KtkMg56L9w=w48-h48-p-rw, Paul Melford ,5,net.difer.weather,  very cool app bud. i must say this weather app is the best. it has no ads real easy to use u can customize it and its designed is great. a must have app you won't be disappointed... very smart app AAA+++  ,"January 8, 2019",gp:AOqpTOEnf0N8oVMylklDUHGkqm7X418BKLDzJH49BepMfE-u7yKbS8RN5n_-cTjijIKxaV8e7U0Ya7V9KUlhRw,/store/apps/details?id=net.difer.weather&reviewId=Z3A6QU9xcFRPRW5mME44b1ZNeWxrbERVSEdrcW03WDQxOEJLTER6Skg0OUJlcE1mRS11N3lLYlM4Uk41bl8tY1RqaWpJS3hhVjhlN1UwWWE3VjlLVWxoUnc,
10,https://lh6.googleusercontent.com/-bfBvfGvMgfc/AAAAAAAAAAI/AAAAAAAAAAA/ClCi5Cxf-jo/w48-h48-p-rw/photo.jpg, ,3,net.difer.weather,"  This app is OK but the container is far too big, unnecessarily so, so there is a huge waste of space on the home screen.  ","January 20, 2019",gp:AOqpTOFhsKzYknlQkA0oP0QhlHHPAT3nNIvo_CENhHHGRta4HF2-MEMB5Y2W5tfa0kFGklN3uKlaFD6YQ4rNGA,/store/apps/details?id=net.difer.weather&reviewId=Z3A6QU9xcFRPRmhzS3pZa25sUWtBMG9QMFFobEhIUEFUM25OSXZvX0NFTmhISEdSdGE0SEYyLU1FTUI1WTJXNXRmYTBrRkdrbE4zdUtsYUZENllRNHJOR0E,
11,https://lh6.googleusercontent.com/-Q5oBA3uI8Ic/AAAAAAAAAAI/AAAAAAAAAAA/ACHi3rfliXtFoWDusKMaozt6ncwOdTCqZw/w48-h48-p-rw/photo.jpg, Marcie Castello ,1,net.difer.weather,"  Maybe it's ME, but it's been impossible to switch my location as well as the format. Have only opened it twice, and am ready to uninstall!!7  ","January 8, 2019",gp:AOqpTOGtjMCNuBrv3D6bXuZOuQmTQh7PXvXearNmOd4NBw4riI7z4e9pePFtCFGQI1iHOCskhkJC_msi04vM4g,/store/apps/details?id=net.difer.weather&reviewId=Z3A6QU9xcFRPR3RqTUNOdUJydjNENmJYdVpPdVFtVFFoN1BYdlhlYXJObU9kNE5CdzRyaUk3ejRlOXBlUEZ0Q0ZHUUkxaUhPQ3NraGtKQ19tc2kwNHZNNGc,
12,https://lh3.googleusercontent.com/--PAsmqZHStg/AAAAAAAAAAI/AAAAAAAAAAA/MKdz429Epts/w48-h48-p-rw/photo.jpg, ,2,net.difer.weather,  I like the look of this widget and i see the potential. but it doesn't display properly on Huawei P20pro. fonts are wonky and fields cross post data.  ,"January 17, 2019",gp:AOqpTOEKYuR2svv-pyUFzj3nZ3TY6HwxdMBZth5ETvz5rDyXSLxwjz5rhCRmUIl3OHHH_c_r8o4rYBRlm0sJew,/store/apps/details?id=net.difer.weather&reviewId=Z3A6QU9xcFRPRUtZdVIyc3Z2LXB5VUZ6ajNuWjNUWTZId3hkTUJadGg1RVR2ejVyRHlYU0x4d2p6NXJoQ1JtVUlsM09ISEhfY19yOG80cllCUmxtMHNKZXc,
13,https://lh3.googleusercontent.com/a-/AAuE7mBfeauz_WMDkak5TPDoey8az_ALxzEUhn9bxl0Q9A=w48-h48-p-rw, Sov Reign ,5,net.difer.weather,"  Awesome app, really useful, simple and beautiful widget and accurate weather predictions. The hourly split is really useful to understand what the weather will be in each part of the day - a must have if you plan on going out!  ","December 29, 2018",gp:AOqpTOFECYOAap2oPE788j4EbFsvkOT5DVav2kd169D2gQNf1E7Abh6aui-vOV3mO03Y-iQ7KyXeULKf7U4Q2g,/store/apps/details?id=net.difer.weather&reviewId=Z3A6QU9xcFRPRkVDWU9BYXAyb1BFNzg4ajRFYkZzdmtPVDVEVmF2MmtkMTY5RDJnUU5mMUU3QWJoNmF1aS12T1YzbU8wM1ktaVE3S3lYZVVMS2Y3VTRRMmc,
14,https://lh3.googleusercontent.com/a-/AAuE7mDce6HLQe6ZW5xPuBpSXoBHZsDpOEbmfvz23c-8=w48-h48-p-rw, Keaton Webster ,5,net.difer.weather,  Non intrusive weather app for my home screen. Doesn't block my wall paper. No ads. No issues. Just works. Great app.  ,"December 8, 2018",gp:AOqpTOHQ2wYnDx4WhkHqyUtKRyItJvirLDNoda1U1TNEF7Trjsc0meBO9tJNaYdT5JpdP0KQoc7TpxsFYZ_pDg,/store/apps/details?id=net.difer.weather&reviewId=Z3A6QU9xcFRPSFEyd1luRHg0V2hrSHF5VXRLUnlJdEp2aXJMRE5vZGExVTFUTkVGN1RyanNjMG1lQk85dEpOYVlkVDVKcGRQMEtRb2M3VHB4c0ZZWl9wRGc,
15,https://lh3.googleusercontent.com/a-/AAuE7mAqMkMgWy2QmXOWlbGw7IuB2BElCHVm8p5HOl2tEQ=w48-h48-p-rw, Maris Whetstone ,5,net.difer.weather,"  Nice looking, but the weather isn't quite accurate. No option to select a different weather provider.  ","January 22, 2019",gp:AOqpTOF4uhJ5AL03jZG2wvIzjZaIQi7eGrhXDWb7E9EBYEFa4iIOGVCpEnncKFWHX109TOvRJ0CmRWdALWkufQ,/store/apps/details?id=net.difer.weather&reviewId=Z3A6QU9xcFRPRjR1aEo1QUwwM2paRzJ3dkl6alphSVFpN2VHcmhYRFdiN0U5RUJZRUZhNGlJT0dWQ3BFbm5jS0ZXSFgxMDlUT3ZSSjBDbVJXZEFMV2t1ZlE,
16,https://lh3.googleusercontent.com/a-/AAuE7mCWKRw9CaZmVgkJ0vtmNo0X8iyGOfFELvd0-4Ed=w48-h48-p-rw, Mary Lynne Lawrence ,2,net.difer.weather,  allows you to pick up background but it won't show. Limited functionality. Not impressed  ,"January 18, 2019",gp:AOqpTOHNf486m0eZYk_YU0suk2fRttCmCFqJ7hDMZpklRhmmHcWlLC0GJpnEP7O5adULN86-07i_o8qW4szeDg,/store/apps/details?id=net.difer.weather&reviewId=Z3A6QU9xcFRPSE5mNDg2bTBlWllrX1lVMHN1azJmUnR0Q21DRnFKN2hETVpwa2xSaG1tSGNXbExDMEdKcG5FUDdPNWFkVUxOODYtMDdpX284cVc0c3plRGc,
17,https://lh3.googleusercontent.com/a-/AAuE7mCpYCi1MBcdYTHtqTq_aA1Q83w-ia4dvsZuYEuPoA=w48-h48-p-rw, ,5,net.difer.weather,  it shows the temp on the notification bar! all i could ask for in the unpredictable weather of Canada!  ,"February 7, 2019",gp:AOqpTOEEZZqL3sXsyKpG43qvNGzLN-4FE9r4rftqq7WY2X35yxCHGYezRNRiI1qyKAInM2ZLuWIltfWsuV9W-g,/store/apps/details?id=net.difer.weather&reviewId=Z3A6QU9xcFRPRUVaWnFMM3NYc3lLcEc0M3F2Tkd6TE4tNEZFOXI0cmZ0cXE3V1kyWDM1eXhDSEdZZXpSTlJpSTFxeUtBSW5NMlpMdVdJbHRmV3N1VjlXLWc,
18,https://lh3.googleusercontent.com/a-/AAuE7mCsSZEvFuK0JcN_f9P8_0RZ6te4J9ehXereIC3KZAA=w48-h48-p-rw, Pattyj Goodrich ,1,net.difer.weather,"  horrible liers it doesn't change anything but green and ya can't use your own photo it doesn't work ,  ","December 18, 2018",gp:AOqpTOEPlH49L3Xlr5utU5NTnkAV8xb9qsxobefndrF9kqP0THQ_cDiqoR-UutqHIXCavieP1aIlesmrzP0iLQ,/store/apps/details?id=net.difer.weather&reviewId=Z3A6QU9xcFRPRVBsSDQ5TDNYbHI1dXRVNU5UbmtBVjh4Yjlxc3hvYmVmbmRyRjlrcVAwVEhRX2NEaXFvUi1VdXRxSElYQ2F2aWVQMWFJbGVzbXJ6UDBpTFE,
19,https://lh3.googleusercontent.com/a-/AAuE7mBZIcM0Hmep9EIMpSx8fP0hUg18F3Kn06lqomQf7I4=w48-h48-p-rw, Silas Read ,5,net.difer.weather,  Simple and effective. Just what I needed!  ,"December 8, 2018",gp:AOqpTOHkG7xUqEJpN01tASbblUcc8MUGm6z1zW_Q3SUF4WhuQJ7H118LusdHvdO6Nv_p7vNlC2Qay9uRWJ25qA,/store/apps/details?id=net.difer.weather&reviewId=Z3A6QU9xcFRPSGtHN3hVcUVKcE4wMXRBU2JibFVjYzhNVUdtNnoxeldfUTNTVUY0V2h1UUo3SDExOEx1c2RIdmRPNk52X3A3dk5sQzJRYXk5dVJXSjI1cUE,
20,https://lh3.googleusercontent.com/-55AOPWnKDWY/AAAAAAAAAAI/AAAAAAAAAAA/ACHi3regE-TK3TrknhF_uVIAZ9qcA3Df9g/w48-h48-p-rw/photo.jpg, Phạm Hồng Minh ,4,net.difer.weather,"  Satisfied. Would be 6 stars if the hourly forecast is swipe-able horizontal to make the app not a wall of text, and horizontal swipe to switch between saved location.  ","January 24, 2019",gp:AOqpTOEgYz9SihHTQF6mlERWmPtU4bkpGU-j8E92-A8SLejf6YGVNaIK5oBNTBJRTQJRVA_6Hy4zgs6e8a1zyw,/store/apps/details?id=net.difer.weather&reviewId=Z3A6QU9xcFRPRWdZejlTaWhIVFFGNm1sRVJXbVB0VTRia3BHVS1qOEU5Mi1BOFNMZWpmNllHVk5hSUs1b0JOVEJKUlRRSlJWQV82SHk0emdzNmU4YTF6eXc,
21,https://lh3.googleusercontent.com/a-/AAuE7mAwpjxly1qb7Dl8qrj3GjHmu1Fpyw6LHLRuumHObQ=w48-h48-p-rw, Paul Arthur ,2,net.difer.weather,  This app provides most of what I need except for wind chill factor. Also it seems battery hungry constantly looking for Bluetooth connectivity why is that?  ,"January 15, 2019",gp:AOqpTOG4_8JFMB2kwvzyh2War811XOo6LVaMLj_6uAIw92SV9Vl1SKn83ijsKyUQVJt9aGM7817fsI_WPEXy0A,/store/apps/details?id=net.difer.weather&reviewId=Z3A6QU9xcFRPRzRfOEpGTUIya3d2enloMldhcjgxMVhPbzZMVmFNTGpfNnVBSXc5MlNWOVZsMVNLbjgzaWpzS3lVUVZKdDlhR003ODE3ZnNJX1dQRVh5MEE,
22,https://lh3.googleusercontent.com/a-/AAuE7mCY2EoZbc-EJz6USwBTgjhsAoMsSffFuovaT5Xe=w48-h48-p-rw, ryendo brandobo ,5,net.difer.weather,"  This is the weather app to have right here. its sleek, simple & sophisticated with widgets. You will be at home with your weather news plentiful after downloading this one.  ","January 25, 2019",gp:AOqpTOEiDLYv2oXHdBKGXyXDm9TSxUl3phK2g6HsP-_2meVWHSrJswAtAq2vxNZJiJxJqVKZ3GEjUOh2Dmm93g,/store/apps/details?id=net.difer.weather&reviewId=Z3A6QU9xcFRPRWlETFl2Mm9YSGRCS0dYeVhEbTlUU3hVbDNwaEsyZzZIc1AtXzJtZVZXSFNySnN3QXRBcTJ2eE5aSmlKeEpxVktaM0dFalVPaDJEbW05M2c,
23,https://lh3.googleusercontent.com/a-/AAuE7mCp0Px_i4OmSZuDqyvJ_JcdEUYUrRx1ee5oWR-WzA=w48-h48-p-rw, Slava Koyfman ,5,net.difer.weather,"  Simple, looks good, and gets out of your way when you don't need it. Fantastic!  ","December 17, 2018",gp:AOqpTOHTbd_XmHh7F0afbRZ1O5WwGouRjXcbv6bKtCHtvxdvYG4ALpsnSFUik1llzoX9UtO994OQtYrXi2k61A,/store/apps/details?id=net.difer.weather&reviewId=Z3A6QU9xcFRPSFRiZF9YbUhoN0YwYWZiUloxTzVXd0dvdVJqWGNidjZiS3RDSHR2eGR2WUc0QUxwc25TRlVpazFsbHpvWDlVdE85OTRPUXRZclhpMms2MUE,
24,https://lh3.googleusercontent.com/a-/AAuE7mCRhKxSckF-2bF5ZnfYSZv7NorKqb8ew2-pHbk=w48-h48-p-rw, Gandi Adi Kusuma ,3,net.difer.weather,"  its good, the widget also have a nice look...but sometimes its make a warning, ""...draining battery"" so i must force stop it  ","January 25, 2019",gp:AOqpTOEr7RyKDKl4ELTm_2SbEkadwUGwJdH7k4zVoMIAMpeUbAsjrBenJRv_58nvCCUiAbW0IgYhCz-oy95PUQ,/store/apps/details?id=net.difer.weather&reviewId=Z3A6QU9xcFRPRXI3UnlLREtsNEVMVG1fMlNiRWthZHdVR3dKZEg3azR6Vm9NSUFNcGVVYkFzanJCZW5KUnZfNThudkNDVWlBYlcwSWdZaEN6LW95OTVQVVE,
25,https://lh3.googleusercontent.com/a-/AAuE7mA8t_M6HSfrbaFjbLE-mbowZf6fro6RPiyzDHD1Ng=w48-h48-p-rw, ,5,net.difer.weather,  I really like it and it's easy to use  ,"December 8, 2018",gp:AOqpTOFW3eSCYMzPefGmgMW7GiwKD3K_8dNeE9if1Hg4bgsTozieYHlXBfceh6zkEwa6cV6tjGmmXHItaBV7hQ,/store/apps/details?id=net.difer.weather&reviewId=Z3A6QU9xcFRPRlczZVNDWU16UGVmR21nTVc3R2l3S0QzS184ZE5lRTlpZjFIZzRiZ3NUb3ppZVlIbFhCZmNlaDZ6a0V3YTZjVjZ0akdtbVhISXRhQlY3aFE,
26,https://lh3.googleusercontent.com/a-/AAuE7mDu5MZUSK2YJzx__c3ayAXChoX9pcfgJBJUx7EO0w=w48-h48-p-rw, ,5,net.difer.weather,"  Great app, simple, elegant and powerful. No ads or push to buy premium version. five stars  ","January 19, 2019",gp:AOqpTOGnE6osQKW8DIWMRKCkBrMHekiVh1LA-6JlG8hM5qRvVzbGjm5Sm6g2V-b-1rEigm1SdEeXaOiXXnnjdA,/store/apps/details?id=net.difer.weather&reviewId=Z3A6QU9xcFRPR25FNm9zUUtXOERJV01SS0NrQnJNSGVraVZoMUxBLTZKbEc4aE01cVJ2VnpiR2ptNVNtNmcyVi1iLTFyRWlnbTFTZEVlWGFPaVhYbm5qZEE,
27,https://lh5.googleusercontent.com/-FIxx3J-S1Zg/AAAAAAAAAAI/AAAAAAAAAAA/ACHi3rehCR4ni9SQ090VHAA7Ww5lsE8AMQ/w48-h48-p-rw/photo.jpg, ron woodruff ,4,net.difer.weather,  stoped giving weekly forcasts after first month  ,"January 25, 2019",gp:AOqpTOEEMvALgf04eBkmlYD6QktrkTszK2o3rWr6gaacTsNks1kzW4ZCqs_7rriQyaYkGcFSdmjKFxWg1N2GWw,/store/apps/details?id=net.difer.weather&reviewId=Z3A6QU9xcFRPRUVNdkFMZ2YwNGVCa21sWUQ2UWt0cmtUc3pLMm8zcldyNmdhYWNUc05rczFrelc0WkNxc183cnJpUXlhWWtHY0ZTZG1qS0Z4V2cxTjJHV3c,
28,https://lh4.googleusercontent.com/-PCH-YRqjxZg/AAAAAAAAAAI/AAAAAAAAAAA/ACHi3rcsJURN2qfZ0RG_wbyz2yzuqE6UZQ/w48-h48-p-rw/photo.jpg, Tam A ,5,net.difer.weather,  Should add quantity of rain / snow fallen !  ,"January 18, 2019",gp:AOqpTOEqvLZIK88gUn4pUQ8Amu_pSt_lFlFKeVR4JpXlV0PM0a2UK0hj2W5qu_wgbx0qkkHT8YxL_6zJ0X0J4w,/store/apps/details?id=net.difer.weather&reviewId=Z3A6QU9xcFRPRXF2TFpJSzg4Z1VuNHBVUThBbXVfcFN0X2xGbEZLZVZSNEpwWGxWMFBNMGEyVUswaGoyVzVxdV93Z2J4MHFra0hUOFl4TF82ekowWDBKNHc,
29,https://lh3.googleusercontent.com/-FBbEmruTG-w/AAAAAAAAAAI/AAAAAAAAAAA/ucxcPdJE7iA/w48-h48-p-rw/photo.jpg, ,4,net.difer.weather,  i like the app. What is keeping me from using it exclusively is the lack of multiple locations. Did I overlook this feature or is it somrhing that might be forthcoming?  ,"January 7, 2019",gp:AOqpTOECXBvupY2VzjcRtEkuRJNQAqHHutqOV8wKQTkku0bX8As057BruYn0DL-9GASpR27M1vciMKYI392eCA,/store/apps/details?id=net.difer.weather&reviewId=Z3A6QU9xcFRPRUNYQnZ1cFkyVnpqY1J0RWt1UkpOUUFxSEh1dHFPVjh3S1FUa2t1MGJYOEFzMDU3QnJ1WW4wREwtOUdBU3BSMjdNMXZjaU1LWUkzOTJlQ0E,
30,https://lh3.googleusercontent.com/a-/AAuE7mDAiKhoz9GHyI6Vu8wGvS9F2GCon4Wo2jvcALW0fYI=w48-h48-p-rw, John van Gurp ,3,net.difer.weather,"  While it's a beautiful app, the temperature is wildly inaccurate for my location, and for this reason I will uninstall it.  ","December 14, 2018",gp:AOqpTOGPqTLaOR1AgJVf1nCrWeRJ7EB7tUVnpWscaXXnI3bjLW_febFuID-HqJnABGugZzbIUGXfpRr7x0uLAQ,/store/apps/details?id=net.difer.weather&reviewId=Z3A6QU9xcFRPR1BxVExhT1IxQWdKVmYxbkNyV2VSSjdFQjd0VVZucFdzY2FYWG5JM2JqTFdfZmViRnVJRC1IcUpuQUJHdWdaemJJVUdYZnBScjd4MHVMQVE,
31,https://lh3.googleusercontent.com/a-/AAuE7mDboGUT3XI2vWnXdn-0lvyN5TaK_4XdxpO3V6u0RA=w48-h48-p-rw, michael leach ,5,net.difer.weather,"  No ads, does everything I need it to do  ","December 8, 2018",gp:AOqpTOEwvCxzqp2QTFimTZHY19GSGCd9WE7ffXg97Vd9glOSKGHu6Sd7LLhbwPb7by9FTNQWu8IZZ3uGRAIIDA,/store/apps/details?id=net.difer.weather&reviewId=Z3A6QU9xcFRPRXd2Q3h6cXAyUVRGaW1UWkhZMTlHU0dDZDlXRTdmZlhnOTdWZDlnbE9TS0dIdTZTZDdMTGhid1BiN2J5OUZUTlFXdThJWlozdUdSQUlJREE,
32,https://lh3.googleusercontent.com/a-/AAuE7mBicYnjvuqCrCgtCGN9kstjwpBAP3XFN_gYwNANjVs=w48-h48-p-rw, Michael Hack ,5,net.difer.weather,  This weather app much better than the weather app which comes with the Samsung note 9 ..this app knows exactly where I am unlike the built in app which thinks I am in a different country ..  ,"December 15, 2018",gp:AOqpTOGlRIbRwVb_FhfGnjSr34Cf3XPxQuOhtWwbA_1M6MS5ygI-7qmEc8J7niaMoMOmbktwntF-PU60HHP-lg,/store/apps/details?id=net.difer.weather&reviewId=Z3A6QU9xcFRPR2xSSWJSd1ZiX0ZoZkdualNyMzRDZjNYUHhRdU9odFd3YkFfMU02TVM1eWdJLTdxbUVjOEo3bmlhTW9NT21ia3R3bnRGLVBVNjBISFAtbGc,
33,https://lh3.googleusercontent.com/a-/AAuE7mAFPeiIoNySBlLhtxyIFW6CZFj_blBGbm9xDjP-Sg=w48-h48-p-rw, ,5,net.difer.weather,"  It is a good app to weather forecast. I loved it. It's simple, well organized and have a cute UI. The widgets also are awesome. I recommend it.  ","December 8, 2018",gp:AOqpTOFsiyy840V7fsnh30v1EwjfqEddhpAKtIv1Z1vmAgyFPbibr1iBArAAAOtegYbasX6m3WwwYyCpUnlWJw,/store/apps/details?id=net.difer.weather&reviewId=Z3A6QU9xcFRPRnNpeXk4NDBWN2ZzbmgzMHYxRXdqZnFFZGRocEFLdEl2MVoxdm1BZ3lGUGJpYnIxaUJBckFBQU90ZWdZYmFzWDZtM1d3d1l5Q3BVbmxXSnc,
34,https://lh3.googleusercontent.com/a-/AAuE7mDsiLglf3lAtTnK8k5taDPw1LBW1Xian751rdr3lw=w48-h48-p-rw, John Paul Francisco ,2,net.difer.weather,  cool to see it on the status bar but doesn't give me realtime updates you need to refresh it manually by tapping it.  ,"January 24, 2019",gp:AOqpTOGTOsWfogI4ZcddfkSehDdD8Pu_N9hd69pbOgfG_1m2rAbuWHEIzubV_0bj8a0QLdQRReQQPKo8DSTWpw,/store/apps/details?id=net.difer.weather&reviewId=Z3A6QU9xcFRPR1RPc1dmb2dJNFpjZGRma1NlaERkRDhQdV9OOWhkNjlwYk9nZkdfMW0yckFidVdIRUl6dWJWXzBiajhhMFFMZFFSUmVRUVBLbzhEU1RXcHc,
35,https://lh3.googleusercontent.com/a-/AAuE7mDWtJWBb56_Jc4gMKLpzJKOV0a77VmBB7Ni8-Ek=w48-h48-p-rw, Dannielle Matthews ,3,net.difer.weather,  so far so good seeming as some phones aren't always compatible!  ,"December 26, 2018",gp:AOqpTOFX6e8QJYze_7fbQKAcYERg_bgpY98N6d1jxCC4EK_XoVu0gSJscC3ijA8Fd3OWQrr4aVQpbnhuhZ7cog,/store/apps/details?id=net.difer.weather&reviewId=Z3A6QU9xcFRPRlg2ZThRSll6ZV83ZmJRS0FjWUVSZ19iZ3BZOThONmQxanhDQzRFS19Yb1Z1MGdTSnNjQzNpakE4RmQzT1dRcnI0YVZRcGJuaHVoWjdjb2c,
36,https://lh5.googleusercontent.com/-YGEYAlQtluo/AAAAAAAAAAI/AAAAAAAAAAA/68KXEYOPTLE/w48-h48-p-rw/photo.jpg, ,2,net.difer.weather,  Nice design but shows incorrect weather most of the time even though the location is correct.  ,"December 26, 2018",gp:AOqpTOFxqTVmm3ZtdchKc-1Vog1cborCs4aVLz5JQG9bW5G2DT7gMira5203H8lCQA7f3ZjbqLia4KweE5QQdw,/store/apps/details?id=net.difer.weather&reviewId=Z3A6QU9xcFRPRnhxVFZtbTNadGRjaEtjLTFWb2cxY2JvckNzNGFWTHo1SlFHOWJXNUcyRFQ3Z01pcmE1MjAzSDhsQ1FBN2YzWmpicUxpYTRLd2VFNVFRZHc,
37,https://lh3.googleusercontent.com/a-/AAuE7mBFr9XF43xyFieK_gLYnrwyApfj4rsOTHPfpF1T2w=w48-h48-p-rw, Shu-Ting Pi ,5,net.difer.weather,"  simple, quick, & no ads. Nothing you can complain. Very good product.  ","December 12, 2018",gp:AOqpTOHNNfgTcvYgvG_Q7twO6-Puw1tbJ1aHdnGsl9FFivHOtuxCMIU9xDaPtbHc2D1tN9zu19ImdSl4ftYWmw,/store/apps/details?id=net.difer.weather&reviewId=Z3A6QU9xcFRPSE5OZmdUY3ZZZ3ZHX1E3dHdPNi1QdXcxdGJKMWFIZG5Hc2w5RkZpdkhPdHV4Q01JVTl4RGFQdGJIYzJEMXROOXp1MTlJbWRTbDRmdFlXbXc,
38,https://lh3.googleusercontent.com/a-/AAuE7mDtCMnprMj1hFNlpnTHPBBSPzLgvhL7P6a31TQ2=w48-h48-p-rw, ,4,net.difer.weather,"  I would love to have the ability to configure font size on the widgets, otherwise A+ app. Thanks  ","January 10, 2019",gp:AOqpTOGg7xy6a66bjl97yuCyu_u-Md3rDOPDbg7WHSqAwIQnp_s9D5q9rWMl6Gl_qPndKpFp_S7-k_jwgnx88A,/store/apps/details?id=net.difer.weather&reviewId=Z3A6QU9xcFRPR2c3eHk2YTY2YmpsOTd5dUN5dV91LU1kM3JET1BEYmc3V0hTcUF3SVFucF9zOUQ1cTlyV01sNkdsX3FQbmRLcEZwX1M3LWtfandnbng4OEE,
39,https://lh5.googleusercontent.com/-8naEfikR88w/AAAAAAAAAAI/AAAAAAAAAAA/ACHi3rcMo9nRtIt2sVQlN13GTzmEiF4kIg/w48-h48-p-rw/photo.jpg, sameer dhanumali ,5,net.difer.weather,  I love it's widget. I am from htc phone users missing weather &clock widget. So this best for my realme 2 pro.  ,"December 14, 2018",gp:AOqpTOG8QMfT9TqQUF_s8fyZFhRweq75TlggubiSLBXYUd-QJx9SdGwAcxxKzWCM9zuUd6AvOMJMEFQPEq3PvQ,/store/apps/details?id=net.difer.weather&reviewId=Z3A6QU9xcFRPRzhRTWZUOVRxUVVGX3M4ZnlaRmhSd2VxNzVUbGdndWJpU0xCWFlVZC1RSng5U2RHd0FjeHhLeldDTTl6dVVkNkF2T01KTUVGUVBFcTNQdlE,
40,https://lh3.googleusercontent.com/a-/AAuE7mBVZ7VTnnJVXDqHDNv6VqCzmUy7ypBnSltDt10N=w48-h48-p-rw, Deadmanstackle ,5,me.tidesnear.free,  good  ,"March 16, 2019",gp:AOqpTOHf35iVlUko5BacII7WX4toTqQAU0JPS1D1Jyg0HeHLbdSrhHpiuIh6o4Y3Us33emthgojDwtqBp8R4f_0,/store/apps/details?id=me.tidesnear.free&reviewId=Z3A6QU9xcFRPSGYzNWlWbFVrbzVCYWNJSTdXWDR0b1RxUUFVMEpQUzFEMUp5ZzBIZUhMYmRTcmhIcGl1SWg2bzRZM1VzMzNlbXRoZ29qRHd0cUJwOFI0Zl8w,
41,https://lh3.googleusercontent.com/a-/AAuE7mDpGzAVbLvLRwn2fN1O0D7zJABqKHGzexaj2fIKyQ=w48-h48-p-rw, Pradeepradeep c raghunandanan pradeep ,5,me.tidesnear.free,  good  ,"March 18, 2019",gp:AOqpTOEU7I3_Ks2P9cxAgs8akfygs4nBGMGp6UcMU-7tL9VB76BDHoL3McnCqGooZxD6VXrsjE2IROsj8dxF-AU,/store/apps/details?id=me.tidesnear.free&reviewId=Z3A6QU9xcFRPRVU3STNfS3MyUDljeEFnczhha2Z5Z3M0bkJHTUdwNlVjTVUtN3RMOVZCNzZCREhvTDNNY25DcUdvb1p4RDZWWHJzakUySVJPc2o4ZHhGLUFV,
42,https://lh4.googleusercontent.com/-ZrmyrHOs_kk/AAAAAAAAAAI/AAAAAAAAAAA/ACHi3re9NI2L-jA2uPmpJFXB_Q1UdipDcQ/w48-h48-p-rw/photo.jpg, Abel van der Merwe ,4,me.tidesnear.free,  Good  ,"March 19, 2019",gp:AOqpTOFjmU-Tf2XFRFUIdX2Q1K868cJ89tdeUPkKBZIwOLzmiMpBGvel6LCLQQJ9Mg4eE_3csURfx0XirljOcPE,/store/apps/details?id=me.tidesnear.free&reviewId=Z3A6QU9xcFRPRmptVS1UZjJYRlJGVUlkWDJRMUs4NjhjSjg5dGRlVVBrS0JaSXdPTHptaU1wQkd2ZWw2TENMUVFKOU1nNGVFXzNjc1VSZngwWGlybGpPY1BF,
43,https://lh3.googleusercontent.com/-6_gujjN0oq4/AAAAAAAAAAI/AAAAAAAAAAA/ACHi3rfJAqE4n3Gsby1rZH41DNgIHH3_vA/w48-h48-p-rw/photo.jpg, Rajesh Gunagi ,3,me.tidesnear.free,  fine  ,"March 19, 2019",gp:AOqpTOErH_FrS6QBHtQvdGTgzn8YUkqK7MVPS4775ALJcZ2IIUMPGAoQWDLtIH5SnsGww5XGuSqUW4uivzZkYP4,/store/apps/details?id=me.tidesnear.free&reviewId=Z3A6QU9xcFRPRXJIX0ZyUzZRQkh0UXZkR1Rnem44WVVrcUs3TVZQUzQ3NzVBTEpjWjJJSVVNUEdBb1FXREx0SUg1U25zR3d3NVhHdVNxVVc0dWl2elprWVA0,
44,https://lh3.googleusercontent.com/a-/AAuE7mB7FTY9vCfoCOxv2S-n2Xw2qBE3XJz52Qu-WOXw6Q=w48-h48-p-rw, ,1,me.tidesnear.free,"  Won't let me use the app: keeps asking me to turn on the device location, which I refuse as turning my device location is not necessary for the up to work (and it just drains my battery)! Fix that and I'll start using the app again. Until then, only one star for now useless app.  ","January 6, 2019",gp:AOqpTOGR1Y9L1VlZoJv1btmL40fMTBfPRD_Q0xvm6rf82hZPK98-IIze_HYslQtuZ2lSX0a1fiDvcGIBDh3ETWM,/store/apps/details?id=me.tidesnear.free&reviewId=Z3A6QU9xcFRPR1IxWTlMMVZsWm9KdjFidG1MNDBmTVRCZlBSRF9RMHh2bTZyZjgyaFpQSzk4LUlJemVfSFlzbFF0dVoybFNYMGExZmlEdmNHSUJEaDNFVFdN,
45,https://lh3.googleusercontent.com/-brDCMx44OCg/AAAAAAAAAAI/AAAAAAAAAAA/ACHi3rfpz9pUDM2Oo7l1_Wzc1ic6vsHhQA/w48-h48-p-rw/photo.jpg, Peter Hoyle ,4,me.tidesnear.free,"  It would be better if you could view the whole week's tides without having to connect to the internet every time. Also, why do location services have to be turned on, once you have selected your location? Otherwise it's a handy app.  ","January 16, 2019",gp:AOqpTOFfhW8xk5JoqB-w3KF6j8Rmu6UMk3hzFSpgfRdhGPWmB_lSI5M1ayh1SB88muTsHA85IUadGIc30fuI6IY,/store/apps/details?id=me.tidesnear.free&reviewId=Z3A6QU9xcFRPRmZoVzh4azVKb3FCLXczS0Y2ajhSbXU2VU1rM2h6RlNwZ2ZSZGhHUFdtQl9sU0k1TTFheWgxU0I4OG11VHNIQTg1SVVhZEdJYzMwZnVJNklZ,
46,https://lh5.googleusercontent.com/-lRjAnpxbV5w/AAAAAAAAAAI/AAAAAAAAAAA/ACHi3rfStVVhem-LX5Gz2JZj5uqr7rxpGA/w48-h48-p-rw/photo.jpg, jason thistlewood ,3,me.tidesnear.free,  I am a clam digger in Massachusetts. My life revolves around the tides. This was the best tide app before the last update. The new update ruined a great thing and made it just an ordinary tide app like all the rest of them. when I wrote this review I don't remember why I thought it was worse or what changed but it's still my go to app for my tides but I don't remember what changed LOL  ,"January 22, 2019",gp:AOqpTOGfOmSiUurecEeh6RHEvsRJZrUQH2riOETx7keX4_932n7J97RisW-QLREKKnWn0BQXfeGzFRvjJ9kZm1o,/store/apps/details?id=me.tidesnear.free&reviewId=Z3A6QU9xcFRPR2ZPbVNpVXVyZWNFZWg2UkhFdnNSSlpyVVFIMnJpT0VUeDdrZVg0XzkzMm43Sjk3UmlzVy1RTFJFS0tuV24wQlFYZmVHekZSdmpKOWtabTFv,
47,https://lh3.googleusercontent.com/a-/AAuE7mASJOKMEDn3vdqWbQLjruVWS_-sGj8uWvXy2Ub-ww=w48-h48-p-rw, ,4,me.tidesnear.free,"  Works great. Once your home location is logged the app can be opened after force closing without demanding GPS access and freezing by going to settings-app manager - permissions -Location, then tap turn off. Upon re-opening app the annoying pop-up requesting location permission will respond to your chosen option. Don't allow. App will open normally.  ","January 13, 2019",gp:AOqpTOEGtZ7MrkqcRcAFw0iAsKXBVU4HtxdehaBS33JUn8SKkbHQUJaTcr-w4pga4nYEd05XJVUippgnlI2Grrg,/store/apps/details?id=me.tidesnear.free&reviewId=Z3A6QU9xcFRPRUd0WjdNcmtxY1JjQUZ3MGlBc0tYQlZVNEh0eGRlaGFCUzMzSlVuOFNLa2JIUVVKYVRjci13NHBnYTRuWUVkMDVYSlZVaXBwZ25sSTJHcnJn,
48,https://lh3.googleusercontent.com/a-/AAuE7mCVpeukagoj-oMMvP70ZE5VWJlKBx4NpKkUx-9H0Q=w48-h48-p-rw, Johan Coetsee ,4,me.tidesnear.free,"  Not precise, but good enough for most. Pity one cannot contact the developers to report an error. Mails get returned as ""spam"". They seem to block communication from users.  ","January 5, 2019",gp:AOqpTOFKZKJFpP9NrX8nXASObRagm8BCc68hgSXj1FqHMMNiTlCph9rwr05moLk9XGBtZox5XehYyDd5M26_ang,/store/apps/details?id=me.tidesnear.free&reviewId=Z3A6QU9xcFRPRktaS0pGcFA5TnJYOG5YQVNPYlJhZ204QkNjNjhoZ1NYajFGcUhNTU5pVGxDcGg5cndyMDVtb0xrOVhHQnRab3g1WGVoWXlEZDVNMjZfYW5n,
49,https://lh3.googleusercontent.com/a-/AAuE7mCOOwcJ-DrAgbrcYspD4EsDs0vHk7Dzp1I_lReJ=w48-h48-p-rw, ,5,me.tidesnear.free,"  I use TDM primarily out of curiosity when I vacation on Galveston Island during winter or happen to be on other coasts. It is excellent for this use, and I believe it would be invaluable to more serious users, such as surfers, surf and deep sea fishermen, and sailors.  ","February 14, 2019",gp:AOqpTOFEMVoijOTKlo7l_zTt-P4BWdhjW_SZJ1yIt-WdVHkTYAOlg3RWtukyvs8bUY0-P1LaYdCRnjMRd64Q8lo,/store/apps/details?id=me.tidesnear.free&reviewId=Z3A6QU9xcFRPRkVNVm9pak9US2xvN2xfelR0LVA0QldkaGpXX1NaSjF5SXQtV2RWSGtUWUFPbGczUld0dWt5dnM4YlVZMC1QMUxhWWRDUm5qTVJkNjRROGxv,
50,https://lh3.googleusercontent.com/a-/AAuE7mCqOLuRJZ-K64QZU5DMoTWVevkPsgZOmGfTkYNqBQ=w48-h48-p-rw, Amanda Hopkins ,1,me.tidesnear.free,"  Was fine, but has suddenly started looping endlessly if user chooses ""No thanks"" to location. Instantly useless.  ","January 9, 2019",gp:AOqpTOFmut8z5z1xpN-OVyjq8wAPKX4hgI0i79GbhEwdY7nf4wzj1DAarAM4V4T9-9swBYbH_dY-0IFuEmQULzA,/store/apps/details?id=me.tidesnear.free&reviewId=Z3A6QU9xcFRPRm11dDh6NXoxeHBOLU9WeWpxOHdBUEtYNGhnSTBpNzlHYmhFd2RZN25mNHd6ajFEQWFyQU00VjRUOS05c3dCWWJIX2RZLTBJRnVFbVFVTHpB,
51,https://lh6.googleusercontent.com/-LtmDOPgM0YQ/AAAAAAAAAAI/AAAAAAAAAAA/ACHi3rdfR9Y6iMlRz3QbPSz8OLqLnlR6hw/w48-h48-p-rw/photo.jpg, Ivan Howlett ,5,me.tidesnear.free,"  This app is spot on accurate. One addition I would find useful is to be able to save favourites to a list, so that when checking tides elsewhere, I would not have to find my regular ones again. That's a minor point, otherwise a great app. Thanks for update, now able to save favourites, brilliant.  ","December 30, 2018",gp:AOqpTOE0edAc5fKxVr9qICeB6-bv0pySUtG02Cx1RuYeZ7SFwd11lbqaEXHqU-TIoERC47v4zVU2i_m5_s5Tg7M,/store/apps/details?id=me.tidesnear.free&reviewId=Z3A6QU9xcFRPRTBlZEFjNWZLeFZyOXFJQ2VCNi1idjBweVNVdEcwMkN4MVJ1WWVaN1NGd2QxMWxicWFFWEhxVS1USW9FUkM0N3Y0elZVMmlfbTVfczVUZzdN,
52,https://lh5.googleusercontent.com/-WNSpcMmsxIs/AAAAAAAAAAI/AAAAAAAAAAA/ACHi3rfTGy6Cx3UZLZcA7rkrmbvzbR4NEg/w48-h48-p-rw/photo.jpg, Diana Javor ,4,me.tidesnear.free,"  I've enjoyed using this app and finding tide information close to where I'm at. it would be nice if there was an option to tap a map to where I'm at or find a locator on this app to get me to the nearest tide information. if there is one, I haven't had real success using it.  ","January 17, 2019",gp:AOqpTOGKltoFkrWd4ynecY4U7zPP0023Ec2950eWcYlcEruzF4xddqrKGzuVILXYCTFG2PI-YoDv37UQZS-yN14,/store/apps/details?id=me.tidesnear.free&reviewId=Z3A6QU9xcFRPR0tsdG9Ga3JXZDR5bmVjWTRVN3pQUDAwMjNFYzI5NTBlV2NZbGNFcnV6RjR4ZGRxcktHenVWSUxYWUNURkcyUEktWW9EdjM3VVFaUy15TjE0,
53,https://lh3.googleusercontent.com/-V5T2_RpXiHE/AAAAAAAAAAI/AAAAAAAAAAA/VRhcPld7W_E/w48-h48-p-rw/photo.jpg, ,5,me.tidesnear.free,  Great app. Tides Near Me heips me avoid roads on my work route that flood during high tide. Very easy to use.  ,"January 5, 2019",gp:AOqpTOFbFPCh38JlQZLNS7reBXG5eyK_m3aeqmr4Yn-fL1b61yAr1ebgt6ADVszjrApfcLLdDzY1cE0pFfIu-V0,/store/apps/details?id=me.tidesnear.free&reviewId=Z3A6QU9xcFRPRmJGUENoMzhKbFFaTE5TN3JlQlhHNWV5S19tM2FlcW1yNFluLWZMMWI2MXlBcjFlYmd0NkFEVnN6anJBcGZjTExkRHpZMWNFMHBGZkl1LVYw,
54,https://lh5.googleusercontent.com/-JwsvXwD0wM0/AAAAAAAAAAI/AAAAAAAAAAA/ACHi3rc048iK98uqflcN3cJ0YOEaHwSZJw/w48-h48-p-rw/photo.jpg, C Carden ,1,me.tidesnear.free,"  Requiring me to use google location service is requiring me to delete this app, had you at 5 star why mess with a good thing.  ","December 31, 2018",gp:AOqpTOFWDhkTDFoKYYS3AX5AjqCbBbVq-dYl5FmSDvulgh1RM4gJFhwhBf-aCGA1Cbg5zsMlTRfQAJseHhwCM5E,/store/apps/details?id=me.tidesnear.free&reviewId=Z3A6QU9xcFRPRldEaGtUREZvS1lZUzNBWDVBanFDYkJiVnEtZFlsNUZtU0R2dWxnaDFSTTRnSkZod2hCZi1hQ0dBMUNiZzV6c01sVFJmUUFKc2VIaHdDTTVF,
55,https://lh3.googleusercontent.com/a-/AAuE7mDmkfFU7UbEmweUzhjDBbt05UYqit1eYW2n_h5dJA=w48-h48-p-rw, Sam Wolf ,4,me.tidesnear.free,  need more than a week. also hate ads bar. need option for lifetime purchase  ,"January 6, 2019",gp:AOqpTOENR7Oz0-t04zUs80aPOV6miJCpznzmjPXlMkQziwHDo4hxxhXLBr45XTZU7drG-P1lhHZgfRS49RbnJAM,/store/apps/details?id=me.tidesnear.free&reviewId=Z3A6QU9xcFRPRU5SN096MC10MDR6VXM4MGFQT1Y2bWlKQ3B6bnptalBYbE1rUXppd0hEbzRoeHhoWExCcjQ1WFRaVTdkckctUDFsaEhaZ2ZSUzQ5UmJuSkFN,
56,https://lh3.googleusercontent.com/-cPOBggLaFJg/AAAAAAAAAAI/AAAAAAAAAAA/ACHi3reMolKSXngWAUbx9qf103fsN4mvOg/w48-h48-p-rw/photo.jpg, Steven Bagnall ,3,me.tidesnear.free,  been using app for couple of years i would have gave it 5* only since last updated its not possible for me to Access without location being on if your checking a tide in 2 days time why is this required ?  ,"January 7, 2019",gp:AOqpTOEbBszybCquxT8DCvj7VvqEGce4lRQWEwjt6b5tXlcGamH8u9vBIRsL1KcLc-TER7CAA7tIIxuujceBDhk,/store/apps/details?id=me.tidesnear.free&reviewId=Z3A6QU9xcFRPRWJCc3p5YkNxdXhUOERDdmo3VnZxRUdjZTRsUlFXRXdqdDZiNXRYbGNHYW1IOHU5dkJJUnNMMUtjTGMtVEVSN0NBQTd0SUl4dXVqY2VCRGhr,
57,https://lh4.googleusercontent.com/-E5_iOtNOIdU/AAAAAAAAAAI/AAAAAAAAAAA/ACHi3rfh9mHmfRTdJHi4sqUl_wikay5aCg/w48-h48-p-rw/photo.jpg, GC OM ,1,me.tidesnear.free,  Used to be good but now unusable because it insists I turn on location which is unnecessary.  ,"January 9, 2019",gp:AOqpTOFtjOnp-WJHo3ILJoWhH-UylV_ubQB0-3qSWJeCZZv4j3VG0u14ZF9FnRzG8sEq6p59zxG4YC0UvAi02tk,/store/apps/details?id=me.tidesnear.free&reviewId=Z3A6QU9xcFRPRnRqT25wLVdKSG8zSUxKb1doSC1VeWxWX3ViUUIwLTNxU1dKZUNaWnY0ajNWRzB1MTRaRjlGblJ6RzhzRXE2cDU5enhHNFlDMFV2QWkwMnRr,
58,https://lh3.googleusercontent.com/a-/AAuE7mDr6xjBD25EUTbrNTOzMl30Um6-Cxx9ptmiXjTEtw=w48-h48-p-rw, James Cotugno ,4,me.tidesnear.free,"  Used very often, quick and simple to use, been using for years, meets all of my needs tp check this before heading out on the water  ","December 31, 2018",gp:AOqpTOHjTHqqKzWpxYqjKbfS3bpU0LOvdv8eG0YgK_FxRkH6Xm3ZXBBpH9d744W21z7xXI5fj-Yj5ytjf08eobs,/store/apps/details?id=me.tidesnear.free&reviewId=Z3A6QU9xcFRPSGpUSHFxS3pXcHhZcWpLYmZTM2JwVTBMT3ZkdjhlRzBZZ0tfRnhSa0g2WG0zWlhCQnBIOWQ3NDRXMjF6N3hYSTVmai1ZajV5dGpmMDhlb2Jz,
59,https://lh3.googleusercontent.com/a-/AAuE7mBq2oloWK7eX6JWF7J9IGlS8j4atgxT2N6Txzl0=w48-h48-p-rw, Kim Hardy ,5,me.tidesnear.free,"  very useful. ideal for fishing, also use so i kniw when to take the dog for beach walk.been using for a few years no problems.  ","January 12, 2019",gp:AOqpTOGhQtiWppuZfOWjI2kNNxZgmt_mLyirjmN6TzHONEHDTldJ7RRv3vp_YguFPqZZ64YqWly1wmwtIJ52jLg,/store/apps/details?id=me.tidesnear.free&reviewId=Z3A6QU9xcFRPR2hRdGlXcHB1WmZPV2pJMmtOTnhaZ210X21MeWlyam1ONlR6SE9ORUhEVGxkSjdSUnYzdnBfWWd1RlBxWlo2NFlxV2x5MXdtd3RJSjUyakxn,
60,https://lh3.googleusercontent.com/-4Ux-khY0GKk/AAAAAAAAAAI/AAAAAAAAAAA/ACHi3rczF42Ztzno8QfMJdjkEO9XcWgSDg/w48-h48-p-rw/photo.jpg, Ronald Dow ,3,me.tidesnear.free,  Have not really used much lately seems spot on but why has it been updating every day? 3 stars.  ,"December 30, 2018",gp:AOqpTOGpBlwVfaFieKZZNw4fzbInlqSGhFsvEG9VWS8ZfNiy1N_Ilydrd3mXV-f_zU2lME7gfSiuK5KkfIVE3tM,/store/apps/details?id=me.tidesnear.free&reviewId=Z3A6QU9xcFRPR3BCbHdWZmFGaWVLWlpOdzRmemJJbmxxU0doRnN2RUc5VldTOFpmTml5MU5fSWx5ZHJkM21YVi1mX3pVMmxNRTdnZlNpdUs1S2tmSVZFM3RN,
61,https://lh3.googleusercontent.com/a-/AAuE7mCixcKlDHvDNiaSOSe5v_3ILMMz0a0Nw5oIxaws=w48-h48-p-rw, Rick Brackins ,5,me.tidesnear.free,  I love this app! We have to go out and return on the high tides and this app is invaluable  ,"January 3, 2019",gp:AOqpTOH-AljKt-1VfUtszk0aCIBj378eOctifebbqf1sC5xnyKztU7k8CxPT1riCBBHh4N3IM_84YJ2Su2kRXlw,/store/apps/details?id=me.tidesnear.free&reviewId=Z3A6QU9xcFRPSC1BbGpLdC0xVmZVdHN6azBhQ0lCajM3OGVPY3RpZmViYnFmMXNDNXhueUt6dFU3azhDeFBUMXJpQ0JCSGg0TjNJTV84NFlKMlN1MmtSWGx3,
62,https://lh6.googleusercontent.com/-VeOiYl-Xl3A/AAAAAAAAAAI/AAAAAAAAAAA/ACHi3reE4uOftNV9fb1N9z5_2qucm8s21A/w48-h48-p-rw/photo.jpg, Curtis Durham ,1,me.tidesnear.free,  Still won't let you continue without location being on even since the last update  ,"January 6, 2019",gp:AOqpTOE_UuWGJYwEN-xLyiVC4A9F1T9prcputPeATZltwEsZ8jp4nZn4gkhvJJQFA_QpH1O9zfGh0w6wm4t5uHU,/store/apps/details?id=me.tidesnear.free&reviewId=Z3A6QU9xcFRPRV9VdVdHSll3RU4teEx5aVZDNEE5RjFUOXByY3B1dFBlQVRabHR3RXNaOGpwNG5abjRna2h2SkpRRkFfUXBIMU85emZHaDB3NndtNHQ1dUhV,
63,https://lh3.googleusercontent.com/a-/AAuE7mCaHZ8n4kq0YD6ynJlhgKb6HNwe8mqdJ-dNchn9LQ=w48-h48-p-rw, Pat Tynan ,5,me.tidesnear.free,  I use this every day to decide when to take my dogs to the beach. it's a great tool and many thanks to the developers.  ,"January 5, 2019",gp:AOqpTOFwm0qGbuCFbOzx0ktd0jSaUJZ5aiziV_hmCxEm7owIxEK3ljjHjaIPUq3uIBoK6UfWb86vDJqNDVTo38c,/store/apps/details?id=me.tidesnear.free&reviewId=Z3A6QU9xcFRPRndtMHFHYnVDRmJPengwa3RkMGpTYVVKWjVhaXppVl9obUN4RW03b3dJeEVLM2xqakhqYUlQVXEzdUlCb0s2VWZXYjg2dkRKcU5EVlRvMzhj,
64,https://lh3.googleusercontent.com/-4Y65hSJFX2w/AAAAAAAAAAI/AAAAAAAAAAA/ACHi3rdg8cD64RKi8uHIEVhEBdw6uWTYOw/w48-h48-p-rw/photo.jpg, Azim Rahim ,4,me.tidesnear.free,  I wish the app had a graph showing high and low tide and the time of day.  ,"January 12, 2019",gp:AOqpTOFF7rpmiIusdQeokm22UZ_ErdpFOn8pLp-ZxBZPYhmvB2tiO1vw1H5BoibK_8J-c30-3UNRee09tBESKok,/store/apps/details?id=me.tidesnear.free&reviewId=Z3A6QU9xcFRPRkY3cnBtaUl1c2RRZW9rbTIyVVpfRXJkcEZPbjhwTHAtWnhCWlBZaG12QjJ0aU8xdncxSDVCb2liS184Si1jMzAtM1VOUmVlMDl0QkVTS29r,
65,https://lh3.googleusercontent.com/-90i-eTOJ_Ok/AAAAAAAAAAI/AAAAAAAAAAA/ACHi3rdVJxWD5ydfCoUtbekKIHMmF_yhgg/w48-h48-p-rw/photo.jpg, Liane Benson ,5,me.tidesnear.free,"  Basic, easy-to-use app that does what it says. I live on the beach and I find it fast and very useful.  ","January 11, 2019",gp:AOqpTOER1fG8YdbcnQd4g2G0V39NbHv1AWvHJs70bF6yeSbcojnGgTchbE8b32yb8uuO2qX0ccvrxF1JI4dKyHI,/store/apps/details?id=me.tidesnear.free&reviewId=Z3A6QU9xcFRPRVIxZkc4WWRiY25RZDRnMkcwVjM5TmJIdjFBV3ZISnM3MGJGNnllU2Jjb2puR2dUY2hiRThiMzJ5Yjh1dU8ycVgwY2N2cnhGMUpJNGRLeUhJ,
66,https://lh5.googleusercontent.com/-A6fq56voU3g/AAAAAAAAAAI/AAAAAAAAAAA/zpPjq3FL3WM/w48-h48-p-rw/photo.jpg, ,5,me.tidesnear.free,  very useful to be able to quickly check when low tide to see if I can walk the dog.  ,"December 31, 2018",gp:AOqpTOHxBByq_JWspK-Ll7wLIbVzQL8-4aiRnh-UlgPNjpWpQlfzR3AcjRDQ8M7NtZMjaStD0ZVRMZu39WWwXAw,/store/apps/details?id=me.tidesnear.free&reviewId=Z3A6QU9xcFRPSHhCQnlxX0pXc3BLLUxsN3dMSWJWelFMOC00YWlSbmgtVWxnUE5qcFdwUWxmelIzQWNqUkRROE03TnRaTWphU3REMFpWUk1adTM5V1d3WEF3,
67,https://lh3.googleusercontent.com/a-/AAuE7mD9RkKWZFM_UkBS5G2zBnCE0dBrNiHYO2m-MUYx_8E=w48-h48-p-rw, Aisling Hurley ,5,me.tidesnear.free,  Accurate and timely information provided on the app. Gives tide times as well as sun and moon rise and set.  ,"January 14, 2019",gp:AOqpTOGwd8373fvyO2walh3kl0SsTqqv-24Rch5zWQBFlHvlaI83MxDLfFPE1s1oGs_Qmtrs49srHNmwdgQgFEs,/store/apps/details?id=me.tidesnear.free&reviewId=Z3A6QU9xcFRPR3dkODM3M2Z2eU8yd2FsaDNrbDBTc1RxcXYtMjRSY2g1eldRQkZsSHZsYUk4M014RExmRlBFMXMxb0dzX1FtdHJzNDlzckhObXdkZ1FnRkVz,
68,https://lh3.googleusercontent.com/a-/AAuE7mCBdPw_VbLjEjGlr48Nmc9YHnmoB03i8dHRRSD81Q=w48-h48-p-rw, Greg Oswell ,5,me.tidesnear.free,  Does exactly what i want it to. It makes those long walks on the beach much easier to plan.  ,"January 19, 2019",gp:AOqpTOF7UhIFYBb35Q7sWQsTER7TxIexkZPxozHOqpqjFjx63zyA0yEyejkpSS-oU93Y10GAbl8RNLs_gu_QvfU,/store/apps/details?id=me.tidesnear.free&reviewId=Z3A6QU9xcFRPRjdVaElGWUJiMzVRN3NXUXNURVI3VHhJZXhrWlB4b3pIT3FwcWpGang2M3p5QTB5RXllamtwU1Mtb1U5M1kxMEdBYmw4Uk5Mc19ndV9RdmZV,
69,https://lh3.googleusercontent.com/-yFnHQYNm-uA/AAAAAAAAAAI/AAAAAAAAAAA/ACHi3reZLna5vREz-bVCm7UiuQBAo06MLQ/w48-h48-p-rw/photo.jpg, Mike Cartagena ,5,me.tidesnear.free,  Alway's accurate. Love this app.a must have app. Thank you! Tides near me.  ,"January 9, 2019",gp:AOqpTOF432hX35WdT6-MgUjJPiIxMg-Ea1laXkAY4UL15N3-KSynB-Jlx8CfsuqfboBFnp-zPcZm-Y3ipdwzX6U,/store/apps/details?id=me.tidesnear.free&reviewId=Z3A6QU9xcFRPRjQzMmhYMzVXZFQ2LU1nVWpKUGlJeE1nLUVhMWxhWGtBWTRVTDE1TjMtS1N5bkItSmx4OENmc3VxZmJvQkZucC16UGNabS1ZM2lwZHd6WDZV,
70,https://lh3.googleusercontent.com/-K1iv1r4PRok/AAAAAAAAAAI/AAAAAAAAAAA/ACHi3reQpPo_YvppU4YkyXX65dTi_98nQg/w48-h48-p-rw/photo.jpg, Colin Penny ,5,me.tidesnear.free,"  very easy to use, great to know when hide tide is when planning a trip to the coast.  ","January 9, 2019",gp:AOqpTOGxFKIqZ7lwjpT5Jhe3lgUtWWu8TsMar4h-Z7EIeQUdy8fFnBg0reqYwx6hmVVYMT5BUsCSFjGhPNio5z0,/store/apps/details?id=me.tidesnear.free&reviewId=Z3A6QU9xcFRPR3hGS0lxWjdsd2pwVDVKaGUzbGdVdFdXdThUc01hcjRoLVo3RUllUVVkeThmRm5CZzByZXFZd3g2aG1WVllNVDVCVXNDU0ZqR2hQTmlvNXow,
71,https://lh3.googleusercontent.com/a-/AAuE7mASAayD2Ru9maYCGa6adfLL9hrns0a2ie9h8emK=w48-h48-p-rw, ,5,me.tidesnear.free,  Great app. Right on the money with sun rise and set. Tide info is really accurate and informative.  ,"January 8, 2019",gp:AOqpTOEgYAxSzrDdEEMgkTKthK1D6rSBgzSlcAszS0yKvOBq8lU2w66aPc6GkZiR2JwQH2BBAdkmpBRDmzZZcAQ,/store/apps/details?id=me.tidesnear.free&reviewId=Z3A6QU9xcFRPRWdZQXhTenJEZEVFTWdrVEt0aEsxRDZyU0JnelNsY0FzelMweUt2T0JxOGxVMnc2NmFQYzZHa1ppUjJKd1FIMkJCQWRrbXBCUkRtelpaY0FR,
72,https://lh3.googleusercontent.com/a-/AAuE7mDqzgV8Z0yZsPhCEqvCZ_-1Q7W3zIMeInElSfOE=w48-h48-p-rw, Tony Callaghan ,5,me.tidesnear.free,"  Love this app, clean concise and delivers all I need to know. Totally recommend this. 😀 😀 😀  ","January 11, 2019",gp:AOqpTOGrBvcZrXIMTlqnDM7ba94fd36unuxKmUFqd8Hu6cJrmvswa5OZtvMPAyLRamxKp7IARP4ocHU1eVETauk,/store/apps/details?id=me.tidesnear.free&reviewId=Z3A6QU9xcFRPR3JCdmNaclhJTVRscW5ETTdiYTk0ZmQzNnVudXhLbVVGcWQ4SHU2Y0pybXZzd2E1T1p0dk1QQXlMUmFteEtwN0lBUlA0b2NIVTFlVkVUYXVr,
73,https://lh6.googleusercontent.com/-tW-5gOhcd4s/AAAAAAAAAAI/AAAAAAAAAAA/TDmdqZCvaMo/w48-h48-p-rw/photo.jpg, ,5,me.tidesnear.free,"  easy to use and accurate,it just knows where you are, excellent, recommend to all fishermen and fisherwomen.  ","January 20, 2019",gp:AOqpTOEv9muJ4fGI5-IZHvXPsASRs1_EwV2PRNMV8vrk5BJ6IW_-_7TdZ1tveusX7fUK0yXtfFNjmbneURQ4Z1Y,/store/apps/details?id=me.tidesnear.free&reviewId=Z3A6QU9xcFRPRXY5bXVKNGZHSTUtSVpIdlhQc0FTUnMxX0V3VjJQUk5NVjh2cms1Qko2SVdfLV83VGRaMXR2ZXVzWDdmVUsweVh0ZkZOam1ibmVVUlE0WjFZ,
74,https://lh3.googleusercontent.com/-T5Ob6xS3R4g/AAAAAAAAAAI/AAAAAAAAAAA/ACHi3rdfBe_X3kfnrEtAnBU-Tz_Wi2dH5w/w48-h48-p-rw/photo.jpg, Nikki Schultz ,5,me.tidesnear.free,  I live near the beach and find info perfect for my swimming or sailing needs  ,"January 6, 2019",gp:AOqpTOGP4BFBEGss5pk3Lm344_pIHIZVGl79UogMZEZDkqRFrtqbmczehde32GD4gcfHfOibU1lKmE17ZovwJL0,/store/apps/details?id=me.tidesnear.free&reviewId=Z3A6QU9xcFRPR1A0QkZCRUdzczVwazNMbTM0NF9wSUhJWlZHbDc5VW9nTVpFWkRrcVJGcnRxYm1jemVoZGUzMkdENGdjZkhmT2liVTFsS21FMTdab3Z3Skww,
75,https://lh3.googleusercontent.com/-vtZ--GWM6kU/AAAAAAAAAAI/AAAAAAAAAAA/ACHi3rdzk1AYEgRqO6VZg4khkoenlR37ag/w48-h48-p-rw/photo.jpg, Dick Stocks ,5,me.tidesnear.free,"  use it often, ferry crossings and crabbing  ","January 18, 2019",gp:AOqpTOHnu8IeY5AFQp0af_bW-UwJj0hjT8j5d5RNMcZTuoeFBTVHf89Q2iwxU2hIrRPhj0DOt_8p_muSqAnLjoU,/store/apps/details?id=me.tidesnear.free&reviewId=Z3A6QU9xcFRPSG51OEllWTVBRlFwMGFmX2JXLVV3SmowaGpUOGo1ZDVSTk1jWlR1b2VGQlRWSGY4OVEyaXd4VTJoSXJSUGhqMERPdF84cF9tdVNxQW5Mam9V,
76,https://lh4.googleusercontent.com/-m9Mri9ok76g/AAAAAAAAAAI/AAAAAAAAAAA/ACHi3rcsqDc1zOUaVTdrImE45pSrdIIUnw/w48-h48-p-rw/photo.jpg, Jim Robertson ,3,me.tidesnear.free,  you need to add in the height of the tides.  ,"January 16, 2019",gp:AOqpTOHDawDTi9NbB_RwHvHGy84EfQvUuXapA2xcpX7t9602mhWrMDVYL6OXcs8cF1DtBVJ9G6AKNZxDKNuJ0i0,/store/apps/details?id=me.tidesnear.free&reviewId=Z3A6QU9xcFRPSERhd0RUaTlOYkJfUndIdkhHeTg0RWZRdlV1WGFwQTJ4Y3BYN3Q5NjAybWhXck1EVllMNk9YY3M4Y0YxRHRCVko5RzZBS05aeERLTnVKMGkw,
77,https://lh3.googleusercontent.com/-8t7juLdjzo0/AAAAAAAAAAI/AAAAAAAAAAA/WZ64_fWxbGU/w48-h48-p-rw/photo.jpg, ,3,me.tidesnear.free,  tides are out but not bad as it gives you more fishing time😎  ,"January 5, 2019",gp:AOqpTOHdiR5c3vyqi2O9uHNDK5M-QrmYm0SdsG8jB1pZc1FYuU5k9Twxv5xREf9prRuE1712lcb8IUIIVZYsel8,/store/apps/details?id=me.tidesnear.free&reviewId=Z3A6QU9xcFRPSGRpUjVjM3Z5cWkyTzl1SE5ESzVNLVFybVltMFNkc0c4akIxcFpjMUZZdVU1azlUd3h2NXhSRWY5cHJSdUUxNzEybGNiOElVSUlWWllzZWw4,
78,https://lh3.googleusercontent.com/-ObGuakVCss0/AAAAAAAAAAI/AAAAAAAAAAA/heqNx4oEUhU/w48-h48-p-rw/photo.jpg, ,5,me.tidesnear.free,  spot on app works for me!!  ,"January 17, 2019",gp:AOqpTOFuwCkH3ZNUkK6ZP2UoQY2jcKD2BAPfSyU2R-zFVvlnYrHmWaJ_Vko_3hLuQyu4Y7TIMwoqKq1L8E-rLs8,/store/apps/details?id=me.tidesnear.free&reviewId=Z3A6QU9xcFRPRnV3Q2tIM1pOVWtLNlpQMlVvUVkyamNLRDJCQVBmU3lVMlItekZWdmxuWXJIbVdhSl9Wa29fM2hMdVF5dTRZN1RJTXdvcUtxMUw4RS1yTHM4,
79,https://lh3.googleusercontent.com/-xQqDyRs0eJE/AAAAAAAAAAI/AAAAAAAAAAA/SRH8TEudLsc/w48-h48-p-rw/photo.jpg, ,4,me.tidesnear.free,  Works fine but could give current tide level for the time of day  ,"December 31, 2018",gp:AOqpTOEZ5V_dEGoYgpICyCFYYeffG4UXORXtEGtGKiTZa901fLpRxh-VjiBsVj1D5iRgiIV9rx5x__AaOKJ3f6I,/store/apps/details?id=me.tidesnear.free&reviewId=Z3A6QU9xcFRPRVo1Vl9kRUdvWWdwSUN5Q0ZZWWVmZkc0VVhPUlh0RUd0R0tpVFphOTAxZkxwUnhoLVZqaUJzVmoxRDVpUmdpSVY5cng1eF9fQWFPS0ozZjZJ,
80,https://lh3.ggpht.com/EGemoI2NTXmTsBVtJqk8jxF9rh8ApRWfsIMQSt2uE4OcpQqbFu7f7NbTK05lx80nuSijCz7sc3a277R67g=w48-h48-p-rw, A Google User ,5,com.baynews9.baynews9plus,  Excellent reporting  ,"October 16, 2015",gp:AOqpTOF0ujQPRR4BOerBL0pGzwp_aJIOaLEG3QFolryVyTK1PXZrkeKkQf_xxBfiBveQLzdaUaI7Zoix9blFKmc,/store/apps/details?id=com.baynews9.baynews9plus&reviewId=Z3A6QU9xcFRPRjB1alFQUlI0Qk9lckJMMHBHendwX2FKSU9hTEVHM1FGb2xyeVZ5VEsxUFhacmtlS2tRZl94eEJmaUJ2ZVFMemRhVWFJN1pvaXg5YmxGS21j,
81,https://lh3.ggpht.com/EGemoI2NTXmTsBVtJqk8jxF9rh8ApRWfsIMQSt2uE4OcpQqbFu7f7NbTK05lx80nuSijCz7sc3a277R67g=w48-h48-p-rw, A Google User ,3,com.baynews9.baynews9plus,"  I don't see what the recent reviewers are talking about. Klystron 9 works for me in v3.6.582 on my Galaxy S6. It exists as ""Klystron 9 Live"" in Map Settings -&gt; Data. I have the app set to auto update, check it almost every day, and have never noticed an outage of Klystron 9. Maybe its availability requires some setting their phones don't have? Anyway, superb radar. However it is very, very slow to load and animate. Also the weather features aren't as rich as the website.  ","August 26, 2015",gp:AOqpTOEwsP8ami2LJ_RTzMDCPnJfmHT6n-VMYKlKk1_zCqCniyhoFXjtMTazPCI4AFOAynlSAmt3-M7eczPPd6w,/store/apps/details?id=com.baynews9.baynews9plus&reviewId=Z3A6QU9xcFRPRXdzUDhhbWkyTEpfUlR6TURDUG5KZm1IVDZuLVZNWUtsS2sxX3pDcUNuaXlob0ZYanRNVGF6UENJNEFGT0F5bmxTQW10My1NN2VjelBQZDZ3,Klystron 9 is still there
82,https://lh3.ggpht.com/EGemoI2NTXmTsBVtJqk8jxF9rh8ApRWfsIMQSt2uE4OcpQqbFu7f7NbTK05lx80nuSijCz7sc3a277R67g=w48-h48-p-rw, A Google User ,1,com.baynews9.baynews9plus,  App doesn't load anymore. Keeps saying can't find location. Never had this problem before. Map shows nothing but the state. No radar. I have location services on. Tried Un install and reinstall but to no use. Worked fine on my galaxy s4 mini for the past two years until a few weeks ago.  Please fix.  ,"September 29, 2015",gp:AOqpTOEqdT9VZhKhbpdVCpPFTOPouq8psph_664hIrinQq2VuKPhOMKLlhPuaQlPjzeQxPZZV6WE80rrUh2MELY,/store/apps/details?id=com.baynews9.baynews9plus&reviewId=Z3A6QU9xcFRPRXFkVDlWWmhLaGJwZFZDcFBGVE9Qb3VxOHBzcGhfNjY0aElyaW5RcTJWdUtQaE9NS0xsaFB1YVFsUGp6ZVF4UFpaVjZXRTgwcnJVaDJNRUxZ,Nothing working anymore
83,https://lh6.googleusercontent.com/-kYIJlTW2fm4/AAAAAAAAAAI/AAAAAAAAAAA/ACHi3rcNrOfe6_gwqyFIWLa4xwZxxGBoUg/w48-h48-p-rw/photo.jpg, Donald Garfield ,1,com.baynews9.baynews9plus,"  When you first download the app, everything works. After a couple of days the only thing you can get is the weather. The news,sports and other options are no longer available.  ","June 28, 2017",gp:AOqpTOGSuS6qZDvzlmLCgV0u4NQ35-B6eUbmdZYbcSKb8_zxJHrU9rObSIIRRtT3ii5kjnZjZDGoxssxdekQhA4,/store/apps/details?id=com.baynews9.baynews9plus&reviewId=Z3A6QU9xcFRPR1N1UzZxWkR2emxtTENnVjB1NE5RMzUtQjZlVWJtZFpZYmNTS2I4X3p4SkhyVTlyT2JTSUlSUnRUM2lpNWtqblpqWkRHb3hzc3hkZWtRaEE0,
84,https://lh3.googleusercontent.com/-LJImbqJjOWU/AAAAAAAAAAI/AAAAAAAAAAA/ACHi3rfLTEKpYm-TRndYvoI3yHPa3xWCUw/w48-h48-p-rw/photo.jpg, Peter Volpa ,1,com.baynews9.baynews9plus,"  Now it wants access to all your Contacts. There is absolutely no good justification for this. Sorry, but NO.  ","November 4, 2017",gp:AOqpTOGTwbAmm8YRPSItXtV9BKH51jioirpCzzOqWrioY9tUAYXjFAfMPMRUNUD0t1SntYO_AufAvm9paPSAJZw,/store/apps/details?id=com.baynews9.baynews9plus&reviewId=Z3A6QU9xcFRPR1R3YkFtbThZUlBTSXRYdFY5QktINTFqaW9pcnBDenpPcVdyaW9ZOXRVQVlYakZBZk1QTVJVTlVEMHQxU250WU9fQXVmQXZtOXBhUFNBSlp3,
85,https://lh3.ggpht.com/EGemoI2NTXmTsBVtJqk8jxF9rh8ApRWfsIMQSt2uE4OcpQqbFu7f7NbTK05lx80nuSijCz7sc3a277R67g=w48-h48-p-rw, A Google User ,2,com.baynews9.baynews9plus,  Nothing on the site its working. All i get is a state map with nothing on it  ,"September 26, 2015",gp:AOqpTOFyDoS5zk-49Q1TcsVPPq7o7OlCTH_yvdoFNXx4s3cGPh7h8qBGJOJpaRL5CygE4V3oSnVT5PksJi7RksE,/store/apps/details?id=com.baynews9.baynews9plus&reviewId=Z3A6QU9xcFRPRnlEb1M1emstNDlRMVRjc1ZQUHE3bzdPbENUSF95dmRvRk5YeDRzM2NHUGg3aDhxQkdKT0pwYVJMNUN5Z0U0VjNvU25WVDVQa3NKaTdSa3NF,Please fix app
86,https://lh3.ggpht.com/EGemoI2NTXmTsBVtJqk8jxF9rh8ApRWfsIMQSt2uE4OcpQqbFu7f7NbTK05lx80nuSijCz7sc3a277R67g=w48-h48-p-rw, A Google User ,4,com.baynews9.baynews9plus,  News app  ,"September 4, 2015",gp:AOqpTOH2BvdtRwxuAlUbzAdeP0lCpxMFArjGEWaLQgUnPRyj6CkrpGa0o9M6ePyOekFWPOqgMibhPP5oSXkgVAI,/store/apps/details?id=com.baynews9.baynews9plus&reviewId=Z3A6QU9xcFRPSDJCdmR0Und4dUFsVWJ6QWRlUDBsQ3B4TUZBcmpHRVdhTFFnVW5QUnlqNkNrcnBHYTBvOU02ZVB5T2VrRldQT3FnTWliaFBQNW9TWGtnVkFJ,Bay news 9
87,https://lh3.ggpht.com/EGemoI2NTXmTsBVtJqk8jxF9rh8ApRWfsIMQSt2uE4OcpQqbFu7f7NbTK05lx80nuSijCz7sc3a277R67g=w48-h48-p-rw, A Google User ,4,com.baynews9.baynews9plus,  Works fine.. like to keep up with hometown news.  ,"September 13, 2015",gp:AOqpTOFuace07-WYYcA-zAaYh63GrMjglyhYcIuDcRujGRDiaCrdekkWKPkfUMz_2-j3e8hH5Ur3VbRa1DHmK64,/store/apps/details?id=com.baynews9.baynews9plus&reviewId=Z3A6QU9xcFRPRnVhY2UwNy1XWVljQS16QWFZaDYzR3JNamdseWhZY0l1RGNSdWpHUkRpYUNyZGVra1dLUGtmVU16XzItajNlOGhINVVyM1ZiUmExREhtSzY0,Bay9
88,https://lh3.ggpht.com/EGemoI2NTXmTsBVtJqk8jxF9rh8ApRWfsIMQSt2uE4OcpQqbFu7f7NbTK05lx80nuSijCz7sc3a277R67g=w48-h48-p-rw, A Google User ,4,com.baynews9.baynews9plus,  Need to save as bookmark  ,"September 26, 2015",gp:AOqpTOFq5oZOs_4j-m07qacU6RhF7UKK_UHecy4Lpb27BbiQPI8isnYBlsQeSUhS1htK-UcIW9FhTLBHdTI4fHY,/store/apps/details?id=com.baynews9.baynews9plus&reviewId=Z3A6QU9xcFRPRnE1b1pPc180ai1tMDdxYWNVNlJoRjdVS0tfVUhlY3k0THBiMjdCYmlRUEk4aXNuWUJsc1FlU1VoUzFodEstVWNJVzlGaFRMQkhkVEk0ZkhZ,Need to save as bookmark
89,https://lh3.ggpht.com/EGemoI2NTXmTsBVtJqk8jxF9rh8ApRWfsIMQSt2uE4OcpQqbFu7f7NbTK05lx80nuSijCz7sc3a277R67g=w48-h48-p-rw, A Google User ,5,com.baynews9.baynews9plus,  love it always good to know the weather an what's in store.  ,"February 16, 2016",gp:AOqpTOG0N6NMrsDFfNU4Bazh4YL33gbhiUensU0zLcvc4wle5-2dKCVhKPESFFADN2egf4gMZlNenVNcXDbePKc,/store/apps/details?id=com.baynews9.baynews9plus&reviewId=Z3A6QU9xcFRPRzBONk5NcnNERmZOVTRCYXpoNFlMMzNnYmhpVWVuc1UwekxjdmM0d2xlNS0yZEtDVmhLUEVTRkZBRE4yZWdmNGdNWmxOZW5WTmNYRGJlUEtj,
90,https://lh3.ggpht.com/EGemoI2NTXmTsBVtJqk8jxF9rh8ApRWfsIMQSt2uE4OcpQqbFu7f7NbTK05lx80nuSijCz7sc3a277R67g=w48-h48-p-rw, A Google User ,5,com.baynews9.baynews9plus,  Always informative!  ,"August 29, 2015",gp:AOqpTOHnD6cRqip4JrgF4eNrBYHQjG2fZ4Sgtddcx6keiQmsL2uVKZtynMZvoy_hKbl_V-CkiRE4DUkn2w0qwwY,/store/apps/details?id=com.baynews9.baynews9plus&reviewId=Z3A6QU9xcFRPSG5ENmNScWlwNEpyZ0Y0ZU5yQllIUWpHMmZaNFNndGRkY3g2a2VpUW1zTDJ1VktadHluTVp2b3lfaEtibF9WLUNraVJFNERVa24ydzBxd3dZ,Weather/News
91,https://lh3.ggpht.com/EGemoI2NTXmTsBVtJqk8jxF9rh8ApRWfsIMQSt2uE4OcpQqbFu7f7NbTK05lx80nuSijCz7sc3a277R67g=w48-h48-p-rw, A Google User ,5,com.baynews9.baynews9plus,  Nice app  ,"September 15, 2015",gp:AOqpTOF5XzGk7M-Z4u44TsL1Mro2Uc0lyTMdmO1VeW0J9Lh2gpWN4OCrnvs17FtTUFoiYUP_-Vyl8QXpAXRBvFU,/store/apps/details?id=com.baynews9.baynews9plus&reviewId=Z3A6QU9xcFRPRjVYekdrN00tWjR1NDRUc0wxTXJvMlVjMGx5VE1kbU8xVmVXMEo5TGgyZ3BXTjRPQ3JudnMxN0Z0VFVGb2lZVVBfLVZ5bDhRWHBBWFJCdkZV,
92,https://lh3.ggpht.com/EGemoI2NTXmTsBVtJqk8jxF9rh8ApRWfsIMQSt2uE4OcpQqbFu7f7NbTK05lx80nuSijCz7sc3a277R67g=w48-h48-p-rw, A Google User ,2,com.baynews9.baynews9plus,"  The static map is loads fine and is very accurate and up to date. When I animate it, it starts to load and then hangs and does not finish loading. It did this on my Samsung Galaxy S4 and now also on my new LG G4.  ","August 8, 2015",gp:AOqpTOGedO1ZfTvaQZFx-X5BBOp6fxROcGDhA6UByOzGxNVhORfpaaDDOlbUJd4fWWddhkL7C7zid3cp48IDs7Y,/store/apps/details?id=com.baynews9.baynews9plus&reviewId=Z3A6QU9xcFRPR2VkTzFaZlR2YVFaRngtWDVCQk9wNmZ4Uk9jR0RoQTZVQnlPekd4TlZoT1JmcGFhRERPbGJVSmQ0ZldXZGRoa0w3Qzd6aWQzY3A0OElEczdZ,Klystron 9 Hangs
93,https://lh3.ggpht.com/EGemoI2NTXmTsBVtJqk8jxF9rh8ApRWfsIMQSt2uE4OcpQqbFu7f7NbTK05lx80nuSijCz7sc3a277R67g=w48-h48-p-rw, A Google User ,2,com.baynews9.baynews9plus,"  Never loads the radar correctly. It seems like my phone needs 100% signal to load anything on this app which sucks because I really like the kylstron9 radar. Does me no good, if it doesn't load or play right  ","July 22, 2015",gp:AOqpTOHGT9Y2J1T-cYa9_eBn6GVdDNrOfHbC0AYomrinDK_C6DNbj-QPGA_V0PhjXn71ZZPVPn71yrIwjrYvEFo,/store/apps/details?id=com.baynews9.baynews9plus&reviewId=Z3A6QU9xcFRPSEdUOVkySjFULWNZYTlfZUJuNkdWZEROck9mSGJDMEFZb21yaW5ES19DNkROYmotUVBHQV9WMFBoalhuNzFaWlBWUG43MXlySXdqcll2RUZv,Nice concept...
94,https://lh3.ggpht.com/EGemoI2NTXmTsBVtJqk8jxF9rh8ApRWfsIMQSt2uE4OcpQqbFu7f7NbTK05lx80nuSijCz7sc3a277R67g=w48-h48-p-rw, A Google User ,4,com.baynews9.baynews9plus,  App has been fixed. As good as I thought it would be. Only thing still acting odd is the animated radar view. If you zoom in too far it goes blank and only shows a clear map. Other than that all links work great.  ,"July 3, 2015",gp:AOqpTOFzPQoNjHNsgq9_mpYjN3SHLtxQyyiRA_R0N0RrObkA10W1xGZ7NfcWMXeeuhkPgu0qmwyDHSya_aWsNCI,/store/apps/details?id=com.baynews9.baynews9plus&reviewId=Z3A6QU9xcFRPRnpQUW9OakhOc2dxOV9tcFlqTjNTSEx0eFF5eWlSQV9SME4wUnJPYmtBMTBXMXhHWjdOZmNXTVhlZXVoa1BndTBxbXd5REhTeWFfYVdzTkNJ,Update to my 1* rating
95,https://lh3.ggpht.com/EGemoI2NTXmTsBVtJqk8jxF9rh8ApRWfsIMQSt2uE4OcpQqbFu7f7NbTK05lx80nuSijCz7sc3a277R67g=w48-h48-p-rw, A Google User ,1,com.baynews9.baynews9plus,  This app is a piece of junk without Klystron 9. I could get a weather app with a WAY better interface to use the national radar. This app has a horrible interface and the only reason I try to use it is Klystron 9.  ,"July 1, 2015",gp:AOqpTOGTFweFy0g_cZeuFymeRUTWMAP-mkSPZ3GfL6topTen8TxpsTJRH_1qj7KLM4PFcTHttvVgT-ZQH2-IfZ8,/store/apps/details?id=com.baynews9.baynews9plus&reviewId=Z3A6QU9xcFRPR1RGd2VGeTBnX2NaZXVGeW1lUlVUV01BUC1ta1NQWjNHZkw2dG9wVGVuOFR4cHNUSlJIXzFxajdLTE00UEZjVEh0dHZWZ1QtWlFIMi1JZlo4,Where is Klystron 9?
96,https://lh3.ggpht.com/EGemoI2NTXmTsBVtJqk8jxF9rh8ApRWfsIMQSt2uE4OcpQqbFu7f7NbTK05lx80nuSijCz7sc3a277R67g=w48-h48-p-rw, A Google User ,3,com.baynews9.baynews9plus,"  As a Verizon Fios customer I thought I'd try Bay News,9 app since we do not get it on our channel line up. Installed and unistalled this app within minutes. Lol sorry. Not for me at all. WFLA news channel 8, much better!  ","July 27, 2015",gp:AOqpTOGFZDPbqGmuFhFWVJoFkEIBZTPJ2lcX73OLQsUIVjKzOxnJhsevR_hLPlSi9SO9TWGJnzjVSiwInYo68cI,/store/apps/details?id=com.baynews9.baynews9plus&reviewId=Z3A6QU9xcFRPR0ZaRFBicUdtdUZoRldWSm9Ga0VJQlpUUEoybGNYNzNPTFFzVUlWakt6T3huSmhzZXZSX2hMUGxTaTlTTzlUV0dKbnpqVlNpd0luWW82OGNJ,Disappointed
97,https://lh3.ggpht.com/EGemoI2NTXmTsBVtJqk8jxF9rh8ApRWfsIMQSt2uE4OcpQqbFu7f7NbTK05lx80nuSijCz7sc3a277R67g=w48-h48-p-rw, A Google User ,1,com.baynews9.baynews9plus,  Weather not accurate. Storms where I am and it says it is clear and sunny. I get alerts when storms are not around me. And no alerts when there are storms around me.  Will be storming but radar does not show it. Please fix. Thank you. Uninstalling.  ,"July 12, 2015",gp:AOqpTOGejzxEpfSuEqSnfdxNf-CeY1E4m1-6uytZqfXJpa6AJMEk4wTkHYOdMLJT6SHy9Ji0jLTN5Xy3T5zoifQ,/store/apps/details?id=com.baynews9.baynews9plus&reviewId=Z3A6QU9xcFRPR2VqenhFcGZTdUVxU25mZHhOZi1DZVkxRTRtMS02dXl0WnFmWEpwYTZBSk1FazR3VGtIWU9kTUxKVDZTSHk5SmkwakxUTjVYeTNUNXpvaWZR,Inaccurate
98,https://lh3.ggpht.com/EGemoI2NTXmTsBVtJqk8jxF9rh8ApRWfsIMQSt2uE4OcpQqbFu7f7NbTK05lx80nuSijCz7sc3a277R67g=w48-h48-p-rw, A Google User ,1,com.baynews9.baynews9plus,  I didn't even get the chance to see if Klystron 9 was available. It said it was currently clear and 79 in Zephyrhills. It is not clear in any area of Tampa Bay this morning!  ,"July 16, 2015",gp:AOqpTOFicr_7ty48H_dkFRF4PX9MuQoLn5CkOmHcW_HJqBIYAxtlX3kkSa7njW542PERKja-Azl1xCbjBkh490Y,/store/apps/details?id=com.baynews9.baynews9plus&reviewId=Z3A6QU9xcFRPRmljcl83dHk0OEhfZGtGUkY0UFg5TXVRb0xuNUNrT21IY1dfSEpxQklZQXh0bFgza2tTYTdualc1NDJQRVJLamEtQXpsMXhDYmpCa2g0OTBZ,Inaccurate
99,https://lh3.ggpht.com/EGemoI2NTXmTsBVtJqk8jxF9rh8ApRWfsIMQSt2uE4OcpQqbFu7f7NbTK05lx80nuSijCz7sc3a277R67g=w48-h48-p-rw, A Google User ,3,com.baynews9.baynews9plus,  i used to love this app until the last update now all it does is crash and radar does not pull up when it does maybe one day they will fix it back to when it worked  ,"June 5, 2015",gp:AOqpTOGwlogk7hqRHcBJe8VGMYFaXU7V_b7pe4kguTHTYB3yKpMTBct-RiPmILb-5uvZAzq5BDnNjKjAmZloHgA,/store/apps/details?id=com.baynews9.baynews9plus&reviewId=Z3A6QU9xcFRPR3dsb2drN2hxUkhjQkplOFZHTVlGYVhVN1ZfYjdwZTRrZ3VUSFRZQjN5S3BNVEJjdC1SaVBtSUxiLTV1dlpBenE1QkRuTmpLakFtWmxvSGdB,used to work
100,https://lh3.ggpht.com/EGemoI2NTXmTsBVtJqk8jxF9rh8ApRWfsIMQSt2uE4OcpQqbFu7f7NbTK05lx80nuSijCz7sc3a277R67g=w48-h48-p-rw, A Google User ,5,com.baynews9.baynews9plus,"  Update fixed installed and started to use it about a month ago, then they did an update and crashes every time now. hopefully they get it figured out  ","June 6, 2015",gp:AOqpTOEJQVcsysHSE7fMYE47VcYNBeNgBoDTrQDh7BXeU1EjQuR0mHxrMrBQrPbI3lV6AjfPBB0VbttqwN2unaU,/store/apps/details?id=com.baynews9.baynews9plus&reviewId=Z3A6QU9xcFRPRUpRVmNzeXNIU0U3Zk1ZRTQ3VmNZTkJlTmdCb0RUclFEaDdCWGVVMUVqUXVSMG1IeHJNckJRclBiSTNsVjZBamZQQkIwVmJ0dHF3TjJ1bmFV,Crashes
101,https://lh3.ggpht.com/EGemoI2NTXmTsBVtJqk8jxF9rh8ApRWfsIMQSt2uE4OcpQqbFu7f7NbTK05lx80nuSijCz7sc3a277R67g=w48-h48-p-rw, A Google User ,4,com.baynews9.baynews9plus,  I like the constant temp in the notification bar other weather apps offer and pop-ups for weather alerts. Other than that I've been using it a lot.  ,"July 30, 2015",gp:AOqpTOEMQWymqjlv_wI9kHx_70MWyOEsR56pdkViL2NULH-FaC-wYTw04Xu8588HWFcHQr5hUj9HHOPyen0r0Vg,/store/apps/details?id=com.baynews9.baynews9plus&reviewId=Z3A6QU9xcFRPRU1RV3ltcWpsdl93STlrSHhfNzBNV3lPRXNSNTZwZGtWaUwyTlVMSC1GYUMtd1lUdzA0WHU4NTg4SFdGY0hRcjVoVWo5SEhPUHllbjByMFZn,Good app
102,https://lh3.ggpht.com/EGemoI2NTXmTsBVtJqk8jxF9rh8ApRWfsIMQSt2uE4OcpQqbFu7f7NbTK05lx80nuSijCz7sc3a277R67g=w48-h48-p-rw, A Google User ,2,com.baynews9.baynews9plus,  I can't believe as much as they push this app on TV and it's slow as hell it doesn't matter if u r connected to WiFi or 4g it constantly hangs up  ,"July 30, 2015",gp:AOqpTOHVVrdgPsi2D-Jwo7j2pml8XsEvT5DM56I_mDotbO-aJ2E5d3Uv3SFO638sy_cWbch0LZskd9xeSCPpH9U,/store/apps/details?id=com.baynews9.baynews9plus&reviewId=Z3A6QU9xcFRPSFZWcmRnUHNpMkQtSndvN2oycG1sOFhzRXZUNURNNTZJX21Eb3RiTy1hSjJFNWQzVXYzU0ZPNjM4c3lfY1diY2gwTFpza2Q5eGVTQ1BwSDlV,Takes for ever to load radar
103,https://lh3.ggpht.com/EGemoI2NTXmTsBVtJqk8jxF9rh8ApRWfsIMQSt2uE4OcpQqbFu7f7NbTK05lx80nuSijCz7sc3a277R67g=w48-h48-p-rw, A Google User ,1,com.baynews9.baynews9plus,  I was in Hudson fl. And it was poring. This app said it was clear and I could see for 10 miles!  ,"July 12, 2015",gp:AOqpTOE0DbFu8AoKyGXuuX4tSTLbA-imIKW9aRJbcf9ZJLGrpb9wjp7RNcFEOow8xK0JiSoQV5MtE8tNWv5hpZg,/store/apps/details?id=com.baynews9.baynews9plus&reviewId=Z3A6QU9xcFRPRTBEYkZ1OEFvS3lHWHV1WDR0U1RMYkEtaW1JS1c5YVJKYmNmOVpKTEdycGI5d2pwN1JOY0ZFT293OHhLMEppU29RVjVNdEU4dE5XdjVocFpn,Inaccurate!
104,https://lh3.ggpht.com/EGemoI2NTXmTsBVtJqk8jxF9rh8ApRWfsIMQSt2uE4OcpQqbFu7f7NbTK05lx80nuSijCz7sc3a277R67g=w48-h48-p-rw, A Google User ,2,com.baynews9.baynews9plus,  Ever since the new update it crashes in about 1-5 minutes every time I start it up.  ,"June 8, 2015",gp:AOqpTOE0j-qSxsuOK7WOMTAWy0ieYdrhl7FIVNqXwsDGgwrIQixZfY5E6z_jk1apl3rIHhC9WoiWtZLclD7n8wM,/store/apps/details?id=com.baynews9.baynews9plus&reviewId=Z3A6QU9xcFRPRTBqLXFTeHN1T0s3V09NVEFXeTBpZVlkcmhsN0ZJVk5xWHdzREdnd3JJUWl4WmZZNUU2el9qazFhcGwzcklIaEM5V29pV3RaTGNsRDduOHdN,Crashes
105,https://lh3.ggpht.com/EGemoI2NTXmTsBVtJqk8jxF9rh8ApRWfsIMQSt2uE4OcpQqbFu7f7NbTK05lx80nuSijCz7sc3a277R67g=w48-h48-p-rw, A Google User ,2,com.baynews9.baynews9plus,  It crashed on me the very first time I tried to open the app also I can't seem to use or find the weather radar settings to open it.  ,"June 12, 2015",gp:AOqpTOEqZGzVO_wg2fxVkat3kY4-olYX8fJKOSBjYE5aC3yogfWN7Z_tpUcQyUWuAzqpt6EAxQ136w2i0dqH6yo,/store/apps/details?id=com.baynews9.baynews9plus&reviewId=Z3A6QU9xcFRPRXFaR3pWT193ZzJmeFZrYXQza1k0LW9sWVg4ZkpLT1NCallFNWFDM3lvZ2ZXTjdaX3RwVWNReVVXdUF6cXB0NkVBeFExMzZ3MmkwZHFINnlv,
106,https://lh3.ggpht.com/EGemoI2NTXmTsBVtJqk8jxF9rh8ApRWfsIMQSt2uE4OcpQqbFu7f7NbTK05lx80nuSijCz7sc3a277R67g=w48-h48-p-rw, A Google User ,5,com.baynews9.baynews9plus,  Exactly what I wanted! Can get a my location to a pinpoint! Love Bay News 9  ,"July 29, 2015",gp:AOqpTOFqcDmmgtOP-9hmNR0NEofho7l2bHwTkjXoR0T4dBWLJTiVOOGptOIhV_feSlMniI4N9ByEMMb7AmcrtFo,/store/apps/details?id=com.baynews9.baynews9plus&reviewId=Z3A6QU9xcFRPRnFjRG1tZ3RPUC05aG1OUjBORW9maG83bDJiSHdUa2pYb1IwVDRkQldMSlRpVk9PR3B0T0loVl9mZVNsTW5pSTROOUJ5RU1NYjdBbWNydEZv,Radar
107,https://lh3.ggpht.com/EGemoI2NTXmTsBVtJqk8jxF9rh8ApRWfsIMQSt2uE4OcpQqbFu7f7NbTK05lx80nuSijCz7sc3a277R67g=w48-h48-p-rw, A Google User ,1,com.baynews9.baynews9plus,  Continues to crash. I have had it for 10 min and got 3 crashes.  ,"July 6, 2015",gp:AOqpTOHvRIpgEtENJCl8vx97E2fv7kfLu-ImoGfrvVZOiyal0Kj1NRK2h-_aaDoe9C5CyKU7NZQQdqjTxu0dPVo,/store/apps/details?id=com.baynews9.baynews9plus&reviewId=Z3A6QU9xcFRPSHZSSXBnRXRFTkpDbDh2eDk3RTJmdjdrZkx1LUltb0dmcnZWWk9peWFsMEtqMU5SSzJoLV9hYURvZTlDNUN5S1U3TlpRUWRxalR4dTBkUFZv,"Crashes, radar doesn't animate"
108,https://lh3.ggpht.com/EGemoI2NTXmTsBVtJqk8jxF9rh8ApRWfsIMQSt2uE4OcpQqbFu7f7NbTK05lx80nuSijCz7sc3a277R67g=w48-h48-p-rw, A Google User ,3,com.baynews9.baynews9plus,  Started crashing. Will try it again because  I  liked it  ,"June 7, 2015",gp:AOqpTOEZELg8wfR8-RxLcwv9I1KITjK8TNYnuAmbod3ZQnHQNNnUdeTprxdNcx-PVVTagrLBUEdVolgS-Gw_HFo,/store/apps/details?id=com.baynews9.baynews9plus&reviewId=Z3A6QU9xcFRPRVpFTGc4d2ZSOC1SeExjd3Y5STFLSVRqSzhUTlludUFtYm9kM1pRbkhRTk5uVWRlVHByeGROY3gtUFZWVGFnckxCVUVkVm9sZ1MtR3dfSEZv,Used to work
109,https://lh3.ggpht.com/EGemoI2NTXmTsBVtJqk8jxF9rh8ApRWfsIMQSt2uE4OcpQqbFu7f7NbTK05lx80nuSijCz7sc3a277R67g=w48-h48-p-rw, A Google User ,2,com.baynews9.baynews9plus,  Tired of it crashing fix it or ill get rid of it  ,"June 19, 2015",gp:AOqpTOHeYI_9q2vTL78tfBvx2toiLF9-1eB1IddFkwZSUsTKrkIF7NRd_Sr-yx2au_0-nVFV_G4rKdTnBiaD1o8,/store/apps/details?id=com.baynews9.baynews9plus&reviewId=Z3A6QU9xcFRPSGVZSV85cTJ2VEw3OHRmQnZ4MnRvaUxGOS0xZUIxSWRkRmt3WlNVc1RLcmtJRjdOUmRfU3IteXgyYXVfMC1uVkZWX0c0cktkVG5CaWFEMW84,Bad an annoying
110,https://lh3.ggpht.com/EGemoI2NTXmTsBVtJqk8jxF9rh8ApRWfsIMQSt2uE4OcpQqbFu7f7NbTK05lx80nuSijCz7sc3a277R67g=w48-h48-p-rw, A Google User ,5,com.baynews9.baynews9plus,"  The radar is there,  it's on the sidebar and titled Weather map.  You have to adjust the map settings to overlay Klystron 9.  ","July 24, 2015",gp:AOqpTOH76lNCPvsGs1nTTCJ2-dVAOAqkmQAGLW-4zTnBoE21eeDVaLnq5AHojq7GWQHS9RY_vV67wwk10lseQ_M,/store/apps/details?id=com.baynews9.baynews9plus&reviewId=Z3A6QU9xcFRPSDc2bE5DUHZzR3MxblRUQ0oyLWRWQU9BcWttUUFHTFctNHpUbkJvRTIxZWVEVmFMbnE1QUhvanE3R1dRSFM5UllfdlY2N3d3azEwbHNlUV9N,Great app.
111,https://lh3.ggpht.com/EGemoI2NTXmTsBVtJqk8jxF9rh8ApRWfsIMQSt2uE4OcpQqbFu7f7NbTK05lx80nuSijCz7sc3a277R67g=w48-h48-p-rw, A Google User ,1,com.baynews9.baynews9plus,  Loved it at first but now it won't work at all. So good bye this app sucks.  ,"June 18, 2015",gp:AOqpTOHTAYVa-CDH7nlwfPoZgydUiDYAgvAQF5IoNlEV11lVJDXhzdJB-2tWBrAlowlyZDILOK4x5rxUtw7jv5U,/store/apps/details?id=com.baynews9.baynews9plus&reviewId=Z3A6QU9xcFRPSFRBWVZhLUNESDdubHdmUG9aZ3lkVWlEWUFndkFRRjVJb05sRVYxMWxWSkRYaHpkSkItMnRXQnJBbG93bHlaRElMT0s0eDVyeFV0dzdqdjVV,
112,https://lh3.ggpht.com/EGemoI2NTXmTsBVtJqk8jxF9rh8ApRWfsIMQSt2uE4OcpQqbFu7f7NbTK05lx80nuSijCz7sc3a277R67g=w48-h48-p-rw, A Google User ,1,com.baynews9.baynews9plus,  I searched for klystron 9 and this came up .. There is no klystron 9 on this app.  ,"August 3, 2015",gp:AOqpTOFdO3CjuNh_oWtCgUUlxOD8_zV_9s20Jtr97pD9TTC9qC6RVjHlYYc6fi_r47LccB2G8zsKfkVVABLptSA,/store/apps/details?id=com.baynews9.baynews9plus&reviewId=Z3A6QU9xcFRPRmRPM0NqdU5oX29XdENnVVVseE9EOF96Vl85czIwSnRyOTdwRDlUVEM5cUM2UlZqSGxZWWM2ZmlfcjQ3TGNjQjJHOHpzS2ZrVlZBQkxwdFNB,I searched for klystron 9
113,https://lh3.ggpht.com/EGemoI2NTXmTsBVtJqk8jxF9rh8ApRWfsIMQSt2uE4OcpQqbFu7f7NbTK05lx80nuSijCz7sc3a277R67g=w48-h48-p-rw, A Google User ,5,com.baynews9.baynews9plus,  I agree with others about the radar but besides that I think it's a well-put-together app and I enjoy using it. Thank you Bay News 9  ,"August 13, 2015",gp:AOqpTOHDDf2MgKwNArzxZFeSOs0NZW_wPfCyz0fnM7wS-I2nosqwBtxfdZETZLckntxiHv2WGAxX8DW972cLBRM,/store/apps/details?id=com.baynews9.baynews9plus&reviewId=Z3A6QU9xcFRPSEREZjJNZ0t3TkFyenhaRmVTT3MwTlpXX3dQZkN5ejBmbk03d1MtSTJub3Nxd0J0eGZkWkVUWkxja250eGlIdjJXR0F4WDhEVzk3MmNMQlJN,
114,https://lh3.ggpht.com/EGemoI2NTXmTsBVtJqk8jxF9rh8ApRWfsIMQSt2uE4OcpQqbFu7f7NbTK05lx80nuSijCz7sc3a277R67g=w48-h48-p-rw, A Google User ,5,com.baynews9.baynews9plus,  Best app for weather on the 9s get it right now and check it out I'm not joking it's top notch.  ,"July 2, 2015",gp:AOqpTOHt7RLWKNahCzfu3otvfCMBBae93JiW-FJNiEBGVTDY6OHk2xKzPXEg91BDhdO5-h1VEz9dSojm1i0Wmmk,/store/apps/details?id=com.baynews9.baynews9plus&reviewId=Z3A6QU9xcFRPSHQ3UkxXS05haEN6ZnUzb3R2ZkNNQkJhZTkzSmlXLUZKTmlFQkdWVERZNk9IazJ4S3pQWEVnOTFCRGhkTzUtaDFWRXo5ZFNvam0xaTBXbW1r,
115,https://lh3.ggpht.com/EGemoI2NTXmTsBVtJqk8jxF9rh8ApRWfsIMQSt2uE4OcpQqbFu7f7NbTK05lx80nuSijCz7sc3a277R67g=w48-h48-p-rw, A Google User ,3,com.baynews9.baynews9plus,  Keeps crashing  ,"August 3, 2015",gp:AOqpTOHSKGVMToMkXDjz_omtuZb8UTf5CmHnoQkJJ6XU9SI9RIJ47MP-uxQh_uHnCHxjeqFlv8jE50F07Tbp0c8,/store/apps/details?id=com.baynews9.baynews9plus&reviewId=Z3A6QU9xcFRPSFNLR1ZNVG9Na1hEanpfb210dVpiOFVUZjVDbUhub1FrSko2WFU5U0k5UklKNDdNUC11eFFoX3VIbkNIeGplcUZsdjhqRTUwRjA3VGJwMGM4,Baynews 9+
116,https://lh3.ggpht.com/EGemoI2NTXmTsBVtJqk8jxF9rh8ApRWfsIMQSt2uE4OcpQqbFu7f7NbTK05lx80nuSijCz7sc3a277R67g=w48-h48-p-rw, A Google User ,1,com.baynews9.baynews9plus,  Terrible without radar.  ,"July 6, 2015",gp:AOqpTOH9xg76FsONF_flxsVPcx87N6_Uk2zPaGNyO-ZC66yYk4x-b79OofAXTKp9FRawD9p8ci1ttaDN6HPnNPM,/store/apps/details?id=com.baynews9.baynews9plus&reviewId=Z3A6QU9xcFRPSDl4Zzc2RnNPTkZfZmx4c1ZQY3g4N042X1VrMnpQYUdOeU8tWkM2NnlZazR4LWI3OU9vZkFYVEtwOUZSYXdEOXA4Y2kxdHRhRE42SFBuTlBN,No klystron???
117,https://lh3.ggpht.com/EGemoI2NTXmTsBVtJqk8jxF9rh8ApRWfsIMQSt2uE4OcpQqbFu7f7NbTK05lx80nuSijCz7sc3a277R67g=w48-h48-p-rw, A Google User ,4,com.baynews9.baynews9plus,  Clear your app cache and /or data to make it appear again.  ,"July 3, 2015",gp:AOqpTOGc9NRPGuLV4OaydKQ2YokCtStbG5HVQWNSJiumvUZDnw4TDeOurjahPlvggPtZf9lU3Co3Yuhmve8BZzE,/store/apps/details?id=com.baynews9.baynews9plus&reviewId=Z3A6QU9xcFRPR2M5TlJQR3VMVjRPYXlkS1EyWW9rQ3RTdGJHNUhWUVdOU0ppdW12VVpEbnc0VERlT3VyamFoUGx2Z2dQdFpmOWxVM0NvM1l1aG12ZThCWnpF,Klystron 9
118,https://lh3.ggpht.com/EGemoI2NTXmTsBVtJqk8jxF9rh8ApRWfsIMQSt2uE4OcpQqbFu7f7NbTK05lx80nuSijCz7sc3a277R67g=w48-h48-p-rw, A Google User ,3,com.baynews9.baynews9plus,  Can see the map keeps closing the app on me fix please asap  ,"July 18, 2015",gp:AOqpTOGg5xp50fYIXI5_jkUex7u6eFWD3GmwjuSoBJE4RlEZHZtBv2t_P36Qu4egDJH2YLsB7CUF6SJ6Z54K3tk,/store/apps/details?id=com.baynews9.baynews9plus&reviewId=Z3A6QU9xcFRPR2c1eHA1MGZZSVhJNV9qa1VleDd1NmVGV0QzR213anVTb0JKRTRSbEVaSFp0QnYydF9QMzZRdTRlZ0RKSDJZTHNCN0NVRjZTSjZaNTRLM3Rr,Weather
119,https://lh3.ggpht.com/EGemoI2NTXmTsBVtJqk8jxF9rh8ApRWfsIMQSt2uE4OcpQqbFu7f7NbTK05lx80nuSijCz7sc3a277R67g=w48-h48-p-rw, A Google User ,1,com.baynews9.baynews9plus,  App keeps force closing. Please fix!!!!!!!!!!! Animated radar barely works or app force closes.  ,"June 20, 2015",gp:AOqpTOFOBsN-sJ-bNwDs6VMfWBT4bEjQ3ERJwCZ7PoRgrtmR0AkYkC2l5IX_4-kzpuXJWIFmPf2UM38qqPRzUEA,/store/apps/details?id=com.baynews9.baynews9plus&reviewId=Z3A6QU9xcFRPRk9Cc04tc0otYk53RHM2Vk1mV0JUNGJFalEzRVJKd0NaN1BvUmdydG1SMEFrWWtDMmw1SVhfNC1renB1WEpXSUZtUGYyVU0zOHFxUFJ6VUVB,Force close
