,app_id,category,content_rating,current_version,description,description_html,developer,developer_address,developer_email,developer_id,developer_url,editors_choice,free,histogram,iap,iap_range,icon,installs,interactive_elements,price,recent_changes,required_android_version,reviews,score,screenshots,size,title,updated,url,video
0,com.just4fun.spiderinphone,[ENTERTAINMENT],[Teen],2.7,"Throw an animated spider on the screen of your phone. Application ""Spider in phone funny joke"" will display a photorealistic animation of spiders in motion on the screen. You will think that real spiders are walking on your phone. Animation presents two species of spiders: ""Tegenaria domestica"" and ""Wolf spider"", which will move around the whole screen. Meanwhile you can normally use your phone: play games, read emails, browse the Internet. Other running applications will not stop the spider APP. They will always be on the top.
Remember: you can remove the application from the screen any time you want by pressing the icon of application with the inscription: ""Remove spiders"" in notification bar.
This application is perfect to scare your friends who suffer from arachnophobia. You can also try it out on friends who aren't afraid of spiders - maybe you will manage to cheat and scare also them.
Additionally, to make it easy to cheat your friends, we give you possibility to perset the time after which awful spiders will appear on the screen and possibility to set a transparent icon of removing spiders in notification bar. Both options will increase the joke’s chance of success.
How can you make a joke?
Borrow your friend’s phone for a moment. Install ""Spider in phone funny joke"", set for the spiders to appear after 5 seconds, press ""Show the spider"" and give the phone back to your friend. Tell him to check e.g. the weather forecast in his phone. An ugly spider will appear on the screen of his phone after 5 seconds. Your friend may believe that a real spider is walking on his phone. He may be really scared.
Main features of ""Spider in phone funny joke"":
- realistic and smooth animation of spiders.
- choice of time after which spiders will appear on the screen.
- transparent icon for removing spiders in notification bar.
- phone can be used while spiders are on screen","Throw an animated spider on the screen of your phone. Application ""Spider in phone funny joke"" will display a photorealistic animation of spiders in motion on the screen. You will think that real spiders are walking on your phone. Animation presents two species of spiders: ""Tegenaria domestica"" and ""Wolf spider"", which will move around the whole screen. Meanwhile you can normally use your phone: play games, read emails, browse the Internet. Other running applications will not stop the spider APP. They will always be on the top.<br/><br/>Remember: you can remove the application from the screen any time you want by pressing the icon of application with the inscription: ""Remove spiders"" in notification bar.<br/>This application is perfect to scare your friends who suffer from arachnophobia. You can also try it out on friends who aren't afraid of spiders - maybe you will manage to cheat and scare also them.<br/><br/>Additionally, to make it easy to cheat your friends, we give you possibility to perset the time after which awful spiders will appear on the screen and possibility to set a transparent icon of removing spiders in notification bar. Both options will increase the joke’s chance of success.<br/><br/>How can you make a joke?<br/>Borrow your friend’s phone for a moment. Install ""Spider in phone funny joke"", set for the spiders to appear after 5 seconds, press ""Show the spider"" and give the phone back to your friend. Tell him to check e.g. the weather forecast in his phone. An ugly spider will appear on the screen of his phone after 5 seconds. Your friend may believe that a real spider is walking on his phone. He may be really scared.<br/><br/>Main features of ""Spider in phone funny joke"":<br/>- realistic and smooth animation of spiders.<br/>- choice of time after which spiders will appear on the screen. <br/>- transparent icon for removing spiders in notification bar.<br/>- phone can be used while spiders are on screen",Just4Fun,"Just4Fun Mobile Sp. z o.o.
Polna 31, 05-800 Pruszków, Poland",just4funhelp@gmail.com,7.71371E+18,https://www.just4funmobile.com/privacy-policy/,FALSE,TRUE,"{u'1': 3670, u'3': 3493, u'2': 1294, u'5': 26834, u'4': 5843}",TRUE,[Digital Purchases],https://lh3.googleusercontent.com/vHMwiKS_aupIY2DA4mzma8dCIMGm9Aasg-XAFZCmBjVgBHJWoHm0dxGKydlX7il1srM,"5,000,000+",[Digital Purchases],0,"🕷️ Our little spider is ready for Android 9.0 (Pie)

🕸️ Scary spider animation quality improvement

🕷️ Now you can remove advertisements",Varies with device,41134,4.2,"[https://lh3.ggpht.com/0NYBEpHs2CJToE4nLcr16dKEPj4OXl6SNULiVGG0wIAn5iJ8kdMs0Nmo676nXCqmQcRg=w720-h310-rw, https://lh3.ggpht.com/jlanSlk-6mSr6aaQukfhJq11HkRrW2-OiIJlG6K3tCfUdQ6cKo0KwvQs8nyksWIRuYOV=w720-h310-rw, https://lh3.ggpht.com/1YOUrIPnNi7JnA5mpMcThEmKXimgrFDVLg1-Fv68Vh3-vBa-S-MUBn9pGeTZY-fLRLHH=w720-h310-rw, https://lh3.ggpht.com/lKOHaZ_XQyJXLYuWf_sH8u62dWxStG3wY4HkDQ6iO_PX-SJ0XGvU_WfhnzoKT6v2fw=w720-h310-rw, https://lh3.ggpht.com/8zczJ6E1qWoCSiyKtGYiR8rTzKlDPsmdiayzuUP78gy5NFyCLiWkfHRvo6QOb11UFg=w720-h310-rw, https://lh3.ggpht.com/3XpWNBDN9q1pq5R65p1LfjXMQg3-HTWv_bMHbKUY-pZ4qkjPIL6IoJN0wPOFYqPSqFY=w720-h310-rw, https://lh3.ggpht.com/uGtZdeAXGruPLE8tRTx7sbg2KGPQscvkiXLfr17sy1nhWZWh4ZFc93aKKUC1zeqOKIS_=w720-h310-rw, https://lh3.ggpht.com/FU28wrtT6ZdKBEavGipxQNvxQ8NHw23bjHA_v1hs00hKen2552t-EhvL6cu_NVTB9M8=w720-h310-rw, https://lh3.ggpht.com/M9YFZzTSj6FOVf1sL7Mm3ODpmzt_DMjxF_jpvP_VRQUYBDHAliLMyOshPi5uNZ2B7d4=w720-h310-rw, https://lh3.googleusercontent.com/9xc4ssrat5uNxyHpUSm8m9L_3TDgpFxd37EZZ4OMF86My9zzPnn2P7pjo1iwoBGdMgQ=w720-h310-rw, https://lh3.googleusercontent.com/OvkLsH04rbrwU0hHijSn9Niq3FEA91_Vxjlw4grb21mdoX9x0E0Dw3kZXpnWd-v5F3MR=w720-h310-rw, https://lh3.googleusercontent.com/XYngX6NP8hOgMVGoXn-AfpwoD0GIZJaQQE37GocqozkndU1X_FIHvVu2yZuwXkNLFGQt=w720-h310-rw]",Varies with device,Spider in phone funny joke,"February 22, 2019",https://play.google.com/store/apps/details?id=com.just4fun.spiderinphone&gl=us&hl=en,https://www.youtube.com/embed/ggcrI2UlFzE
1,com.customsolutions.android.alexa,[PRODUCTIVITY],[Everyone],Varies with device,"Ultimate Alexa is a full-featured voice assistant that uses the Amazon Alexa voice service, and is the first app on Google Play to support Alexa’s Display Card technology – like the Amazon Echo Show. Hear
and see
weather forecasts, to-do and shopping lists, news headlines, Wikipedia entries, and much more.  Support is included for both phones and Wear OS watches. If your watch doesn't have a speaker, your connected phone's speaker will be used.
Wake up Alexa on your phone by either saying the “Alexa” wake word or tapping on the big button. You can also activate Alexa from your notification area or the resizable widget.
Upgrade to the Pro version and you can wake up Alexa by simply shaking your phone. If you have a Samsung device with a Bixby button, the Pro version also lets you use that button to talk to Alexa.
On your Wear OS watch, just tap on the big button or say ""OK Google. Open Alexa"".
You have full control over when the app will listen and respond to your commands. You can also choose from 5 different Alexa voices.
Support is included for every Alexa feature Amazon allows, including:
• Reminders, timers, and alarms.
• Repeating alarms. For example, you can have Alexa wake you up every morning.
• Calendar entries. Hear and see your calendar items.
• Reading of Kindle and Audible books.
• Smart home device control.
• Access to local information: businesses, restaurants, movies, phone numbers, and more.
• News, weather, sports, and traffic.
• Fun and games.
• General information: Wikipedia entries, math, unit conversions, and more.
• To-do and shopping lists. See the list on-screen and have it read out to you.
• Shopping on Amazon.
• Access to thousands of third party skills.
• And much more!
Music Playback:
Due to restrictions imposed by Amazon, music playback through voice commands is limited to 3rd party skills that support music. Voice commands cannot be used to play music from Amazon and popular services such as Pandora and Spotify.
Amazon Echo Device Owners:
If you are looking for Amazon's Alexa app, that provides remote control and settings for your device, download it here: https://play.google.com/store/apps/details?id=com.amazon.dee.app","Ultimate Alexa is a full-featured voice assistant that uses the Amazon Alexa voice service, and is the first app on Google Play to support Alexa’s Display Card technology – like the Amazon Echo Show. Hear <b>and see</b> weather forecasts, to-do and shopping lists, news headlines, Wikipedia entries, and much more.  Support is included for both phones and Wear OS watches. If your watch doesn't have a speaker, your connected phone's speaker will be used.<br/><br/>Wake up Alexa on your phone by either saying the “Alexa” wake word or tapping on the big button. You can also activate Alexa from your notification area or the resizable widget.<br/><br/>Upgrade to the Pro version and you can wake up Alexa by simply shaking your phone. If you have a Samsung device with a Bixby button, the Pro version also lets you use that button to talk to Alexa.<br/><br/>On your Wear OS watch, just tap on the big button or say ""OK Google. Open Alexa"".<br/><br/>You have full control over when the app will listen and respond to your commands. You can also choose from 5 different Alexa voices.<br/><br/>Support is included for every Alexa feature Amazon allows, including:<br/><br/>• Reminders, timers, and alarms.<br/><br/>• Repeating alarms. For example, you can have Alexa wake you up every morning.<br/><br/>• Calendar entries. Hear and see your calendar items.<br/><br/>• Reading of Kindle and Audible books.<br/><br/>• Smart home device control.<br/><br/>• Access to local information: businesses, restaurants, movies, phone numbers, and more.<br/><br/>• News, weather, sports, and traffic.<br/><br/>• Fun and games.<br/><br/>• General information: Wikipedia entries, math, unit conversions, and more.<br/><br/>• To-do and shopping lists. See the list on-screen and have it read out to you.<br/><br/>• Shopping on Amazon.<br/><br/>• Access to thousands of third party skills.<br/><br/>• And much more!<br/><br/><b>Music Playback:</b> Due to restrictions imposed by Amazon, music playback through voice commands is limited to 3rd party skills that support music. Voice commands cannot be used to play music from Amazon and popular services such as Pandora and Spotify.<br/><br/><b>Amazon Echo Device Owners:</b> If you are looking for Amazon's Alexa app, that provides remote control and settings for your device, download it here: https://play.google.com/store/apps/details?id=com.amazon.dee.app",Custom Solutions,"125 Buckskin Lane
Streamwood, IL  60107",support@customsolutions.us,Custom+Solutions,http://www.UltimateVoiceAssistant.com,FALSE,TRUE,"{u'1': 235, u'3': 117, u'2': 38, u'5': 840, u'4': 173}",TRUE,"[$0.99, $1.99]",https://lh3.googleusercontent.com/oCBZ0bvUpGOmTk7k00UpUEqkk5wZ2Mdi-aDB5pvfqLy4i6iESXbTu2UBdRCSW4mFBlmy,"100,000+",[Digital Purchases],0,Minor bug fixes.,Varies with device,1403,4,"[https://lh3.googleusercontent.com/AkcIuioeLc0VjdZ0ees_FAxR6ihkg30nPvM-QKaU-LAZ9EIyAHHgb8x01jsVDgSmmpI=w720-h310-rw, https://lh3.googleusercontent.com/B8PDo54UTpz2LstF8hZMogt21Q3hEF-ZujOpM4kYkb3RkT4kieLbULjATzVoGUHtY9IU=w720-h310-rw, https://lh3.googleusercontent.com/RBIB49IM0Cc_36CpsCPwVm-9GuAmVA-BErVmDqCjBCw8KlRNNTrc4DbgHL63WER8Kg=w720-h310-rw, https://lh3.googleusercontent.com/nQPZFvusrfLBsPPp37zXFUHDttaZBeh6N4tv9idRRV0oRWEKIWbXwxYXKvI9FtU99s0=w720-h310-rw, https://lh3.googleusercontent.com/pAZQsMtJmHKJEc7pNOPk5Ztw9fOpf0RECibOLtQCIi28A5_UmYY348RHk8bMITW1veU=w720-h310-rw, https://lh3.googleusercontent.com/oyN58XE_4xg9QhsolXjFGps0ljERxkqu1xOauQyTKx-j88X6qkaYABvk43Az39IEUCs7=w720-h310-rw, https://lh3.googleusercontent.com/M_Bi04fgPIDhBu8kG5JfmL6nrE3pykIyHXjZO5BJ5aISveVxWhZCFUIsyaFNtAfV8u7n=w720-h310-rw, https://lh3.googleusercontent.com/5jUQFWbAse0yfuhsaI1Y9W08y5txOQ54KfTsrpql-QRMGXg0dpRo-z74ck73-hDicA=w720-h310-rw, https://lh3.googleusercontent.com/CAPqQfiHbtQE3yzNzT8RGNsbnBaQCvMBzO27iNOL5kuMa2Tubq2Tn1kGaxMzUcvAKTs=w720-h310-rw, https://lh3.googleusercontent.com/3P_ObX3O2sRyeAlfSKyirUe2LM_lgghpDHH_LSNB5tbkw1sEdfgvUQqsAFthE77PkQ=w720-h310-rw, https://lh3.googleusercontent.com/uVeIP-fw9zr2ixfVdBMcQG0RqG1GOmz8l8wAWJ1A_IvBbxREIJB67FzaWbFCo209Kg=w720-h310-rw, https://lh3.googleusercontent.com/dTyVr4PvcN7L17mfI8diBiJBmPNGITBzUCeEaf1zMQl5ktrLfGjisVZ-DY1LSUb-TEc=w720-h310-rw, https://lh3.googleusercontent.com/HmYfOdCo7rNayYz8xw_w-PUyt3UHng51dG4oLH26f_qh8f2DrxJPDAwO4O2awf1xOg=w720-h310-rw, https://lh3.googleusercontent.com/FViMBPj7PpipXbzHFjdL3NITedrvEeuDdxNLC7bkAWyew3wG9jYw4y2M1vK-Tl17qlI=w720-h310-rw]",Varies with device,Ultimate Alexa - The Voice Assistant,"March 13, 2019",https://play.google.com/store/apps/details?id=com.customsolutions.android.alexa&gl=us&hl=en,
2,com.mobilefootie.wc2010,[SPORTS],[Everyone],Varies with device,"⚽ LIVE SCORES - MATCH COMMENTARY - STATS - FIXTURES - NEWS
FotMob gives you all the scores, stats, and storylines to keep you up to speed with the world of soccer. Personalized news and notifications make it easy to follow your favorite teams and players. And lightning-quick live match updates make sure you never miss a moment, no matter where you are.
Features include:
• Live scores and match stats
• Live text commentary
• Pre-match lineups
• Confirmed transfer updates
• Personalized news content and push notifications for your favorite clubs and players
• TV schedules
• Audio commentary in more than 10 languages
• Favorites tab helps you easily track the teams and players you love
• News feeds by league and team
• Coverage for over 200 competitions including: Premier League, La Liga, Serie A, Bundesliga (1, 2 & 3), Ligue 1, MLS, USL, Champions League, Liga MX, FA Women’s Super League, Eredivisie, FA Cup, UEFA Nations League, the Championship, EFL, Scottish Premier League, and more.
Follow for the latest updates and to share feedback - we'd love to hear from you!
Twitter: http://twitter.com/fotmob
Facebook: http://www.facebook.com/fotmob
Instagram: http://www.instagram.com/fotmobapp
Web: http://www.fotmob.com/","⚽ LIVE SCORES - MATCH COMMENTARY - STATS - FIXTURES - NEWS<br/><br/>FotMob gives you all the scores, stats, and storylines to keep you up to speed with the world of soccer. Personalized news and notifications make it easy to follow your favorite teams and players. And lightning-quick live match updates make sure you never miss a moment, no matter where you are. <br/><br/><b>Features include:</b> <br/>• Live scores and match stats<br/>• Live text commentary<br/>• Pre-match lineups <br/>• Confirmed transfer updates<br/>• Personalized news content and push notifications for your favorite clubs and players<br/>• TV schedules<br/>• Audio commentary in more than 10 languages<br/>• Favorites tab helps you easily track the teams and players you love<br/>• News feeds by league and team<br/>• Coverage for over 200 competitions including: Premier League, La Liga, Serie A, Bundesliga (1, 2 &amp; 3), Ligue 1, MLS, USL, Champions League, Liga MX, FA Women’s Super League, Eredivisie, FA Cup, UEFA Nations League, the Championship, EFL, Scottish Premier League, and more.<br/><br/><b>Follow for the latest updates and to share feedback - we'd love to hear from you!</b><br/>Twitter: http://twitter.com/fotmob<br/>Facebook: http://www.facebook.com/fotmob<br/>Instagram: http://www.instagram.com/fotmobapp<br/>Web: http://www.fotmob.com/",NorApps AS,"NorApps AS
Kokstadvegen 23
5257 Kokstad
Norway",support@norapps.no,6.77351E+18,http://www.fotmob.com,FALSE,TRUE,"{u'1': 7032, u'3': 12743, u'2': 4039, u'5': 346352, u'4': 78618}",TRUE,"[$0.99, $3.49]",https://lh3.googleusercontent.com/BV92zk1Jga3PzDPTSCdmIiXZ-xcHyOITZiG-7Tg3o5IZHsHbiX7OrV67OV2HVeVYAw,"10,000,000+",[In-App Purchases],0,"- Two most important players are now shown in match facts for the top leagues

- Fixed bug with pressing back on team page didn't take you to the previous screen

- We now show transfer notifications in your local currency

- Fixed bug with all sounds set as silent when doing a reinstall of the app or restoring from backup
",Varies with device,448784,4.7,"[https://lh3.googleusercontent.com/Skq7-F3bt7rSfj7pvmZGrUPlgPTLvYD2cMp5226Q0WL1lMw51WZ0tlKWziYOoZn5uTn1=w720-h310-rw, https://lh3.googleusercontent.com/s6gXrvoW7GBfgxIbJh40PAnIlAh79GFBhGFrW5QE5uvdy6Qjn3luvok7u94CXEMrePQ=w720-h310-rw, https://lh3.googleusercontent.com/4ylxsu8mrs_HgXuSgHNaccOdCpljen-DaIdmMpvv8KBXzqzQJV0hX2eLzGZqkwmdyuDS=w720-h310-rw, https://lh3.googleusercontent.com/DoGaUvWvol3xZlQLgkiZ6UmX9HtlhF1V5wpPHUnnbbXo6GJwj7yT4SbkAB5vS8K4xNoH=w720-h310-rw, https://lh3.googleusercontent.com/lILWR5tpQleWbRLxunkZqCTc0Yrdw53AEQs5UwalETB7vkXc4TO2k_FKLBnekxll4ls=w720-h310-rw, https://lh3.googleusercontent.com/I9IWbg7_Au9DNHzstt9arREd4rx4oP0QAO1OZhpre2bdtpAkwDo5k03kChJL9Z_50oFv=w720-h310-rw, https://lh3.googleusercontent.com/AyLSDGLyHsPKBcLOb1xwed3s2DftPU8QwCwS8VCitUX9UiJ4RF8674_NDe0hW2k9Sxc=w720-h310-rw, https://lh3.googleusercontent.com/GJI6OZDKnYDIS29lR1Z6WmowUx9w2WwjZwCR7ei6YWuHY7NFD46mi6A875-hgJ_2U-on=w720-h310-rw]",Varies with device,FotMob - Live Soccer Scores,"March 10, 2019",https://play.google.com/store/apps/details?id=com.mobilefootie.wc2010&gl=us&hl=en,
3,com.just4fun.snakeonscreen,[ENTERTAINMENT],[Everyone],Varies with device,"This application will display very realistic animation of snake (Python) on the screen of your phone. You can play game, watch film, browse the Internet and the slithery reptile will always be visible. Movement of this footless vertebrate was generated on the basis of a real film showing a snake moving in it's natural environment. Fluent movement and high quality of graphics can make anybody pranked that a real animal is moving on the screen of his phone.
How can you scare or prank your friends?
1. Install a free snake on your phone.
2. Start python with the time delay, e.g. 20 seconds.
3. Ask your friend e.g. to help sign-in to his WIFi network, because you need to use the internet for a moment.
4. After 20 seconds a virtual snake will appear on the screen! A joke is ready, a victim is scared:)
Main features of application:
- high quality of graphics and realistic movement of a snake
- possibility of setting time delay
- possibility of setting transparent notification icon
- normal, bigger and large snake size","This application will display very realistic animation of snake (Python) on the screen of your phone. You can play game, watch film, browse the Internet and the slithery reptile will always be visible. Movement of this footless vertebrate was generated on the basis of a real film showing a snake moving in it's natural environment. Fluent movement and high quality of graphics can make anybody pranked that a real animal is moving on the screen of his phone.<br/><br/>How can you scare or prank your friends?<br/>1. Install a free snake on your phone.<br/>2. Start python with the time delay, e.g. 20 seconds.<br/>3. Ask your friend e.g. to help sign-in to his WIFi network, because you need to use the internet for a moment.<br/>4. After 20 seconds a virtual snake will appear on the screen! A joke is ready, a victim is scared:)<br/><br/>Main features of application:<br/>- high quality of graphics and realistic movement of a snake<br/>- possibility of setting time delay<br/>- possibility of setting transparent notification icon<br/>- normal, bigger and large snake size",Just4Fun,"Just4Fun Mobile Sp. z o.o.
Polna 31, 05-800 Pruszków, Poland",just4funhelp@gmail.com,7.71371E+18,https://www.just4funmobile.com/privacy-policy/,FALSE,TRUE,"{u'1': 3326, u'3': 9244, u'2': 1754, u'5': 64075, u'4': 14726}",TRUE,[Digital Purchases],https://lh3.googleusercontent.com/ObHIimJjosLo0tfvUjizBY46ohOakfzzquzd9zaamgXFkXM8BUEaEH9V64S85vUb50A,"10,000,000+",[Digital Purchases],0,"🐍 Hissing snake is ready for Android 9.0 (Pie)

🐍 Now you can play snake mini game with Top Scores!

🐍 Snake crawling animation quality improvement",Varies with device,93125,4.4,"[https://lh3.googleusercontent.com/8JPOphY1zoPHXnj_11-z5bkITLYgdThgUUfWfThoLHmqB6i4LjfG-IfB0FeXpmSsy00=w720-h310-rw, https://lh3.googleusercontent.com/4J-ypJN12TrEjmlzThDVtkMj3PWjJUfnbAhIHxhhO_H-ZyaDOOGKXuZxuSnEH0rdl-g=w720-h310-rw, https://lh3.googleusercontent.com/LzYV2TT52AXZq6WGkLGT_DuUkimps0RzgrCVNy49HEN4x50jz-dUkfvuGZTTScHn7i6z=w720-h310-rw, https://lh3.googleusercontent.com/ucr4v9t03xirof5fhrdVWy4WjPWvrvZw9ONotNHOVuJVg4SV7vHs36lgqdIBzqo9Zg=w720-h310-rw, https://lh3.googleusercontent.com/MOMWA-hym_asq3wPgzwdFC2lnyPd3sGynneI0-Xk9MRP-EE5yjhsMCqRqkenD1iHLko=w720-h310-rw, https://lh3.googleusercontent.com/TnWIzQlhdrFs-NYCPc8VRUCqDdUOXORBJ7zKuNYOJOdXNvpe0iKZ7Q-70ncjp-qoBw=w720-h310-rw, https://lh3.googleusercontent.com/PQRKU0OkwQ8BA9oT4StB5Hzm7Lnv4bSf0pdW7cybVlGVFmvhXo6v4yGQMuWt5bEsuPkg=w720-h310-rw]",Varies with device,Snake On Screen Hissing Joke,"March 14, 2019",https://play.google.com/store/apps/details?id=com.just4fun.snakeonscreen&gl=us&hl=en,https://www.youtube.com/embed/SVEmrf-n0l4
4,ch.sooon.initial,[PERSONALIZATION],[Everyone],Varies with device,"NOT FOR SAMSUNG GEAR S2/S3 – NO TIZEN COMPATIBILITY
Not compatible on Sony Smartwatch 3
✭✭✭ Initial Watch Face. Your very own analog dial ✭✭✭
Initial Watch Face, a simple and elegant watch face designed to fit your needs and taste.
Premium version offers up to 4 fully customizable complications and 8 selected colors.
Choose between 2 different second movements : the fluid trail or the stepping hand.
Change the hands shape. Choose between the full or hollow hands.
Easy to set, you can change all the complications to fit your daily needs.
With its elegant and simple design, this analog watch face focuses on personalization and readability.
Premium features and settings
•	Up to 4 fully customizable complications
•	8 selected colors
•	2 different hands shape
•	2 different second hand movements
Free features and settings
•	Time (Hours Minutes Seconds)
•	4 complications of your choice
Specifications
•	Optimized for low battery consumption
•	Developed for WearOS 2.0
•	Compatible with WearOS 1.X
•	NOT FOR SAMSUNG GEAR S2/S3 – NO TIZEN COMPATIBILITY
•	No ads
Installation
WearOS 2.0 – from your smartwatch
1.	Open the Play Store app via your wear device
2.	Download and install the watch face
3.	Long press and swipe right to « add more watch faces »
4.	Select your new watch face
5.	Start designing your dial
WearOS 1.x & 2.0 – from your phone
1.	Open the playstore app via your phone
2.	Make sure phone is connected to your wear device
3.	Download and install the watch face on your phone
4.	Within seconds/minutes the watch face will appear on your wear device
5.	Customize your watch and enjoy !
Should you experience any problem please contact us instead of smashing us.
We will get in touch with you asap.","<font color=""red""> NOT FOR SAMSUNG GEAR S2/S3 – NO TIZEN COMPATIBILITY<br/>Not compatible on Sony Smartwatch 3 </font><br/><br/><b>✭✭✭ Initial Watch Face. Your very own analog dial ✭✭✭</b><br/><br/>Initial Watch Face, a simple and elegant watch face designed to fit your needs and taste.<br/><br/>Premium version offers up to 4 fully customizable complications and 8 selected colors.<br/><br/>Choose between 2 different second movements : the fluid trail or the stepping hand.<br/><br/>Change the hands shape. Choose between the full or hollow hands.<br/><br/>Easy to set, you can change all the complications to fit your daily needs. <br/><br/>With its elegant and simple design, this analog watch face focuses on personalization and readability.<br/><br/><br/><b>Premium features and settings</b><br/><br/>•	Up to 4 fully customizable complications <br/>•	8 selected colors<br/>•	2 different hands shape<br/>•	2 different second hand movements<br/><br/><b>Free features and settings</b><br/><br/>•	Time (Hours Minutes Seconds)<br/>•	4 complications of your choice<br/><br/><br/><b>Specifications</b><br/><br/>•	Optimized for low battery consumption<br/>•	Developed for WearOS 2.0<br/>•	Compatible with WearOS 1.X <br/>•	NOT FOR SAMSUNG GEAR S2/S3 – NO TIZEN COMPATIBILITY<br/>•	No ads<br/><br/><br/><b> Installation</b><br/><br/>WearOS 2.0 – from your smartwatch<br/><br/>1.	Open the Play Store app via your wear device<br/>2.	Download and install the watch face<br/>3.	Long press and swipe right to « add more watch faces »<br/>4.	Select your new watch face<br/>5.	Start designing your dial<br/><br/><br/>WearOS 1.x &amp; 2.0 – from your phone <br/><br/>1.	Open the playstore app via your phone<br/>2.	Make sure phone is connected to your wear device <br/>3.	Download and install the watch face on your phone<br/>4.	Within seconds/minutes the watch face will appear on your wear device<br/>5.	Customize your watch and enjoy !<br/><br/><b> Should you experience any problem please contact us instead of smashing us. <br/>We will get in touch with you asap.</b>",SOOON,"Sooon SA
Rue St-Honoré 10
2000 Neuchâtel
Switzerland",support@sooon.ch,8.50019E+18,http://www.sooon.ch/,FALSE,TRUE,"{u'1': 2, u'3': 1, u'2': 0, u'5': 11, u'4': 0}",TRUE,[Digital Purchases],https://lh3.googleusercontent.com/Z7xYNS7hRojMPNvANA29O8sYBdkghQa5Aamdexbb69OkQQ_kHPYfLpG1snQB5mwcQFh2,"1,000+",[Digital Purchases],0,Enable Firebase notifications,Varies with device,14,4.3,"[https://lh3.googleusercontent.com/juaayfWs6B-VVABPJFiI668GQKaaCDPDAkr1nG7IZFtOHJ-SsmEI0HK8_tP2Q99eYg=w720-h310-rw, https://lh3.googleusercontent.com/GT46V6rvl9NeWj9scfhLys2uSFkF6gl0LeN-Z2S3r4HxGMqhqmLW9EvhB99i-OT-fSk=w720-h310-rw, https://lh3.googleusercontent.com/LjCyWq-srru7_K4P6QVD9qgAZ5p5UNt9zgVrxU0eghmL8eCJGnWdCu4EOKmQ1Cii3w=w720-h310-rw, https://lh3.googleusercontent.com/YnpT712sm8OyxWOPZCzULcGxxbmXsEtAQoJhiN7XFAsvx3cleSZKlhuT8hJDbF79sa5J=w720-h310-rw, https://lh3.googleusercontent.com/MXQb7Shu9sQfNW_twcyL3d1RmAyPpD0XP33YAls3IdskonImhkG2s1fJsjR0J5oONOw=w720-h310-rw, https://lh3.googleusercontent.com/H11NX_RVHReV_k_BDPSGK9-dJH_NNYSSPxqO-wZw4mxaHdGOkv1UQfAelA5CrvTTQvY=w720-h310-rw, https://lh3.googleusercontent.com/kpZsxIQWp5haVtKOlrS8NcjHg9qbpu9aq_TESJWJ6gKRh9zp99iq_BGyCpolbGnQ0Q=w720-h310-rw]",Varies with device,Initial Watch Face,"February 25, 2019",https://play.google.com/store/apps/details?id=ch.sooon.initial&gl=us&hl=en,https://www.youtube.com/embed/RVwmGIJGyjs
5,ch.sooon.origin,[PERSONALIZATION],[Everyone],1.0.3,"NOT FOR SAMSUNG GEAR S2/S3 – NO TIZEN COMPATIBILITY
Not compatible on Sony Smartwatch 3
✭✭✭ Origin Watch Face. An elegant and organic analog dial ✭✭✭
Origin Watch Face, a simple and smooth watch face designed to fit your needs and taste.
Premium version offers up to 4 fully customizable complications and 8 selected colors.
Configure your own dial.
Choose among 8 selected colors to customize second movement and complications.
Choose between 2 different second movements : fluid or steps.
Easy to set, you can change complications as often as you want.
With its elegant and simple design, this analog watch face focuses on personalization and readability.
Premium features and settings
•	Up to 4 fully customizable complications
•	8 selected colors
•	2 different second hands
•	2 ambient modes
Free features and settings
•	Time (Hours Minutes Seconds)
Specifications
•	Optimized for low battery consumption
•	Developed for Wear 2.0
•	Compatible with Wear 1.X
•	NOT FOR SAMSUNG GEAR S2/S3 – NO TIZEN COMPATIBILITY
•	No ads
Installation
Wear OS 2.0 – from your smartwatch
1.	Open the playstore app via your wear device
2.	Download and install the watch face
3.	Long press and swipe right to « add more watch faces »
4.	Select your new watch face
5.	Start designing your dial
Wear 1.x & 2.0 – from your phone
1.	Open the playstore app via your phone
2.	Make sure phone is connected to your wear device
3.	Download and install the watch face on your phone
4.	Within seconds/minutes the watch face will appear on your wear device
5.	Customize your watch and enjoy !
Should you experience any problem please contact us instead of smashing us.
We will get in touch with you asap.","<b><font color=""red""> NOT FOR SAMSUNG GEAR S2/S3 – NO TIZEN COMPATIBILITY <br/>Not compatible on Sony Smartwatch 3</font></b><br/><br/><b>✭✭✭ Origin Watch Face. An elegant and organic analog dial ✭✭✭</b><br/><br/>Origin Watch Face, a simple and smooth watch face designed to fit your needs and taste.<br/><br/>Premium version offers up to 4 fully customizable complications and 8 selected colors.<br/><br/>Configure your own dial. <br/>Choose among 8 selected colors to customize second movement and complications.<br/>Choose between 2 different second movements : fluid or steps.<br/><br/>Easy to set, you can change complications as often as you want.<br/><br/>With its elegant and simple design, this analog watch face focuses on personalization and readability.<br/><br/><br/><b>Premium features and settings</b><br/><br/>•	Up to 4 fully customizable complications <br/>•	8 selected colors<br/>•	2 different second hands<br/>•	2 ambient modes<br/><br/><b>Free features and settings</b><br/><br/>•	Time (Hours Minutes Seconds)<br/><br/><br/><b>Specifications</b><br/><br/>•	Optimized for low battery consumption<br/>•	Developed for Wear 2.0<br/>•	Compatible with Wear 1.X <br/>•	NOT FOR SAMSUNG GEAR S2/S3 – NO TIZEN COMPATIBILITY<br/>•	No ads<br/><br/><br/><b> Installation</b><br/><br/>Wear OS 2.0 – from your smartwatch<br/><br/>1.	Open the playstore app via your wear device<br/>2.	Download and install the watch face<br/>3.	Long press and swipe right to « add more watch faces »<br/>4.	Select your new watch face<br/>5.	Start designing your dial<br/><br/><br/>Wear 1.x &amp; 2.0 – from your phone <br/><br/>1.	Open the playstore app via your phone<br/>2.	Make sure phone is connected to your wear device <br/>3.	Download and install the watch face on your phone<br/>4.	Within seconds/minutes the watch face will appear on your wear device<br/>5.	Customize your watch and enjoy !<br/><br/><b> Should you experience any problem please contact us instead of smashing us. <br/>We will get in touch with you asap.</b>",SOOON,"Sooon SA
Rue St-Honoré 10
2000 Neuchâtel
Switzerland",support@sooon.ch,8.50019E+18,http://www.sooon.ch/,FALSE,TRUE,"{u'1': 1, u'3': 1, u'2': 0, u'5': 9, u'4': 0}",TRUE,[Digital Purchases],https://lh3.googleusercontent.com/LQD-YF9qx-p4-FdcW1smm47zytVGDTgRi7I1p5-btj_vpfynOqivKaVxtmQUAOGcqVM,"1,000+",[Digital Purchases],0,Update color themes,Varies with device,11,4.5,"[https://lh3.googleusercontent.com/lBmabwBh95anVsEGrxJChrT6WIk0wfYMJp59pFQkvgbw9GlaJ4T5MHtdsIeayx2it94=w720-h310-rw, https://lh3.googleusercontent.com/tG9d-U9G7JJfoak5ZYEswKKvRYEq3gce9mLq0p9wfMdoqkoYN4tx213WGirSw4NetRM=w720-h310-rw, https://lh3.googleusercontent.com/Ih-y_lA8j5R283VLUxaT2IbHql895LXKY1YD8K8BdK4xKabnY0VyodksKKSYDUL8hO0=w720-h310-rw, https://lh3.googleusercontent.com/7b96lD1-ebXePoUYEydud1k1Cc-l5gj_Y3Q1KTlUgF_8Y_y7gkExXwDExNAq0B5s-mI=w720-h310-rw, https://lh3.googleusercontent.com/kG1J1LOWdMcHurr447YUlJx3t_AwoJK3KamX9U1VaU7f2WD_Jj7YFc96ZojzW18dwA=w720-h310-rw, https://lh3.googleusercontent.com/GUuqPQTgOJXyvu6JK95T2Fz0_Nwql7Cz_v-y_nOuduFKdDwYmoWpHIJHFsFdZ69_lh4=w720-h310-rw, https://lh3.googleusercontent.com/4vTnocGXn6pM2UTlofzO3dRCMd12zoZwcx4XGiRli3nEdtG_WvboMwhEjUwJHPiS0On6=w720-h310-rw]",Varies with device,Origin Watch Face,"March 14, 2019",https://play.google.com/store/apps/details?id=ch.sooon.origin&gl=us&hl=en,https://www.youtube.com/embed/4AHfM5YIacI
6,com.nest.android,[LIFESTYLE],[Everyone],5.33.0.5,"At Nest, we make products that are beautiful, thoughtful and easy to use. The Nest app is no exception.
Control your Nest Learning Thermostat, arm and disarm your Nest Secure alarm system, see your home with Nest Cam, and know if Nest Protect goes off – all in one place. And get notifications on your Android phone or tablet.
Nest uses sensors, algorithms and the location of your phone to do the right thing automatically, turning off the heat and turning on the camera when you leave. Forgot to set the alarm? Nest notices and will send you a Remind Me alert. And everyone at home can get notifications and control the Nest products they need with their own Nest Account – no more sharing passwords.
Nest Learning Thermostat and Nest Thermostat E
Thermostats that program themselves to help you save energy.
- Change the temperature from the subway or the sofa using your phone.
- See how much energy you used and why.
- View and edit your schedule or boost your domestic hot water.
- Get extreme temperature alerts before your home gets too cold.
- Earn Leafs when you choose a temperature that saves you energy.
Nest Secure alarm system
- Arm and disarm your home remotely from the app.
- Know who is coming and going with Family Account integration and event history.
- Receive a Remind Me alert if you left home and forgot to set the alarm.
- Invite guests from the app, sending them an email invitation with unique passcodes with set visiting hours.
- Receive a security alert on your phone telling you what triggered the alarm- either a door or window opened or someone entered a room.
Nest Protect
The smoke and carbon monoxide alarm that thinks, speaks and alerts your phone.
- Get an alert if Nest Protect senses smoke or carbon monoxide (CO).(Requires Wi-Fi and working internet connection)
- Silence an alarm from your phone with App Silence. (Nest Protect 2nd gen)
- See the status of your batteries, sensors and Wi-Fi connection.
- Run a Safety Checkup to test all your alarms at once. (Nest Protect 2nd gen)
- Get “What To Do” instructions during a smoke or CO event.
- See your Safety History so you know when alerts happened and why.
Nest Cam IQ indoor and outdoor, Nest Cam Indoor, Nest Cam Outdoor, and Dropcam
The security cameras that let you see your home on your phone, inside and out.
- Get alerts when there’s activity, and talk back to get someone’s attention.
- See what you missed with snapshots of the last three hours.
- Check in 24/7 with crisp 1080p HD (Nest Cam and Dropcam Pro only).
- Get person alerts (or familiar / unfamiliar face alerts with Nest Cam IQ) and up to 30 days of video history when you subscribe to Nest Aware. (Subscription service sold separately.)
Nest Hello
Know who’s knocking.
- Never miss a moment with 24/7 video streaming.
- Designed to show you everything at your doorstep – people head to toe or packages on the ground.
- Get notified about a visitor even if they don’t ring the bell.
- HD Talk and Listen enables you to naturally talk with someone at your door, while reducing ambient noise.
- When you can’t answer the door, quick responses let you reply to visitors with pre recorded audio messages.
Nest x Yale Lock
The lock for a more secure Nest home.
- Use Family Accounts so everyone can unlock the door with the Nest app.
- Give people a passcode, instead of a key.
- When someone locks or unlocks the door, the Nest app can send an alert.
- With Home/Away Assist and Auto- Lock, your door can lock itself when you leave.
Some features require a working internet connection, Wi-Fi and/or Bluetooth.","At Nest, we make products that are beautiful, thoughtful and easy to use. The Nest app is no exception. <br/><br/>Control your Nest Learning Thermostat, arm and disarm your Nest Secure alarm system, see your home with Nest Cam, and know if Nest Protect goes off – all in one place. And get notifications on your Android phone or tablet.<br/><br/>Nest uses sensors, algorithms and the location of your phone to do the right thing automatically, turning off the heat and turning on the camera when you leave. Forgot to set the alarm? Nest notices and will send you a Remind Me alert. And everyone at home can get notifications and control the Nest products they need with their own Nest Account – no more sharing passwords.<br/><br/>Nest Learning Thermostat and Nest Thermostat E<br/><br/>Thermostats that program themselves to help you save energy.<br/><br/>- Change the temperature from the subway or the sofa using your phone.<br/>- See how much energy you used and why.<br/>- View and edit your schedule or boost your domestic hot water.<br/>- Get extreme temperature alerts before your home gets too cold.<br/>- Earn Leafs when you choose a temperature that saves you energy.<br/><br/>Nest Secure alarm system<br/><br/>- Arm and disarm your home remotely from the app.<br/>- Know who is coming and going with Family Account integration and event history.<br/>- Receive a Remind Me alert if you left home and forgot to set the alarm.<br/>- Invite guests from the app, sending them an email invitation with unique passcodes with set visiting hours.<br/>- Receive a security alert on your phone telling you what triggered the alarm- either a door or window opened or someone entered a room.<br/><br/>Nest Protect<br/><br/>The smoke and carbon monoxide alarm that thinks, speaks and alerts your phone.<br/><br/>- Get an alert if Nest Protect senses smoke or carbon monoxide (CO).(Requires Wi-Fi and working internet connection)<br/>- Silence an alarm from your phone with App Silence. (Nest Protect 2nd gen)<br/>- See the status of your batteries, sensors and Wi-Fi connection.<br/>- Run a Safety Checkup to test all your alarms at once. (Nest Protect 2nd gen)<br/>- Get “What To Do” instructions during a smoke or CO event.<br/>- See your Safety History so you know when alerts happened and why.<br/><br/>Nest Cam IQ indoor and outdoor, Nest Cam Indoor, Nest Cam Outdoor, and Dropcam<br/><br/>The security cameras that let you see your home on your phone, inside and out.<br/><br/>- Get alerts when there’s activity, and talk back to get someone’s attention.<br/>- See what you missed with snapshots of the last three hours.<br/>- Check in 24/7 with crisp 1080p HD (Nest Cam and Dropcam Pro only).<br/>- Get person alerts (or familiar / unfamiliar face alerts with Nest Cam IQ) and up to 30 days of video history when you subscribe to Nest Aware. (Subscription service sold separately.)<br/><br/>Nest Hello<br/><br/>Know who’s knocking.<br/><br/>- Never miss a moment with 24/7 video streaming.<br/>- Designed to show you everything at your doorstep – people head to toe or packages on the ground.<br/>- Get notified about a visitor even if they don’t ring the bell.<br/>- HD Talk and Listen enables you to naturally talk with someone at your door, while reducing ambient noise.<br/>- When you can’t answer the door, quick responses let you reply to visitors with pre recorded audio messages.<br/><br/>Nest x Yale Lock<br/><br/>The lock for a more secure Nest home.<br/><br/>- Use Family Accounts so everyone can unlock the door with the Nest app.<br/>- Give people a passcode, instead of a key.<br/>- When someone locks or unlocks the door, the Nest app can send an alert.<br/>- With Home/Away Assist and Auto- Lock, your door can lock itself when you leave.<br/><br/>Some features require a working internet connection, Wi-Fi and/or Bluetooth.",Nest Labs Inc.,,support@nest.com,Nest+Labs+Inc.,https://nest.com/,FALSE,TRUE,"{u'1': 2883, u'3': 1714, u'2': 1533, u'5': 8821, u'4': 3257}",FALSE,,https://lh3.googleusercontent.com/s5GouLUXk_86K6_eZ9th1Fq_o2_Qx-PE9QVD9-6tfpJvxS31exdCUS3qO5kFXT-fog,"1,000,000+",,0,Bug fixes and enhancements,Varies with device,18208,3.7,"[https://lh3.googleusercontent.com/6rZPEY3CqYiB6utB9sQjZZDCHChu4h4l5iRm_blpIGQzNLgwW4DOyZunCgjWW16o1eM=w720-h310-rw, https://lh3.googleusercontent.com/fnz7CmnEbr7w_OUc7XYe-AjJjuJAwab7TDYGVaTrBeaqTXzKKVWs4QsyqXBZlt89uGA=w720-h310-rw, https://lh3.googleusercontent.com/Aeq70vFxicqgIn70UwmseNoi6jTlq97d-7sqSBCAPOkiLEcqKuO5oF76Xmpz0hTLVg=w720-h310-rw, https://lh3.googleusercontent.com/YPMQghBE247XiiwHQNIuySJPV9cdKH_rO8um_Q_EZzBcuB-8u1Ja7vRJ2H7TpCzVHLw=w720-h310-rw, https://lh3.googleusercontent.com/eaSlSwVeHHV0KXo6e89iNGrU-gil-0jd5hhf4seFcVlqF-Rq1MLNNrr4Ty_P5MAMBwW0=w720-h310-rw, https://lh3.googleusercontent.com/eL9HynyRuEFOze6edh7va7CaEAak_uwjSy0ky6c7naBYNPNZRXp06rYdz7Hwww0j9rQ=w720-h310-rw, https://lh3.googleusercontent.com/03jHa18elGJfqGar8XtRYHxzFOmDjWDfT3PcJX56Bjw4JZw4hg9STKpD3Xw3ig_kyo4=w720-h310-rw, https://lh3.googleusercontent.com/B92pFdEB3cuIIAW_9jOA8XAwuLw3JCkXCPvkqkf0wzEUUn3ozHC41f87amJ-FG1-wkY=w720-h310-rw, https://lh3.googleusercontent.com/H2Maq_6ZQKWFAixMMz04UgqM5kPCSdcx3n5plpVSq9y8iJvJ4TCBiMzzmZg_9IfGoqQ=w720-h310-rw, https://lh3.googleusercontent.com/PdxtHio2bLo_Htf94J7P7q4Wn94ZJRPRutRtW73_u0ZYseE4v7Z2eDlUlaq_FABh7Q=w720-h310-rw, https://lh3.googleusercontent.com/kiS26_QEedEA_Us4o4Ov5lG8BG9w6nzSqUVx2t7Xa7jQpdU2QOD7hnpXk3M8ElvJDA0q=w720-h310-rw, https://lh3.googleusercontent.com/F1TuW9dZXJM3rVBcAqVV36u1D_Pa02hbuLry9WmIfHuz4nYo1UtEhjJSr0Wf-mOmjWQ=w720-h310-rw]",Varies with device,Nest,"March 14, 2019",https://play.google.com/store/apps/details?id=com.nest.android&gl=us&hl=en,
7,com.callapp.contacts,[COMMUNICATION],[Everyone],Varies with device,"A Caller ID & Free Calling app trusted by 50 Million users to block spam calls & know the True Caller ID. Identify calls & SMS using our dialer & spam call blocker 📵
Block Caller ID – Know who’s calling you using the best free true call ID, call blocker, contacts & recorder app!
Record Phone Calls - Automatically record your phone calls & save them to your phone with ease!
CallApp Caller ID Blocker Features:
★ Who called me? – Reverse phone lookup, block caller ID app that identifies unknown calls & unknown numbers. A call blocker that can block spam calls and know the true caller behind the number!
★ True Caller ID App – Know the true call ID from each phone call! Call-App caller App can show you who called, see Facebook Pictures on the identity calls page. Automatically Block calls that are spam calls or scam & unknown numbers from sales & telemarketing calls.
★ Dialer & Contacts app –  CallApp is a dialer & real caller ID app that helps call your contacts phone numbers from your phone book with ease. Manage your incoming and outgoing calls using our free caller ID, spam call blocker, true call recording & dialer app!
★ Automatic Call Recorder – Recording calls is easy! Recording incoming & outgoing phone calls with our Automatic Call Recorder feature! Call App has quality recording calls! True call recordings can be used on any android phone.
★ Blacklist numbers – add spam calls, block numbers & contacts from your phone book or dialer to our free caller id & call recorder app. Blacklist a phone number & never get calls from unknown callers again! Use the phone number search to see “who called me” & blacklist the spam number you wish to block.
★ Contacts – See the truecaller’s ID, name, photo, number lookup, number locator, birthday, social media, email address book & phone book. Always know who called me with our advanced contacts app.
★ Manage your Address Book – Automatically update your phone book through our dialer & call blocker app to always know whos calling! Manage your address book & contacts including their images, contact details and much more!
★ Contacts Info & Customize –  Customize your address book, caller ID, dialer, call blocker, call recorder & all of Call App. Choose between different themes to make your calling experience even better!
★ CallApp+ - Identify calls from spam & unknown numbers, block calls & callers from IM Social Media Apps & SMS. All CallApp’s phone number identification (reverse phone lookup)  in one place to show contacts truecaller id of your phone calls. No more spam calls!
★ New! Incognito Mode - Ultimate Call Privacy. Whether you're doing business, rendezvous, fling, affair or cheating, incognito mode can help you! Privacy for all your rendezvous, flings, affairs & cheating!
CallApp dialer free caller ID App has the most phone numbers compared to other true caller ID apps! This calling App can block spam calls, identify calls, blacklist unknown numbers, record your phone calls and much more. CallApp’s automatic blocker caller will make sure you’ll always know who called you! Install now and know who is the true caller ID behind the phone call now! Blocking sales & spam calls is now easy than ever!
Call App is the best used for Call blocker, recording calls, robocalls, nuisance  & spam calls, blacklist numbers, identify calls with our true caller ID.
Use CallApp for contacts, address book, phone number search, reverse phone lookup, block numbers, blocker caller, SMS, automatic call recorder, dialer & always know “who called me” with Call App’s caller id app!
Upgrade CallApp caller ID & call recorder and enjoy premium features:
- No ads
- CallApp + for free
- Store items (themes, skins etc.)
CallApp Support: support@callapp.com","A Caller ID &amp; Free Calling app trusted by 50 Million users to block spam calls &amp; know the True Caller ID. Identify calls &amp; SMS using our dialer &amp; spam call blocker 📵<br/><br/>Block Caller ID – Know who’s calling you using the best free true call ID, call blocker, contacts &amp; recorder app! <br/><br/>Record Phone Calls - Automatically record your phone calls &amp; save them to your phone with ease!<br/><br/>CallApp Caller ID Blocker Features:<br/>★ Who called me? – Reverse phone lookup, block caller ID app that identifies unknown calls &amp; unknown numbers. A call blocker that can block spam calls and know the true caller behind the number! <br/><br/>★ True Caller ID App – Know the true call ID from each phone call! Call-App caller App can show you who called, see Facebook Pictures on the identity calls page. Automatically Block calls that are spam calls or scam &amp; unknown numbers from sales &amp; telemarketing calls.<br/><br/>★ Dialer &amp; Contacts app –  CallApp is a dialer &amp; real caller ID app that helps call your contacts phone numbers from your phone book with ease. Manage your incoming and outgoing calls using our free caller ID, spam call blocker, true call recording &amp; dialer app!<br/><br/>★ Automatic Call Recorder – Recording calls is easy! Recording incoming &amp; outgoing phone calls with our Automatic Call Recorder feature! Call App has quality recording calls! True call recordings can be used on any android phone.<br/><br/>★ Blacklist numbers – add spam calls, block numbers &amp; contacts from your phone book or dialer to our free caller id &amp; call recorder app. Blacklist a phone number &amp; never get calls from unknown callers again! Use the phone number search to see “who called me” &amp; blacklist the spam number you wish to block.<br/><br/>★ Contacts – See the truecaller’s ID, name, photo, number lookup, number locator, birthday, social media, email address book &amp; phone book. Always know who called me with our advanced contacts app.<br/><br/>★ Manage your Address Book – Automatically update your phone book through our dialer &amp; call blocker app to always know whos calling! Manage your address book &amp; contacts including their images, contact details and much more!<br/><br/>★ Contacts Info &amp; Customize –  Customize your address book, caller ID, dialer, call blocker, call recorder &amp; all of Call App. Choose between different themes to make your calling experience even better!<br/><br/>★ CallApp+ - Identify calls from spam &amp; unknown numbers, block calls &amp; callers from IM Social Media Apps &amp; SMS. All CallApp’s phone number identification (reverse phone lookup)  in one place to show contacts truecaller id of your phone calls. No more spam calls!<br/><br/>★ New! Incognito Mode - Ultimate Call Privacy. Whether you're doing business, rendezvous, fling, affair or cheating, incognito mode can help you! Privacy for all your rendezvous, flings, affairs &amp; cheating! <br/><br/><br/>CallApp dialer free caller ID App has the most phone numbers compared to other true caller ID apps! This calling App can block spam calls, identify calls, blacklist unknown numbers, record your phone calls and much more. CallApp’s automatic blocker caller will make sure you’ll always know who called you! Install now and know who is the true caller ID behind the phone call now! Blocking sales &amp; spam calls is now easy than ever!<br/><br/>Call App is the best used for Call blocker, recording calls, robocalls, nuisance  &amp; spam calls, blacklist numbers, identify calls with our true caller ID. <br/><br/>Use CallApp for contacts, address book, phone number search, reverse phone lookup, block numbers, blocker caller, SMS, automatic call recorder, dialer &amp; always know “who called me” with Call App’s caller id app!<br/><br/><br/>Upgrade CallApp caller ID &amp; call recorder and enjoy premium features:<br/>- No ads<br/>- CallApp + for free<br/>- Store items (themes, skins etc.)<br/><br/>CallApp Support: support@callapp.com",CallApp Caller ID Software,"Arlozorov 111, Tel Aviv, Israel",support@callapp.com,6.88207E+18,http://callapp.com,FALSE,TRUE,"{u'1': 26857, u'3': 44258, u'2': 13344, u'5': 346746, u'4': 87123}",TRUE,"[$0.99, $15.99]",https://lh3.googleusercontent.com/m1h8dsxef2CaE96KRWO6OvAqJ9s8kKS9myktontz1zBIuBbsi4U2e5eU02u_4lRjIah5,"10,000,000+","[Users Interact, Shares Info]",0,"* A new way to answer your calls! Customize the buttons & background of your call screen for only $1 :)

* CallApp Incognito Mode offers callers ultimate privacy and security - start making secure calls today without any tracking history!

* Turn CallApp into something stunning! Give CallApp a brand new look and feel that you’ve never seen before. For a limited time enjoy 1 month of no Ads when you purchase a Super Skin.",Varies with device,518328,4.4,"[https://lh3.googleusercontent.com/M892YUlrRbptJ17qMGfdN6Dohbx-zChmIfNaKzW4DwwVXgGVPst-Wcqu2O2s0TA6pA=w720-h310-rw, https://lh3.googleusercontent.com/AHkjJIVJJmksWFgbgLwznQxfM4vhmzkyAlzs5lsqFLLpp34BQ3aIj99I99nZjEPW1rs=w720-h310-rw, https://lh3.googleusercontent.com/NjMAOi2irtfRpGk7BKZ5FGY_IgahxOxcMDa5mc0TuoncmJtGVrKkJGuTJwKgXFOKoyw=w720-h310-rw, https://lh3.googleusercontent.com/UYlLMVLK2qCWQFh1SIraB2rDGG34qUNxkqIl2Ni1dS-qaBAhisyJrCZXo2_dkqguM_QV=w720-h310-rw, https://lh3.googleusercontent.com/DDxSdt0sg_g8FimwoTJfu1MCuBS-a8ChZqKvjrHVj6mTb8K_hAyF8bPBrEFfnbKt1Q=w720-h310-rw, https://lh3.googleusercontent.com/HfUNG0fmLUXPPZPz2k5MVwqaXwlltYca7RnW0wj2kSmddkKj_-8qm2V1sBJH8e8Oqg=w720-h310-rw, https://lh3.googleusercontent.com/nuIRaBsC3I5080gku3tFF8XxsEBe0gCUleQDMw4jkkgRW-KKNhBSSLAbZMW4Q7AWi5r0=w720-h310-rw, https://lh3.googleusercontent.com/4p7ccyOPECJP5_jsDzDYPlkeP9hqTNiBrHLzBuL0Y5DGKcbxDrvojcKoCTNrmjdiIAuK=w720-h310-rw]",Varies with device,"CallApp: Caller ID, Call Blocker & Call Recorder","March 14, 2019",https://play.google.com/store/apps/details?id=com.callapp.contacts&gl=us&hl=en,
