,app_id,category,content_rating,current_version,description,description_html,developer,developer_address,developer_email,developer_id,developer_url,editors_choice,free,histogram,iap,iap_range,icon,installs,interactive_elements,price,recent_changes,required_android_version,reviews,score,screenshots,size,title,updated,url,video
0,com.themelab.launcher.cuteunicorn,[BEAUTY],[Everyone],1.0.1,"Cartoon Theme - Cute Unicorn is the special theme designed for girl with girly wallpapers & cute wallpapers! Go to download Cartoon Theme - Cute Unicorn to make your phone a cute & girlish look!
Cartoon Theme - Cute Unicorn is packed with cute unicorn wallpaper, cute girly apps icon and cute cartoon icon pack! The Cartoon Theme - Cute Unicorn is the free girl theme for free, specially designed for Samsung, Huawei and any other brands of Android mobile stylish that giving your phone a smooth design and less buttery consumption.
Cartoon Theme - Cute Unicorn will apply you:
✔️High quality cute wallpapers & girly wallpapers specially designed for girl’s phone
✔️Cartoon cute icon pack and apps icon
✔️Cool 3D transition effects.
How to apply the Cartoon Theme - Cute Unicorn ?
To apply the cartoon theme for girl, please install our Air Launcher first. Apply the Cartoon Theme - Cute Unicorn, to make your phone faster, orderly and cool & cute. The original app icons, clock and weather theme of your phone will be replaced by the Cartoon Theme - Cute Unicorn. We have designed many customized themes for popular apps, these include camera apps, social apps, entertainment apps, useful tools and messenger apps. There are thousands of themes waiting for you in our launcher, namely pink theme, black theme, game theme, cartoon theme, anime themes, girly wallpaper theme and many more. All of our beautiful themes are free and available at Google Play Store. Download and apply Cartoon Theme - Cute Unicorn now!
🌹
What more you can enjoy for Cartoon Theme - Cute Unicorn?
✨
Live Wallpapers:
- Different live wallpapers, including the cute live wallpapers, gold glitter live wallpapers, live wallpaper for girl…. and many more.
- Choose cute & girly wallpapers to make your home screen a girlish look.
✨
Cartoon themes:
- Cartoon themes with girly wallpapers for girl’s phone only.
- Cute girly wallpapers with a variety of touch gestures, so you can feel the beauty of Cartoon Theme - Cute Unicorn at your fingertips.
- More 3D themes and dynamic wallpapers with fluid 3D effects, experience today's cutting-edge technology.
✨
Other benefits:
- Different variety of themes, girly wallpapers, emoji & GIFs, app icons and often updates.
- We provide special designs during festive periods, whether it's Christmas, Halloween and other holidays, we will have a theme for you and everyone, so you can feel the festive atmosphere that you love.
- Golden theme, pink theme, black theme… You can choose one of your favorite color theme to express your emotion everyday.
- Like football, basketball and other sports? Find your favorite sports theme here, along with your favorite celebrities, cartoons, and anything else.
- Experience smooth 3D and HD themes and wallpapers regardless of what phone model you use.
Apply the Cartoon Theme - Cute Unicorn now, to make your phone faster and organized, and make your phone a brand new girlish look. The original app icons, clock and weather theme wallpaper of your phone will be replaced by the Cartoon Theme - Cute Unicorn.
For inquiries&suggestions, contact us at feedback.launcher@gmail.com.","<b>Cartoon Theme - Cute Unicorn is the special theme designed for girl with girly wallpapers &amp; cute wallpapers! Go to download Cartoon Theme - Cute Unicorn to make your phone a cute &amp; girlish look! </b><br/><br/>Cartoon Theme - Cute Unicorn is packed with cute unicorn wallpaper, cute girly apps icon and cute cartoon icon pack! The Cartoon Theme - Cute Unicorn is the free girl theme for free, specially designed for Samsung, Huawei and any other brands of Android mobile stylish that giving your phone a smooth design and less buttery consumption.<br/><br/><b>Cartoon Theme - Cute Unicorn will apply you: </b><br/><br/>✔️High quality cute wallpapers &amp; girly wallpapers specially designed for girl’s phone<br/>✔️Cartoon cute icon pack and apps icon<br/>✔️Cool 3D transition effects.<br/><br/><b>How to apply the Cartoon Theme - Cute Unicorn ? </b><br/><br/>To apply the cartoon theme for girl, please install our Air Launcher first. Apply the Cartoon Theme - Cute Unicorn, to make your phone faster, orderly and cool &amp; cute. The original app icons, clock and weather theme of your phone will be replaced by the Cartoon Theme - Cute Unicorn. We have designed many customized themes for popular apps, these include camera apps, social apps, entertainment apps, useful tools and messenger apps. There are thousands of themes waiting for you in our launcher, namely pink theme, black theme, game theme, cartoon theme, anime themes, girly wallpaper theme and many more. All of our beautiful themes are free and available at Google Play Store. Download and apply Cartoon Theme - Cute Unicorn now! <br/><br/>🌹<b>What more you can enjoy for Cartoon Theme - Cute Unicorn? </b><br/><br/>✨<b>Live Wallpapers:</b><br/>- Different live wallpapers, including the cute live wallpapers, gold glitter live wallpapers, live wallpaper for girl…. and many more. <br/>- Choose cute &amp; girly wallpapers to make your home screen a girlish look. <br/><br/>✨<b>Cartoon themes: </b><br/>- Cartoon themes with girly wallpapers for girl’s phone only.<br/>- Cute girly wallpapers with a variety of touch gestures, so you can feel the beauty of Cartoon Theme - Cute Unicorn at your fingertips.<br/>- More 3D themes and dynamic wallpapers with fluid 3D effects, experience today's cutting-edge technology.<br/><br/>✨<b>Other benefits: </b><br/>- Different variety of themes, girly wallpapers, emoji &amp; GIFs, app icons and often updates.<br/>- We provide special designs during festive periods, whether it's Christmas, Halloween and other holidays, we will have a theme for you and everyone, so you can feel the festive atmosphere that you love.<br/>- Golden theme, pink theme, black theme… You can choose one of your favorite color theme to express your emotion everyday.<br/>- Like football, basketball and other sports? Find your favorite sports theme here, along with your favorite celebrities, cartoons, and anything else.<br/>- Experience smooth 3D and HD themes and wallpapers regardless of what phone model you use.<br/><br/>Apply the Cartoon Theme - Cute Unicorn now, to make your phone faster and organized, and make your phone a brand new girlish look. The original app icons, clock and weather theme wallpaper of your phone will be replaced by the Cartoon Theme - Cute Unicorn.<br/><br/>For inquiries&amp;suggestions, contact us at feedback.launcher@gmail.com.",Yee Themes,,tinyspaceapps@gmail.com,Yee+Themes,http://www.airlauncher.me/privacy.html,False,True,"{u'1': 199, u'3': 241, u'2': 53, u'5': 4146, u'4': 481}",False,,https://lh3.googleusercontent.com/uDEiIg2dSK4GFg6djoQkONZ1RTwKjVPC97DpWzLi8gOq-UH1tkMOszo2bYjoRGl9Sxkz,"500,000+",,0,-Download Air Launcher to get more stylish themes!,4.1 and up,5120,4.6,[],5.1M,Cartoon Theme - Cute Unicorn,"June 12, 2018",https://play.google.com/store/apps/details?id=com.themelab.launcher.cuteunicorn&gl=us&hl=en,
1,haircolour.hairstyle.photoeditor.haircolorchanger,[BEAUTY],[Everyone],1.0,"Do you have a wish to look like a star? Thinking about changing your hair color?  Want to know how you would look with a different hair color? Bright purple or natural blonde? Look no further!  You will love how quickly you can see the results with Hair Color Changer.
Just try the Hair Color Changer app and use it to change your hair into more colors. The most important trends that you care about fashion are here.
Hair color changer create stunning visual effects without applying makeup. This is an ultimate hair color simulation application just take a picture or import from gallery and choose the best color that suits your hair this tool will convert your hair color in that chosen color shade. Try this stylish hair color changer and change hair color completely.
Hair Color Changer Real is the ultimate hair color changer app for Android!
All you have to do is take your own photo, draw the outline of your hair, fine tune the hair mask, brush your hair and then choose different hair colors, play with them and see what suits you. Change them easily, change yourself from blonde to brunette, or to redhead and vice-versa. Change shades and tones using our editor! Create your style. Change hair color by choosing one of the natural looking colors or try a different and stylish hair color.
✯ Features
✔ Try new hair colors on your own photo
✔ Draw and erase hair region
✔ You can just select and set color on hair where you want to fill it
✔ 40+ Pre-defined hair colors (different shades of blonde, red, and brown)
✔ Hair color intensity control
✔ Hair Smoothness control
✔ Hair Color brighten control
✔ 10+ trendy styles: blue, purple, pink, magenta, platinum and other colors are available
✔ Custom hair colors
✔ Before vs. After comparison
✔ Color Adjustment for dark and light hair
✔ make you own color with Color Picker
✔ Standard Hair Colors: Blonde, Black, Brown
✔ Bright Hair Colors : Red, Blue, Green, Orange and more
✔ This amazing hair color changer is suitable for women and men equally
✔ Get best hair color for free to used.
✔ You can set more than one color on hair simultaneously
✯ Smart Tools:
Brush :- You can adjust brush size according to your requirement .
Opacity :- It allows you to adjust color opacity , so that color will blend properly with hair
Zoom in /out :- Scale image and apply color .
Erase :- Remove color on face and other unwanted portion of image .
- Simple and easy to use.
- Share easy the  results with friends and family on social media
Try out different hair colors on your own photos. Many hair colors to choose from, and all are FREE. The best and completely FREE hair color changer.
Download this app to find more features.
Thanks for using Hair Color Changer, leave us your feedback and we will consider them for future updates!","Do you have a wish to look like a star? Thinking about changing your hair color?  Want to know how you would look with a different hair color? Bright purple or natural blonde? Look no further!  You will love how quickly you can see the results with Hair Color Changer.<br/><br/>Just try the Hair Color Changer app and use it to change your hair into more colors. The most important trends that you care about fashion are here.<br/><br/>Hair color changer create stunning visual effects without applying makeup. This is an ultimate hair color simulation application just take a picture or import from gallery and choose the best color that suits your hair this tool will convert your hair color in that chosen color shade. Try this stylish hair color changer and change hair color completely.<br/><br/>Hair Color Changer Real is the ultimate hair color changer app for Android!<br/><br/>All you have to do is take your own photo, draw the outline of your hair, fine tune the hair mask, brush your hair and then choose different hair colors, play with them and see what suits you. Change them easily, change yourself from blonde to brunette, or to redhead and vice-versa. Change shades and tones using our editor! Create your style. Change hair color by choosing one of the natural looking colors or try a different and stylish hair color.<br/><br/>✯ Features <br/><br/>✔ Try new hair colors on your own photo<br/>✔ Draw and erase hair region<br/>✔ You can just select and set color on hair where you want to fill it<br/>✔ 40+ Pre-defined hair colors (different shades of blonde, red, and brown)<br/>✔ Hair color intensity control<br/>✔ Hair Smoothness control<br/>✔ Hair Color brighten control<br/>✔ 10+ trendy styles: blue, purple, pink, magenta, platinum and other colors are available<br/>✔ Custom hair colors<br/>✔ Before vs. After comparison<br/>✔ Color Adjustment for dark and light hair<br/>✔ make you own color with Color Picker<br/>✔ Standard Hair Colors: Blonde, Black, Brown<br/>✔ Bright Hair Colors : Red, Blue, Green, Orange and more<br/>✔ This amazing hair color changer is suitable for women and men equally<br/>✔ Get best hair color for free to used.<br/>✔ You can set more than one color on hair simultaneously<br/><br/>✯ Smart Tools:<br/><br/>Brush :- You can adjust brush size according to your requirement .<br/><br/>Opacity :- It allows you to adjust color opacity , so that color will blend properly with hair <br/><br/>Zoom in /out :- Scale image and apply color .<br/><br/>Erase :- Remove color on face and other unwanted portion of image .<br/><br/><br/>- Simple and easy to use.<br/>- Share easy the  results with friends and family on social media<br/><br/>Try out different hair colors on your own photos. Many hair colors to choose from, and all are FREE. The best and completely FREE hair color changer.<br/><br/>Download this app to find more features.<br/><br/>Thanks for using Hair Color Changer, leave us your feedback and we will consider them for future updates!",Slim & Skinny Body Editor LLC,,fitnessappslab@gmail.com,Slim+%26+Skinny+Body+Editor+LLC,http://braincake.net,False,True,"{u'1': 158, u'3': 39, u'2': 24, u'5': 526, u'4': 73}",False,,https://lh3.googleusercontent.com/r-_DylDi_vyfBIwkWnGnld27OT-5iSCv2AP3cpSjVCvGHJ0bKIjnVe7QLL-K91LCNKk,"100,000+",,0,First Release,5.0 and up,820,4.0,[],3.3M,Hair Color Changer - change your hair color booth,"September 28, 2018",https://play.google.com/store/apps/details?id=haircolour.hairstyle.photoeditor.haircolorchanger&gl=us&hl=en,
2,trends.beauty.split.camera.collage.maker,[BEAUTY],[Everyone],1.1.181226,"It's never been easier to clone yourself or your friend.
- Take two photos
- Adjust split and blending
- Share the pic anywhere you want
Self-timer makes cloning easy and because of the blender, the shots don't need to be perfectly aligned. The square picture format is perfect for online sharing.
Blend Me Photo Editor is application with concept of photo blender mixup using bokeh effect. This app allows you to select your pic from gallery and apply bokeh effect on picture. App support unlimited photo blend at same time. You can also mix multiple picture and apply lighting bokeh effect on pic.
Now create amazing photo by mixing two images together by using Blend me photo editor application. Blend image on another image to make a awesome design.
Blend me photo editor contains lot of background images which can make your photo more beautiful.
You can adjust photo transparency or fade a photo to mix it up with awesome backgrounds and creating an amazing output. Blend me photo editor app is enhancing the beauty of original photo and will make the beautiful bokeh mixture photo.
with Blend Me Photo Mixture you can :
- Select photos from gallery or capture new photo from camera.
- Crop and Flip Images as you want.
- Choose image for background from our collection of amazing images or use gallery to get image.
- Adjust fade / opacity of image to blend it properly.
- Overlay the image as per your choice.
- Apply photo filter.
- Add text to your photo.
- Add beautiful stickers.
- Apply beautiful overlay to your photo.
- You can set edited image as wallpaper also.
- Share your output with your friends and beloved one.
Blend Me Photo Collage is an application with features of photo blender mixer and overlay image effects. apply ultimate blend effect and overlay effect on your desire pic. it contains high resolution overlays and background collections for creative photo effect.
Blend me photo editor contains lot of background images which can make your photo more beautiful. Photo Blender Editor "" an amazing blender camera with unique style to blend and mix your photos together.
Show your creativity to look more beautiful and stunning by using this Blend Me Photo Mixture app, it's powerful photo editing app.
Hope you enjoy and like this beautiful Blend Me Photo Editor app. Don't forget to give good rating if you like it..
Download the app now and share your creativity!","It's never been easier to clone yourself or your friend.<br/>- Take two photos<br/>- Adjust split and blending<br/>- Share the pic anywhere you want<br/><br/>Self-timer makes cloning easy and because of the blender, the shots don't need to be perfectly aligned. The square picture format is perfect for online sharing.<br/><br/>Blend Me Photo Editor is application with concept of photo blender mixup using bokeh effect. This app allows you to select your pic from gallery and apply bokeh effect on picture. App support unlimited photo blend at same time. You can also mix multiple picture and apply lighting bokeh effect on pic.<br/><br/>Now create amazing photo by mixing two images together by using Blend me photo editor application. Blend image on another image to make a awesome design. <br/><br/>Blend me photo editor contains lot of background images which can make your photo more beautiful. <br/><br/>You can adjust photo transparency or fade a photo to mix it up with awesome backgrounds and creating an amazing output. Blend me photo editor app is enhancing the beauty of original photo and will make the beautiful bokeh mixture photo. <br/><br/>with Blend Me Photo Mixture you can :<br/><br/>- Select photos from gallery or capture new photo from camera.<br/>- Crop and Flip Images as you want.<br/>- Choose image for background from our collection of amazing images or use gallery to get image.<br/>- Adjust fade / opacity of image to blend it properly.<br/>- Overlay the image as per your choice.<br/>- Apply photo filter.<br/>- Add text to your photo.<br/>- Add beautiful stickers.<br/>- Apply beautiful overlay to your photo.<br/>- You can set edited image as wallpaper also.<br/>- Share your output with your friends and beloved one.<br/><br/>Blend Me Photo Collage is an application with features of photo blender mixer and overlay image effects. apply ultimate blend effect and overlay effect on your desire pic. it contains high resolution overlays and background collections for creative photo effect.<br/><br/>Blend me photo editor contains lot of background images which can make your photo more beautiful. Photo Blender Editor "" an amazing blender camera with unique style to blend and mix your photos together.<br/><br/>Show your creativity to look more beautiful and stunning by using this Blend Me Photo Mixture app, it's powerful photo editing app.<br/><br/>Hope you enjoy and like this beautiful Blend Me Photo Editor app. Don't forget to give good rating if you like it..<br/><br/>Download the app now and share your creativity!",TrendsArt,,trendsbeautyart@gmail.com,TrendsArt,https://raw.githubusercontent.com/TrendsBeauty/TrendsBeautyCo/master/privacypolicy,False,True,"{u'1': 14, u'3': 7, u'2': 4, u'5': 36, u'4': 7}",False,,https://lh3.googleusercontent.com/UN5ZS-W8C3cvr1oeiqPuRRQi2pcro80XY9L2jKSjUwdvCoyxnU3iqOikf_z4r08_CGI,"5,000+",,0,,4.0.3 and up,68,3.7,[],13M,Split Camera - Collage Grid Maker,"December 26, 2018",https://play.google.com/store/apps/details?id=trends.beauty.split.camera.collage.maker&gl=us&hl=en,
3,com.cylonblast.homemadebeautyguidesfacialcare,[BEAUTY],[Everyone],1.3,"Introducing Homemade Beauty Guides for Facial Care apps. These apps contains natural beauty guidelines which are easy to find the ingredients and also easily prepare at home.
This apps provide you step-by-step on making these natural facial creams that make your skin fresh, glowing and looks beautiful in no time.
Simply follow the procedure provided to make the natural facial creams / mask/ scrub/ or face pack. Apply these facial massage creams and feel the differences
This app includes a number of Natural remedies for Beauty related problems of especially for Facial care: These includes;
FACIAL CARE HOMEMADE BEAUTY GUIDES
- Fair Skin
- Face Cleanser
- Face Scrubber
- Acne Problem
- Blemishes on Face
- Blackheads Removal
Each category has got various subheadings such as for Fair Skin (dried orange peels face mask, lemon juice face pack, fresh milk face pack, potato pulp face mask, warm honey face mask, olive oil & sea salt face scrub, coconut milk facial care and more.)
We wish you good luck and have a nice day :)
Disclaimer:
All of these information and photo in this application is not our trademark. The information is intended for educational purposes only and is not intended as a substitute for professional medical advice, diagnosis or treatment. It is recommended that you seek legal counsel for specific matters. We only get the information and photo from the search engines and websites. Please let us know if your original content or photo want to be remove from our application. Please do not hesitate to E-mail us via cylonblast for further enquiry. Thank you.","Introducing Homemade Beauty Guides for Facial Care apps. These apps contains natural beauty guidelines which are easy to find the ingredients and also easily prepare at home.<br/><br/>This apps provide you step-by-step on making these natural facial creams that make your skin fresh, glowing and looks beautiful in no time. <br/><br/>Simply follow the procedure provided to make the natural facial creams / mask/ scrub/ or face pack. Apply these facial massage creams and feel the differences <br/><br/>This app includes a number of Natural remedies for Beauty related problems of especially for Facial care: These includes;<br/><br/>FACIAL CARE HOMEMADE BEAUTY GUIDES<br/>- Fair Skin<br/>- Face Cleanser<br/>- Face Scrubber<br/>- Acne Problem<br/>- Blemishes on Face<br/>- Blackheads Removal<br/><br/>Each category has got various subheadings such as for Fair Skin (dried orange peels face mask, lemon juice face pack, fresh milk face pack, potato pulp face mask, warm honey face mask, olive oil &amp; sea salt face scrub, coconut milk facial care and more.)<br/><br/>We wish you good luck and have a nice day :)<br/><br/>Disclaimer: <br/>All of these information and photo in this application is not our trademark. The information is intended for educational purposes only and is not intended as a substitute for professional medical advice, diagnosis or treatment. It is recommended that you seek legal counsel for specific matters. We only get the information and photo from the search engines and websites. Please let us know if your original content or photo want to be remove from our application. Please do not hesitate to E-mail us via cylonblast for further enquiry. Thank you.",cylonblast,,christine15june@gmail.com,cylonblast,http://cylonblast15.blogspot.my,False,True,"{u'1': 0, u'3': 4, u'2': 3, u'5': 35, u'4': 7}",False,,https://lh3.googleusercontent.com/ATSC7TJWhkw_i6w-sL-9pRl-Fkf2WjTppN_RT1FmYu_ZgoFc8jX1zk_QoTTcfuu01ic,"10,000+",,0,"- Easy References to prepare at home

Simple & Concise method of natural remedies for Beauty related problems;

- Blackheads

- Acne Problems

- Blemishes on Face

- Fair Skin

- Face Cleanser

- Face Scrubber

- minor bug fixed",4.0.3 and up,49,4.5,[],18M,Homemade Beauty Guides: Facial Care,"July 10, 2018",https://play.google.com/store/apps/details?id=com.cylonblast.homemadebeautyguidesfacialcare&gl=us&hl=en,
4,com.mfinity.tattoomaker,[BEAUTY],[Everyone],1.0.0,"Tattoo Design Maker is awesome app which let you try new tattoo designs and decorate your photos with sticker tattoo in different categories.Tattoo Design Maker is a unique concept where you can tattoo yourself with sticker tattoo and add as many number of tattoos as you want.
This tattoo maker of name allows you to create awesome tattoo with latest 500+ attractive design tattoo stickers.All boys and girls wants a very stylish and cool looking tattoo.So use Tattoo Design Maker and making tattoo on your body by yourself,
Tattoo Design Maker is a tool for making tattoo which gives you facility of tattoo editor with different tattoo fonts, art tattoos, meaningful tattoos, name tattoos, beautiful tattoos, name tattoo designs, English tattoos, butterfly tattoos, text tattoos, dragon tattoos, animal shape tattoos, god tattoos, and real tattoos on your photo
❖ Features :-
❖ More than 200+ Tattoo Designs.
❖ The smooth skin effects include.
❖ Gorgeous photo editing features.
❖ Easy to Crop, rotate, and straighten your photo.
❖ Easy to adjust brightness, contrast, colour temperature, and saturation.
❖ Easy rotation and zoom.
❖ Easy to use this app by simple steps.
❖ Save the pic in your phone gallery.
❖ Share your new look with all your friends on Facebook, Twitter and Instagram.
Enjoy With Fabulous Fun.","Tattoo Design Maker is awesome app which let you try new tattoo designs and decorate your photos with sticker tattoo in different categories.Tattoo Design Maker is a unique concept where you can tattoo yourself with sticker tattoo and add as many number of tattoos as you want.<br/><br/>This tattoo maker of name allows you to create awesome tattoo with latest 500+ attractive design tattoo stickers.All boys and girls wants a very stylish and cool looking tattoo.So use Tattoo Design Maker and making tattoo on your body by yourself, <br/><br/>Tattoo Design Maker is a tool for making tattoo which gives you facility of tattoo editor with different tattoo fonts, art tattoos, meaningful tattoos, name tattoos, beautiful tattoos, name tattoo designs, English tattoos, butterfly tattoos, text tattoos, dragon tattoos, animal shape tattoos, god tattoos, and real tattoos on your photo<br/><br/><b>❖ Features :- </b><br/><br/>❖ More than 200+ Tattoo Designs.<br/>❖ The smooth skin effects include.<br/>❖ Gorgeous photo editing features.<br/>❖ Easy to Crop, rotate, and straighten your photo.<br/>❖ Easy to adjust brightness, contrast, colour temperature, and saturation.<br/>❖ Easy rotation and zoom.<br/>❖ Easy to use this app by simple steps.<br/>❖ Save the pic in your phone gallery.<br/>❖ Share your new look with all your friends on Facebook, Twitter and Instagram.<br/><br/>Enjoy With Fabulous Fun.",Fabulous Fun,"Vraj Residency , B/S Vishwas City 6 , Satya Mev Vista Road, Ahmedabad, Gujarat, India",fabulousfungames@gmail.com,Fabulous+Fun,https://sites.google.com/view/fabulousfun/home,False,True,{},False,,https://lh3.googleusercontent.com/3gpfO4hHRWM4uIEalFjUTw6UwYuBbxXHa58jQwrHfNYGkiewDBlB09kamgHfeL0SEqA,100+,,0,,4.2 and up,0,5.0,[],13M,Tattoo Design Maker - Do It Yourself,"October 23, 2018",https://play.google.com/store/apps/details?id=com.mfinity.tattoomaker&gl=us&hl=en,
