,app_id,category,content_rating,current_version,description,description_html,developer,developer_address,developer_email,developer_id,developer_url,editors_choice,free,histogram,iap,iap_range,icon,installs,interactive_elements,price,recent_changes,required_android_version,reviews,score,screenshots,size,title,updated,url,video
0,com.peoplemedia.singleparentmeet,[DATING],[Mature 17+],1.9.8.6,"Want to meet single moms or single dads?
SingleParentMeet Dating - #1 App for Flirting, Messaging, and Meeting Local Single Dads and Single Moms.
The largest subscription dating site for single parents has the best dating app.
Download the OFFICIAL Single Parent Meet app and start browsing for free today!  Meet the one you’ve been missing, anywhere you are.
What can I do for free?
* View profiles with photos and complete profile info.
* Are You Interested - Swipe to meet single parents.
* Keep track of who’s viewing your online profile.
*View and rate your Daily Matches.
Subscribe and unlock even more online features:
* Send and receive emails
* See who is interested in you
* Know when your message is read
* Highlight your profile in Search & Inbox
You won’t believe how many single moms and single dads who are online. Meet single parents with the official SingleParentMeet dating app.  Are you a single mom or a single dad? Being a single parent dating has its own challenges. As a parent, you understand how your relationship with your child plays into your life. You need someone who understands all the love, time, and dedication you put into your child. Have you ever been disappointed when a relationship fizzled because your date just wasn't open to dating someone with kids? You can be assured that the single moms and single dads on
SingleParentMeet are open minded when it comes to dating people with children.
In fact, they can't wait to connect with other like-minded single parents!
Online dating as a single parent has never been so easy. SingleParentMeet provides a simple, safe and fun atmosphere with all the features you need at your fingertips. Our one of a kind profile system allows members to setup photo albums, share interests and much more. Quickly view and contact thousands of single parents. Send flirts, send messages, post and browse pictures. Right now 1000's of beautiful, intelligent, single parents are active in the community.
If you're a single parent and seeking friendship, romance or marriage, look beyond your regular routine and generic online dating sites. Discover an online community of singles who also understand the demands and the rewards of parenthood.
Get the best one parent dating app today and meet single parents near you!","Want to meet single moms or single dads? <u>SingleParentMeet Dating - #1 App for Flirting, Messaging, and Meeting Local Single Dads and Single Moms.</u> The largest subscription dating site for single parents has the best dating app.<br/><br/>Download the OFFICIAL Single Parent Meet app and start browsing for free today!  Meet the one you’ve been missing, anywhere you are.<br/><br/><b>What can I do for free?</b><br/>* View profiles with photos and complete profile info.<br/>* Are You Interested - Swipe to meet single parents.  <br/>* Keep track of who’s viewing your online profile.<br/>*View and rate your Daily Matches.<br/><br/><b>Subscribe and unlock even more online features:</b><br/>* Send and receive emails<br/>* See who is interested in you<br/>* Know when your message is read<br/>* Highlight your profile in Search &amp; Inbox<br/><br/>You won’t believe how many single moms and single dads who are online. Meet single parents with the official SingleParentMeet dating app.  Are you a single mom or a single dad? Being a single parent dating has its own challenges. As a parent, you understand how your relationship with your child plays into your life. You need someone who understands all the love, time, and dedication you put into your child. Have you ever been disappointed when a relationship fizzled because your date just wasn't open to dating someone with kids? You can be assured that the single moms and single dads on <b>SingleParentMeet are open minded when it comes to dating people with children.</b> In fact, they can't wait to connect with other like-minded single parents!<br/><br/>Online dating as a single parent has never been so easy. SingleParentMeet provides a simple, safe and fun atmosphere with all the features you need at your fingertips. Our one of a kind profile system allows members to setup photo albums, share interests and much more. Quickly view and contact thousands of single parents. Send flirts, send messages, post and browse pictures. Right now 1000's of beautiful, intelligent, single parents are active in the community.<br/><br/>If you're a single parent and seeking friendship, romance or marriage, look beyond your regular routine and generic online dating sites. Discover an online community of singles who also understand the demands and the rewards of parenthood. <br/><br/>Get the best one parent dating app today and meet single parents near you!",SingleParentMeet,,spm_ad_feedback@support.peoplemedia.com,SingleParentMeet,http://www.singleparentmeet.com,False,True,"{u'1': 696, u'3': 283, u'2': 137, u'5': 1270, u'4': 319}",False,,https://lh3.ggpht.com/-dFdfe8V101P_SAwMLUsmiGIsEsjqev_u_djrzr5YvvXYVBxFPglpajnLqlwAC2R8V21,"500,000+","[Users Interact, Digital Purchases]",0,"We’re constantly improving our app experience. Our monthly releases include bug fixes, speed optimization and are loaded with feature enhancements. Don’t worry, if we release a new feature we’ll let you know in the release notes.",4.4 and up,2705,3.5,[],5.2M,Single Parent Meet #1 Dating,"January 30, 2019",https://play.google.com/store/apps/details?id=com.peoplemedia.singleparentmeet&gl=us&hl=en,
1,com.millionaires.millionaires,[DATING],[Mature 17+],1.1.8,"Find and match with elite, wealthy singles! Millionaires is the ultimate dating experience where you can Set-Up & Plan a date on the App! Join today for Free to get started!","Find and match with elite, wealthy singles! Millionaires is the ultimate dating experience where you can Set-Up &amp; Plan a date on the App! Join today for Free to get started!","Virtugenic,LLC",,mobileappsoftwarecompany@gmail.com,"Virtugenic,LLC",http://mobileappsoftwarecompany.com/Millionaires_Privacy_Policy.html,False,True,"{u'1': 6, u'3': 1, u'2': 1, u'5': 28, u'4': 7}",False,,https://lh3.googleusercontent.com/SOpsKhJh3bsnkKoQQRgO221HXO4IYN_EtD4axvCnKdPmV00pxmYfpKs1RaeqM5P1Bz5D,"1,000+","[Users Interact, Shares Location]",0,"Thanks for using Millionaires! To make our app better for you, we bring updates to the App Store regularly. Get the latest version for all of the available features.",4.4 and up,43,4.2,[],19M,Millionaires,"November 25, 2018",https://play.google.com/store/apps/details?id=com.millionaires.millionaires&gl=us&hl=en,
2,com.freegay,[DATING],[Mature 17+],5.1.5,"FREE GAY is the new social media platform for gay, bisexual and curious man.
Search for members in your neighborhood or at the other side of the world. Find your perfect match!
FREE GAY is free to use and it always will be.
You need to be at least 18y.o. to use the app. Nude pictures won't be accepted. You risk a ban from our website and apps.","FREE GAY is the new social media platform for gay, bisexual and curious man.<br/>Search for members in your neighborhood or at the other side of the world. Find your perfect match!<br/>FREE GAY is free to use and it always will be.<br/><br/>You need to be at least 18y.o. to use the app. Nude pictures won't be accepted. You risk a ban from our website and apps.",Q Play Nederland,Delfzijl,info@gayapp.eu,Q+Play+Nederland,http://gayapp.eu,False,True,"{u'1': 8, u'3': 1, u'2': 0, u'5': 11, u'4': 0}",True,"[$0.99, $3.49]",https://lh3.googleusercontent.com/B2v08Fi9prBVkK6NDLlJx0ncvd7AYeqBVSit-LbwuwlezD_lliGNcApWe4XRqAjEym4,"5,000+","[Users Interact, Shares Location, Digital Purchases]",0,Bugfix,4.0.3 and up,20,3.3,[],9.4M,Free Gay - Free Dating,"March 12, 2019",https://play.google.com/store/apps/details?id=com.freegay&gl=us&hl=en,
