,app_id,category,content_rating,current_version,description,description_html,developer,developer_address,developer_email,developer_id,developer_url,editors_choice,free,histogram,iap,iap_range,icon,installs,interactive_elements,price,recent_changes,required_android_version,reviews,score,screenshots,size,title,updated,url,video
0,a2z.Mobile.Event4960,[EVENTS],[Everyone],LOCAL,"The Craft Brewers Conference (CBC) app puts the entire event at your fingertips, providing essential information on what’s happening and where, with features that help you make the most of your CBC.","The Craft Brewers Conference (CBC) app puts the entire event at your fingertips, providing essential information on what’s happening and where, with features that help you make the most of your CBC.","a2z, Inc.",,appsupport@a2zinc.net,"a2z,+Inc.",https://www.craftbrewersconference.com/contact-us,False,True,{},False,,https://lh3.googleusercontent.com/nN02ZreYuoz5DNyQn-1RclAVvlkDGBmi40wD0aLiAQAKbtfLMCYAJHjJ9sAQduySRFU5,50+,,0,,4.4 and up,0,3.0,[],16M,Craft Brewers Conference 2019,"March 12, 2019",https://play.google.com/store/apps/details?id=a2z.Mobile.Event4960&gl=us&hl=en,
1,mobile.appiGpvuVSEFB,[EVENTS],[Everyone],5.42,"These events provide access to in-depth sessions, customer case studies, one-on-one consultations with SAP product experts, live product demos, and interactive forums showcasing the latest updates and best practices for SAP solutions.","These events provide access to in-depth sessions, customer case studies, one-on-one consultations with SAP product experts, live product demos, and interactive forums showcasing the latest updates and best practices for SAP solutions.",WISPUBS,,raj.joshi@wispubs.com,WISPUBS,https://wisinc.com,False,True,{},False,,https://lh3.googleusercontent.com/91ULpOysryriHIA-0h6DJ2iL8s5s-rxdSvabXMX9O3o8Oa26aM0kp06bfCkV4P-UYa0,100+,[Users Interact],0,,6.0 and up,0,,[],41M,SAPinsider Events,"February 25, 2019",https://play.google.com/store/apps/details?id=mobile.appiGpvuVSEFB&gl=us&hl=en,
2,us.sol.CosugiConference,[EVENTS],[Everyone],2018.12.2,"Get the details for all sessions, breakouts and handy information for COSUGI conferences. Add events to your planner schedule and even get reminders added to your local Calendar.","Get the details for all sessions, breakouts and handy information for COSUGI conferences. Add events to your planner schedule and even get reminders added to your local Calendar.",Solus UK Ltd,"Nasmyth Building
Nasmyth Avenue
East Kilbride
G75 0QR",support@sol.us,Solus+UK+Ltd,http://www.cosugi.org,False,True,{},False,,https://lh3.googleusercontent.com/3V_FdTm0YpcZIXZ9yUlACd4H_IFYfJHak25p1Mm0AXQV8Xm-A9UOouLJH_skzz4z1m0t,100+,,0,,4.0.3 and up,0,,[],3.2M,COSUGI Conferences,"March 13, 2019",https://play.google.com/store/apps/details?id=us.sol.CosugiConference&gl=us&hl=en,
3,com.purefliptix,[EVENTS],[Teen],2.3,"Life is flexible. Events should be too.
FlipTix is the ONLY way to safely and legitimately marry up fans leaving early with fans wanting to get in. FlipTix gives you the ability to Flip the remaining time on your ticket to a waiting fan + also to buy a ticket for the part of the show you want to attend.
Bought a ticket to an event and can’t stay the whole time? Flip it!
Need tickets to that sold out event? Can’t make it on time and are showing up late?  Buy a Flip!
Why risk getting ripped off?  Buy a Flip.  You’re leaving early anyway, help a fan get in and you get rewarded!  Flip it!
Fliptix is only available in certain locations to date and are adding new locations regularly! If an event that you want to attend is not yet Flip Enabled, let us know at hi@fliptix.com.
Fliptix is only available in certain locations to date and are adding new locations regularly! If an event that you want to attend is not yet Flip Enabled, let us know at hi@fliptix.com and we’ll get a move on.","Life is flexible. Events should be too. <br/><br/>FlipTix is the ONLY way to safely and legitimately marry up fans leaving early with fans wanting to get in. FlipTix gives you the ability to Flip the remaining time on your ticket to a waiting fan + also to buy a ticket for the part of the show you want to attend. <br/><br/>Bought a ticket to an event and can’t stay the whole time? Flip it!<br/><br/>Need tickets to that sold out event? Can’t make it on time and are showing up late?  Buy a Flip! <br/><br/>Why risk getting ripped off?  Buy a Flip.  You’re leaving early anyway, help a fan get in and you get rewarded!  Flip it!<br/><br/>Fliptix is only available in certain locations to date and are adding new locations regularly! If an event that you want to attend is not yet Flip Enabled, let us know at hi@fliptix.com.<br/><br/><br/>Fliptix is only available in certain locations to date and are adding new locations regularly! If an event that you want to attend is not yet Flip Enabled, let us know at hi@fliptix.com and we’ll get a move on.","FlipTix, Inc.",,hi@fliptix.com,"FlipTix,+Inc.",http://www.fliptix.com,False,True,"{u'1': 6, u'3': 0, u'2': 0, u'5': 9, u'4': 0}",False,,https://lh3.googleusercontent.com/m26lJozSZqb6TH___5oX0Dg8jQNkw0l2Fjoq7tMZ90Z3mt5W9vOqy0vvnzYY0wqYFCs,500+,[Users Interact],0,"Pre-Event Exchange

Ticket Validation

Bug Fixes

FT Rewards",4.1 and up,15,3.4,[],36M,Fliptix,"March 13, 2019",https://play.google.com/store/apps/details?id=com.purefliptix&gl=us&hl=en,
4,com.revive_2019,[EVENTS],[Everyone],1.0,"Event app for the REvive Conference & Expo live stream, connecting members of real estate associations across the country, allowing them to ask questions of the speakers in real time, and to network and connect with sponsors and exhibitors before, during and after the conference.","Event app for the REvive Conference &amp; Expo live stream, connecting members of real estate associations across the country, allowing them to ask questions of the speakers in real time, and to network and connect with sponsors and exhibitors before, during and after the conference.",All In The Loop,"46 Water Lane,
Wilmslow,
Cheshire,
England
SK9 6AL",lawrence@allintheloop.com,5823497573355077610,http://www.allintheloop.com/privacy.html,False,True,{},False,,https://lh3.googleusercontent.com/5v5PG-3TVlLYCq4bOBWJx2_BAd4-JOpuy-sFDtCJ0KPaNFwepmTHnCrqQAUXAArw1Ag,50+,,0,,4.1 and up,0,,[],31M,REvive 2019,"March 7, 2019",https://play.google.com/store/apps/details?id=com.revive_2019&gl=us&hl=en,
5,com.bonako.djawards,[EVENTS],[Everyone],1.5,"Gala para premiar os melhores Djs do ano 2018, a nível nacional e internacional.
Primeiramente temos que realçar que esse projeto conta com uma parceria institucional da organização dos Cabo Verde Música Awards, CVMA e da Associação Cabo-verdiana dos Djs, ACDJS e parcerias tecnologicas da RANK CV e da BONAKO (que está neste momento a desenvolver um aplicativo DEEJAY AWARDS para smartphones que as pessoas poderam ter gratuitamente).
Pretende-se realizar uma gala para premiar os melhores Djs do ano 2017, a nível nacional e internacional.
A gala de premiação para a primeira edição do Dj Awards vai acontecer no dia 07 de Abril e os vencedores serão eleitos em algumas categorias por votação popular e noutras categorias pelo júri. Já existem comissōes criadas para o efeito a trabalhar desde Novembro 2017. Nessas comissões estão inseridas djs da velha guarda, promotores de eventos, personalidades musicais e apreciadores dessa classe.","Gala para premiar os melhores Djs do ano 2018, a nível nacional e internacional.<br/><br/>Primeiramente temos que realçar que esse projeto conta com uma parceria institucional da organização dos Cabo Verde Música Awards, CVMA e da Associação Cabo-verdiana dos Djs, ACDJS e parcerias tecnologicas da RANK CV e da BONAKO (que está neste momento a desenvolver um aplicativo DEEJAY AWARDS para smartphones que as pessoas poderam ter gratuitamente).<br/>Pretende-se realizar uma gala para premiar os melhores Djs do ano 2017, a nível nacional e internacional.<br/>A gala de premiação para a primeira edição do Dj Awards vai acontecer no dia 07 de Abril e os vencedores serão eleitos em algumas categorias por votação popular e noutras categorias pelo júri. Já existem comissōes criadas para o efeito a trabalhar desde Novembro 2017. Nessas comissões estão inseridas djs da velha guarda, promotores de eventos, personalidades musicais e apreciadores dessa classe.",Bonako - Digital Games & Mobile Applications,"Palmarejo, Rua São Vicente nº54
PO BOX-231A
Praia Cape Verde",info@bonako.com,Bonako+-+Digital+Games+%26+Mobile+Applications,http://www.bonako.com,False,True,"{u'1': 0, u'3': 1, u'2': 1, u'5': 4, u'4': 1}",False,,https://lh3.googleusercontent.com/dgBxk9qrtpJSAPr-OLJ6eHrj1CWQgMgt0F6Y9PhWqdP_T0UJF2tAqcCcoZCD7vMzGg,"1,000+",,0,"Correções de erros

Implementação de nova funcionalidade",4.0.3 and up,7,4.1,[],4.9M,DJ Awards,"March 20, 2019",https://play.google.com/store/apps/details?id=com.bonako.djawards&gl=us&hl=en,
6,com.todaytix.TodayTix,[EVENTS],[Everyone],2.4.3,"Getting tickets to the best performances in your city has never been easier than with TodayTix, the highest-rated ticketing app in the Play Store. Created by Broadway producers, TodayTix provides insightful guidance into the world of culture, allowing users to discover new shows and unlock access to the best seats at the best prices.
First launched for tickets to New York's Broadway and Off-Broadway shows, TodayTix is now available in London's West End, Chicago, Los Angeles, the San Francisco Bay Area, Boston, Washington D.C., Seattle, Philadelphia, Toronto, Connecticut, Houston, Dallas, and Melbourne.
----FEATURES----
TodayTix simplifies and streamlines the previously difficult theater ticket buying experience.
Here's how:
- Take the guesswork out of buying theater tickets. We always list the best prices up to 30 days in advance.
- Enter daily lotteries to popular Broadway and Off-Broadway shows. Win free tickets, access to exclusive deals, and more!
- Unlock day-of Rush tickets at deep discounts on a first-come, first-served basis every performance day.
- Skip the lines. Book tickets in just 30 seconds or less, and never wait in long lines again.
- Sign up for alerts. Find out when tickets to your favorite sold out show becomes available. Get reminders the next time Rush and Lottery deals are live.
- Get the VIP treatment. Our customers rave about our friendly and personable service.
- Buy with confidence. Unlike many other apps, we work directly with the theatre’s box office, never with ticket brokers.
----THE BUZZ----
“An app that solves the biggest annoyance with buying theater tickets.” - Business Insider UK
“The Uber of Broadway tickets.” - Forbes
“Save money, save time, and feel like a VIP while you’re doing it.” – Entertainment Weekly
“TodayTix is for travelers who don’t feel like killing prime New York City touring time by waiting in line at TKTS, or for those who prefer to plan a few days ahead of time rather than risking their plans to the vagaries of same-day availability.”- Frommer’s
----CONNECT WITH US----
Facebook: www.facebook.com/todaytix
Twitter: www.twitter.com/todaytix
Instagram: www.instagram.com/todaytix
Website: www.todaytix.com","Getting tickets to the best performances in your city has never been easier than with TodayTix, the highest-rated ticketing app in the Play Store. Created by Broadway producers, TodayTix provides insightful guidance into the world of culture, allowing users to discover new shows and unlock access to the best seats at the best prices.<br/><br/>First launched for tickets to New York's Broadway and Off-Broadway shows, TodayTix is now available in London's West End, Chicago, Los Angeles, the San Francisco Bay Area, Boston, Washington D.C., Seattle, Philadelphia, Toronto, Connecticut, Houston, Dallas, and Melbourne.<br/><br/>----FEATURES----<br/><br/>TodayTix simplifies and streamlines the previously difficult theater ticket buying experience. <br/>Here's how:<br/><br/>- Take the guesswork out of buying theater tickets. We always list the best prices up to 30 days in advance. <br/>- Enter daily lotteries to popular Broadway and Off-Broadway shows. Win free tickets, access to exclusive deals, and more! <br/>- Unlock day-of Rush tickets at deep discounts on a first-come, first-served basis every performance day.<br/>- Skip the lines. Book tickets in just 30 seconds or less, and never wait in long lines again.<br/>- Sign up for alerts. Find out when tickets to your favorite sold out show becomes available. Get reminders the next time Rush and Lottery deals are live.<br/>- Get the VIP treatment. Our customers rave about our friendly and personable service.<br/>- Buy with confidence. Unlike many other apps, we work directly with the theatre’s box office, never with ticket brokers. <br/><br/>----THE BUZZ----<br/><br/>“An app that solves the biggest annoyance with buying theater tickets.” - Business Insider UK<br/><br/>“The Uber of Broadway tickets.” - Forbes <br/><br/>“Save money, save time, and feel like a VIP while you’re doing it.” – Entertainment Weekly<br/><br/>“TodayTix is for travelers who don’t feel like killing prime New York City touring time by waiting in line at TKTS, or for those who prefer to plan a few days ahead of time rather than risking their plans to the vagaries of same-day availability.”- Frommer’s <br/><br/>----CONNECT WITH US----<br/><br/>Facebook: www.facebook.com/todaytix<br/>Twitter: www.twitter.com/todaytix<br/>Instagram: www.instagram.com/todaytix<br/>Website: www.todaytix.com",TodayTix,,support@todaytix.com,TodayTix,http://www.todaytix.com/,False,True,"{u'1': 147, u'3': 86, u'2': 41, u'5': 7627, u'4': 810}",False,,https://lh3.googleusercontent.com/Z1KUI11HfjV6J9a-wQmQ02y84WZLQ4coceRYoASphrgmpB32m3x7PRod40VJLRMLn7vg,"500,000+",,0,"Check out our new mobile Lotteries, Rush tickets, and special offers, as well as other exciting updates and features in the latest version of the TodayTix app.",4.1 and up,8711,4.8,[],35M,TodayTix – Theater Tickets,"March 7, 2019",https://play.google.com/store/apps/details?id=com.todaytix.TodayTix&gl=us&hl=en,
7,com.propaganda3.cherry,[EVENTS],[Everyone],1.0.7,"Each March, Macon becomes a pink, cotton-spun paradise as over 300,000 Yoshino cherry trees bloom in all their glory. For 10 days, festival-lovers are treated to one of the most extravagant displays of springtime color in the nation as they visit the town referred to by Congressional Records as the Cherry Blossom Capital of the World.
Despite its humble beginnings, the festival has become one of the Top 20 Events in the South, Top 50 Events in the U.S., and Top 100 Events in North America. The Yoshino cherry trees’ numbers keep growing as the Fickling Family Foundation continues to donate thousands of cherry trees to Macon-Bibb residents each year. Their generosity helps keep Macon’s beauty alive as well as its distinctive title as the Cherry Blossom Capital of the World secure.
This app is your OFFICIAL guide to the International Cherry Blossom Festival.
FEATURES:
- Opt-in to receive push notifications for instant, up-to-the-minute info about events and announcements during the festival.
- Complete schedule, times and details for all 22 days worth of events.
- NEW FOR 2019! Create your own personalized itinerary for the entire festival.
- Explore and learn more about all the great offerings at this year's fest.
- Maps to all of our of our primary venues for the fest, including info on concessions, parking, restrooms, stages and more.
- Lineups for all areas of the festival.
- A handy FAQ section to help you learn more about the fest and plan your visit.
- Snap and post pics of your adventures at the festival using custom-designed frames and fun overlays.
For more info, visit CherryBlossom.com.","Each March, Macon becomes a pink, cotton-spun paradise as over 300,000 Yoshino cherry trees bloom in all their glory. For 10 days, festival-lovers are treated to one of the most extravagant displays of springtime color in the nation as they visit the town referred to by Congressional Records as the Cherry Blossom Capital of the World.<br/><br/>Despite its humble beginnings, the festival has become one of the Top 20 Events in the South, Top 50 Events in the U.S., and Top 100 Events in North America. The Yoshino cherry trees’ numbers keep growing as the Fickling Family Foundation continues to donate thousands of cherry trees to Macon-Bibb residents each year. Their generosity helps keep Macon’s beauty alive as well as its distinctive title as the Cherry Blossom Capital of the World secure.<br/><br/>This app is your OFFICIAL guide to the International Cherry Blossom Festival. <br/><br/>FEATURES: <br/>- Opt-in to receive push notifications for instant, up-to-the-minute info about events and announcements during the festival.<br/>- Complete schedule, times and details for all 22 days worth of events.<br/>- NEW FOR 2019! Create your own personalized itinerary for the entire festival.<br/>- Explore and learn more about all the great offerings at this year's fest.<br/>- Maps to all of our of our primary venues for the fest, including info on concessions, parking, restrooms, stages and more.<br/>- Lineups for all areas of the festival.<br/>- A handy FAQ section to help you learn more about the fest and plan your visit.<br/>- Snap and post pics of your adventures at the festival using custom-designed frames and fun overlays.<br/><br/>For more info, visit CherryBlossom.com.",Propaganda3,"519 Avenida Cesar E Chavez
Kansas City, MO 64108",talk@propaganda3.com,Propaganda3,http://www.propaganda3.com,False,True,"{u'1': 2, u'3': 2, u'2': 0, u'5': 5, u'4': 1}",False,,https://lh3.googleusercontent.com/qBepfhUEQ_WU5QrzLKIorklarTFj-hZfxEOkw7bg9oJdvHcd0cmi3nZ9W8mwbGx_IAg,"1,000+",,0,"Updated for 2019! Brand new this year: create your own personalized itinerary for the entire festival!


The International Cherry Blossom Festival takes place on Friday, March 22nd through Sunday, March 31st in Macon, Georgia. Learn more at CherryBlossom.com.",4.4 and up,10,3.7,[],47M,Cherry Blossom Festival,"February 14, 2019",https://play.google.com/store/apps/details?id=com.propaganda3.cherry&gl=us&hl=en,
8,com.tff2017.android,[EVENTS],[Everyone],1.19,"Description
Welcome to the official app for the 2019 Tribeca Film Festival: April 24 - May 5 in New York City. Browse your way around our program using our new Discover tool finding films and events based on emotions, topics, and themes. Then save to your Wishlist to purchase tickets when they go on sale, March 26. Create your own calendar as you attend the Festival and stay up to date on last minute ticket alerts and breaking news.","Description<br/>Welcome to the official app for the 2019 Tribeca Film Festival: April 24 - May 5 in New York City. Browse your way around our program using our new Discover tool finding films and events based on emotions, topics, and themes. Then save to your Wishlist to purchase tickets when they go on sale, March 26. Create your own calendar as you attend the Festival and stay up to date on last minute ticket alerts and breaking news.",TribecaFilm,,mhayes@tribecafilm.com,TribecaFilm,http://tribecafilm.com,False,True,"{u'1': 10, u'3': 3, u'2': 2, u'5': 15, u'4': 4}",False,,https://lh3.googleusercontent.com/xKPV_VsOM02pJDlJgzc34_Sn5qLQsBVzWV76xB5XJ_Toi_hle7N2FyMmkUOmKCZC4yht,"5,000+",,0,Updated for 2019,4.1 and up,34,3.4,[],24M,Tribeca Film Festival,"February 25, 2019",https://play.google.com/store/apps/details?id=com.tff2017.android&gl=us&hl=en,
9,mobile.appUwYI8GXEbi,[EVENTS],[Everyone],5.41,"Keurig Dr Pepper (NYSE: KDP) is a leading coffee and beverage company in North America, with annual revenue in excess of $11 billion. Formed in 2018 with the merger of Keurig Green Mountain and Dr Pepper Snapple Group, we have leadership positions in soft drinks, specialty coffee and tea, water, juice and juice drinks and mixers, and we market the #1 single serve coffee brewing system in the U.S. We have an unrivaled distribution system that enables our portfolio of more than 125 owned, licensed and partner brands to be available nearly everywhere people shop and consume beverages. With a wide range of hot and cold beverages that meet virtually any consumer need, KDP key brands include Keurig®, Dr Pepper®, Green Mountain Coffee Roasters®, Canada Dry®, Snapple®, Bai®, Mott’s® and The Original Donut Shop®. We have more than 25,000 employees and more than 120 offices, manufacturing plants, warehouses and distribution centers across North America.
More than 75% of the company's overall volume is from brands that are either #1 or #2 in their flavor categories.
The Travel & Event Services team produces “Best in Class” events that drive sales and increase customer relationships.
Events range in focus from VIP incentives, college football and television telecast sponsorships, and traditional business meetings from 40 to 5,000 people.   This app will house event communications.","Keurig Dr Pepper (NYSE: KDP) is a leading coffee and beverage company in North America, with annual revenue in excess of $11 billion. Formed in 2018 with the merger of Keurig Green Mountain and Dr Pepper Snapple Group, we have leadership positions in soft drinks, specialty coffee and tea, water, juice and juice drinks and mixers, and we market the #1 single serve coffee brewing system in the U.S. We have an unrivaled distribution system that enables our portfolio of more than 125 owned, licensed and partner brands to be available nearly everywhere people shop and consume beverages. With a wide range of hot and cold beverages that meet virtually any consumer need, KDP key brands include Keurig®, Dr Pepper®, Green Mountain Coffee Roasters®, Canada Dry®, Snapple®, Bai®, Mott’s® and The Original Donut Shop®. We have more than 25,000 employees and more than 120 offices, manufacturing plants, warehouses and distribution centers across North America. <br/><br/>More than 75% of the company's overall volume is from brands that are either #1 or #2 in their flavor categories.  <br/><br/>The Travel &amp; Event Services team produces “Best in Class” events that drive sales and increase customer relationships.  <br/><br/>Events range in focus from VIP incentives, college football and television telecast sponsorships, and traditional business meetings from 40 to 5,000 people.   This app will house event communications.",KEURIG DR PEPPER INC.,,dpsmydayapptest@gmail.com,KEURIG+DR+PEPPER+INC.,https://www.keurigdrpepper.com,False,True,{},False,,https://lh3.googleusercontent.com/jen_LwIhveYpqz4XaY_Gsf5TQadZJecM7_d-uqxV7sgXayzqWEMaupyFfnGE1XqFlrcz,100+,[Users Interact],0,,6.0 and up,0,,[],30M,Keurig Dr Pepper Events,"February 7, 2019",https://play.google.com/store/apps/details?id=mobile.appUwYI8GXEbi&gl=us&hl=en,
10,com.ocs.confpal.gama,[EVENTS],[Everyone],1.6,"LAMP, GAMA’s annual Leadership and Management Program, is the financial services industry’s premier annual meeting.
More than 2,000 field leaders and industry executives representing more than 50 insurance, investment, and financial services companies from around the world, gather to connect with colleagues, learn from the industry’s best and brightest, and reinvigorate themselves for the coming year.
LAMP is where industry leaders come to connect with colleagues, learn from the industry’s best and brightest, and recharge and reinvigorate themselves for the coming year. It’s an annual must for those field leaders who are serious about working on their business, not just in it.","LAMP, GAMA’s annual Leadership and Management Program, is the financial services industry’s premier annual meeting.<br/><br/>More than 2,000 field leaders and industry executives representing more than 50 insurance, investment, and financial services companies from around the world, gather to connect with colleagues, learn from the industry’s best and brightest, and reinvigorate themselves for the coming year.<br/><br/>LAMP is where industry leaders come to connect with colleagues, learn from the industry’s best and brightest, and recharge and reinvigorate themselves for the coming year. It’s an annual must for those field leaders who are serious about working on their business, not just in it.","OpenConcept Systems, Inc.",,larry@agendapop.com,"OpenConcept+Systems,+Inc.",http://www.agendapop.com,False,True,{},False,,https://lh3.googleusercontent.com/gRktqk9aPtNFF3TBWJCrbqtd6w8WWha9c0CrClqLPr2ae8l_VjLbrDPamIXX33_RCvj8,100+,"[Users Interact, Shares Location]",0,Fixed LinkedIn integration issues.,4.0.3 and up,0,5.0,[],18M,LAMP Conference,"March 15, 2019",https://play.google.com/store/apps/details?id=com.ocs.confpal.gama&gl=us&hl=en,
11,com.seatgeek.android,[EVENTS],[Everyone],2019.03.08264,"SeatGeek is the smart way to buy and resell tickets to thousands of sporting events (NFL, NBA, NHL, MLB, MLS), concerts, festivals, and Broadway/theater shows. Tickets are backed by SeatGeek's 100% buyer guarantee, and resellers may list tickets above or below face value.
FEATURES
◆
Interactive Seating Charts
Explore the best deals mapped on interactive seating charts with panoramic photographs from every section. Know what the view from your seat looks like before you buy tickets.
◆
Deal Score
Never worry about getting ripped off again, every deal on SeatGeek is color-coded from best to worst based on value.
◆
Mobile Tickets
Show your e-ticket in the SeatGeek app to gain access to venues, no printer necessary.
◆
Send Tickets
No more waiting outside the stadium for friends in the rain. Send extra tickets to your friends’ phones in a tap for free or for $$$ (US only).
◆
Sell Your Tickets
Can’t attend tomorrow night’s concert? Sell your tickets on SeatGeek’s Marketplace in one tap. SeatGeek will even recommend the best price to help you quickly sell your tickets.
◆
Discover Nearby Events
Easily browse tickets from 100+ sites for any live event. Search by team, artist, venue, genre, or sport (baseball, basketball, hockey, football, Nascar, etc.) to see upcoming events near you.
◆
Listening Suggestions
Receive personalized notifications about upcoming concerts while listening to music on Spotify, Google Play Music, or SoundCloud.
◆
Buy Your Way
Conveniently pay via Android Pay or Credit Card.
EVERY EVENT OUT THERE
Concert & Festival Tickets
Ariana Grande, Billy Joel, Bruno Mars, Florida Georgia Line, Garth Brooks, Green Day, Justin Bieber, Luke Bryan, Shawn Mendes, Tim McGraw, Twenty One Pilots, The Weeknd
Broadway & Theater Tickets
Aladdin, Cirque du Soleil, Hamilton, Jersey Boys, Mamma Mia, Phantom of the Opera, Book of Mormon, Lion King, Wicked
NFL, NBA, MLB, NHL, NCAA, MLS, & Playoff Tickets
- Arizona: Cardinals, Diamondbacks, Phoenix Coyotes, Suns
- California: LA Dodgers, Lakers, Clippers, Angels, USC Trojans, San Francisco Giants, 49ers, Anaheim Ducks, Golden State Warriors, Oakland Athletics, Raiders, Sacramento Kings, San Diego Chargers, Padres, San Jose Sharks
- Colorado: Avalanche, Rockies, Denver Broncos, Nuggets
- Florida: Panthers, Gators, Orlando Magic, Jacksonville Jaguars, Miami Heat, Dolphins, Marlins, Tampa Bay Buccaneers, Lightning, Rays
- Georgia: Atlanta Falcons, Hawks, Braves
- Illinois: Chicago Bears, Blackhawks, Bulls, Cubs, White Sox
- Indiana: Pacers, Notre Dame Fighting Irish, Indianapolis Colts
- Kansas: Kansas City Chiefs, Royals
- Kentucky: Wildcats
- Louisiana: LSU Tigers, New Orleans Saints, Pelicans
- Maryland: Terrapins, Baltimore Ravens, Orioles
- Massachusetts: Boston Red Sox, Celtics, Bruins
- Michigan: Wolverines, Detroit Lions, Red Wings, Tigers, Pistons
- Minnesota: Timberwolves, Twins, Vikings, Wild
- Missouri: St. Louis Cardinals, Rams, Blues
- New England: Patriots
- New Jersey: Devils
- New York: Giants, Yankees, Knicks, Jets, Mets, Rangers, Islanders, Brooklyn Nets, Buffalo Bills, Sabres
- North Carolina: Panthers, Hurricanes, Charlotte Hornets, UNC Tar Heels, Duke Blue Devils
- Ohio: OSU Buckeyes, Cincinnati Bengals, Reds, Cleveland Cavaliers, Indians, Browns, Columbus Blue Jackets
- Oklahoma: Thunder
- Oregon: Ducks, Portland Trail Blazers
- Pennsylvania: Philadelphia Eagles, Flyers, Phillies, 76ers, Pittsburgh Steelers, Pirates, Penguins, Panthers
- Tennessee: Titans, Volunteers, Nashville Predators, Memphis Grizzlies
- Texas: Rangers, Texas A&M Aggies, Dallas Cowboys, Mavericks, Stars, Houston Rockets, Texans, Astros, San Antonio Spurs
- Utah: Jazz
- Washington: Seattle Seahawks, Mariners
- Washington D.C: Nationals, Redskins, Wizards, Capitals
- Wisconsin: Green Bay Packers, Milwaukee Brewers, Bucks, Wisconsin Badgers
- Canada: Toronto Maple Leafs, Raptors, Blue Jays","SeatGeek is the smart way to buy and resell tickets to thousands of sporting events (NFL, NBA, NHL, MLB, MLS), concerts, festivals, and Broadway/theater shows. Tickets are backed by SeatGeek's 100% buyer guarantee, and resellers may list tickets above or below face value.<br/><br/><b>FEATURES</b><br/>◆ <u>Interactive Seating Charts</u><br/>Explore the best deals mapped on interactive seating charts with panoramic photographs from every section. Know what the view from your seat looks like before you buy tickets. <br/><br/>◆ <u>Deal Score</u><br/>Never worry about getting ripped off again, every deal on SeatGeek is color-coded from best to worst based on value. <br/><br/>◆ <u>Mobile Tickets</u><br/>Show your e-ticket in the SeatGeek app to gain access to venues, no printer necessary. <br/><br/>◆ <u>Send Tickets</u><br/>No more waiting outside the stadium for friends in the rain. Send extra tickets to your friends’ phones in a tap for free or for $$$ (US only).<br/><br/>◆ <u>Sell Your Tickets</u><br/>Can’t attend tomorrow night’s concert? Sell your tickets on SeatGeek’s Marketplace in one tap. SeatGeek will even recommend the best price to help you quickly sell your tickets. <br/><br/>◆ <u>Discover Nearby Events</u><br/>Easily browse tickets from 100+ sites for any live event. Search by team, artist, venue, genre, or sport (baseball, basketball, hockey, football, Nascar, etc.) to see upcoming events near you. <br/><br/>◆ <u>Listening Suggestions</u> <br/>Receive personalized notifications about upcoming concerts while listening to music on Spotify, Google Play Music, or SoundCloud.<br/><br/>◆ <u>Buy Your Way</u><br/>Conveniently pay via Android Pay or Credit Card.<br/><br/><br/><b>EVERY EVENT OUT THERE</b><br/><u>Concert &amp; Festival Tickets</u><br/>Ariana Grande, Billy Joel, Bruno Mars, Florida Georgia Line, Garth Brooks, Green Day, Justin Bieber, Luke Bryan, Shawn Mendes, Tim McGraw, Twenty One Pilots, The Weeknd<br/><br/><u>Broadway &amp; Theater Tickets</u><br/>Aladdin, Cirque du Soleil, Hamilton, Jersey Boys, Mamma Mia, Phantom of the Opera, Book of Mormon, Lion King, Wicked<br/><br/><u>NFL, NBA, MLB, NHL, NCAA, MLS, &amp; Playoff Tickets</u><br/>- Arizona: Cardinals, Diamondbacks, Phoenix Coyotes, Suns<br/>- California: LA Dodgers, Lakers, Clippers, Angels, USC Trojans, San Francisco Giants, 49ers, Anaheim Ducks, Golden State Warriors, Oakland Athletics, Raiders, Sacramento Kings, San Diego Chargers, Padres, San Jose Sharks<br/>- Colorado: Avalanche, Rockies, Denver Broncos, Nuggets<br/>- Florida: Panthers, Gators, Orlando Magic, Jacksonville Jaguars, Miami Heat, Dolphins, Marlins, Tampa Bay Buccaneers, Lightning, Rays<br/>- Georgia: Atlanta Falcons, Hawks, Braves <br/>- Illinois: Chicago Bears, Blackhawks, Bulls, Cubs, White Sox<br/>- Indiana: Pacers, Notre Dame Fighting Irish, Indianapolis Colts<br/>- Kansas: Kansas City Chiefs, Royals<br/>- Kentucky: Wildcats<br/>- Louisiana: LSU Tigers, New Orleans Saints, Pelicans<br/>- Maryland: Terrapins, Baltimore Ravens, Orioles<br/>- Massachusetts: Boston Red Sox, Celtics, Bruins<br/>- Michigan: Wolverines, Detroit Lions, Red Wings, Tigers, Pistons<br/>- Minnesota: Timberwolves, Twins, Vikings, Wild<br/>- Missouri: St. Louis Cardinals, Rams, Blues<br/>- New England: Patriots<br/>- New Jersey: Devils<br/>- New York: Giants, Yankees, Knicks, Jets, Mets, Rangers, Islanders, Brooklyn Nets, Buffalo Bills, Sabres<br/>- North Carolina: Panthers, Hurricanes, Charlotte Hornets, UNC Tar Heels, Duke Blue Devils<br/>- Ohio: OSU Buckeyes, Cincinnati Bengals, Reds, Cleveland Cavaliers, Indians, Browns, Columbus Blue Jackets<br/>- Oklahoma: Thunder<br/>- Oregon: Ducks, Portland Trail Blazers<br/>- Pennsylvania: Philadelphia Eagles, Flyers, Phillies, 76ers, Pittsburgh Steelers, Pirates, Penguins, Panthers<br/>- Tennessee: Titans, Volunteers, Nashville Predators, Memphis Grizzlies<br/>- Texas: Rangers, Texas A&amp;M Aggies, Dallas Cowboys, Mavericks, Stars, Houston Rockets, Texans, Astros, San Antonio Spurs<br/>- Utah: Jazz<br/>- Washington: Seattle Seahawks, Mariners<br/>- Washington D.C: Nationals, Redskins, Wizards, Capitals<br/>- Wisconsin: Green Bay Packers, Milwaukee Brewers, Bucks, Wisconsin Badgers<br/>- Canada: Toronto Maple Leafs, Raptors, Blue Jays",SeatGeek,,android-app@seatgeek.com,SeatGeek,http://seatgeek.com,False,True,"{u'1': 1314, u'3': 853, u'2': 433, u'5': 11071, u'4': 2603}",False,,https://lh3.googleusercontent.com/8LV_rwkQlb66d6R4M3VhuZve_r7Rr9gtTvYfhuwl2TQje8FoLEmS9ffpz_pFcd5JeQ,"1,000,000+",[Shares Info],0,"Meet our latest feature, Day of Event — our completely redesigned in-app experience created to enhance the final hours leading up to your game, concert, or show. Now, a more detailed order-status screen keeps you informed as to when and how your tickets will be delivered. You’ll also find all your tickets and passes grouped in the same place to make entry even easier. For better planning, we now provide precise weather updates, venue bag policies, even directions — all right here in the app.",5.0 and up,16274,4.3,[],30M,"SeatGeek – Tickets to Sports, Concerts, Broadway","March 11, 2019",https://play.google.com/store/apps/details?id=com.seatgeek.android&gl=us&hl=en,https://www.youtube.com/embed/AZIx2OqLUJU
12,com.angkormobi.ukcalendar,[EVENTS],[Everyone],1.4,"Holiday Calendar is the best calendar app to check any holiday. This app contain bank holiday and local holidays.
Feature:
- Public holiday
- Bank holiday
- Local holiday
Download Holiday Calendar now for free!!!",Holiday Calendar is the best calendar app to check any holiday. This app contain bank holiday and local holidays.<br/><br/>Feature:<br/>- Public holiday<br/>- Bank holiday<br/>- Local holiday<br/><br/>Download Holiday Calendar now for free!!!,RothApp,,phearoth.app@gmail.com,RothApp,https://holidaycalendarpro.blogspot.com/2019/03/holiday-calendar-privacy-policy.html,False,True,"{u'1': 3, u'3': 9, u'2': 3, u'5': 104, u'4': 26}",False,,https://lh3.googleusercontent.com/y3KzddLiMAKzB4VQh7dW8oCs70uM7-Vi9-oqo0wOY-Lu04gI9MdIm7DqMk7johbjFA,"10,000+",,0,- Now you can add note. Please click on any date to add note. Thank for you support :),4.1 and up,145,4.6,[],4.8M,Holiday Calendar 2019,"March 17, 2019",https://play.google.com/store/apps/details?id=com.angkormobi.ukcalendar&gl=us&hl=en,
13,com.ihi.atevent3,[EVENTS],[Everyone],3.6.6,"atEvent's best-in-class event lead management solution helps companies capture qualified leads from events, including the context from sales conversations. atEvent accelerates sales velocity while also measuring and driving event ROI. With atEvent’s Android App, you can scan attendee’s business cards or badges to accurately capture prospect contact info in addition to adding custom topics of interest and follow-up actions that flow automatically into your Marketing Automation or CRM system without having to upload spreadsheets.
Our Android tablet app makes it simple to check-in event attendees who visit your booth and interact with your team. Easily pull in pre-registered users from your CRM or Marketing Automation system and add rich prospect interaction data from your interactions. In addition, you'll be able to notify your salespeople when designated contacts check in so they can take action.
Our solution is fully integrated with the most common Marketing Automation and CRM systems (Marketo, Eloqua, Pardot, HubSpot, Salesforce) to provide both a contact and account-level view of prospect activity that drives automated, rapid follow-up and personalized prospect nurturing.
What's New?
This version of the app works with the all-new version of the atEvent Central web admin portal and includes the following important updates:
- Improved the standard qualifying check-in flow to denote an attendee as checked-in when the user taps on the attendee row and adds qualifying Topics and Followups
- Integrated a new, powerful machine learning platform
- Stability improvements","atEvent's best-in-class event lead management solution helps companies capture qualified leads from events, including the context from sales conversations. atEvent accelerates sales velocity while also measuring and driving event ROI. With atEvent’s Android App, you can scan attendee’s business cards or badges to accurately capture prospect contact info in addition to adding custom topics of interest and follow-up actions that flow automatically into your Marketing Automation or CRM system without having to upload spreadsheets.<br/><br/>Our Android tablet app makes it simple to check-in event attendees who visit your booth and interact with your team. Easily pull in pre-registered users from your CRM or Marketing Automation system and add rich prospect interaction data from your interactions. In addition, you'll be able to notify your salespeople when designated contacts check in so they can take action.<br/><br/>Our solution is fully integrated with the most common Marketing Automation and CRM systems (Marketo, Eloqua, Pardot, HubSpot, Salesforce) to provide both a contact and account-level view of prospect activity that drives automated, rapid follow-up and personalized prospect nurturing.<br/><br/><br/>What's New?<br/>This version of the app works with the all-new version of the atEvent Central web admin portal and includes the following important updates:<br/><br/>- Improved the standard qualifying check-in flow to denote an attendee as checked-in when the user taps on the attendee row and adds qualifying Topics and Followups<br/>- Integrated a new, powerful machine learning platform<br/>- Stability improvements",atEvent,,info@at-event.com,atEvent,http://www.at-event.com,False,True,"{u'1': 1, u'3': 0, u'2': 0, u'5': 1, u'4': 0}",False,,https://lh3.googleusercontent.com/EKwwli59FMEE0TEYN59kQcYBJKZlzrvaWpTcyLdqJHBf6INaQ5cPiLqmyzISywqrJA,500+,,0,Bug Fixes,5.0 and up,2,3.0,[],4.7M,atEvent,"December 12, 2018",https://play.google.com/store/apps/details?id=com.ihi.atevent3&gl=us&hl=en,
14,com.tailskinsear,[EVENTS],[Everyone],1.2,"Tail skins for minecraft is one of the most complete and most variative skins for your character in the world of crafting packets. Here you will find a great variety of the best mc skins in tail style. Why do you need to download skins for minecraft? Our app it has minecraft tail skins in large numbers, allowing you to find exactly your perfect option. Our catalog is huge, go and check. This skins weigh very little, so they will be downloaded in seconds. By the way, the application will be downloaded pretty quickly, too, and does not take up much space on your device. Tail skins for minecraft pe will be an excellent addition to the game. Tail Skins for Minecraft - is a great way to show your individuality. Here you will find only the best minecraft skins for boys and minecraft skins for girls pe. Each chosen a skin on the soul and taste. Look, choose, download, install and get pleasure.
Tail Skins for Minecraft PE (Pocket Edition) allows you to choose and apply a tail skin to your MCPE character. Within seconds you could be playing with a really cool skin for Minecraft Pocket Edition!
Remember: Downloaded skins stored in your Gallery in folder Camera
The application is simple to use, a few clicks and you are downloading skins for mcpe.
ATTENTION: For downloading materials you will need an internet connection!
WARNING: This is an unofficial application for Minecraft Pocket Edition. This application is not affiliated in any way with Mojang AB. The Minecraft Name, the Minecraft Brand and the Minecraft Assets are all property of Mojang AB or their respectful owner. All rights reserved. In accordance with http://account.mojang.com/documents/brand_guidelines","Tail skins for minecraft is one of the most complete and most variative skins for your character in the world of crafting packets. Here you will find a great variety of the best mc skins in tail style. Why do you need to download skins for minecraft? Our app it has minecraft tail skins in large numbers, allowing you to find exactly your perfect option. Our catalog is huge, go and check. This skins weigh very little, so they will be downloaded in seconds. By the way, the application will be downloaded pretty quickly, too, and does not take up much space on your device. Tail skins for minecraft pe will be an excellent addition to the game. Tail Skins for Minecraft - is a great way to show your individuality. Here you will find only the best minecraft skins for boys and minecraft skins for girls pe. Each chosen a skin on the soul and taste. Look, choose, download, install and get pleasure.<br/>Tail Skins for Minecraft PE (Pocket Edition) allows you to choose and apply a tail skin to your MCPE character. Within seconds you could be playing with a really cool skin for Minecraft Pocket Edition! <br/>Remember: Downloaded skins stored in your Gallery in folder Camera<br/><br/>The application is simple to use, a few clicks and you are downloading skins for mcpe.<br/><br/>ATTENTION: For downloading materials you will need an internet connection!<br/><br/>WARNING: This is an unofficial application for Minecraft Pocket Edition. This application is not affiliated in any way with Mojang AB. The Minecraft Name, the Minecraft Brand and the Minecraft Assets are all property of Mojang AB or their respectful owner. All rights reserved. In accordance with http://account.mojang.com/documents/brand_guidelines",Mazur Ilia,,iliamazur1194@gmail.com,Mazur+Ilia,https://atua.iosdevsupport.biz/files/SkinsIliuha/Privacy_policy.html,False,True,"{u'1': 7, u'3': 0, u'2': 0, u'5': 0, u'4': 1}",True,[Everyone],https://lh3.googleusercontent.com/W38Kg1CCy296X8ZMRfQvvpvSecNsUieLxjeAYNMfiKXwYuNRagfUOcqno1K7fNqSw_M,"1,000+",,0,,4.0.3 and up,8,1.4,[],15M,Tail Skins,"February 18, 2019",https://play.google.com/store/apps/details?id=com.tailskinsear&gl=us&hl=en,
