,app_id,category,content_rating,current_version,description,description_html,developer,developer_address,developer_email,developer_id,developer_url,editors_choice,free,histogram,iap,iap_range,icon,installs,interactive_elements,price,recent_changes,required_android_version,reviews,score,screenshots,size,title,updated,url,video
0,com.lego.legotv,"[ENTERTAINMENT, FAMILY_MUSICVIDEO]","[Everyone 10+, Fantasy Violence]",4.2.3,"Take your favorite® LEGO videos with you wherever you go with the LEGO TV app, now available for mobile! Stream exciting and fun LEGO videos to your phone, tablet or TV. Catch the crooks in LEGO City, hang out with the LEGO Friends and much more, with new videos added all the time.
•	Browse by theme, age range and stories, so you can always find something you want to watch!
•	Watch wherever and whenever you want!
For app support, contact LEGO Customer Service.
For contact details, refer to http://service.LEGO.com/contactus
Our privacy policy and terms of use are accepted if you download this app.
Read more on http://aboutus.LEGO.com/legal-notice/privacy-policy and http://aboutus.LEGO.com/legal-notice/terms-of-use-for-apps
LEGO and the LEGO logo are trademarks of the LEGO Group. ©2018 The LEGO Group","Take your favorite® LEGO videos with you wherever you go with the LEGO TV app, now available for mobile! Stream exciting and fun LEGO videos to your phone, tablet or TV. Catch the crooks in LEGO City, hang out with the LEGO Friends and much more, with new videos added all the time.<br/><br/>•	Browse by theme, age range and stories, so you can always find something you want to watch!<br/>•	Watch wherever and whenever you want!<br/><br/>For app support, contact LEGO Customer Service.<br/>For contact details, refer to http://service.LEGO.com/contactus<br/>Our privacy policy and terms of use are accepted if you download this app.<br/><br/>Read more on http://aboutus.LEGO.com/legal-notice/privacy-policy and http://aboutus.LEGO.com/legal-notice/terms-of-use-for-apps<br/><br/>LEGO and the LEGO logo are trademarks of the LEGO Group. ©2018 The LEGO Group",LEGO System A/S,"LEGO System A/S
Aastvej 1
DK-7190 Billund",android@lego.com,5382307214726356149,http://service.lego.com/contactus,False,True,"{u'1': 3305, u'3': 1585, u'2': 1286, u'5': 9620, u'4': 1947}",False,,https://lh3.googleusercontent.com/sQX3EvAKwD8tBcCUkdNKLKw8RcyiTOJjV4Jb_MoueCHiWb7984c54qiiOZOLXb1S6w,"1,000,000+",,0,"Everything is STILL awesome in THE LEGO® MOVIE 2™! Watch official trailers, meet the characters, and explore all the new LEGO sets from the movie.",4.4 and up,17743,3.7,[],19M,LEGO® TV,"February 7, 2019",https://play.google.com/store/apps/details?id=com.lego.legotv&gl=us&hl=en,
1,com.internetdesignzone.wheelsonthebus,"[GAME_EDUCATIONAL, FAMILY_MUSICVIDEO]",[Everyone],2.4,"Wheels on the Bus is a fun app with interactive nursery rhymes and these rhymes are specially made for children to learn new things and along with having fun and enjoying their screen time
This app will help your tots to learn this famous nursery rhyme in their kindergarten-age easily. This app can also be used by parents and teachers for teaching rhymes to kids and make learning process fun and entertaining. Once downloaded, this rhyme can be played anytime, anywhere at anyplace for your kids to learn.
Features:
* No Ads.
* Completely free!
* 360-degree camera view.
* No internet connection required
* Suitable for all kids under the age of 7.
Hurry up and download this app for your children, kids, and toddlers now!","Wheels on the Bus is a fun app with interactive nursery rhymes and these rhymes are specially made for children to learn new things and along with having fun and enjoying their screen time<br/><br/>This app will help your tots to learn this famous nursery rhyme in their kindergarten-age easily. This app can also be used by parents and teachers for teaching rhymes to kids and make learning process fun and entertaining. Once downloaded, this rhyme can be played anytime, anywhere at anyplace for your kids to learn.<br/><br/><br/>Features:<br/><br/>* No Ads.<br/>* Completely free!<br/>* 360-degree camera view.<br/>* No internet connection required<br/>* Suitable for all kids under the age of 7.<br/><br/>Hurry up and download this app for your children, kids, and toddlers now!",IDZ Digital Private Limited,"607, Western Edge II, Borivali (E), Mumbai 400066, India",screene@gmail.com,5953899060857093739,http://www.idzdigital.com%20,False,True,"{u'1': 26, u'3': 46, u'2': 12, u'5': 220, u'4': 43}",True,[Everyone],https://lh3.googleusercontent.com/TL66h5KhL7U6dHiMANWZ-6SLuR3soNh2KCc-z3PVos5ZIHjtpabz55TsnP96sDB4JFw,"100,000+",,0,Some bugs fixed.,4.0 and up,347,4.2,[],19M,Wheels On The Bus Nursery Rhyme & Song For Toddler,"August 28, 2018",https://play.google.com/store/apps/details?id=com.internetdesignzone.wheelsonthebus&gl=us&hl=en,
2,fm.pinna.app,"[ENTERTAINMENT, FAMILY_MUSICVIDEO]",[Everyone],2.0.6,"Activate your kids’ imagination with Pinna — the only ad-free, screen-free audio streaming app custom-made for kids 3-8! Listen to thousands of podcast episodes, audiobooks, songs and more!
Each podcast, audiobook and music compilation on Pinna is expertly developed and carefully curated for kids 3-8.
From science and fantasy to interactive audio game shows and mysteries, Pinna has hundreds of hours of programming to pique the interest of every kid. Get them giggling, guessing, puzzling and participating by subscribing today — and join in on the fun!
Pinna is free to try for 30 days! After that, monthly subscriptions are $7.99 and annual plans are $79.99 (that's 1 additional month of free listening!).
KEY FEATURES
Curated library with hundreds of hours of original audio shows, audiobooks, popular podcasts, music and much more
New shows and episodes added daily
Unlimited, ad-free listening
Customizable experience by age
Age-appropriate music streaming
Manage your subscription with parental controls
WELL-KNOWN AND ORIGINAL CONTENT
Clifford the Big Red Dog
Captain Underpants
The Magic School Bus
Molly and the Sugar Monster
The Unexplainable Disappearance of Mars Patel
Sarah & Duck
The Show About Science
Grimm, Grimmer, Grimmest
ExtraBLURT
Story Time with Benny & Buddy
To stay up to date with new shows, episodes, music and books, subscribe to the Pinna newsletter at https://pinna.fm/.
SAFE
The Pinna app is cerfified by the kidSAFE Seal Program. The kidSAFE Seal Program is an independent safety certification service and seal-of-approval program designed exclusively for kid-friendly websites and technologies. For Pinna, that means we ensure our service provides parental controls over a child’s account, offers age-appropriate content, and follows all of the rules required for COPPA compliance. Visit www.kidsafeseal.com for more information.
FREE TRIAL
Try Pinna for free for 30 days. We offer two subscription plans: $7.99 per month or $79.99 per year.
Subscriptions will automatically renew unless auto-renew is turned off more than 24 hours before the end of the current period. Any unused portion of a free trial period, if offered, will be forfeited when the user purchases a subscription to that publication, where applicable.
Connect with Pinna by following @PinnaAudio on Facebook, Instagram and Twitter.
http://pinna.fm/privacy
http://pinna.fm/terms","Activate your kids’ imagination with Pinna — the only ad-free, screen-free audio streaming app custom-made for kids 3-8! Listen to thousands of podcast episodes, audiobooks, songs and more!<br/><br/>Each podcast, audiobook and music compilation on Pinna is expertly developed and carefully curated for kids 3-8. <br/><br/>From science and fantasy to interactive audio game shows and mysteries, Pinna has hundreds of hours of programming to pique the interest of every kid. Get them giggling, guessing, puzzling and participating by subscribing today — and join in on the fun!<br/><br/>Pinna is free to try for 30 days! After that, monthly subscriptions are $7.99 and annual plans are $79.99 (that's 1 additional month of free listening!).<br/><br/>KEY FEATURES<br/>Curated library with hundreds of hours of original audio shows, audiobooks, popular podcasts, music and much more<br/>New shows and episodes added daily<br/>Unlimited, ad-free listening<br/>Customizable experience by age<br/>Age-appropriate music streaming<br/>Manage your subscription with parental controls<br/><br/>WELL-KNOWN AND ORIGINAL CONTENT<br/>Clifford the Big Red Dog<br/>Captain Underpants<br/>The Magic School Bus<br/>Molly and the Sugar Monster<br/>The Unexplainable Disappearance of Mars Patel<br/>Sarah &amp; Duck<br/>The Show About Science<br/>Grimm, Grimmer, Grimmest<br/>ExtraBLURT<br/>Story Time with Benny &amp; Buddy<br/><br/>To stay up to date with new shows, episodes, music and books, subscribe to the Pinna newsletter at https://pinna.fm/.<br/><br/>SAFE<br/>The Pinna app is cerfified by the kidSAFE Seal Program. The kidSAFE Seal Program is an independent safety certification service and seal-of-approval program designed exclusively for kid-friendly websites and technologies. For Pinna, that means we ensure our service provides parental controls over a child’s account, offers age-appropriate content, and follows all of the rules required for COPPA compliance. Visit www.kidsafeseal.com for more information.<br/><br/>FREE TRIAL<br/>Try Pinna for free for 30 days. We offer two subscription plans: $7.99 per month or $79.99 per year. <br/>Subscriptions will automatically renew unless auto-renew is turned off more than 24 hours before the end of the current period. Any unused portion of a free trial period, if offered, will be forfeited when the user purchases a subscription to that publication, where applicable.<br/><br/>Connect with Pinna by following @PinnaAudio on Facebook, Instagram and Twitter.<br/>http://pinna.fm/privacy<br/>http://pinna.fm/terms",Pinna LLC,"15 Metrotech
Brooklyn NY 11201",contact@pinna.fm,Pinna+LLC,https://pinna.fm/contact-pinna,False,True,"{u'1': 1, u'3': 0, u'2': 1, u'5': 10, u'4': 3}",True,"[$7.99, $79.99]",https://lh3.googleusercontent.com/T1uGStzkwZuFPR2JXvjd9BYedndtwLkmIwC4B64LSoGY8MgtnS2mDvLakqTcgoVYeQgj,"1,000+",[In-App Purchases],0,Login bug fixes.,4.4 and up,15,4.3,[],23M,"Pinna: podcasts, music & audio books for kids","March 20, 2019",https://play.google.com/store/apps/details?id=fm.pinna.app&gl=us&hl=en,
3,com.piano.tiles.kid.baby.tiles.songs.cute,"[LIFESTYLE, FAMILY_MUSICVIDEO]",[Everyone],1.5,"Do your child love music and finding piano game for kids ?
Your child dreams of becoming a famous piano musician.
You are looking for a music game , animal music or just a or just a piano learning game for your child.
We dedicate to playing music , learning this piano for your child.
""Magic Piano Tiles for Kid - Music Songs Animal"" is one our new musical educational games for kids with wonderful songs, exploring different sounds and develop musical skills.
The interface of the games piano is colourful and bright. It will interest you and please your child as he will learn music while playing exciting games piano tiles.
Your child will improve his skills not only in music. ""Magic Piano Tiles for Kid - Music Songs Animal"" fit game for boys , game for girls.""Magic Piano Tiles for Kid - Music Songs Animal"" is great game piano tiles for kid
""Magic Piano Tiles for Kid - Music Songs Animal"" helps to develop memory, concentration, imagination and creativity as well as motor skills, intellect, sensory and speech.
The whole family can develop their musical talent and composing songs piano together and play a great piano music!
""Magic Piano Tiles for Kid - Music Songs Animal"" have all songs hot and new of ABC Kids, Piano Kids, Baby piano, baby zoo , music kid , Little Piano, Baby musical instruments , panda songs, panda music, My baby Piano. Your kids will likes them because they are very familiar and funny
Collection songs:
Baby shark, I Am A Gummy, ABC Lied, Ah Les Crocodiles, Kids Song, Atirei O Pau No Gato, Baa Baa Black Sheep, BinGo, Five Little Monkeys, Happy Birthday, Head Shoulders Knees Toes, Hickory Dickory Dock, If You're Happy, Kids Song, Humpty Dumpty, Itsy Bitsy Spider, Lollipop and Gummy Bear, Old MacDonald Had A Farm, Rain Rain Go Away, Three Little Kittens, Twinkle Twinkle Little Star, Wheels On The Bus, Hot Cross Buns, Peep, London Bridge is Falling Down, Mary Had A Little Lamb, Mulberry Bus, Pussycat Pussycat, Rock A Bye Baby, Row Row Row Your Boat, Five Little Ducks, The Ants Go Marching...
How to play:
- Tap on the black piano tiles continuously to play the music piano tiles.
- Avoid the white piano tiles!
- Simple to play piano tiles for kids
- Catching all the black piano tiles
How does music piano benefit children?
- Increase the skills to listen music piano tiles, memorize and concentrate.
- It stimulates the imagination and creativity of children.
- It stimulates the intelectual development, motor skill, sensory, auditory and speech of children.
- Improve sociability, causing children interact better with their peers.
Game Features:
*CD animal funny
*Tiles piano tiles cute
* Awesome game piano tiles design and flat graphic
* High quality piano tiles music soundtracks for kids
* Features a large collection of piano songs for kids
* Smooth game playing experience,funny
* Collect gem
* Add songs  piano favorites list
* Get experience, open new levels.
Let’s download ""Magic Piano Tiles for Kid - Music Songs Animal"" your kids FREE today!
Help us and take a few seconds to rate it and write your opinion on Google Play.
Your contribution will enable us to improve and develop new free games.","Do your child love music and finding piano game for kids ?<br/>Your child dreams of becoming a famous piano musician.<br/>You are looking for a music game , animal music or just a or just a piano learning game for your child.<br/>We dedicate to playing music , learning this piano for your child.<br/>""Magic Piano Tiles for Kid - Music Songs Animal"" is one our new musical educational games for kids with wonderful songs, exploring different sounds and develop musical skills. <br/>The interface of the games piano is colourful and bright. It will interest you and please your child as he will learn music while playing exciting games piano tiles.<br/>Your child will improve his skills not only in music. ""Magic Piano Tiles for Kid - Music Songs Animal"" fit game for boys , game for girls.""Magic Piano Tiles for Kid - Music Songs Animal"" is great game piano tiles for kid<br/>""Magic Piano Tiles for Kid - Music Songs Animal"" helps to develop memory, concentration, imagination and creativity as well as motor skills, intellect, sensory and speech.<br/>The whole family can develop their musical talent and composing songs piano together and play a great piano music!<br/><br/>""Magic Piano Tiles for Kid - Music Songs Animal"" have all songs hot and new of ABC Kids, Piano Kids, Baby piano, baby zoo , music kid , Little Piano, Baby musical instruments , panda songs, panda music, My baby Piano. Your kids will likes them because they are very familiar and funny<br/><br/>Collection songs:<br/>Baby shark, I Am A Gummy, ABC Lied, Ah Les Crocodiles, Kids Song, Atirei O Pau No Gato, Baa Baa Black Sheep, BinGo, Five Little Monkeys, Happy Birthday, Head Shoulders Knees Toes, Hickory Dickory Dock, If You're Happy, Kids Song, Humpty Dumpty, Itsy Bitsy Spider, Lollipop and Gummy Bear, Old MacDonald Had A Farm, Rain Rain Go Away, Three Little Kittens, Twinkle Twinkle Little Star, Wheels On The Bus, Hot Cross Buns, Peep, London Bridge is Falling Down, Mary Had A Little Lamb, Mulberry Bus, Pussycat Pussycat, Rock A Bye Baby, Row Row Row Your Boat, Five Little Ducks, The Ants Go Marching...<br/><br/><br/>How to play:<br/>- Tap on the black piano tiles continuously to play the music piano tiles. <br/>- Avoid the white piano tiles!<br/>- Simple to play piano tiles for kids<br/>- Catching all the black piano tiles<br/><br/>How does music piano benefit children?<br/><br/>- Increase the skills to listen music piano tiles, memorize and concentrate.<br/>- It stimulates the imagination and creativity of children.<br/>- It stimulates the intelectual development, motor skill, sensory, auditory and speech of children.<br/>- Improve sociability, causing children interact better with their peers.<br/><br/><br/>Game Features:<br/>*CD animal funny<br/>*Tiles piano tiles cute<br/>* Awesome game piano tiles design and flat graphic<br/>* High quality piano tiles music soundtracks for kids<br/>* Features a large collection of piano songs for kids<br/>* Smooth game playing experience,funny<br/>* Collect gem<br/>* Add songs  piano favorites list <br/>* Get experience, open new levels.<br/><br/>Let’s download ""Magic Piano Tiles for Kid - Music Songs Animal"" your kids FREE today!<br/>Help us and take a few seconds to rate it and write your opinion on Google Play.<br/>Your contribution will enable us to improve and develop new free games.",Lankan team,"20340 Colombo, Sri Lanka",kdraa.games@gmail.com,Lankan+team,https://sites.google.com/view/aaaaaaaasdf1/trang-ch%E1%BB%A7,False,True,"{u'1': 0, u'3': 1, u'2': 0, u'5': 18, u'4': 3}",False,,https://lh3.googleusercontent.com/O0mAlQ8xVaza0YQKGGqBVx_hYMz3w89h6k4d1FkGw0kgZCQRlPrMa1S3Xg43cuxTFA,"10,000+",,0,"v1.5.3

- Fix bugs

- Optimize game",4.1 and up,22,4.8,[],25M,Magic Piano Tiles for Kid - Music Songs Animal,"March 19, 2019",https://play.google.com/store/apps/details?id=com.piano.tiles.kid.baby.tiles.songs.cute&gl=us&hl=en,
4,com.pink.piano.kid.flower.real.tiles,"[PARENTING, FAMILY_MUSICVIDEO]",[Everyone],1.1,"Are you crazy fans of piano instrument ?
This game made for you : Real Pink Piano - Cute Piano Simulator Free
""Real Pink Piano - Cute Piano Simulator Free"" is the best free piano game 2019 . Piano for kids and parents to learn playing piano music and other instruments. With great songs, discover different lively sounds and develop music skills.
Real Pink Piano - Cute Piano Simulator Free  is designed with pink tones as the main theme. Especially for girls. Pink piano game will bring many good things for your baby's development.
Real Pink Piano - Cute Piano Simulator Free with colorful and very bright interface. Pink Piano game will make you happy, making your kids enjoy learning while playing interesting games.
Real Pink Piano - Cute Piano Simulator Free helps your child improve and enhance their musical sensory skills, develop memory, concentration, imagination, creativity, intelligence, and countless communication skills other society. Pink Piano Kid is really good!
""Real Pink Piano - Cute Piano Simulator Free"" helps affection between children and you become more intimate, Pink Piano game helps the whole family have relaxing moments, develop musical skills with Pink Piano for Kid.
Real Pink Piano - Cute Piano Simulator Free compose new piano kid songs, play legendary Piano songs close to children in music store like: ""ABC ALPHABET"", Baby bumble bee, Twinkle Twinkle Little Star, wheels on the bus, One, Two, Three, Four, Five, Monkey see monkey do, Humpty Dumpty , FIVE LITTLE MONKEY...
Various instruments: Piano, Xylophone, Trumpet, Guitar, Drum. Pink Piano for Kid is more amazing when there are many kinds of animal sounds: chickens, dogs, cows, ... Children will be very interested in this game.
BACK TO CHILD?
* Increased ability to perceive music, colors, piano skills.
* Stimulates brain development, memory ability, imagination, creativity, thinking ability.
* Develop communication, family and social skills, advocacy.
SALIENT FEATURES:
* Play Piano by song
* Compose new songs.
* Sound varied, lively
* Beautiful, varied effects
* Many types of instruments.
* Free game
Play ""Real Pink Piano - Piano Simulator for Kids"" right away and rate us well!","Are you crazy fans of piano instrument ?<br/>This game made for you : Real Pink Piano - Cute Piano Simulator Free <br/>""Real Pink Piano - Cute Piano Simulator Free"" is the best free piano game 2019 . Piano for kids and parents to learn playing piano music and other instruments. With great songs, discover different lively sounds and develop music skills.<br/><br/>Real Pink Piano - Cute Piano Simulator Free  is designed with pink tones as the main theme. Especially for girls. Pink piano game will bring many good things for your baby's development.<br/> <br/>Real Pink Piano - Cute Piano Simulator Free with colorful and very bright interface. Pink Piano game will make you happy, making your kids enjoy learning while playing interesting games.<br/><br/>Real Pink Piano - Cute Piano Simulator Free helps your child improve and enhance their musical sensory skills, develop memory, concentration, imagination, creativity, intelligence, and countless communication skills other society. Pink Piano Kid is really good!<br/><br/>""Real Pink Piano - Cute Piano Simulator Free"" helps affection between children and you become more intimate, Pink Piano game helps the whole family have relaxing moments, develop musical skills with Pink Piano for Kid.<br/><br/>Real Pink Piano - Cute Piano Simulator Free compose new piano kid songs, play legendary Piano songs close to children in music store like: ""ABC ALPHABET"", Baby bumble bee, Twinkle Twinkle Little Star, wheels on the bus, One, Two, Three, Four, Five, Monkey see monkey do, Humpty Dumpty , FIVE LITTLE MONKEY...<br/><br/> Various instruments: Piano, Xylophone, Trumpet, Guitar, Drum. Pink Piano for Kid is more amazing when there are many kinds of animal sounds: chickens, dogs, cows, ... Children will be very interested in this game.<br/><br/>  BACK TO CHILD?<br/>* Increased ability to perceive music, colors, piano skills.<br/>* Stimulates brain development, memory ability, imagination, creativity, thinking ability.<br/>* Develop communication, family and social skills, advocacy.<br/><br/>SALIENT FEATURES:<br/>* Play Piano by song<br/>* Compose new songs.<br/>* Sound varied, lively<br/>* Beautiful, varied effects<br/>* Many types of instruments.<br/>* Free game<br/>Play ""Real Pink Piano - Piano Simulator for Kids"" right away and rate us well!",Lankan team,"20340 Colombo, Sri Lanka",kdraa.games@gmail.com,Lankan+team,https://sites.google.com/view/pinkpiano/trang-ch%E1%BB%A7,False,True,"{u'1': 16, u'3': 0, u'2': 4, u'5': 84, u'4': 2}",False,,https://lh3.googleusercontent.com/O1N9TyK95G0eKm2L6wnWOBqMLg2-DBu1eT9cfKapMDaVJJDohQQ83CLXjLOF47VRvdPx,"100,000+",,0,"v1.1.5

- Fix bugs and update auto play

- Optimize game",4.1 and up,106,4.3,[],24M,Real Pink Piano - Cute Piano Simulator Free,"March 6, 2019",https://play.google.com/store/apps/details?id=com.pink.piano.kid.flower.real.tiles&gl=us&hl=en,
