,app_id,category,content_rating,current_version,description,description_html,developer,developer_address,developer_email,developer_id,developer_url,editors_choice,free,histogram,iap,iap_range,icon,installs,interactive_elements,price,recent_changes,required_android_version,reviews,score,screenshots,size,title,updated,url,video
0,com.sinyee.babybus.organized,"[GAME_EDUCATIONAL, FAMILY_BRAINGAMES]",[Everyone],8.30.10.00,"Search for ""BabyBus"" for even more free panda games for you to try!
The silly mouse is in the neighborhood again causing troubles everywhere. Let’s look for friends who need our help getting their rooms back in shape!
Fun features:
- Interacting with common household items
- Fulfilling fun and interesting tasks
- Grouping items by their similarities!
Make your children feel like they are a contributing member of the household by teaching them a few simple chores to keep rooms tidy! A great opportunity to help them build esteem and develop a sense of responsibility. They will thank you for it later!
About BabyBus
—————
At BabyBus, we dedicate ourselves to sparking kids' creativity, imagination and curiosity,and designing our products through the kids' perspective to help them explore the world on their own.
Now BabyBus offers a wide variety of products, videos and other educational content for over 250 million fans from ages 0-8 around the world! We have produced more than 150 children's educational games, 700 children's songs, and animations of various themes spanning the arts, health, and science.
—————
Contact us: ser@babybus.com
Visit us: http://www.babybus.com","Search for ""BabyBus"" for even more free panda games for you to try!<br/><br/>The silly mouse is in the neighborhood again causing troubles everywhere. Let’s look for friends who need our help getting their rooms back in shape!<br/><br/><br/>Fun features:<br/>- Interacting with common household items<br/>- Fulfilling fun and interesting tasks<br/>- Grouping items by their similarities!<br/><br/><br/>Make your children feel like they are a contributing member of the household by teaching them a few simple chores to keep rooms tidy! A great opportunity to help them build esteem and develop a sense of responsibility. They will thank you for it later! <br/><br/><br/>About BabyBus<br/>—————<br/>At BabyBus, we dedicate ourselves to sparking kids' creativity, imagination and curiosity,and designing our products through the kids' perspective to help them explore the world on their own.   <br/><br/>Now BabyBus offers a wide variety of products, videos and other educational content for over 250 million fans from ages 0-8 around the world! We have produced more than 150 children's educational games, 700 children's songs, and animations of various themes spanning the arts, health, and science.                      <br/>—————<br/>Contact us: ser@babybus.com<br/>Visit us: http://www.babybus.com",BabyBus Kids Games,"Building 9#3F, Fuzhou Cross-Strait Creative Garden, Jingong Road 1, Cangshan District, Fuzhou City, Fujian, China",ser@babybus.com,4946022439885210717,http://www.babybus.com,False,True,"{u'1': 2696, u'3': 1730, u'2': 1275, u'5': 15226, u'4': 2326}",False,,https://lh3.googleusercontent.com/IAD1RsjE575hSgWNfq2WSCgbxkRIw0W3qxbAVIoiMU72HuS1-0inxvjDJlzr9lW8wpw,"5,000,000+",,0,,4.2 and up,23253,4.1,[],79M,Baby Panda Gets Organized,"January 2, 2019",https://play.google.com/store/apps/details?id=com.sinyee.babybus.organized&gl=us&hl=en,https://www.youtube.com/embed/Lp8izIfyVAc
1,se.appfamily.puzzle.super2.free,"[GAME_EDUCATIONAL, FAMILY_BRAINGAMES]",[Everyone],21.3,"If your kids like jigsaw puzzles they will love this cute and colorful puzzle game for kids -
as close to real jigsaw puzzle games as you can get!
***The sequel to the successful Super Puzzle app - now with over 10 million downloads!***
In these puzzle games for kids you can make the game simple or challenging to ensure your child continues to develop their cognitive and fine motor skills and keeps having fun. You can easily adjust the difficulty (choose between 6, 9, 12, 16, 30, 56, or 72 puzzle pieces) and toggle extra assistance such as showing the outlines of the puzzle.
This game for older toddlers and young children includes beautiful scenes with animals that are hand-drawn by a professional cartoon artist. Every game ends with unique rewards to pop when the puzzle is completed.
If your child likes the game you can browse through our other fun and educational games for kids in the ""More Games"" section in the main menu. Easily find a game suitable to the age of your children.
The game includes 3 additional free puzzle collections to download! Choose between:
- Puzzle Collection, a beautiful mixed collection of images
- Halloween, a scary mix of pumpkins, ghosts and typical things in a Halloween game
- Christmas puzzles, a mix with Santa Claus, snowmen and other classic Xmas game images.
Features:
80+ different kids jigsaw puzzles with gorgeous HD graphics
Colorful jigsaw puzzles for kids with cute animals
Relaxing and educational for kids and older toddlers (suitable for 2, 3, 4 and 5 year olds)
Develops motor skills and coordination in children
Adjustable difficulty – 6 – 72 puzzle pieces and optional assistance
Learn about shapes, colors, and animals
Intuitive gameplay for boys and girls 2 years and older
Downloadable puzzle packs including Halloween and Christmas
Does your child like this educational puzzle game for kids? Hate it? We're a small family business so please help us spread the love by rating the game, or if you have any suggestions for improvement we would love to hear it!
You can always reach us by contacting us on our website https://www.appfamilygames.com/contact-us/.
Follow us on Facebook for updates and announcements on new kid friendly game releases http://www.facebook.com/appfamily!
Music: ""Cheery Monday""
Kevin MacLeod (incompetech.com)
Licensed under Creative Commons: By Attribution 3.0
http://creativecommons.org/licenses/by/3.0/","If your kids like jigsaw puzzles they will love this cute and colorful puzzle game for kids - <b>as close to real jigsaw puzzle games as you can get!</b> <br/><br/><b>***The sequel to the successful Super Puzzle app - now with over 10 million downloads!***</b><br/><br/>In these puzzle games for kids you can make the game simple or challenging to ensure your child continues to develop their cognitive and fine motor skills and keeps having fun. You can easily adjust the difficulty (choose between 6, 9, 12, 16, 30, 56, or 72 puzzle pieces) and toggle extra assistance such as showing the outlines of the puzzle. <br/><br/>This game for older toddlers and young children includes beautiful scenes with animals that are hand-drawn by a professional cartoon artist. Every game ends with unique rewards to pop when the puzzle is completed.<br/><br/>If your child likes the game you can browse through our other fun and educational games for kids in the ""More Games"" section in the main menu. Easily find a game suitable to the age of your children.<br/><br/>The game includes 3 additional free puzzle collections to download! Choose between:<br/>- Puzzle Collection, a beautiful mixed collection of images<br/>- Halloween, a scary mix of pumpkins, ghosts and typical things in a Halloween game<br/>- Christmas puzzles, a mix with Santa Claus, snowmen and other classic Xmas game images.<br/><br/><b>Features:</b><br/><br/>80+ different kids jigsaw puzzles with gorgeous HD graphics<br/>Colorful jigsaw puzzles for kids with cute animals<br/>Relaxing and educational for kids and older toddlers (suitable for 2, 3, 4 and 5 year olds)<br/>Develops motor skills and coordination in children<br/>Adjustable difficulty – 6 – 72 puzzle pieces and optional assistance<br/>Learn about shapes, colors, and animals<br/>Intuitive gameplay for boys and girls 2 years and older<br/>Downloadable puzzle packs including Halloween and Christmas<br/><br/>Does your child like this educational puzzle game for kids? Hate it? We're a small family business so please help us spread the love by rating the game, or if you have any suggestions for improvement we would love to hear it! <br/><br/>You can always reach us by contacting us on our website https://www.appfamilygames.com/contact-us/. <br/>Follow us on Facebook for updates and announcements on new kid friendly game releases http://www.facebook.com/appfamily!<br/><br/>Music: ""Cheery Monday""<br/>Kevin MacLeod (incompetech.com)<br/>Licensed under Creative Commons: By Attribution 3.0<br/>http://creativecommons.org/licenses/by/3.0/",App Family Kids - Games for boys and girls,"Månstorpsvägen 23
26332 Höganäs
Sweden",per.haglund@appfamily.se,8230212300039227114,http://www.appfamily.se,False,True,"{u'1': 40, u'3': 60, u'2': 16, u'5': 903, u'4': 132}",True,[Digital Purchases],https://lh3.googleusercontent.com/u-ZXOFhKPF-ZR1wx3erWC_h4QSD4X6BD7TaFJE2B3T8cyUufW_PooDvUaZBMNcgvxw,"500,000+",[Digital Purchases],0,"Bugfix. If you enjoy the game, please rate it 5 stars to spread the love :)",4.2 and up,1151,4.6,[],25M,Jigsaw Puzzles Game for Kids & Toddlers 🌞,"January 24, 2019",https://play.google.com/store/apps/details?id=se.appfamily.puzzle.super2.free&gl=us&hl=en,https://www.youtube.com/embed/Yelkv-0oxTo
2,com.funlab.hangman,"[GAME_WORD, FAMILY_BRAINGAMES]",[Everyone],1.9,"Save Hangman from hanging on rope by finding the right word! Select a letter by tapping, but be careful you have limited number of wrong guesses per puzzle. There are plenty of hints to help you find the hidden word.
Hangman word game features:
- Beautiful graphics and classic gameplay
- Hangman in 10 different categories
- Three levels of difficulty: easy, normal and hard
- High Scores list for each difficulty level
- Earn new hints at correct guesses!
There are 10 different categories to choose from:
- Dictionary
- Hollywood
- Sports
- Countries
- Foods
- Travel
- Kitchen
- Clothes
- Animals
Enjoy the best Hangman Word Puzzle game!","Save Hangman from hanging on rope by finding the right word! Select a letter by tapping, but be careful you have limited number of wrong guesses per puzzle. There are plenty of hints to help you find the hidden word. <br/><br/>Hangman word game features:<br/>- Beautiful graphics and classic gameplay<br/>- Hangman in 10 different categories<br/>- Three levels of difficulty: easy, normal and hard<br/>- High Scores list for each difficulty level<br/>- Earn new hints at correct guesses!<br/><br/>There are 10 different categories to choose from:<br/>- Dictionary<br/>- Hollywood<br/>- Sports<br/>- Countries<br/>- Foods<br/>- Travel<br/>- Kitchen<br/>- Clothes<br/>- Animals<br/><br/>Enjoy the best Hangman Word Puzzle game!",fun.lab,Free Zone and Port / Famagusta,funlabapps@gmail.com,fun.lab,http://forumvs.com/policy_hangman.html,False,True,"{u'1': 442, u'3': 290, u'2': 93, u'5': 2479, u'4': 625}",True,"[$0.99, $9.99]",https://lh3.googleusercontent.com/4YHUMRcjlY_PAeAGx1In3M5cN2JbsWcuCw8CT3WIQwm-XYPY0GHNYarEPjnGOq72sKc,"500,000+",[Digital Purchases],0,"- minor bugs! Thanks for all feedback.

- more hint options, much more fun!",4.0.3 and up,3929,4.2,[],6.9M,Hangman,"March 15, 2019",https://play.google.com/store/apps/details?id=com.funlab.hangman&gl=us&hl=en,
3,com.pinball.go.casual.free,"[GAME_CASUAL, FAMILY_BRAINGAMES]",[Everyone],2.1.3180,"Here comes the amazingly latest pinball game for all of your pinball carvings! Tap anywhere of screen to control the balls smartly in order to complete the target before you run out of time. Come and join the game with your friends to release a new ball!
Game Features:
- Uniquely fantastic BGM & sound effects
- The most advanced ball physics and cool animations
- Support a wide range of Android devices
- Mini-game to play on the matrix display
- Leader board that you can see how you performed in each turn
- Trophies for your achievements with the bonus
- Fun challenges
What are you waiting for? Pinball Go is available in Google Play for FREE, jump into this gorgeous pinball world and pop you way to get the highest score NOW!!!","Here comes the amazingly latest pinball game for all of your pinball carvings! Tap anywhere of screen to control the balls smartly in order to complete the target before you run out of time. Come and join the game with your friends to release a new ball!<br/><br/>Game Features:<br/>- Uniquely fantastic BGM &amp; sound effects<br/>- The most advanced ball physics and cool animations<br/>- Support a wide range of Android devices<br/>- Mini-game to play on the matrix display<br/>- Leader board that you can see how you performed in each turn<br/>- Trophies for your achievements with the bonus<br/>- Fun challenges <br/><br/>What are you waiting for? Pinball Go is available in Google Play for FREE, jump into this gorgeous pinball world and pop you way to get the highest score NOW!!!",gameone,"Unit 504, 5/F, Yip Fung Industrial Building, 7 Sheung Hei Street, San Po Kong, Kowloon, Hong Kong",gaming.one@hotmail.com,gameone,https://sites.google.com/site/gameoneprvacypolicy/,False,True,"{u'1': 264, u'3': 100, u'2': 48, u'5': 1031, u'4': 109}",True,"[$1.99, $19.99]",https://lh3.googleusercontent.com/uV1yBLpItArzYGI8QcY0RnpU5Eow1SeM_9AeT-dHB4h8UVgT3PSv3VOjhOIpKIGKYcQN,"500,000+",,0,"Say hi to some new friends!

★ Celebrate  A deep and snowy winter has arrived!

- Optimize gaming experience !

- Challenges are here !

-Spread the cheer with new version update !",4.0.3 and up,1552,4.0,[],33M,Pinball Go,"December 12, 2018",https://play.google.com/store/apps/details?id=com.pinball.go.casual.free&gl=us&hl=en,
4,com.sinyee.babybus.season,"[GAME_EDUCATIONAL, FAMILY_BRAINGAMES]",[Everyone],8.30.10.00,"Search for ""BabyBus"" for even more free panda games for you to try!
Learning about the change in seasons is a fascinating subject for children. There are changes to the landscape, people wearing different clothes, and more importantly, to take on different activities. With seasons, everything becomes more interesting!
Fun features:
- Set the changes in motion;
- Vivid colors and tunes;
- Animated scenes and effects!
Introducing the four seasons to children with many fun activities and effects. See all the exciting activities that are happening in different seasons. They will enjoy the play while they learn about natural seasons!
About BabyBus
—————
At BabyBus, we dedicate ourselves to sparking kids' creativity, imagination and curiosity,and designing our products through the kids' perspective to help them explore the world on their own.
Now BabyBus offers a wide variety of products, videos and other educational content for over 250 million fans from ages 0-8 around the world! We have produced more than 150 children's educational games, 700 children's songs, and animations of various themes spanning the arts, health, and science.
—————
Contact us: ser@babybus.com
Visit us: http://www.babybus.com","Search for ""BabyBus"" for even more free panda games for you to try!<br/><br/>Learning about the change in seasons is a fascinating subject for children. There are changes to the landscape, people wearing different clothes, and more importantly, to take on different activities. With seasons, everything becomes more interesting!<br/><br/>Fun features:<br/>- Set the changes in motion;<br/>- Vivid colors and tunes;<br/>- Animated scenes and effects!<br/><br/>Introducing the four seasons to children with many fun activities and effects. See all the exciting activities that are happening in different seasons. They will enjoy the play while they learn about natural seasons!<br/> <br/>About BabyBus<br/>—————<br/>At BabyBus, we dedicate ourselves to sparking kids' creativity, imagination and curiosity,and designing our products through the kids' perspective to help them explore the world on their own.   <br/><br/>Now BabyBus offers a wide variety of products, videos and other educational content for over 250 million fans from ages 0-8 around the world! We have produced more than 150 children's educational games, 700 children's songs, and animations of various themes spanning the arts, health, and science.                      <br/>—————<br/>Contact us: ser@babybus.com<br/>Visit us: http://www.babybus.com",BabyBus Kids Games,"Building 9#3F, Fuzhou Cross-Strait Creative Garden, Jingong Road 1, Cangshan District, Fuzhou City, Fujian, China",ser@babybus.com,4946022439885210717,http://www.babybus.com,False,True,"{u'1': 797, u'3': 530, u'2': 383, u'5': 3705, u'4': 630}",False,,https://lh3.googleusercontent.com/NeAfiRk-T-myaey5HxA4EyGEzrp7zgdEgMnUsmieDHn9YOZ9DuBPQFyJl6Xs-F-6Dkw,"1,000,000+",,0,,4.2 and up,6045,4.0,[],53M,Natural Seasons,"March 20, 2019",https://play.google.com/store/apps/details?id=com.sinyee.babybus.season&gl=us&hl=en,https://www.youtube.com/embed/KjDEw-Jr32k
5,com.frvr.roadtrip,"[GAME_PUZZLE, FAMILY_BRAINGAMES]",[Everyone],1.0.0,"It's a beautiful day and there’s a long road ahead of you but… Someone has made a mess with all the roadmap parts! Will you use your puzzle solving skills to find the right way and continue the trip? Enjoy a classic pipeline connection theme game with a fun twist and make sure that the car reaches the end of the road! Squeeze your brain and let’s start the Road Trip!
🚙🚙🚗🚗🚗🚗🚗🚎🚎
Climb in your car and get ready for a pleasant drive through the countryside! Playing Road Trip FRVR is an addictive puzzle experience based on classic plumbing games where you have to use your logic to correctly connect all the pipeline and let the water flows. But in here you won’t find a pipe connection mess, in here you’ll have to swap parts of a long road in order to line up the roadmap. Solve the maze and let the car continue the trip.
Road Trip offers a fun and relaxing way to unwind while exercising a bit of brainpower. Driving through the forests, mountains, and suburban areas may be a bit of a puzzle, but swapping the right tiles will allow you to keep motoring along. Enjoy an unlimited amount of levels, don’t stop solving new puzzles and get an unbeatable highscore that you can show to your friends! Are you ready for the challenge?
During your travel through this world of puzzles, be sure to pick up the little roadmaps you find along the way because you can use them as a hint! They'll help you move forward with confidence by fitting a part of the highway on the right spot. And don’t worry if you run out of hints, you can get more! There are also bonus gold coins for the taking if you make all the right moves, use them to get some hints packs for those hard levels or you can spend them on new amazing cars like mini-vans, muscle cars or even a tank! Complete a level and train your brain with style!
The road is free of obstructions when you begin, but as you pass through the levels, the scenery and seasons change, and the difficulty of the road maze does. That’s why Road Trip FRVR is a perfect pipe connecting puzzle for all the ages: an educational brainteaser for the children and a relaxing challenge for puzzle experts. Just create the perfect road connection between two points and have a pleasant journey!
Relaxing gameplay that mix pipeline games and classic puzzles with a fresh car-theme twist where all the pieces can be swapped and there’s no need to rotate them, simply pick the tile and drag it to the correct place. Complete some levels in your spread time or train your brain with a really hard stage, you can play as much as you want, there’re unlimited levels! But remember, the road needs to be connected before you can continue!
Road Trip FRVR is a low storage game, you don’t need more than 30 MB to play! This car-themed pipeline connection game only focuses on giving you a truly fun experience in a low mb game size for free. It’s an easy to play road connecting game with incredibly simple and addictive controls, so both young and adults can have fun. Play online or offline, since you don’t need an internet connection to play this car puzzle game. And relax, you can play as much as you want, there’s no time limit!
Do you like it? We have a lot of free games for you!
https://frvr.com
https://roadtrip.frvr.com
https://fb.me/frvrgames
https://fb.me/roadtrip.frvr.instant","It's a beautiful day and there’s a long road ahead of you but… Someone has made a mess with all the roadmap parts! Will you use your puzzle solving skills to find the right way and continue the trip? Enjoy a classic pipeline connection theme game with a fun twist and make sure that the car reaches the end of the road! Squeeze your brain and let’s start the Road Trip!<br/><br/>🚙🚙🚗🚗🚗🚗🚗🚎🚎<br/><br/>Climb in your car and get ready for a pleasant drive through the countryside! Playing Road Trip FRVR is an addictive puzzle experience based on classic plumbing games where you have to use your logic to correctly connect all the pipeline and let the water flows. But in here you won’t find a pipe connection mess, in here you’ll have to swap parts of a long road in order to line up the roadmap. Solve the maze and let the car continue the trip.<br/><br/>Road Trip offers a fun and relaxing way to unwind while exercising a bit of brainpower. Driving through the forests, mountains, and suburban areas may be a bit of a puzzle, but swapping the right tiles will allow you to keep motoring along. Enjoy an unlimited amount of levels, don’t stop solving new puzzles and get an unbeatable highscore that you can show to your friends! Are you ready for the challenge?<br/><br/>During your travel through this world of puzzles, be sure to pick up the little roadmaps you find along the way because you can use them as a hint! They'll help you move forward with confidence by fitting a part of the highway on the right spot. And don’t worry if you run out of hints, you can get more! There are also bonus gold coins for the taking if you make all the right moves, use them to get some hints packs for those hard levels or you can spend them on new amazing cars like mini-vans, muscle cars or even a tank! Complete a level and train your brain with style!<br/><br/>The road is free of obstructions when you begin, but as you pass through the levels, the scenery and seasons change, and the difficulty of the road maze does. That’s why Road Trip FRVR is a perfect pipe connecting puzzle for all the ages: an educational brainteaser for the children and a relaxing challenge for puzzle experts. Just create the perfect road connection between two points and have a pleasant journey!<br/><br/> Relaxing gameplay that mix pipeline games and classic puzzles with a fresh car-theme twist where all the pieces can be swapped and there’s no need to rotate them, simply pick the tile and drag it to the correct place. Complete some levels in your spread time or train your brain with a really hard stage, you can play as much as you want, there’re unlimited levels! But remember, the road needs to be connected before you can continue!<br/><br/>Road Trip FRVR is a low storage game, you don’t need more than 30 MB to play! This car-themed pipeline connection game only focuses on giving you a truly fun experience in a low mb game size for free. It’s an easy to play road connecting game with incredibly simple and addictive controls, so both young and adults can have fun. Play online or offline, since you don’t need an internet connection to play this car puzzle game. And relax, you can play as much as you want, there’s no time limit!<br/><br/><br/>Do you like it? We have a lot of free games for you!<br/>https://frvr.com<br/>https://roadtrip.frvr.com<br/>https://fb.me/frvrgames<br/>https://fb.me/roadtrip.frvr.instant",FRVR,"5B Majestic Court
Triq Santa Maria
MLH 1330 Mellieha
Malta",info@frvr.com,7154795790738196544,https://frvr.com,False,True,"{u'1': 1, u'3': 1, u'2': 0, u'5': 45, u'4': 5}",True,[Digital Purchases],https://lh3.googleusercontent.com/MqHVKfEH6veTMzjpWPCB4Ju_O3Hu4PkNnOG9o99bbqpIbA7NrhtSvml_NaWhSlu92aY,"10,000+",[Digital Purchases],0,,4.1 and up,52,4.8,[],Varies with device,Road Trip FRVR - Connect the Way of the Car Puzzle,"November 29, 2018",https://play.google.com/store/apps/details?id=com.frvr.roadtrip&gl=us&hl=en,
6,org.pbskids.jurassicjr,"[GAME_EDUCATIONAL, FAMILY_BRAINGAMES]",[Everyone],2.0,"**Now Available in English and Spanish**
**Parents' Choice Award Winner -- Silver Honor!**
Dinosaur Train Classic in the Jurassic, Jr.!, is a unique, bilingual app from the hit PBS KIDS show, Dinosaur Train. It is designed to help preschoolers develop valuable math skills as they play with shape puzzles, pan balances, sorting and counting activities.
Games:
•Track Stars
Use geometric shapes to build train cars, then decorate your train, add passengers, and watch it drive down the track!
•Bridge Builder
Help build bridges so the dinosaurs can get around Troodon Town!  Drag your finger to measure the distance between two points, then choose the two sets of logs that equal the right length to complete the bridge.
•Chow Time
Add food to the scale until it’s balanced to feed the hungry dinosaurs! When you’ve got it right, watch them chow down.
•All-Star Sorting
The dinosaurs want to go to their houses! Put the dinosaurs in order by height to get them to the house they belong to.
ABOUT DINOSAUR TRAIN
DINOSAUR TRAIN, produced by The Jim Henson Company, airs weekdays on PBS KIDS (check local listings). The TV series encourages basic scientific thinking skills as the audience learns about life science, natural history and paleontology. The program features Buddy, and adorable preschool age Tyrannosaurus rex, and his adoptive Pteranodon family as they board the Dinosaur Train and embark on whimsical voyages through prehistoric jungles, swamps, volcanoes and oceans. Visit the website at http://pbskids.org/dinosaurtrain.
Now that Troodon Town is ready, it is time for the Classic in the Jurassic, Jr games!  Join the competing teams using your math skills to measure, compare and sort your way to victory with seven free math games! http://pbskids.org/dinosaurtrain/games/classic.html
The contents of this app were developed under a cooperative agreement #PRU295A100025, from the U.S. Department of Education. However, these contents do not necessarily represent the policy of the Department of Education, and you should not assume endorsement by the Federal Government.","**Now Available in English and Spanish**<br/>**Parents' Choice Award Winner -- Silver Honor!** <br/><br/>Dinosaur Train Classic in the Jurassic, Jr.!, is a unique, bilingual app from the hit PBS KIDS show, Dinosaur Train. It is designed to help preschoolers develop valuable math skills as they play with shape puzzles, pan balances, sorting and counting activities.<br/><br/>Games:<br/><br/>•Track Stars<br/>Use geometric shapes to build train cars, then decorate your train, add passengers, and watch it drive down the track!<br/><br/>•Bridge Builder<br/>Help build bridges so the dinosaurs can get around Troodon Town!  Drag your finger to measure the distance between two points, then choose the two sets of logs that equal the right length to complete the bridge.<br/><br/>•Chow Time<br/>Add food to the scale until it’s balanced to feed the hungry dinosaurs! When you’ve got it right, watch them chow down.<br/><br/>•All-Star Sorting<br/>The dinosaurs want to go to their houses! Put the dinosaurs in order by height to get them to the house they belong to.<br/><br/>ABOUT DINOSAUR TRAIN<br/><br/>DINOSAUR TRAIN, produced by The Jim Henson Company, airs weekdays on PBS KIDS (check local listings). The TV series encourages basic scientific thinking skills as the audience learns about life science, natural history and paleontology. The program features Buddy, and adorable preschool age Tyrannosaurus rex, and his adoptive Pteranodon family as they board the Dinosaur Train and embark on whimsical voyages through prehistoric jungles, swamps, volcanoes and oceans. Visit the website at http://pbskids.org/dinosaurtrain.<br/><br/>Now that Troodon Town is ready, it is time for the Classic in the Jurassic, Jr games!  Join the competing teams using your math skills to measure, compare and sort your way to victory with seven free math games! http://pbskids.org/dinosaurtrain/games/classic.html<br/><br/>The contents of this app were developed under a cooperative agreement #PRU295A100025, from the U.S. Department of Education. However, these contents do not necessarily represent the policy of the Department of Education, and you should not assume endorsement by the Federal Government.",PBS KIDS,"2100 Crystal Drive
Arlington, VA 22202",AndroidApp@pbs.org,8332149447945516079,http://pbskids.org/apps,False,True,"{u'1': 282, u'3': 191, u'2': 140, u'5': 1890, u'4': 259}",False,,https://lh3.googleusercontent.com/Ih0U3bRPVtleTqSU6xZEgsRu5KLa8T_Pp4JT3kJmCMgutazyploTuJ0lPkfSmNA_HwM,"1,000,000+",,0,"This update features a new game (Track Stars) and all games are now available in Spanish. If you love this app, please rate us below!",2.3 and up,2762,4.2,[],16M,Dinosaur Train Jurassic Junior,"August 14, 2015",https://play.google.com/store/apps/details?id=org.pbskids.jurassicjr&gl=us&hl=en,https://www.youtube.com/embed/KnolANR2URY
7,com.frvr.goldtrain,"[GAME_PUZZLE, FAMILY_BRAINGAMES]",[Everyone],0.1.0,"Solve challenging and unique puzzles, by connecting railroads and building a safe way to make the railway reach the train station. Improve the locomotive and add wagons (for goods or passengers) and vaults to get as much gold as you can in your way over the rails. Do it as fast as you can or the train will crash! This plumber style game mixes the western aesthetic of the old trains transporting gold with the flow puzzles. The best pipe connecting game to keep your brain sharpen!
Play Gold Train FRVR now if you’re a jigsaw lover. Easy to play but challenging and engaging, the best option for both kids and adults!
🚉💰💰 🚂🚃🚃🚃🚃💨 💰💰🚉
A new railroad puzzle game! Gold Train FRVR is your new favorite railway line game! Addictive and fun gameplay that will hook you up for hours! Drag, drop and rotate track tiles to complete the lines for the train and try to reach the next station! Evolve and improve your train and get as much gold as you can on your way to the station to reach the higher score among your friends! Each scenario is a new challenge, how many gold coins can you get?
Gold Train FRVR is a truly relaxing railroad puzzle game where there’s NO LIVES MODE. Play as much as you want! Moves are not limited, if none of the pieces fit on the board, just press the shuffle button and new railway tracks will appear. Squeeze your brain with hours of pipe connecting and drag the train tracks wisely! Be careful and select the right tile to assemble the railway road and get the train to the station safe! Can you become the railroad tycoon of the wild west?
Try to solve the puzzles using all the railroad tracks to maximize your score, and reach the train station before the time runs out to get a bonus. You have two options in each stage: solve the puzzle as fast as you can to multiply your gold earnings or relax and play at your own pace since there is no time limit. Sharpen your wits to solve the challenges of each puzzle with the best brain training game. Connect the railroad tracks and save the trains!
Relaxing gameplay that mix pipeline games and classic puzzle with a fresh railroad-theme where all the pieces can be swapped and shuffled to connect the railway tracks. The railroad tracks need to be connected before you can continue, otherwise the train will crash and you’ll lost all the gold! All that you need is correctly connecting the pipes from one point to another. Don’t be afraid of getting stuck, since you can always change, shuffle and switch the pieces as many times as you need to solve the railway puzzle.
Drive a railroad through hundreds of wild west levels. Build the train tracks from the starting point to the destination train station, and try to fill all the blanks with the railway pieces. Cross the rivers using wooden bridges or build rail crossings to go through the same site several times. Try to pass by the mine to fill the vaults with gold coins, then use the money to improve and upgrade the parts of the railroad: locomotive to add multipliers to your score, wagons for transporting both goods and passengers, and vaults to fill with gold coins.
Gold Train FRVR is a low storage game, you don’t need more than 40 mb to play! This railroad connection game only focuses on giving you a truly fun experience in a low mb game for free. It’s an easy to play pipe connecting game with incredibly addictive and simple controls, so both young and adults can have fun. Play online or offline, since you don’t need an internet connection to play this railway puzzle game. And relax, you can play as much as you want, there’s no time limit!
Do you like it? We have a lot of free games for you!
https://frvr.com
https://goldtrain.frvr.com
https://fb.me/frvrgames
https://fb.me/goldtrain.frvr.instant","Solve challenging and unique puzzles, by connecting railroads and building a safe way to make the railway reach the train station. Improve the locomotive and add wagons (for goods or passengers) and vaults to get as much gold as you can in your way over the rails. Do it as fast as you can or the train will crash! This plumber style game mixes the western aesthetic of the old trains transporting gold with the flow puzzles. The best pipe connecting game to keep your brain sharpen!<br/><br/>Play Gold Train FRVR now if you’re a jigsaw lover. Easy to play but challenging and engaging, the best option for both kids and adults!<br/><br/>🚉💰💰 🚂🚃🚃🚃🚃💨 💰💰🚉<br/><br/>A new railroad puzzle game! Gold Train FRVR is your new favorite railway line game! Addictive and fun gameplay that will hook you up for hours! Drag, drop and rotate track tiles to complete the lines for the train and try to reach the next station! Evolve and improve your train and get as much gold as you can on your way to the station to reach the higher score among your friends! Each scenario is a new challenge, how many gold coins can you get?<br/><br/>Gold Train FRVR is a truly relaxing railroad puzzle game where there’s NO LIVES MODE. Play as much as you want! Moves are not limited, if none of the pieces fit on the board, just press the shuffle button and new railway tracks will appear. Squeeze your brain with hours of pipe connecting and drag the train tracks wisely! Be careful and select the right tile to assemble the railway road and get the train to the station safe! Can you become the railroad tycoon of the wild west?<br/><br/>Try to solve the puzzles using all the railroad tracks to maximize your score, and reach the train station before the time runs out to get a bonus. You have two options in each stage: solve the puzzle as fast as you can to multiply your gold earnings or relax and play at your own pace since there is no time limit. Sharpen your wits to solve the challenges of each puzzle with the best brain training game. Connect the railroad tracks and save the trains!<br/><br/>Relaxing gameplay that mix pipeline games and classic puzzle with a fresh railroad-theme where all the pieces can be swapped and shuffled to connect the railway tracks. The railroad tracks need to be connected before you can continue, otherwise the train will crash and you’ll lost all the gold! All that you need is correctly connecting the pipes from one point to another. Don’t be afraid of getting stuck, since you can always change, shuffle and switch the pieces as many times as you need to solve the railway puzzle.<br/><br/>Drive a railroad through hundreds of wild west levels. Build the train tracks from the starting point to the destination train station, and try to fill all the blanks with the railway pieces. Cross the rivers using wooden bridges or build rail crossings to go through the same site several times. Try to pass by the mine to fill the vaults with gold coins, then use the money to improve and upgrade the parts of the railroad: locomotive to add multipliers to your score, wagons for transporting both goods and passengers, and vaults to fill with gold coins.<br/><br/>Gold Train FRVR is a low storage game, you don’t need more than 40 mb to play! This railroad connection game only focuses on giving you a truly fun experience in a low mb game for free. It’s an easy to play pipe connecting game with incredibly addictive and simple controls, so both young and adults can have fun. Play online or offline, since you don’t need an internet connection to play this railway puzzle game. And relax, you can play as much as you want, there’s no time limit!<br/><br/><br/>Do you like it? We have a lot of free games for you!<br/>https://frvr.com<br/>https://goldtrain.frvr.com<br/>https://fb.me/frvrgames<br/>https://fb.me/goldtrain.frvr.instant",FRVR,"5B Majestic Court
Triq Santa Maria
MLH 1330 Mellieha
Malta",info@frvr.com,7154795790738196544,https://frvr.com,False,True,"{u'1': 18, u'3': 6, u'2': 1, u'5': 115, u'4': 10}",True,[Digital Purchases],https://lh3.googleusercontent.com/MbopKM4sX8ZPX85PXD3MOX1GyRzPuRTvdKa2aQKIM-c_s8N1hDoEwyZdL-1qLTVkuvY,"50,000+",[Digital Purchases],0,"🚉💰💰 🚂🚃🚃🚃🚃💨 💰💰🚉

Solve the puzzle by connecting railroads and make the trains reach the station!

Play Gold Train FRVR now if you’re a jigsaw lover. Drag, drop and rotate track parts to complete the railway to help the train reach the next stop of this train trip!

🚉💰💰 🚂🚃🚃🚃🚃💨 💰💰🚉",4.1 and up,150,4.4,[],Varies with device,Gold Train FRVR - Best Railroad Connection Game,"November 22, 2018",https://play.google.com/store/apps/details?id=com.frvr.goldtrain&gl=us&hl=en,
8,com.GameiFun.smartbabygames,"[GAME_BOARD, FAMILY_BRAINGAMES]",[Everyone],1.0,"Smart Baby Educational Games has 11 pre-k activities for toddlers, preschooler and kindergarten that will help your baby develop basic skills like hand eye coordination, fine motor, logical thinking and visual perception. suit both girls and boys
★ improve hand eye coordination.
★ Develop memory and logic.
★ Develop visual perception and hand eye coordination.
★ Play puzzles with real pictures of animals object.
★ Wooden puzzle shapes
★ Touch the animals to listen voice
★ Play with Fish Game
★ Jump hippo to eat food
★ Learn colour by cars
★ Nice graphics and designs for kids.
★ No required internet connection for this app.
★ Age 3-6 year.
★ Improve children's skills in memory, and concentration
★ Fishing Toy Game
Toddler games are perfect for pre-k and kindergarten children who want to learn by playing.
Ages: 2, 3, 4 or 5 years old pre-kindergarten and kindergarten children.
Download Now and enjoying with ""Smart Baby Games"" for a free","Smart Baby Educational Games has 11 pre-k activities for toddlers, preschooler and kindergarten that will help your baby develop basic skills like hand eye coordination, fine motor, logical thinking and visual perception. suit both girls and boys<br/><br/>★ improve hand eye coordination.<br/>★ Develop memory and logic. <br/>★ Develop visual perception and hand eye coordination.<br/>★ Play puzzles with real pictures of animals object.<br/>★ Wooden puzzle shapes<br/>★ Touch the animals to listen voice<br/>★ Play with Fish Game<br/>★ Jump hippo to eat food<br/>★ Learn colour by cars<br/>★ Nice graphics and designs for kids.<br/>★ No required internet connection for this app.<br/>★ Age 3-6 year.<br/>★ Improve children's skills in memory, and concentration<br/>★ Fishing Toy Game<br/><br/>Toddler games are perfect for pre-k and kindergarten children who want to learn by playing. <br/>Ages: 2, 3, 4 or 5 years old pre-kindergarten and kindergarten children.<br/><br/>Download Now and enjoying with ""Smart Baby Games"" for a free",GameiFun - Educational games,,rspatel6994@gmail.com,GameiFun+-+Educational+games,https://gameifun.wordpress.com/rsapps-privacy-policy/,False,True,{},False,,https://lh3.googleusercontent.com/zDEq2Y2BiyEAROfH5RGe0D0oi-_CGhLOYZdnBCXDv6zc8SKp9k34G_9E1sJnM_lM-A,"1,000+",,0,,4.1 and up,0,5.0,[],23M,Smart Baby Games - Toddler games for 3-6 year olds,"September 3, 2018",https://play.google.com/store/apps/details?id=com.GameiFun.smartbabygames&gl=us&hl=en,
9,by.ibn.rubies.free,"[GAME_PUZZLE, FAMILY_BRAINGAMES]",[Everyone],Varies with device,"Lyfoes are funny creatures who live in a science lab. Scientists have discovered that when irradiated by a ruby laser, different kinds of Lyfoes acquire different abilities. To start an experiment, scientist shall separate families. To achieve that, he placed all creatures into a petri dish and tries to sort them. Help him to prepare an experiment.
Complete all levels with the maximum number of stars and share your achievements on social networks!
Puzzle game for all ages.
Rules:
- It is necessary to put all the creatures of the same color in a row.
- Drag rows of Lyfoes vertically or horizontally.
- The fewer moves required to solve - the more score points accrued.
Features:
- It is a logical puzzle game suitable for all ages (8+). The game has four difficulty levels: from 'Easy' to 'Crazy'.
- Leadersboards and achievements (with google+ account attached).","Lyfoes are funny creatures who live in a science lab. Scientists have discovered that when irradiated by a ruby laser, different kinds of Lyfoes acquire different abilities. To start an experiment, scientist shall separate families. To achieve that, he placed all creatures into a petri dish and tries to sort them. Help him to prepare an experiment.<br/><br/>Complete all levels with the maximum number of stars and share your achievements on social networks!<br/><br/>Puzzle game for all ages.<br/><br/>Rules:<br/>- It is necessary to put all the creatures of the same color in a row.<br/>- Drag rows of Lyfoes vertically or horizontally.<br/>- The fewer moves required to solve - the more score points accrued.<br/><br/>Features:<br/>- It is a logical puzzle game suitable for all ages (8+). The game has four difficulty levels: from 'Easy' to 'Crazy'.<br/>- Leadersboards and achievements (with google+ account attached).",IBNPlay,"Säulingstr. 12b, 86807, Germany",support@lyfoes.com,8829551191789162562,http://rubies.lyfoes.com,False,True,"{u'1': 45, u'3': 21, u'2': 16, u'5': 204, u'4': 35}",False,,https://lh3.googleusercontent.com/jYH5dHGggrbzajfRHCGLbeDgEntJxXn711atfs3Y4yUOuemDjdGKGit3siB_9cF5JSnk,"100,000+",,0,first release :-),2.2 and up,321,4.0,[],Varies with device,Rubies (free),"October 5, 2016",https://play.google.com/store/apps/details?id=by.ibn.rubies.free&gl=us&hl=en,https://www.youtube.com/embed/7KU-kOwy48o
10,com.nexttechgamesstudio.futuritic.cars.color.by.number.adult.coloring.book.pages,"[ENTERTAINMENT, FAMILY_BRAINGAMES]",[Everyone],2.0,"Join Futuristic Cars Color by Number to create your number coloring artwork easily!It is perfect for adults and kids who love to paint and color by numbers.With tons of interesting and modern futuristic cars coloring pages, you will find coloring is never so fun.
This educational game will help you to improve skills in problem solving, logical and cognitive skills, concentration and memory.Playing this coloring game with your kids will help them improve their recognition while having fun.
Creating masterpieces by your own hands and relief your stress.It's so easy to color any modern car with the help of number boxes.
How To Play:
-First of all choose car you want to paint.
-When you zoom in,you will see that there are a lot of small boxes with numbers inside which indicates that you will fill these numbers by the boxes given below with colors.Then choose colors and paint boxes.
-Just paint by numbers in this interesting sandbox game.
-Color drop in the same numbers blocks.
-Just follow the numbers in pictures and make an amazing drawing.If you will paint box by other number then no need to be worried.You can also have an opportunity to recover your box by the exact color number & release your inner artist.
Features:
- Perfectly develops children fine motor skills.
- Paint easily any image.
- Cute & Cool design.
- Good for relaxing and creativity development.
- Contains many coloring pages of auto, cars and other vehicles.
- Perfect relaxing way to become the master of your own mind.
- Many interesting pages for you to color.
Bring out your inner artist with this fabulous cars coloring game.This is a great activity to practice your drawing skills.
This Color By Number brings with you best futuristic cars paintings and give relaxant to your eyes.","Join Futuristic Cars Color by Number to create your number coloring artwork easily!It is perfect for adults and kids who love to paint and color by numbers.With tons of interesting and modern futuristic cars coloring pages, you will find coloring is never so fun. <br/><br/>This educational game will help you to improve skills in problem solving, logical and cognitive skills, concentration and memory.Playing this coloring game with your kids will help them improve their recognition while having fun.<br/><br/>Creating masterpieces by your own hands and relief your stress.It's so easy to color any modern car with the help of number boxes.<br/><br/>How To Play:<br/>-First of all choose car you want to paint.<br/>-When you zoom in,you will see that there are a lot of small boxes with numbers inside which indicates that you will fill these numbers by the boxes given below with colors.Then choose colors and paint boxes.<br/>-Just paint by numbers in this interesting sandbox game.<br/>-Color drop in the same numbers blocks.<br/>-Just follow the numbers in pictures and make an amazing drawing.If you will paint box by other number then no need to be worried.You can also have an opportunity to recover your box by the exact color number &amp; release your inner artist.<br/><br/>Features:<br/>- Perfectly develops children fine motor skills.<br/>- Paint easily any image.<br/>- Cute &amp; Cool design.<br/>- Good for relaxing and creativity development.<br/>- Contains many coloring pages of auto, cars and other vehicles.<br/>- Perfect relaxing way to become the master of your own mind.<br/>- Many interesting pages for you to color.<br/><br/>Bring out your inner artist with this fabulous cars coloring game.This is a great activity to practice your drawing skills.<br/><br/>This Color By Number brings with you best futuristic cars paintings and give relaxant to your eyes.",Coloring by Number - Pixel Art Games : Next Tech,"House # 596 G1, Johar Town Lahore Pakistan",ayshawahhab@gmail.com,7283749095064262617,https://www.facebook.com/notes/next-tech-games-studio/next-tech-games-studio-short-form-mobile-privacy-policy/290810591413723/?_rdc=2&_rdr,False,True,"{u'1': 3, u'3': 0, u'2': 0, u'5': 16, u'4': 1}",True,[Everyone],https://lh3.googleusercontent.com/8CwoP5kYA0d2uiJniE7A79KklKD8E0sDvcnmfGapfr1Daq1ucvqtKQb3gT6DpAMj4p8,"50,000+",,0,,4.4 and up,20,4.3,[],Varies with device,Futuristic Cars Color by Number: Vehicles Coloring,"March 12, 2019",https://play.google.com/store/apps/details?id=com.nexttechgamesstudio.futuritic.cars.color.by.number.adult.coloring.book.pages&gl=us&hl=en,
11,com.sinyee.babybus.hexapod,"[GAME_EDUCATIONAL, FAMILY_BRAINGAMES]",[Everyone],8.30.10.00,"Search for ""BabyBus"" for even more free panda games for you to try!
Ever been curious about the world of insects? How do bees make honey? How do ants carry food? How much do you know about these insects and their colonies? Let’s take a close look! Little Panda's Insect World tells you the answer!
Ants and bees are intelligent and highly organized. Don't be afraid of them! Little Panda's Insect World helps you to understand and appreciate the tiny world of these insects and even spark an interest in biology.
Product Features:
♥ LIFE CYCLE LEARNING: learn the life cycle of ant and bee with interesting scenario and interaction play: egg, larva, pupa, and adult!
♥ CARRY FOOD: Use your skills to help the bees and ants carry food home!
♥ DEFEND THE HOME: The insects are marvelous but the world they live in is quite dangerous! It’s time to defend their home!
♥ DRESS UP QUEEN BEE:  Play our make up game and let the queen bee looks stunning and gorgeous!
Cute cartoon characters and animations make the insect world come to life for you of all ages! Learning is fun and engaging when it’s combined with an appropriate amount of play! See what activities they are busy with everyday. There are lots of wonderful discoveries in our Little Panda's Insect World!
About BabyBus
—————
At BabyBus, we dedicate ourselves to sparking kids' creativity, imagination and curiosity,and designing our products through the kids' perspective to help them explore the world on their own.
Now BabyBus offers a wide variety of products, videos and other educational content for over 250 million fans from ages 0-8 around the world! We have produced more than 150 children's educational games, 700 children's songs, and animations of various themes spanning the arts, health, and science.
—————
Contact us: ser@babybus.com
Visit us: http://www.babybus.com","Search for ""BabyBus"" for even more free panda games for you to try! <br/><br/>Ever been curious about the world of insects? How do bees make honey? How do ants carry food? How much do you know about these insects and their colonies? Let’s take a close look! Little Panda's Insect World tells you the answer!<br/><br/>Ants and bees are intelligent and highly organized. Don't be afraid of them! Little Panda's Insect World helps you to understand and appreciate the tiny world of these insects and even spark an interest in biology. <br/><br/>Product Features:<br/>♥ LIFE CYCLE LEARNING: learn the life cycle of ant and bee with interesting scenario and interaction play: egg, larva, pupa, and adult! <br/>♥ CARRY FOOD: Use your skills to help the bees and ants carry food home!<br/>♥ DEFEND THE HOME: The insects are marvelous but the world they live in is quite dangerous! It’s time to defend their home!<br/>♥ DRESS UP QUEEN BEE:  Play our make up game and let the queen bee looks stunning and gorgeous!<br/><br/>Cute cartoon characters and animations make the insect world come to life for you of all ages! Learning is fun and engaging when it’s combined with an appropriate amount of play! See what activities they are busy with everyday. There are lots of wonderful discoveries in our Little Panda's Insect World!<br/><br/>About BabyBus<br/>—————<br/>At BabyBus, we dedicate ourselves to sparking kids' creativity, imagination and curiosity,and designing our products through the kids' perspective to help them explore the world on their own.   <br/><br/>Now BabyBus offers a wide variety of products, videos and other educational content for over 250 million fans from ages 0-8 around the world! We have produced more than 150 children's educational games, 700 children's songs, and animations of various themes spanning the arts, health, and science.                      <br/>—————<br/>Contact us: ser@babybus.com<br/>Visit us: http://www.babybus.com",BabyBus Kids Games,"Building 9#3F, Fuzhou Cross-Strait Creative Garden, Jingong Road 1, Cangshan District, Fuzhou City, Fujian, China",ser@babybus.com,4946022439885210717,http://www.babybus.com,False,True,"{u'1': 82, u'3': 77, u'2': 26, u'5': 1003, u'4': 135}",False,,https://lh3.googleusercontent.com/6pURvjghcI6rSIRs9ZtLl34Azgidzkfwwef3U3JUCjb-T4yBnMo0XpdcSsrABmPUPCw,"500,000+",,0,,4.2 and up,1323,4.5,[],76M,Little Panda's Insect World - Bee & Ant,"March 19, 2019",https://play.google.com/store/apps/details?id=com.sinyee.babybus.hexapod&gl=us&hl=en,https://www.youtube.com/embed/snyYy9TNO70
12,com.sinyee.babybus.tadpole.global,"[GAME_EDUCATIONAL, FAMILY_BRAINGAMES]",[Everyone],8.30.10.00,"Search for ""BabyBus"" for even more free panda games for you to try!
The mother frog left the pond in searching for food, and the new tadpoles are lost in their new environment. Help the baby tadpoles find their mommy!
Fun features:
- Swim through a maze-like pond;
- Meet our friendly characters;
- Make your journey more colorful with paint!
Wobble your device to make the tadpoles swim. The tadpoles will get a hang of swim in no time. They need you to show them the way!
About BabyBus
—————
At BabyBus, we dedicate ourselves to sparking kids' creativity, imagination and curiosity,and designing our products through the kids' perspective to help them explore the world on their own.
Now BabyBus offers a wide variety of products, videos and other educational content for over 250 million fans from ages 0-8 around the world! We have produced more than 150 children's educational games, 700 children's songs, and animations of various themes spanning the arts, health, and science.
—————
Contact us: ser@babybus.com
Visit us: http://www.babybus.com","Search for ""BabyBus"" for even more free panda games for you to try! <br/><br/>The mother frog left the pond in searching for food, and the new tadpoles are lost in their new environment. Help the baby tadpoles find their mommy!<br/><br/>Fun features:<br/>- Swim through a maze-like pond;<br/>- Meet our friendly characters;<br/>- Make your journey more colorful with paint!<br/><br/>Wobble your device to make the tadpoles swim. The tadpoles will get a hang of swim in no time. They need you to show them the way!<br/><br/>About BabyBus<br/>—————<br/>At BabyBus, we dedicate ourselves to sparking kids' creativity, imagination and curiosity,and designing our products through the kids' perspective to help them explore the world on their own.   <br/><br/>Now BabyBus offers a wide variety of products, videos and other educational content for over 250 million fans from ages 0-8 around the world! We have produced more than 150 children's educational games, 700 children's songs, and animations of various themes spanning the arts, health, and science.                      <br/>—————<br/>Contact us: ser@babybus.com<br/>Visit us: http://www.babybus.com",BabyBus Kids Games,"Building 9#3F, Fuzhou Cross-Strait Creative Garden, Jingong Road 1, Cangshan District, Fuzhou City, Fujian, China",ser@babybus.com,4946022439885210717,http://www.babybus.com,False,True,"{u'1': 72, u'3': 57, u'2': 16, u'5': 704, u'4': 70}",False,,https://lh3.googleusercontent.com/mNTaWNU3HaKEWy2thMiLIJHl3aQRQn0SE1tHbvjZzXFVTuDgH1RHaKeNsN3IRskD9OM,"1,000,000+",,0,,4.2 and up,919,4.4,[],41M,Baby Tadpole Story,"March 15, 2019",https://play.google.com/store/apps/details?id=com.sinyee.babybus.tadpole.global&gl=us&hl=en,
13,com.nexttechgamesstudio.alphabets.color.by.number.sandbox.number.coloring.book,"[ENTERTAINMENT, FAMILY_BRAINGAMES]",[Everyone],2.1,"Alphabets 3D coloring is one of the most creative hobbies.Its an  inspiring adult coloring book with wonderful alphabet letters to color. If you are an art enthusiast,these letter coloring books for grown ups will make your day.As one of the best adult coloring books,these letter coloring pages help you relax after a busy day and practice your artistic skills.Blow your stress away coloring by number!Discover tons of 3D artworks or create your own pixel art.Choose from the variety of 3D templates, just follow the numbers and fill in the colors.Rotate the screen to color in different dimensions.Coloring is a stress-relief therapy and 3D coloring will give you more sense of achievements.
Alphabets 3D coloring books can help us combat stress and boost mental clarity.That is why some people call them stress relief coloring books for adults or zen coloring pages.Coloring is a smart way to promote creative thinking and personality development.Working with your hands is one of the best ways to soothe anxiety,eliminate stress and calm the mind.Be creative and make fantastic color combinations.
Features:
-Color letters according to the number and highlighted area.
-Coloring By Number in 3d is an amazing way to improve drawing skills.
-Perfectly develops children fine motor skills.
-Paint easily any letters.
-Ultimate distress and relaxing.
-Perfect relaxing way to become the master of your own mind.
-Sandbox number coloring have many interesting pixel pages and number books for you to coloring in 3D.
-Get extremely fun and entertaining coloring experience by painting 3D alphabets.
Every colored letter comes to life in its uniquely colored way,giving the artist an immediate and special sense of ownership and pride!Not only is the app incredibly fun but it is also a great tool for developing skills and knowledge.","Alphabets 3D coloring is one of the most creative hobbies.Its an  inspiring adult coloring book with wonderful alphabet letters to color. If you are an art enthusiast,these letter coloring books for grown ups will make your day.As one of the best adult coloring books,these letter coloring pages help you relax after a busy day and practice your artistic skills.Blow your stress away coloring by number!Discover tons of 3D artworks or create your own pixel art.Choose from the variety of 3D templates, just follow the numbers and fill in the colors.Rotate the screen to color in different dimensions.Coloring is a stress-relief therapy and 3D coloring will give you more sense of achievements.<br/><br/>Alphabets 3D coloring books can help us combat stress and boost mental clarity.That is why some people call them stress relief coloring books for adults or zen coloring pages.Coloring is a smart way to promote creative thinking and personality development.Working with your hands is one of the best ways to soothe anxiety,eliminate stress and calm the mind.Be creative and make fantastic color combinations.<br/><br/><br/>Features:<br/>-Color letters according to the number and highlighted area.<br/>-Coloring By Number in 3d is an amazing way to improve drawing skills.<br/>-Perfectly develops children fine motor skills.<br/>-Paint easily any letters.<br/>-Ultimate distress and relaxing.<br/>-Perfect relaxing way to become the master of your own mind.<br/>-Sandbox number coloring have many interesting pixel pages and number books for you to coloring in 3D.<br/>-Get extremely fun and entertaining coloring experience by painting 3D alphabets.<br/><br/><br/>Every colored letter comes to life in its uniquely colored way,giving the artist an immediate and special sense of ownership and pride!Not only is the app incredibly fun but it is also a great tool for developing skills and knowledge.",Coloring by Number - Pixel Art Games : Next Tech,"House # 596 G1, Johar Town Lahore Pakistan",ayshawahhab@gmail.com,7283749095064262617,https://www.facebook.com/notes/next-tech-games-studio/next-tech-games-studio-short-form-mobile-privacy-policy/290810591413723/,False,True,"{u'1': 29, u'3': 14, u'2': 7, u'5': 188, u'4': 25}",True,[Everyone],https://lh3.googleusercontent.com/al8X_uQGBf_8CYdfxVYr7b4-p0jhZRIFJk8qghk8Er0uJDuESB2tc-SEm1v9r-sR7Q,"100,000+",,0,,4.1 and up,263,4.3,[],19M,Alphabets 3D Color by Number - Voxel Coloring,"November 14, 2018",https://play.google.com/store/apps/details?id=com.nexttechgamesstudio.alphabets.color.by.number.sandbox.number.coloring.book&gl=us&hl=en,
