,app_id,category,content_rating,current_version,description,description_html,developer,developer_address,developer_email,developer_id,developer_url,editors_choice,free,histogram,iap,iap_range,icon,installs,interactive_elements,price,recent_changes,required_android_version,reviews,score,screenshots,size,title,updated,url,video
0,com.turner.lpt,"[GAME_ACTION, FAMILY_ACTION]","[Everyone 10+, Fantasy Violence]",1.3.1,"Become a hero with K.O. and use super radical moves to battle the evil Lord Boxman in OK, K.O.! Lakewood Plaza Turbo!
DEFEAT LORD BOXMAN (IF YOU CAN)
Lord Boxman will do anything to destroy Lakewood Plaza. But you can't let that happen! Learn new fighting moves, unlock special attacks and use powerful items to stop his army of evil robots. Become the hero you always knew you could be, and send that bum packing!
MEET AWESOME DUDES AND DUDETTES
Get to know all the dynamic denizens of Lakewood Plaza! Hang out with coworkers Radicles and Enid. Help your boisterous boss, Mr. Gar, rebuild the Plaza. Learn incredible new fighting techniques from your mom, Carol. Help out other crazy characters like Ted Viking, Brandon, Red Action, A Real Magic Skeleton and lots more!
EXPLORE A VAST NEW WORLD
Look for hidden secrets and battle a whole mess of bad guys as you adventure throughout Lakewood Plaza and the surrounding lands.
Use power punches, killer kicks and stunning super moves to save the Plaza in OK, K.O.! LAKEWOOD PLAZA TURBO!
*****
This game is available in the following languages: English, French, Italian, Portuguese (Brazilian), Russian, Spanish (Latin American), Turkish
If you're having any problems with this app, feel free to contact us at advanced.platforms@turner.com. Tell us about the issues you're running into as well as what device and OS version you're using.
*****
IMPORTANT CONSIDERATIONS:
This app may contain ads that feature other products, services, shows or offers from Cartoon Network and our partners.
PRIVACY INFORMATION:
Your privacy is important to us at Cartoon Network, a division of Turner Broadcasting System, Inc. This game collects and uses information as described in Cartoon Network’s Privacy Policy linked below. This information may be used, for example, to respond to user requests; enable users to take advantage of certain features and services; personalize content; serve advertising; perform network communications; manage and improve our products and services; and perform other internal operations of Cartoon Network web sites or online services. Our privacy practices are guided by data privacy laws in the United States. For users residing in the EU or other countries outside the U.S., please note that this app may use persistent identifiers for game management purposes. By downloading this application, you accept our Privacy Policy and End User License Agreement, and you give permission for such uses for all users of your device. The Privacy Policy and End User License Agreement are in addition to any terms, conditions or policies imposed by your wireless carrier and Apple, Inc. Cartoon Network and its affiliates are not responsible for any collection, use, or disclosure of your personal information by Apple or your wireless carrier.
Terms of Use: http://www.cartoonnetwork.com/legal/termsofuse.html
Privacy Policy: http://www.cartoonnetwork.com/legal/privacy/mobile.html","Become a hero with K.O. and use super radical moves to battle the evil Lord Boxman in OK, K.O.! Lakewood Plaza Turbo!<br/><br/>DEFEAT LORD BOXMAN (IF YOU CAN)<br/>Lord Boxman will do anything to destroy Lakewood Plaza. But you can't let that happen! Learn new fighting moves, unlock special attacks and use powerful items to stop his army of evil robots. Become the hero you always knew you could be, and send that bum packing!<br/><br/>MEET AWESOME DUDES AND DUDETTES<br/>Get to know all the dynamic denizens of Lakewood Plaza! Hang out with coworkers Radicles and Enid. Help your boisterous boss, Mr. Gar, rebuild the Plaza. Learn incredible new fighting techniques from your mom, Carol. Help out other crazy characters like Ted Viking, Brandon, Red Action, A Real Magic Skeleton and lots more!<br/><br/>EXPLORE A VAST NEW WORLD<br/>Look for hidden secrets and battle a whole mess of bad guys as you adventure throughout Lakewood Plaza and the surrounding lands.<br/><br/>Use power punches, killer kicks and stunning super moves to save the Plaza in OK, K.O.! LAKEWOOD PLAZA TURBO!<br/><br/>*****<br/><br/>This game is available in the following languages: English, French, Italian, Portuguese (Brazilian), Russian, Spanish (Latin American), Turkish<br/><br/>If you're having any problems with this app, feel free to contact us at advanced.platforms@turner.com. Tell us about the issues you're running into as well as what device and OS version you're using. <br/><br/>*****<br/><br/>IMPORTANT CONSIDERATIONS: <br/>This app may contain ads that feature other products, services, shows or offers from Cartoon Network and our partners.<br/><br/>PRIVACY INFORMATION: <br/>Your privacy is important to us at Cartoon Network, a division of Turner Broadcasting System, Inc. This game collects and uses information as described in Cartoon Network’s Privacy Policy linked below. This information may be used, for example, to respond to user requests; enable users to take advantage of certain features and services; personalize content; serve advertising; perform network communications; manage and improve our products and services; and perform other internal operations of Cartoon Network web sites or online services. Our privacy practices are guided by data privacy laws in the United States. For users residing in the EU or other countries outside the U.S., please note that this app may use persistent identifiers for game management purposes. By downloading this application, you accept our Privacy Policy and End User License Agreement, and you give permission for such uses for all users of your device. The Privacy Policy and End User License Agreement are in addition to any terms, conditions or policies imposed by your wireless carrier and Apple, Inc. Cartoon Network and its affiliates are not responsible for any collection, use, or disclosure of your personal information by Apple or your wireless carrier. <br/><br/>Terms of Use: http://www.cartoonnetwork.com/legal/termsofuse.html <br/>Privacy Policy: http://www.cartoonnetwork.com/legal/privacy/mobile.html",Cartoon Network,"1050 Techwood Drive
Atlanta, GA 30318",advanced.platforms@turner.com,7977642132858801607,http://www.cartoonnetwork.com,False,True,"{u'1': 7156, u'3': 3222, u'2': 1218, u'5': 67748, u'4': 5780}",False,,https://lh3.googleusercontent.com/ESabHl4lxTQKuGgM8SV1_0AD_eziwMOVi1Y5WeMhul4S9FyNMbsmcYDHNN48FJCbq2i2,"1,000,000+",,0,"-An all-new vehicle combat mode with 4 action-packed driving missions, new enemy types and a massive new boss battle

-3 epic Super Move upgrades to make you tougher than ever--available to unlock from Red Action

-30 secret collectible Super Discs spread throughout the world of Lakewood Plaza Turbo--can you find them all?

-2 new action comics, fully voiced and animated

-Bug fixes to make your adventure smoother than ever",4.0 and up,85124,4.5,[],24M,OK K.O.! Lakewood Plaza Turbo,"January 5, 2017",https://play.google.com/store/apps/details?id=com.turner.lpt&gl=us&hl=en,
1,com.fatum.leprechaun,"[GAME_ADVENTURE, FAMILY_ACTION]",[Everyone],1.40.001,"The fearsome Fomorians, goat’s headed spooky monsters, have invaded the Donegal Forest in search of the famous gold pot of the Leprechaun who lives there. However, the Fomorians end up finding something totally different, a magical artifact that protects enchanted beings from the forest against evil beings: the Rainbow Seal.
Iris, the fairy responsible for artifact’s protection, was kidnapped and the artifact stolen. When they left the forest, the magical beings were exposed and the forest was invaded by hordes of evil beings coming from another dimension, like Goblins, Trolls, Cyclops and other monsters.
Lucky O’Gold and his sister Carrie decided to go on this adventure to find Iris and his friends and retrieve the Rainbow Seal from the hand of Fomorian King, releasing the forest beings from this terrible curse!","The fearsome Fomorians, goat’s headed spooky monsters, have invaded the Donegal Forest in search of the famous gold pot of the Leprechaun who lives there. However, the Fomorians end up finding something totally different, a magical artifact that protects enchanted beings from the forest against evil beings: the Rainbow Seal.<br/><br/>Iris, the fairy responsible for artifact’s protection, was kidnapped and the artifact stolen. When they left the forest, the magical beings were exposed and the forest was invaded by hordes of evil beings coming from another dimension, like Goblins, Trolls, Cyclops and other monsters.<br/><br/>Lucky O’Gold and his sister Carrie decided to go on this adventure to find Iris and his friends and retrieve the Rainbow Seal from the hand of Fomorian King, releasing the forest beings from this terrible curse!",Fatum Entertainment Studios,"Rua Joaquim Afonso de Souza, 1124, Vila Celeste
CEP: 02543-000
São Paulo - SP
Brasil",support@fatumgames.com,Fatum+Entertainment+Studios,http://www.fatumgames.com,False,True,"{u'1': 1, u'3': 1, u'2': 1, u'5': 38, u'4': 0}",False,,https://lh3.googleusercontent.com/NzUEMcI54JO_xKo81qWxMVpLxjoKtCTwjr5tO64FP9CGLLR5afvqsIcgNLm3fQ1TevGe,"1,000+",[Digital Purchases],0,"New Features:

* Added New Playable Phases

* Added Support to Players continue playing on same Phase and place after losing all lifes, through a promotional vídeo

* Improved characters icons on life indicator

* Improved tutorial",4.1 and up,41,4.8,[],63M,Leprechaun: The Rainbow Seal,"January 17, 2018",https://play.google.com/store/apps/details?id=com.fatum.leprechaun&gl=us&hl=en,
2,com.turner.freefurall,"[GAME_ARCADE, FAMILY_ACTION]",[Everyone],1.0.4,"Race for the finish line, spice up your selfies, flip the perfect pancake and more in this collection of We Bare Bear games. It's a regular Free Fur All!
MEET THE BEARS
Grizz, Panda and Ice Bear are three brothers living in the Bay Area, hanging together and trying to have fun as they find their way in life. They just happen to be bears, is all.
MINIGAME MASTERY
Help the bears as they go about their everyday misadventures in six different minigames. Make Panda the best barista in the city. Practice mystic martial arts with Ice Bear. Grab food samples from the market with Grizz. See how high you can score in each game!
MULTIPLAYER MAYHEM
Compete against your friends in local multiplayer matches! Use pass and play mode if you only have one device, or connect with your friends' devices to play at the same time. Who will be the ultimate winner?
UNLOCK SWEET SWAG
Earn coins as you play to unlock fun costumes, accessories and decorations for each of the games.
Have a blast playing a variety of different minigames with Grizz, Panda and Ice Bear in FREE FUR ALL!
********************
This game is available in the following languages: English, Chinese, French, Italian, Japanese, Korean, Portuguese, Russian, Spanish and Turkish.
If you're having any problems with this app, feel free to contact us at advanced.platforms@turner.com. Tell us about the issues you're running into as well as what device and OS version you're using.
********************
IMPORTANT CONSIDERATIONS:
This app may contain ads that feature other products, services, shows or offers from Cartoon Network and our partners.
PRIVACY INFORMATION:  Your privacy is important to us at Cartoon Network, a division of Turner Broadcasting System, Inc.  This game collects and uses information as described in Cartoon Network’s Privacy Policy linked below.  This information may be used, for example, to respond to user requests; enable users to take advantage of certain features and services; personalize content; serve advertising; perform network communications; manage and improve our products and services; and perform other internal operations of Cartoon Network web sites or online services.  Our privacy practices are guided by data privacy laws in the United States. For users residing in the EU or other countries outside the U.S., please note that this app may use persistent identifiers for game management purposes.  By downloading this application, you accept our Privacy Policy and End User License Agreement, and you give permission for such uses for all users of your device.  The Privacy Policy and End User License Agreement are in addition to any terms, conditions or policies imposed by your wireless carrier and Google, Inc. Cartoon Network and its affiliates are not responsible for any collection, use, or disclosure of your personal information by Google or your wireless carrier.
Terms of Use: http://www.cartoonnetwork.com/legal/termsofuse.html
Privacy Policy: http://www.cartoonnetwork.com/legal/privacy/mobile.html","Race for the finish line, spice up your selfies, flip the perfect pancake and more in this collection of We Bare Bear games. It's a regular Free Fur All!<br/><br/>MEET THE BEARS<br/>Grizz, Panda and Ice Bear are three brothers living in the Bay Area, hanging together and trying to have fun as they find their way in life. They just happen to be bears, is all.<br/><br/>MINIGAME MASTERY<br/>Help the bears as they go about their everyday misadventures in six different minigames. Make Panda the best barista in the city. Practice mystic martial arts with Ice Bear. Grab food samples from the market with Grizz. See how high you can score in each game!<br/><br/>MULTIPLAYER MAYHEM<br/>Compete against your friends in local multiplayer matches! Use pass and play mode if you only have one device, or connect with your friends' devices to play at the same time. Who will be the ultimate winner?<br/><br/>UNLOCK SWEET SWAG<br/>Earn coins as you play to unlock fun costumes, accessories and decorations for each of the games.<br/><br/>Have a blast playing a variety of different minigames with Grizz, Panda and Ice Bear in FREE FUR ALL!<br/><br/>********************<br/><br/>This game is available in the following languages: English, Chinese, French, Italian, Japanese, Korean, Portuguese, Russian, Spanish and Turkish.<br/><br/>If you're having any problems with this app, feel free to contact us at advanced.platforms@turner.com. Tell us about the issues you're running into as well as what device and OS version you're using.<br/><br/>********************<br/><br/>IMPORTANT CONSIDERATIONS:<br/>This app may contain ads that feature other products, services, shows or offers from Cartoon Network and our partners.<br/> <br/>PRIVACY INFORMATION:  Your privacy is important to us at Cartoon Network, a division of Turner Broadcasting System, Inc.  This game collects and uses information as described in Cartoon Network’s Privacy Policy linked below.  This information may be used, for example, to respond to user requests; enable users to take advantage of certain features and services; personalize content; serve advertising; perform network communications; manage and improve our products and services; and perform other internal operations of Cartoon Network web sites or online services.  Our privacy practices are guided by data privacy laws in the United States. For users residing in the EU or other countries outside the U.S., please note that this app may use persistent identifiers for game management purposes.  By downloading this application, you accept our Privacy Policy and End User License Agreement, and you give permission for such uses for all users of your device.  The Privacy Policy and End User License Agreement are in addition to any terms, conditions or policies imposed by your wireless carrier and Google, Inc. Cartoon Network and its affiliates are not responsible for any collection, use, or disclosure of your personal information by Google or your wireless carrier.<br/><br/>Terms of Use: http://www.cartoonnetwork.com/legal/termsofuse.html<br/>Privacy Policy: http://www.cartoonnetwork.com/legal/privacy/mobile.html",Cartoon Network,"1050 Techwood Drive
Atlanta, GA 30318",advanced.platforms@turner.com,7977642132858801607,http://www.cartoonnetwork.com,False,True,"{u'1': 30908, u'3': 17161, u'2': 10141, u'5': 181365, u'4': 22387}",False,,https://lh3.googleusercontent.com/j0fQgo_PivZ4YS37N0gz6P-dmG9QNEnOnHDpM184OEmBRhkBNUf331ZYXyFSbsrIwRY,"10,000,000+",,0,,4.0 and up,261962,4.2,[],25M,Free Fur All – We Bare Bears,"October 8, 2015",https://play.google.com/store/apps/details?id=com.turner.freefurall&gl=us&hl=en,https://www.youtube.com/embed/v4tuaVsjhMY
3,com.sinyee.babybus.angie,"[GAME_EDUCATIONAL, FAMILY_ACTION]",[Everyone],8.30.10.00,"Search for ""BabyBus"" for even more free panda games for you to try!
Join the playful cloud on an adventure around earth. She sees so many problems here and there, and she feels the need to help. Maybe you can point out the bad and guide her to make them better. “It’s time for a cleansing rain,” says the cloud!
Fun features:
- Caring for the environment through fun gameplay
- 9 cool places to visit and 15 cute animals to help
- Create different weather for some amazing effects!
Help the animals fight disasters, natural and man-made: cleansing the air of pollution, replenishing water to dry land and ponds, powering clean generators, and a lot more activities to explore. Let’s make it a wonderful adventure!
About BabyBus
—————
At BabyBus, we dedicate ourselves to sparking kids' creativity, imagination and curiosity,and designing our products through the kids' perspective to help them explore the world on their own.
Now BabyBus offers a wide variety of products, videos and other educational content for over 250 million fans from ages 0-8 around the world! We have produced more than 150 children's educational games, 700 children's songs, and animations of various themes spanning the arts, health, and science.
—————
Contact us: ser@babybus.com
Visit us: http://www.babybus.com","Search for ""BabyBus"" for even more free panda games for you to try! <br/><br/>Join the playful cloud on an adventure around earth. She sees so many problems here and there, and she feels the need to help. Maybe you can point out the bad and guide her to make them better. “It’s time for a cleansing rain,” says the cloud!<br/><br/>Fun features:<br/>- Caring for the environment through fun gameplay<br/>- 9 cool places to visit and 15 cute animals to help<br/>- Create different weather for some amazing effects! <br/><br/>Help the animals fight disasters, natural and man-made: cleansing the air of pollution, replenishing water to dry land and ponds, powering clean generators, and a lot more activities to explore. Let’s make it a wonderful adventure!<br/><br/>About BabyBus<br/>—————<br/>At BabyBus, we dedicate ourselves to sparking kids' creativity, imagination and curiosity,and designing our products through the kids' perspective to help them explore the world on their own.   <br/><br/>Now BabyBus offers a wide variety of products, videos and other educational content for over 250 million fans from ages 0-8 around the world! We have produced more than 150 children's educational games, 700 children's songs, and animations of various themes spanning the arts, health, and science.                      <br/>—————<br/>Contact us: ser@babybus.com<br/>Visit us: http://www.babybus.com",BabyBus Kids Games,"Building 9#3F, Fuzhou Cross-Strait Creative Garden, Jingong Road 1, Cangshan District, Fuzhou City, Fujian, China",ser@babybus.com,4946022439885210717,http://www.babybus.com,False,True,"{u'1': 404, u'3': 255, u'2': 182, u'5': 2051, u'4': 316}",False,,https://lh3.googleusercontent.com/_5eA9OVZ8Vf3haaZbVcYdFljUKKtB_2mSMoXfHAJQ_dbjWejMMibUMM5xWXJgsNXPhY,"1,000,000+",,0,,4.2 and up,3208,4.1,[],44M,The Adventurous Cloud - Free,"January 3, 2019",https://play.google.com/store/apps/details?id=com.sinyee.babybus.angie&gl=us&hl=en,https://www.youtube.com/embed/-FR9GLy-cd0
4,com.budgestudios.MyLittlePonyHarmonyQuest,"[GAME_CASUAL, FAMILY_ACTION]","[Everyone, Mild Fantasy Violence]",1.6,"Budge Studios™ presents My Little Pony: Harmony Quest. This app takes your kid on a magical adventure to spread the spirit of friendship across Equestria. Gather all 6 ponies, use their special powers together and save the Tree of Harmony. Chase evil minions, solve puzzles and play fun mini games to bring back the six mystical jewels known to ponydom!
MAGICAL ADVENTURES
• TRAVEL to 6 regions across Equestria
• CATCH the evil minions
• FIND hidden keys and traps
• RESCUE captive ponies
• RECOVER the 6 Elements of Harmony
6 PONIES, EACH WITH THEIR OWN SPECIAL POWERS
• PRINCESS TWILIGHT SPARKLES: Move Objects and Solve Puzzles
• FLUTTERSHY: Lullaby and Animal Language
• APPLEJACK: Shake N Break and Catapult
• RAINBOW DASH: Fly through and Drop
• RARITY: Uncover and Stylize
• PINKIE PIE: Hypnotic Dance and Pinkie Sense
PRIVACY & ADVERTISING
Budge Studios takes children's privacy seriously and ensures that its apps are compliant with privacy laws, including the Child Online Privacy Protection Act (COPPA), a privacy legislation in the United States of America. This application has received the “ESRB (Entertainment Software Rating Board) Privacy Certified Kids’ Privacy Seal”. If you would like to learn more on what information we collect and how we use it, please visit our privacy policy at: https://budgestudios.com/en/legal/privacy-policy/. If  you have any questions, email our Privacy Officer at : privacy@budgestudios.ca
Before you download this app, please note that it is free to play, but additional content may be available via in-app purchases. This app may contain contextual advertising from Budge Studios regarding other apps we publish, from our partners and some third parties. Budge Studios does not permit behavioral advertising or retargeting in this app. Note that any purchase made in the app will remove pop-up advertising. The app may also contain social media links that are only accessible behind a parental gate.
END-USER LICENSE AGREEMENT
This application is subject to an End-User License Agreement available through the following link: http://www.budgestudios.com/en/legal/eula/ .
HAVE QUESTIONS?
We always welcome your questions, suggestions and comments. Contact us 24/7 at support@budgestudios.ca
Visit us: www.budgestudios.com
Like us: facebook.com/budgestudios
Follow us: @budgestudios
Watch our app trailers: youtube.com/budgestudios
BUDGE and BUDGE STUDIOS are trademarks of Budge Studios Inc.","Budge Studios™ presents My Little Pony: Harmony Quest. This app takes your kid on a magical adventure to spread the spirit of friendship across Equestria. Gather all 6 ponies, use their special powers together and save the Tree of Harmony. Chase evil minions, solve puzzles and play fun mini games to bring back the six mystical jewels known to ponydom!<br/><br/>MAGICAL ADVENTURES<br/>• TRAVEL to 6 regions across Equestria<br/>• CATCH the evil minions<br/>• FIND hidden keys and traps<br/>• RESCUE captive ponies<br/>• RECOVER the 6 Elements of Harmony <br/><br/>6 PONIES, EACH WITH THEIR OWN SPECIAL POWERS<br/>• PRINCESS TWILIGHT SPARKLES: Move Objects and Solve Puzzles<br/>• FLUTTERSHY: Lullaby and Animal Language<br/>• APPLEJACK: Shake N Break and Catapult<br/>• RAINBOW DASH: Fly through and Drop<br/>• RARITY: Uncover and Stylize<br/>• PINKIE PIE: Hypnotic Dance and Pinkie Sense<br/><br/>PRIVACY &amp; ADVERTISING<br/>Budge Studios takes children's privacy seriously and ensures that its apps are compliant with privacy laws, including the Child Online Privacy Protection Act (COPPA), a privacy legislation in the United States of America. This application has received the “ESRB (Entertainment Software Rating Board) Privacy Certified Kids’ Privacy Seal”. If you would like to learn more on what information we collect and how we use it, please visit our privacy policy at: https://budgestudios.com/en/legal/privacy-policy/. If  you have any questions, email our Privacy Officer at : privacy@budgestudios.ca<br/><br/>Before you download this app, please note that it is free to play, but additional content may be available via in-app purchases. This app may contain contextual advertising from Budge Studios regarding other apps we publish, from our partners and some third parties. Budge Studios does not permit behavioral advertising or retargeting in this app. Note that any purchase made in the app will remove pop-up advertising. The app may also contain social media links that are only accessible behind a parental gate. <br/><br/>END-USER LICENSE AGREEMENT<br/>This application is subject to an End-User License Agreement available through the following link: http://www.budgestudios.com/en/legal/eula/ .<br/><br/>HAVE QUESTIONS? <br/>We always welcome your questions, suggestions and comments. Contact us 24/7 at support@budgestudios.ca <br/><br/>Visit us: www.budgestudios.com <br/>Like us: facebook.com/budgestudios <br/>Follow us: @budgestudios <br/>Watch our app trailers: youtube.com/budgestudios <br/><br/>BUDGE and BUDGE STUDIOS are trademarks of Budge Studios Inc.",Budge Studios,"5455 De Gaspe Ave
Suite # 540
Montreal, Quebec, Canada
H2T 3B3",support@budgestudios.ca,7489594886728593506,https://budgestudios.com/en/apps/detail/my-little-pony-harmony-quest/?utm_source=GooglePlayStore&utm_medium=referral&utm_campaign=MLPHQ_GP,False,True,"{u'1': 21217, u'3': 14248, u'2': 7226, u'5': 105977, u'4': 14971}",True,"[$2.99, $9.99]",https://lh3.googleusercontent.com/NbjZZjgVqYhiMTbgygtsOoFGpibx3Yk4Hxds8QmxcPy1jMUddz5XhCwXzaHQ-9VITMk,"10,000,000+",[Digital Purchases],0,Minor improvements. Thank you for playing My Little Pony Harmony Quest.,4.1 and up,163639,4.1,[],26M,My Little Pony: Harmony Quest,"March 5, 2018",https://play.google.com/store/apps/details?id=com.budgestudios.MyLittlePonyHarmonyQuest&gl=us&hl=en,https://www.youtube.com/embed/iYenb4yU_eY
5,com.kauf.monstertruckracinghero3d,"[ENTERTAINMENT, FAMILY_ACTION]","[Everyone, Mild Fantasy Violence]",5.5,"Get behind the wheel of your favorite monster trucks and enter the most amazing stunt island ever seen.
Drive around and learn how to handle the truck physics that causes the trucks to bounce, drift, and tire slip realistically. Smash some cars drive into some totems to get golden coins and avoid a lot of other obstacles to show your top driving skills.
Collect the required coins to accomplish the different missions and to unlock new amazing levels.
If you like monster truck race games, big truck games, monster truck freestyle stunt games, driving games, car racing games or race car games in general, then you will love Monster Truck Racing Hero 3D! Enjoy hours of fun and laughter with Monster Truck Racing Hero 3D! If you like Monster Truck Racing Hero 3D then please rate it with 5 stars. Thank you!
Features of Monster Truck Racing Hero 3D:
- Wonderful 3D high-resolution graphics
- Amazing stunt arenas
- Volcano, ice, grass and earth terrain
- Simple controls
- Turbo boosts for mad truckers ;-)
- Extra time chronograph
- A lot of trucks - choose your monstertruck - super monster truck
- Totems that spit coins
- Nice background music
How to Play Monster Truck Racing Hero 3D:
- Use the tilt control to move the car in the direction you want or choose the steering wheel from the menu.
- Press on the accelerator to give power to the engine and move forward
- Use the brake to curb, slow down or to move backwards
Rush through the stunt arena, collect as much golden coins as you can to establish a new record (best score).
What are you waiting for? Speed through terrifying loops and Jump over thrilling obstacles! Monster Truck Racing Hero 3D's one of the best monster truck race games and monster truck freestyle stunt games!","Get behind the wheel of your favorite monster trucks and enter the most amazing stunt island ever seen.<br/>Drive around and learn how to handle the truck physics that causes the trucks to bounce, drift, and tire slip realistically. Smash some cars drive into some totems to get golden coins and avoid a lot of other obstacles to show your top driving skills. <br/>Collect the required coins to accomplish the different missions and to unlock new amazing levels.<br/><br/>If you like monster truck race games, big truck games, monster truck freestyle stunt games, driving games, car racing games or race car games in general, then you will love Monster Truck Racing Hero 3D! Enjoy hours of fun and laughter with Monster Truck Racing Hero 3D! If you like Monster Truck Racing Hero 3D then please rate it with 5 stars. Thank you!<br/><br/>Features of Monster Truck Racing Hero 3D:<br/>- Wonderful 3D high-resolution graphics<br/>- Amazing stunt arenas<br/>- Volcano, ice, grass and earth terrain<br/>- Simple controls<br/>- Turbo boosts for mad truckers ;-)<br/>- Extra time chronograph<br/>- A lot of trucks - choose your monstertruck - super monster truck<br/>- Totems that spit coins<br/>- Nice background music<br/><br/>How to Play Monster Truck Racing Hero 3D:<br/>- Use the tilt control to move the car in the direction you want or choose the steering wheel from the menu.<br/>- Press on the accelerator to give power to the engine and move forward<br/>- Use the brake to curb, slow down or to move backwards<br/>Rush through the stunt arena, collect as much golden coins as you can to establish a new record (best score).<br/><br/>What are you waiting for? Speed through terrifying loops and Jump over thrilling obstacles! Monster Truck Racing Hero 3D's one of the best monster truck race games and monster truck freestyle stunt games!",Kaufcom Games Apps Widgets,"Kaufcom GmbH
Ruchstuckstr. 19
CH-8306 Brüttisellen",baumandroid@googlemail.com,Kaufcom+Games+Apps+Widgets,http://www.facebook.com/kaufcom,False,True,"{u'1': 258, u'3': 91, u'2': 49, u'5': 1115, u'4': 78}",False,,https://lh3.googleusercontent.com/rnvHRDqPBWoZiQj41CRPjZdrnrmEYi49Yms-BcsuYoZ0wCewg-By-zQLMPMOi4VXnw,"1,000,000+",,0,More Cars & More Fun Added,4.0 and up,1591,4.1,[],81M,Monster Truck Racing Hero 3D by Kaufcom,"March 13, 2019",https://play.google.com/store/apps/details?id=com.kauf.monstertruckracinghero3d&gl=us&hl=en,
6,com.junesoftware.nazara.cbrush,[],[Everyone],1.12,"Our latest Chhota Bheem Adventure unfolds in Mumbai
Chhota Bheem uses Prof Dhoomketus latest invention the Time Travelling Watch and arrives in Mumbai.
As he is enjoying the sights of Mumbai, his time and space travelling watch is stolen.  Chhota Bheem needs help in Mumbai....
Help Chhota Bheem Retrieve his Watch
- RUN as fast as you can
- EVADE oncoming Mumbai Locals
- JUMP & DUCK to avoid Obstacles
- HELP Chhota Bheem escape from Pandu Havaldar, the Cop
- CHASE after Pickpockets
Avoid oncoming Trains
- Jump over and under Obstacles
- Use a selection of Frisbees to get additional lives
- Ride on Rockets
- Collect Coins
- Get Multipliers
- Get Past Stations in Mumbai by collecting Letters
- Surf using Colorful Frisbees
- Incredible Powerups
- Boost your Score
- Participate in events
- Challenge your friends
Will Chhota Bheem get back his watch?
Join us on the Epic Journey through the streets and suburbs of Mumbai with Bheem and Pandu Havaldar!
***********************************************************************************
Chhota Bheem Speed Racing respects your privacy, does not store any personal information and does not allow you share this information.
We do require a few additional Permissions to function:
1. READ_EXTERNAL_STORAGE & WRITE_EXTERNAL_STORAGE
These permissions are needed to cache and read ad content during the game play
2. ACCESS_COARSE_LOCATION/READ_PHONE_STATE/ACCESS_FINE_LOCATION
These permissions are needed to show suitable ad content for targeted user for better ad experience
3. RECORD_AUDIO
This is required for zapr SDK which is integrated with this app for the purposes of profiling the device on media consumption and other device data and utilizing the same to target relevant content and ads to the device (""Services"") pursuant to the terms and conditions of RBL Services (""Terms of Use"")
4. GET_ACCOUNTS
This permission would use your google account name and picture to show it on the leaderboard once you sign in","Our latest Chhota Bheem Adventure unfolds in Mumbai <br/>Chhota Bheem uses Prof Dhoomketus latest invention the Time Travelling Watch and arrives in Mumbai. <br/>As he is enjoying the sights of Mumbai, his time and space travelling watch is stolen.  Chhota Bheem needs help in Mumbai.... <br/><br/>Help Chhota Bheem Retrieve his Watch <br/>- RUN as fast as you can<br/>- EVADE oncoming Mumbai Locals <br/>- JUMP &amp; DUCK to avoid Obstacles<br/>- HELP Chhota Bheem escape from Pandu Havaldar, the Cop<br/>- CHASE after Pickpockets<br/><br/>Avoid oncoming Trains <br/>- Jump over and under Obstacles<br/>- Use a selection of Frisbees to get additional lives <br/>- Ride on Rockets <br/>- Collect Coins <br/>- Get Multipliers <br/>- Get Past Stations in Mumbai by collecting Letters <br/><br/>- Surf using Colorful Frisbees <br/>- Incredible Powerups <br/>- Boost your Score<br/>- Participate in events<br/>- Challenge your friends<br/><br/>Will Chhota Bheem get back his watch? <br/>Join us on the Epic Journey through the streets and suburbs of Mumbai with Bheem and Pandu Havaldar!<br/><br/>***********************************************************************************<br/>Chhota Bheem Speed Racing respects your privacy, does not store any personal information and does not allow you share this information. <br/><br/>We do require a few additional Permissions to function: <br/><br/>1. READ_EXTERNAL_STORAGE &amp; WRITE_EXTERNAL_STORAGE<br/>These permissions are needed to cache and read ad content during the game play<br/><br/>2. ACCESS_COARSE_LOCATION/READ_PHONE_STATE/ACCESS_FINE_LOCATION<br/>These permissions are needed to show suitable ad content for targeted user for better ad experience<br/><br/>3. RECORD_AUDIO<br/>This is required for zapr SDK which is integrated with this app for the purposes of profiling the device on media consumption and other device data and utilizing the same to target relevant content and ads to the device (""Services"") pursuant to the terms and conditions of RBL Services (""Terms of Use"")<br/><br/>4. GET_ACCOUNTS<br/>This permission would use your google account name and picture to show it on the leaderboard once you sign in",Nazara Games,"5th Floor, Makers Chambers 3, Nariman Point, Mumbai - 400021, India",support@nazara.com,7356333912193102764,http://www.nazara.com,False,True,"{u'1': 1392, u'3': 1078, u'2': 368, u'5': 12088, u'4': 1534}",True,"[$0.99, $89.99]",https://lh3.googleusercontent.com/v9MFIvkOtJ9pfZvxAjWUMSmyFPcg4nJzAQj-LgbNQN61kSMNw9mv1DCFj3Ksp0wrh7Y,"5,000,000+",[Digital Purchases],0,Game performance improvements!,4.1 and up,16460,4.4,[],42M,Chhota Bheem Surfer  - Mumbai,"February 6, 2019",https://play.google.com/store/apps/details?id=com.junesoftware.nazara.cbrush&gl=us&hl=en,https://www.youtube.com/embed/2Oq3aPwrSAI
7,com.FoxieGames.WolfEvolution,"[GAME_ROLE_PLAYING, FAMILY_ACTION]","[Everyone 10+, Fantasy Violence]",1.93,"The wolf’s dominance is vital to the natural order. If any other animal were to dominate, all other life, from the lowest plant to the highest wild animal, will suffer. Only a wolf pack that is both strong and wise can bring balance and harmony to the lands.
'Wolf: The Evolution' is a simulator which tells a tale of adventure. Welcome to the Silverglade Pack, a small family struggling to get a foothold in the wilderness. You must help them to expand and grow until they can realise their dreams!
EXPAND YOUR TERRITORY
Dominate the virtual world with your wolfpack. Choose your ultimate team and battle other mighty enemies like bears, elephants, jaguars, and tigers. Eliminate your enemies to expand your territory and collect rewards. Or choose the life of a hunter. Search for prey as you explore the vast forest. Hunt wildlife to feed your wolves, grow them and keep them strong for epic battles!
LEVEL UP & EVOLVE
Unlock new wolves and bring them into your den. Feed your wolves the spoils from your hunts to grow them from pups to adults. When you have 2 strong wolves, you can evolve them to make their abilities even stronger!
BREED PUPS
Breed wolves together to create baby pups! Raise your pups with care, one day they will need to lead the family.
NOT ALL WOLVES ARE BORN EQUAL
Alpha wolves are proud leaders, while Betas defend your pack. Hunter wolves can catch the most stealthy prey. The Omegas are weak, but they can heal your entire pack in a battle. Each wolf personality has different abilities for battles and hunts, so choose your team wisely!
REAL-TIME MULTIPLAYER
Wolf Evolution is an interactive online multiplayer game with MMO style gameplay. Chat and role play with friends from all over the world as you explore the forest & complete challenging quests.
REALISM
Welcome to the ultimate realistic wolf simulator, where wolves behave according to their personality. Alpha wolves walk proudly while Omegas cower. The crisp visuals will take you to a far way 3d virtual world filled with other animals big and small. You can explore, battle & hunt. Don't forget, you can also breed and raise your wolf family and teach them different skills & attacks!
Foxie Games would like to welcome you to the Wolf Evolution family. We will be adding lots of new content, from more unique wolves to quests. Expand your territory and download free today. ""Wolf: The Evolution"" is completely free to play but some optional in-game items may require payment.
You must read and accept our Privacy Notice and Terms & Conditions before downloading this app.
Privacy Notice: https://www.foxieventures.com/privacy
Terms & Conditions: https://www.foxieventures.com/terms
Follow us on social media:
Website: www.foxiegames.com/wolfevolution
Instagram: www.instagram.com/foxieventures
Facebook: www.facebook.com/foxieventures
Twitter: www.twitter.com/foxieventures
YouTube: www.youtube.com/FoxieGames","The wolf’s dominance is vital to the natural order. If any other animal were to dominate, all other life, from the lowest plant to the highest wild animal, will suffer. Only a wolf pack that is both strong and wise can bring balance and harmony to the lands.<br/> <br/>'Wolf: The Evolution' is a simulator which tells a tale of adventure. Welcome to the Silverglade Pack, a small family struggling to get a foothold in the wilderness. You must help them to expand and grow until they can realise their dreams!<br/> <br/>EXPAND YOUR TERRITORY<br/>Dominate the virtual world with your wolfpack. Choose your ultimate team and battle other mighty enemies like bears, elephants, jaguars, and tigers. Eliminate your enemies to expand your territory and collect rewards. Or choose the life of a hunter. Search for prey as you explore the vast forest. Hunt wildlife to feed your wolves, grow them and keep them strong for epic battles!<br/> <br/>LEVEL UP &amp; EVOLVE<br/>Unlock new wolves and bring them into your den. Feed your wolves the spoils from your hunts to grow them from pups to adults. When you have 2 strong wolves, you can evolve them to make their abilities even stronger!<br/> <br/>BREED PUPS<br/>Breed wolves together to create baby pups! Raise your pups with care, one day they will need to lead the family.<br/> <br/>NOT ALL WOLVES ARE BORN EQUAL<br/>Alpha wolves are proud leaders, while Betas defend your pack. Hunter wolves can catch the most stealthy prey. The Omegas are weak, but they can heal your entire pack in a battle. Each wolf personality has different abilities for battles and hunts, so choose your team wisely!<br/> <br/>REAL-TIME MULTIPLAYER<br/>Wolf Evolution is an interactive online multiplayer game with MMO style gameplay. Chat and role play with friends from all over the world as you explore the forest &amp; complete challenging quests.<br/> <br/>REALISM<br/>Welcome to the ultimate realistic wolf simulator, where wolves behave according to their personality. Alpha wolves walk proudly while Omegas cower. The crisp visuals will take you to a far way 3d virtual world filled with other animals big and small. You can explore, battle &amp; hunt. Don't forget, you can also breed and raise your wolf family and teach them different skills &amp; attacks!<br/><br/>Foxie Games would like to welcome you to the Wolf Evolution family. We will be adding lots of new content, from more unique wolves to quests. Expand your territory and download free today. ""Wolf: The Evolution"" is completely free to play but some optional in-game items may require payment.<br/><br/>You must read and accept our Privacy Notice and Terms &amp; Conditions before downloading this app.<br/><br/>Privacy Notice: https://www.foxieventures.com/privacy<br/>Terms &amp; Conditions: https://www.foxieventures.com/terms<br/> <br/>Follow us on social media:<br/><br/>Website: www.foxiegames.com/wolfevolution<br/>Instagram: www.instagram.com/foxieventures<br/>Facebook: www.facebook.com/foxieventures<br/>Twitter: www.twitter.com/foxieventures<br/>YouTube: www.youtube.com/FoxieGames",Foxie Ventures,"15 Grote Street, Adelaide, SA 5000, Australia",contact@foxiegames.com,6893351667866882124,http://www.foxiegames.com,False,True,"{u'1': 700, u'3': 536, u'2': 213, u'5': 6927, u'4': 1019}",True,"[$1.99, $59.99]",https://lh3.googleusercontent.com/f1zfylleNFgnCHzm3RWF-ziHQDuQy1CpbDExMOp6yx3zDKgm8geqNXZKt9Pv57GSaUo,"100,000+","[Users Interact, Digital Purchases]",0,"Begin your Wolf Adventure by downloading today!

Dire wolves available from in game events and new Hero chests!


Version 1.93

- Have you missed getting a wolf in an event? There are new Hero chests available in the shop!

- Buy a Hero chest and get TWO Hero wolves!",4.1 and up,9395,4.4,[],96M,Wolf: The Evolution - Online RPG,"December 21, 2018",https://play.google.com/store/apps/details?id=com.FoxieGames.WolfEvolution&gl=us&hl=en,https://www.youtube.com/embed/je5BAyNSrxM
8,com.frvr.basketball,"[GAME_SPORTS, FAMILY_ACTION]",[Everyone],2.2.6,"Smash the rim and shoot hoops from the free throwing line. How many triples in a row can you get? Slam dunk the hoop, get a 3-point shooting streak and became a basketball star! Join the free throw competition, shoot the hoops and try to get as many points as you can from the free throw line. Get on a roll in the best basket game!
🏀🏀🏀🏀🏀🏀🏀
It’s time to show off your basketball shooting skills! Feel like a real basketball star behind the free throwing line. Align your feet, find the balance, look up to the hoop and shoot the ball! See how the basketball flies and swish the rim like a PRO basket player.
Your mission is simple: Slide your finger on the screen of your smartphone or tablet to give the perfect direction to the ball to score point after point! Don't miss or you will have to start over. Start shooting to the hoop and try to beat your own high score!
Basketball FRVR is a truly relaxing casual experience, designed for both players looking for a fun time and hardplayers looking for a real challenge. Simple and incredibly addictive gameplay, easy to play but hard to master.
Warm up your wrist, your coach is calling you to enter the pitch and you have to be ready for the basket challenge of your life. The dunk tournament has begun and the best PRO players are joining to the basket jam. Race to shoot hoops in amazing shootouts and try to reach the highest score among your friends!
🏀⛹Seems easy for you? So we have a basket PRO here! Don’t get used to it, wait until the hoop starts moving! Don’t break your strim and dunk them all in this flick hoop game!⛹🏀
In Basketball FRVR there are no limits, all that matters is to slam all the free throws you can. Don’t worry if you hit the rim or the glass, just make sure you finally dunk the hoop! Raise your best free throw percentage and become a legend of the three point shootout. The best flick basketball game ever!
Basketball FRVR is different than a regular free throw contest that you can see. On this dunking game, there’s no score limit! Just try to slam as many hoops as you can by swiping your finger and try to beat your highscore! Swish the basketball and get +3 points, or use the glass and hit the rim for getting +2 points. A true master of the hoop never miss a shot ;)
Slam 3 shots in a row and get a +3 bonus with every swish you make. Your score will jump to the stars! Don’t break the streak and collect coins to unlock amazing skins for the ball. Choose among +10 unlockable basketballs and play each match with a different skin. Who said you can’t toss a watermelon and even though become the MVP? Slam dunk with style!
Looking to become a real basket star, and need some free shots lessons? Are you already a pro basket player but need some practice to improve your dunking skills? Then you’ve found your game! Take the ball and enter the area. Prepare your elbow, twice your wrist, take a deep breath (Remember not to step the foul line) and... BAM! Dunk hoop it all! Welcome to BASKETBALL FRVR!
Basketball FRVR is a low storage game, you don’t need more than 30 mb to play! This free throw jam game only focuses on giving you a truly fun experience in a low mb game for free. It’s an easy to play basketball game with incredibly addictive and simple controls, so both young and adults can have fun. Play online or offline, since you don’t need an internet connection to shoot hoops. And relax, you can play as much as you want, there’s no time limit!
🏀⛹Feel like a professional basketball player behind the foul shot, feel the pressure, feel the fun... toss the basketball and DUNK! Are you ready?⛹🏀
Do you like it? We have a lot of free games for you!
http://frvr.com
https://basketball.frvr.com
http://fb.me/frvrgames
http://fb.me/basketball.frvr.instant","Smash the rim and shoot hoops from the free throwing line. How many triples in a row can you get? Slam dunk the hoop, get a 3-point shooting streak and became a basketball star! Join the free throw competition, shoot the hoops and try to get as many points as you can from the free throw line. Get on a roll in the best basket game!<br/><br/>🏀🏀🏀🏀🏀🏀🏀<br/><br/>It’s time to show off your basketball shooting skills! Feel like a real basketball star behind the free throwing line. Align your feet, find the balance, look up to the hoop and shoot the ball! See how the basketball flies and swish the rim like a PRO basket player.<br/><br/>Your mission is simple: Slide your finger on the screen of your smartphone or tablet to give the perfect direction to the ball to score point after point! Don't miss or you will have to start over. Start shooting to the hoop and try to beat your own high score!<br/><br/>Basketball FRVR is a truly relaxing casual experience, designed for both players looking for a fun time and hardplayers looking for a real challenge. Simple and incredibly addictive gameplay, easy to play but hard to master.<br/><br/>Warm up your wrist, your coach is calling you to enter the pitch and you have to be ready for the basket challenge of your life. The dunk tournament has begun and the best PRO players are joining to the basket jam. Race to shoot hoops in amazing shootouts and try to reach the highest score among your friends!<br/><br/>🏀⛹Seems easy for you? So we have a basket PRO here! Don’t get used to it, wait until the hoop starts moving! Don’t break your strim and dunk them all in this flick hoop game!⛹🏀<br/><br/>In Basketball FRVR there are no limits, all that matters is to slam all the free throws you can. Don’t worry if you hit the rim or the glass, just make sure you finally dunk the hoop! Raise your best free throw percentage and become a legend of the three point shootout. The best flick basketball game ever!<br/><br/>Basketball FRVR is different than a regular free throw contest that you can see. On this dunking game, there’s no score limit! Just try to slam as many hoops as you can by swiping your finger and try to beat your highscore! Swish the basketball and get +3 points, or use the glass and hit the rim for getting +2 points. A true master of the hoop never miss a shot ;)<br/><br/>Slam 3 shots in a row and get a +3 bonus with every swish you make. Your score will jump to the stars! Don’t break the streak and collect coins to unlock amazing skins for the ball. Choose among +10 unlockable basketballs and play each match with a different skin. Who said you can’t toss a watermelon and even though become the MVP? Slam dunk with style!<br/><br/>Looking to become a real basket star, and need some free shots lessons? Are you already a pro basket player but need some practice to improve your dunking skills? Then you’ve found your game! Take the ball and enter the area. Prepare your elbow, twice your wrist, take a deep breath (Remember not to step the foul line) and... BAM! Dunk hoop it all! Welcome to BASKETBALL FRVR!<br/><br/>Basketball FRVR is a low storage game, you don’t need more than 30 mb to play! This free throw jam game only focuses on giving you a truly fun experience in a low mb game for free. It’s an easy to play basketball game with incredibly addictive and simple controls, so both young and adults can have fun. Play online or offline, since you don’t need an internet connection to shoot hoops. And relax, you can play as much as you want, there’s no time limit!<br/><br/>🏀⛹Feel like a professional basketball player behind the foul shot, feel the pressure, feel the fun... toss the basketball and DUNK! Are you ready?⛹🏀<br/><br/><br/>Do you like it? We have a lot of free games for you!<br/>http://frvr.com<br/>https://basketball.frvr.com<br/>http://fb.me/frvrgames<br/>http://fb.me/basketball.frvr.instant",FRVR,"5B Majestic Court
Triq Santa Maria
MLH 1330 Mellieha
Malta",info@frvr.com,7154795790738196544,http://frvr.com,False,True,"{u'1': 361, u'3': 244, u'2': 81, u'5': 3847, u'4': 434}",True,[Digital Purchases],https://lh3.googleusercontent.com/baxPR51oMJ7MXimWVGQ2ouetit7cvr4ltuIkeCo6Do6_0CkcEY35YyLc_cQ5sIR_NQ,"500,000+",[Digital Purchases],0,"Thank you for playing an FRVR game. At FRVR we want you to have the best experience possible with our games.


That is why we routinely update the game to bring you bugfixes, new features and improvements to gameplay.",4.1 and up,4967,4.5,[],Varies with device,Basketball FRVR - Shoot the Hoop and Slam Dunk!,"February 18, 2019",https://play.google.com/store/apps/details?id=com.frvr.basketball&gl=us&hl=en,https://www.youtube.com/embed/QQFqRlkxS3g
9,com.frvr.dragrace,"[GAME_RACING, FAMILY_ACTION]",[Everyone],1.0.1,"You're at the starting line and the engines are primed and ready for action. Your opponent is experienced and looks serious about winning. There's only one thing to do – keep your cool and get in gear or this driver is going to leave you in the dust!
Drag Race puts your skills to the ultimate test. Only perfect timing will get you over the finish line first where you'll be able to collect the prize. Are you up for a wager? You can double up your winnings by entering and winning the next race, or choose to collect the cash and use it to gear up your ride.
As you gain experience, points, and prizes, your options increase and the better equipped you'll be. Choose your preferred car and decide whether you want to power up wheels, engine, or fuel to gain a winning edge for the next race.
Are you ready? Then put the pedal to the metal and show that other driver who the real winner is!
Features:
- Original soundtrack
- Loads of upgrades
- Challenging fun
- Collect awards","You're at the starting line and the engines are primed and ready for action. Your opponent is experienced and looks serious about winning. There's only one thing to do – keep your cool and get in gear or this driver is going to leave you in the dust! <br/><br/>Drag Race puts your skills to the ultimate test. Only perfect timing will get you over the finish line first where you'll be able to collect the prize. Are you up for a wager? You can double up your winnings by entering and winning the next race, or choose to collect the cash and use it to gear up your ride. <br/><br/>As you gain experience, points, and prizes, your options increase and the better equipped you'll be. Choose your preferred car and decide whether you want to power up wheels, engine, or fuel to gain a winning edge for the next race. <br/><br/>Are you ready? Then put the pedal to the metal and show that other driver who the real winner is!<br/><br/>Features:<br/>- Original soundtrack<br/>- Loads of upgrades<br/>- Challenging fun<br/>- Collect awards",FRVR,"5B Majestic Court
Triq Santa Maria
MLH 1330 Mellieha
Malta",info@frvr.com,7154795790738196544,https://frvr.com,False,True,"{u'1': 5, u'3': 1, u'2': 1, u'5': 45, u'4': 5}",True,[Digital Purchases],https://lh3.googleusercontent.com/Io6tR5yBR1EM_rKaEE9rFWnzXOnRUTXCgO6nEaaRfhBJazVRAPieJrh1rBfWZHaFFBCh,"10,000+",[Digital Purchases],0,"🏆🏆🏁🏁🚦🚦🏎️🏎️🏎️💨💨

Hit the PEDAL TO THE METAL and become the winner of this DRAGSTER RACE!

You're at the starting line and the engines are primed and ready for action.

It’s time to BURN THE ROAD and defeat all the drivers of the competition!

🏆🏆🏁🏁🚦🚦🏎️🏎️🏎️💨💨",4.1 and up,57,4.5,[],Varies with device,Drag Race FRVR - Dragster Car Racing,"November 29, 2018",https://play.google.com/store/apps/details?id=com.frvr.dragrace&gl=us&hl=en,
10,com.budgestudios.ThomasAndFriendsGoGoThomas,"[GAME_RACING, FAMILY_ACTION]",[Everyone],2.1,"Join Thomas and his friends on exciting racing adventures! Race as your favorite engine on incredible tracks filled with twisty rollercoasters, splashy waterslides and epic jumps! Play against rival engines or challenge a friend in the 2-player mode! Use speed boosters to help you race your fastest and collect golden cogwheels to upgrade your engines. Full steam ahead!
READY, SET, GO!
• RACE as Thomas and his fantastic engines friends: Percy, James, Emily, Toby, Rebecca, Nia, Yong Bao, Spencer and more!
• PLAY in either ""1-Player"" or ""2-Player"" mode to challenge a friend!
• TAP the green button as fast as you can to get going at blazing speed!
• PERFORM special abilities, such as the Whirly Wind or the Wheelie Surf, to get a speed boost and puff even faster!
• USE the stunts button to flip, twist and barrel roll!
• EXPLORE new exciting race tracks, from the countryside to the castle!
• COMPLETE a full golden cogwheel to evolve your engines' speed, boost or acceleration!
• BUILD your collection of classic and newcomer engines friends!
RACE TRACKS TO EXPLORE!
• FUNNEL TUNNEL: Race around the windmills and jump over a mountain in the countryside of Sodor!
• DARING DOCKS: Plummet through containers and jump off the biggest ship in Sodor! It's a pulse pounding race to the finish line!
• FRANTIC FORTRESS: Rocket though tunnels and jump off the stained-glass window inside the castle! This is a real rollercoaster of a race!
• ROARING FALLS: Venture in this majestic mountain in the shape of the Lion of Sodor! Only the most courageous engines race on its tracks! Come make a splash at the Roaring Falls!
PRIVACY & ADVERTISING
Budge Studios™ takes children's privacy seriously and ensures that its apps are compliant with privacy laws. This application has received the ""ESRB (Entertainment Software Rating Board) Privacy Certified Kids' Privacy Seal"". For more information, please visit our privacy policy at: https://budgestudios.com/en/legal/privacy-policy/, or email our Data Protection Officer at: privacy@budgestudios.ca
Before you download this app, please note that it is free to try, but some content may only be available via in-app purchases. In-app purchases cost real money and are charged to your account. To disable or adjust the ability to make in-app purchases, change your device settings. This app may contain contextual advertising (including the option to watch ads for rewards) from Budge Studios regarding other apps we publish, from our partners and from third parties.Budge Studios does not permit behavioral advertising or retargeting in this app. The app may also contain social media links that are only accessible behind a parental gate.
END-USER LICENSE AGREEMENT
This application is subject to an End-User License Agreement available through the following link: https://budgestudios.com/en/legal-embed/eula/
ABOUT BUDGE STUDIOS
Budge Studios was founded in 2010 with the mission to entertain and educate children around the world, through innovation, creativity and fun. Budge Studios maintains the highest standards of safety and age-appropriateness, and has become a global leader in children's apps for smartphones and tablets.
Visit us: www.budgestudios.com
Like us: facebook.com/budgestudios
Follow us: @budgestudios
Watch our app trailers: youtube.com/budgestudios
HAVE QUESTIONS?
We always welcome your questions, suggestions and comments. Contact us 24/7 at support@budgestudios.ca
BUDGE and BUDGE STUDIOS are trademarks of Budge Studios Inc.
Thomas & Friends™ Go Go Thomas ©2014-2018 Budge Studios Inc. All Rights Reserved.","Join Thomas and his friends on exciting racing adventures! Race as your favorite engine on incredible tracks filled with twisty rollercoasters, splashy waterslides and epic jumps! Play against rival engines or challenge a friend in the 2-player mode! Use speed boosters to help you race your fastest and collect golden cogwheels to upgrade your engines. Full steam ahead!<br/><br/>READY, SET, GO! <br/>• RACE as Thomas and his fantastic engines friends: Percy, James, Emily, Toby, Rebecca, Nia, Yong Bao, Spencer and more! <br/>• PLAY in either ""1-Player"" or ""2-Player"" mode to challenge a friend!<br/>• TAP the green button as fast as you can to get going at blazing speed! <br/>• PERFORM special abilities, such as the Whirly Wind or the Wheelie Surf, to get a speed boost and puff even faster!<br/>• USE the stunts button to flip, twist and barrel roll!<br/>• EXPLORE new exciting race tracks, from the countryside to the castle!<br/>• COMPLETE a full golden cogwheel to evolve your engines' speed, boost or acceleration!<br/>• BUILD your collection of classic and newcomer engines friends!<br/><br/>RACE TRACKS TO EXPLORE!<br/>• FUNNEL TUNNEL: Race around the windmills and jump over a mountain in the countryside of Sodor!<br/>• DARING DOCKS: Plummet through containers and jump off the biggest ship in Sodor! It's a pulse pounding race to the finish line!<br/>• FRANTIC FORTRESS: Rocket though tunnels and jump off the stained-glass window inside the castle! This is a real rollercoaster of a race!<br/>• ROARING FALLS: Venture in this majestic mountain in the shape of the Lion of Sodor! Only the most courageous engines race on its tracks! Come make a splash at the Roaring Falls!<br/><br/>PRIVACY &amp; ADVERTISING<br/>Budge Studios™ takes children's privacy seriously and ensures that its apps are compliant with privacy laws. This application has received the ""ESRB (Entertainment Software Rating Board) Privacy Certified Kids' Privacy Seal"". For more information, please visit our privacy policy at: https://budgestudios.com/en/legal/privacy-policy/, or email our Data Protection Officer at: privacy@budgestudios.ca<br/><br/>Before you download this app, please note that it is free to try, but some content may only be available via in-app purchases. In-app purchases cost real money and are charged to your account. To disable or adjust the ability to make in-app purchases, change your device settings. This app may contain contextual advertising (including the option to watch ads for rewards) from Budge Studios regarding other apps we publish, from our partners and from third parties.Budge Studios does not permit behavioral advertising or retargeting in this app. The app may also contain social media links that are only accessible behind a parental gate.<br/><br/>END-USER LICENSE AGREEMENT<br/>This application is subject to an End-User License Agreement available through the following link: https://budgestudios.com/en/legal-embed/eula/<br/><br/>ABOUT BUDGE STUDIOS<br/>Budge Studios was founded in 2010 with the mission to entertain and educate children around the world, through innovation, creativity and fun. Budge Studios maintains the highest standards of safety and age-appropriateness, and has become a global leader in children's apps for smartphones and tablets. <br/><br/>Visit us: www.budgestudios.com <br/>Like us: facebook.com/budgestudios <br/>Follow us: @budgestudios <br/>Watch our app trailers: youtube.com/budgestudios <br/><br/>HAVE QUESTIONS? <br/>We always welcome your questions, suggestions and comments. Contact us 24/7 at support@budgestudios.ca <br/><br/>BUDGE and BUDGE STUDIOS are trademarks of Budge Studios Inc.<br/><br/>Thomas &amp; Friends™ Go Go Thomas ©2014-2018 Budge Studios Inc. All Rights Reserved.",Budge Studios,"5455 De Gaspe Ave
Suite # 540
Montreal, Quebec, Canada
H2T 3B3",support@budgestudios.ca,7489594886728593506,https://budgestudios.com/en/apps/detail/thomas-and-friends-go%C2%A0go%C2%A0thomas/?utm_source=GooglePlayStore&utm_medium=referral&utm_campaign=GGT_GP,False,True,"{u'1': 22595, u'3': 16294, u'2': 9908, u'5': 119427, u'4': 20146}",True,"[$1.99, $19.99]",https://lh3.googleusercontent.com/gnNxiNoxopZP7YjmWkYb49Cwyhj8JNXtUHr3FQuvcIFAZFcL-kvGv0q5oin8-fXaJA,"10,000,000+",[Digital Purchases],0,"Thanks for playing Thomas & Friends: Go Go Thomas! A few pesky bugs have been squashed for a smoother race.


Full steam ahead!",4.1 and up,188370,4.1,[],18M,Thomas & Friends: Go Go Thomas,"January 31, 2019",https://play.google.com/store/apps/details?id=com.budgestudios.ThomasAndFriendsGoGoThomas&gl=us&hl=en,https://www.youtube.com/embed/Q3EuCHuSb1Q
11,com.nazara.ranida.superbheem,"[GAME_ACTION, FAMILY_ACTION]",[Everyone],1.0.27,"Super Bheem: Clash is a brawler game in which Super Bheem faces waves of enemies who want to invade the Kingdom. Only Bheem can save the day with his powers. Do whatever you can by hook or crook to save the kingdom.
Use Super Bheem’s chop-chop moves, and unleash the super powers on the puny minions and send them back to where they came from. When in a pinch unleash the Special Powers and watch the spectacle as Super Bheem whoops the bad guys in a grand way.
Feature List:
-	Easy Controls
-	Amazing 3D world
-	Special Dragon Power Ups with Spectacular Animations
-	Slow-Motion Action Attacks
-	Varieties of Costumes to choose and Play
-	Complete Achievements
-       Compete in the Tournament mode
-       Win prizes
----------------------------------------------------------------------------------------------------------------------------------
We do require a few additional Permissions to function:
1. READ_EXTERNAL_STORAGE & WRITE_EXTERNAL_STORAGE
These permissions are needed to cache and read ad content during the gameplay.
2. ACCESS_COARSE_LOCATION/READ_PHONE_STATE/ACCESS_FINE_LOCATION
These permissions are needed to show suitable ad content for targeted user for better ad experience and also for tournaments updates.
3. RECORD_AUDIO
This is required for zapr SDK which is integrated with this app for the purposes of profiling the device on media consumption and other device data and utilizing the same to target relevant content and ads to the device (""Services"") pursuant to the terms and conditions of RBL Services (""Terms of Use"").","Super Bheem: Clash is a brawler game in which Super Bheem faces waves of enemies who want to invade the Kingdom. Only Bheem can save the day with his powers. Do whatever you can by hook or crook to save the kingdom.<br/>Use Super Bheem’s chop-chop moves, and unleash the super powers on the puny minions and send them back to where they came from. When in a pinch unleash the Special Powers and watch the spectacle as Super Bheem whoops the bad guys in a grand way.<br/><br/>Feature List:<br/>-	Easy Controls<br/>-	Amazing 3D world<br/>-	Special Dragon Power Ups with Spectacular Animations<br/>-	Slow-Motion Action Attacks<br/>-	Varieties of Costumes to choose and Play<br/>-	Complete Achievements<br/>-       Compete in the Tournament mode<br/>-       Win prizes<br/><br/>----------------------------------------------------------------------------------------------------------------------------------<br/><br/>We do require a few additional Permissions to function:<br/><br/>1. READ_EXTERNAL_STORAGE &amp; WRITE_EXTERNAL_STORAGE<br/>These permissions are needed to cache and read ad content during the gameplay.<br/><br/>2. ACCESS_COARSE_LOCATION/READ_PHONE_STATE/ACCESS_FINE_LOCATION<br/>These permissions are needed to show suitable ad content for targeted user for better ad experience and also for tournaments updates.<br/><br/>3. RECORD_AUDIO<br/>This is required for zapr SDK which is integrated with this app for the purposes of profiling the device on media consumption and other device data and utilizing the same to target relevant content and ads to the device (""Services"") pursuant to the terms and conditions of RBL Services (""Terms of Use"").",Nazara Games,"5th Floor, Makers Chambers 3, Nariman Point, Mumbai - 400021, India",support@nazara.com,7356333912193102764,http://www.nazara.com,False,True,"{u'1': 656, u'3': 382, u'2': 165, u'5': 6392, u'4': 489}",True,"[$0.99, $2.99]",https://lh3.googleusercontent.com/VgB_wVZ38M1DkXqcn0Sz4yH9kDw7uGj3CDEAXeKEHv54tYtlIAKH9zutJ_pIlZlm0rg,"5,000,000+",,0,- Minor bug fixes,4.2 and up,8084,4.5,[],54M,Super Bheem Clash,"November 28, 2018",https://play.google.com/store/apps/details?id=com.nazara.ranida.superbheem&gl=us&hl=en,
12,com.racing.net.oddbods.zee,"[GAME_ARCADE, FAMILY_ACTION]",[Everyone],1.0,"Do you love oddbods game ? Play kids racing  and Join fuse, zee and slick in this fun race game.
This game is about Seven colorful friends who live in the small town of Oddsville who like to play and enjoy adventures. Start your turbo engine, take action and race your fun car.
This is one of the best Oddbods toys games, it is designed for young kids and toddlers. your child takes control of the fun car with simple controls so it’s very easy for them to choose the track and play.
More than this, this game includes all the characters:
-Fuse.
-Bubbles.
-Slick.
-Zee.
-Pogo.
-Jeff.
-Newt.
Oddbods new fun racing is an enjoyable race game, It has different maps and a lot of cars to play! Download it now.
Privacy policy Information:
As parents ourselves, we takes children's privacy and protection very seriously. We do not collect any personal data. This app does contain advertising as that allows us to give you the game for free – ads are carefully placed so kids are least likely to accidentally click on them.","Do you love oddbods game ? Play kids racing  and Join fuse, zee and slick in this fun race game.<br/><br/>This game is about Seven colorful friends who live in the small town of Oddsville who like to play and enjoy adventures. Start your turbo engine, take action and race your fun car.<br/><br/>This is one of the best Oddbods toys games, it is designed for young kids and toddlers. your child takes control of the fun car with simple controls so it’s very easy for them to choose the track and play.<br/><br/>More than this, this game includes all the characters: <br/>-Fuse.<br/>-Bubbles.<br/>-Slick.<br/>-Zee.<br/>-Pogo.<br/>-Jeff.<br/>-Newt.<br/><br/>Oddbods new fun racing is an enjoyable race game, It has different maps and a lot of cars to play! Download it now.<br/><br/>Privacy policy Information:<br/>As parents ourselves, we takes children's privacy and protection very seriously. We do not collect any personal data. This app does contain advertising as that allows us to give you the game for free – ads are carefully placed so kids are least likely to accidentally click on them.",Noah Studios LLC.,,noah.curtis.j@gmail.com,Noah+Studios+LLC.,https://oddbodsnoahcurtis.blogspot.com/2019/02/oddbods-privacy-policy.html,False,True,"{u'1': 5, u'3': 1, u'2': 0, u'5': 12, u'4': 3}",False,,https://lh3.googleusercontent.com/l0WD1qxc5sZXoAh89aKMs8dVuNdck71ASrHb-hLpL1Spl5Hb-ykpznL7ZsSWHQgEwtA,"10,000+",,0,,4.1 and up,21,3.8,[],54M,Oddbods FUN RACE,"February 15, 2019",https://play.google.com/store/apps/details?id=com.racing.net.oddbods.zee&gl=us&hl=en,https://www.youtube.com/embed/FTU8jELndUI
