,app_id,category,content_rating,current_version,description,description_html,developer,developer_address,developer_email,developer_id,developer_url,editors_choice,free,histogram,iap,iap_range,icon,installs,interactive_elements,price,recent_changes,required_android_version,reviews,score,screenshots,size,title,updated,url,video
0,se.chalmers.shadowtree.laneslite,[GAME_STRATEGY],[Everyone],1.7.0,"Also check out Traffic Lanes 2 here: https://play.google.com/store/apps/details?id=se.shadowtreesoftware.trafficlanes2free
Description:
The automatic traffic lights are malfunctioning! Take control of the lights in different intersections and make sure the vehicles do not crash into each other.
Features:
- 72 unique maps.
- Different kinds of vehicles ranging from ordinary cars to emergency vehicles and trams.
- Reach a target on a map to unlock the next one and the ability to play for high scores.
Found a bug or otherwise wants to get in touch with me?
- Send an email to: bugs@shadowtree-software.se",Also check out Traffic Lanes 2 here: https://play.google.com/store/apps/details?id=se.shadowtreesoftware.trafficlanes2free<br/><br/><b>Description:</b><br/>The automatic traffic lights are malfunctioning! Take control of the lights in different intersections and make sure the vehicles do not crash into each other.<br/><br/><b>Features:</b><br/>- 72 unique maps.<br/>- Different kinds of vehicles ranging from ordinary cars to emergency vehicles and trams.<br/>- Reach a target on a map to unlock the next one and the ability to play for high scores.<br/><br/>Found a bug or otherwise wants to get in touch with me?<br/>- Send an email to: bugs@shadowtree-software.se,ShadowTree,"Hisings Kärra, SWEDEN",info@shadowtree-software.se,ShadowTree,http://www.shadowtree-software.se,False,True,"{u'1': 831, u'3': 700, u'2': 453, u'5': 3008, u'4': 901}",False,,https://lh3.ggpht.com/i7aq3Cg6-DACu5FfL90ogQW6G8XDgIlG36n3xlxyeSW_aVvel7x2opoxLmoBSmQIfIic,"500,000+",,0,"Fixed an issue with flickering on high FPS devices.

Reduced vehicle swerving.

Removed full version and added all levels to lite version instead.",2.3 and up,5893,3.8,[],27M,Traffic Lanes 1,"August 10, 2016",https://play.google.com/store/apps/details?id=se.chalmers.shadowtree.laneslite&gl=us&hl=en,
1,net.argongames.skytd,[GAME_STRATEGY],[Everyone],1.16,"Are you ready to discover the world of Sky TD and immerse yourself into the fascinating tower defense game? You have to create your own towers to defend your island in the sky and stop the invasion of evil aliens – and it’s going to be fun!
The game was developed by a small indie-team of the TD fans, that is why it is so amazingly atmospheric and combines the best elements of the tower defense genre. Exciting game process, smooth gameplay, nice graphics, and ambient music help you to take a little vacation from reality and teleport to the sky islands, where the real battles are unfolding. Create a defence strategy for your flying magic kingdom, earn crystals and upgrade your towers to strike back little evil villains, who will attack you again and again.
Special game features:
● 50 levels
● 5 types of towers
● 3 levels of the tower upgrades
● Several enemy types
● Levels with the endless mode
● Free access to all improvements and levels.
● No Pay-to-Win.
All enemies have their own unique features: from sneaky midgets, to protected muscleheads - they’ll make your sweat while you are defending your realm and getting to the next level. Destroyed enemies leave behind crystals, which allow you to use lightnings against the invaders. Developers don’t insist on buying crystals, don’t demand any donations and don’t spam with ads, allowing you to complete all Sky TD levels for free.","Are you ready to discover the world of Sky TD and immerse yourself into the fascinating tower defense game? You have to create your own towers to defend your island in the sky and stop the invasion of evil aliens – and it’s going to be fun!<br/> <br/>The game was developed by a small indie-team of the TD fans, that is why it is so amazingly atmospheric and combines the best elements of the tower defense genre. Exciting game process, smooth gameplay, nice graphics, and ambient music help you to take a little vacation from reality and teleport to the sky islands, where the real battles are unfolding. Create a defence strategy for your flying magic kingdom, earn crystals and upgrade your towers to strike back little evil villains, who will attack you again and again.<br/> <br/>Special game features:<br/><br/>● 50 levels<br/>● 5 types of towers<br/>● 3 levels of the tower upgrades<br/>● Several enemy types<br/>● Levels with the endless mode<br/>● Free access to all improvements and levels.<br/>● No Pay-to-Win.<br/> <br/>All enemies have their own unique features: from sneaky midgets, to protected muscleheads - they’ll make your sweat while you are defending your realm and getting to the next level. Destroyed enemies leave behind crystals, which allow you to use lightnings against the invaders. Developers don’t insist on buying crystals, don’t demand any donations and don’t spam with ads, allowing you to complete all Sky TD levels for free.",ArgonGames,"Россия, 614000, г.Пермь",argongamesstudio@gmail.com,ArgonGames,http://argongames.net/,False,True,"{u'1': 1, u'3': 4, u'2': 0, u'5': 77, u'4': 8}",True,"[$1.99, $19.99]",https://lh3.googleusercontent.com/iv5aTn5QLhOC1dUXkbYIwt9qQ0ctsE8m7cI3j13zgCd82ewuigVNg43TbN5RqS2bVZ4,"1,000+",[Digital Purchases],0,"I know you hate it when you need to buy crystals to win a game. I hate it too. I want you to know that in Sky TD you can complete any level without using crystals. But from now on if you wish you can buy them.


Do you use lightings much? Or prefer trying hard to complete the levels without using them.",4.1 and up,90,4.8,[],35M,Sky TD: Tower Defense Strategy Game,"February 28, 2019",https://play.google.com/store/apps/details?id=net.argongames.skytd&gl=us&hl=en,
2,com.iyoulong.wokfb,[GAME_STRATEGY],"[Teen, Violence, Blood]",1.0,"Want to clash with 10 million global players? Dive into Ultimate Glory - War of Kings, the real-time-strategy MMO game.
Explore exotic magical lands thrown into chaos by terrifying monsters and powerful enemies. Choose your favorite heroes, make new friends, and charge fearlessly into war! Strike down your foes and build an empire!
FEATURES
● An Open-World Strategy Game
See, chat, and clash with other players in this MMO strategy game!
● Rule as the Emperor
Claim the throne in a battle royale for the kingdom! Will your legacy as a empire be just or cruel?!
● Powerful Heroes
Let them lead your kingdom to glory, or mix and match them to complete an RPG&SLG-style campaign that you will want to play again and again!
● Master Your Strategy
Think of new lineups and perfect your strategy!
Will you conquer enemy kingdoms and imprison rival lords? Will you liberate prisoners of war? Or will your kingdom and empire crumble to dust?
Write your own legacy, only in Ultimate Glory - War of Kings!","Want to clash with 10 million global players? Dive into Ultimate Glory - War of Kings, the real-time-strategy MMO game.<br/><br/>Explore exotic magical lands thrown into chaos by terrifying monsters and powerful enemies. Choose your favorite heroes, make new friends, and charge fearlessly into war! Strike down your foes and build an empire!<br/><br/>FEATURES<br/>● An Open-World Strategy Game<br/>See, chat, and clash with other players in this MMO strategy game!<br/>● Rule as the Emperor<br/>Claim the throne in a battle royale for the kingdom! Will your legacy as a empire be just or cruel?!<br/>● Powerful Heroes<br/>Let them lead your kingdom to glory, or mix and match them to complete an RPG&amp;SLG-style campaign that you will want to play again and again!<br/>● Master Your Strategy<br/>Think of new lineups and perfect your strategy!<br/><br/>Will you conquer enemy kingdoms and imprison rival lords? Will you liberate prisoners of war? Or will your kingdom and empire crumble to dust?<br/><br/>Write your own legacy, only in Ultimate Glory - War of Kings!","ShenZhen IYouLong Technology Co.,Ltd.",B4-1201 KEXUEYUAN，NO.15 KEYUAN AVE，Nanshan District，Shenzhen ，China,youlongdev@gmail.com,"ShenZhen+IYouLong+Technology+Co.,Ltd.",http://duty.heronow.com/Privacy.php,False,True,"{u'1': 113, u'3': 77, u'2': 25, u'5': 798, u'4': 109}",True,"[$0.99, $99.99]",https://lh3.googleusercontent.com/4PcSVwwbgG3vTnXKTz1DH7UyDV697XZyDY7ygd1BcbWMQQHMeKRfycy-Vf25ThWr6T9z,"100,000+","[Users Interact, Digital Purchases]",0,"1.Add BGM on Visit and Lover interface

2.Adjust the position of loading bar on Construction upgrading interface

3.Traveling on the World will display the actual mount of lord's

4.UI adjustment

5.Fix bugs",4.4 and up,1122,4.3,[],98M,Ultimate Glory - War of Kings,"March 22, 2019",https://play.google.com/store/apps/details?id=com.iyoulong.wokfb&gl=us&hl=en,
3,com.snkplaymore.android003,[GAME_STRATEGY],"[Teen, Violence, Blood]",1.46.0,"■■■■■■■■■■■■■■■■■■■■■■■■■■■■■■■■■■■■■■■■■■■■
More than 29 million downloads!
Discover a game that has been worldwide acclaimed!
■■■■■■■■■■■■■■■■■■■■■■■■■■■■■■■■■■■■■■■■■■■■
This game has been succeeded by Metal Slug Attack.
Enjoy new characters, updated features and more in Metal Slug Attack.
Here are some of the reasons of METAL SLUG DEFENSE's success:
▼ Intuitive controls & intense action !
""METAL SLUG DEFENSE"" has become a worldwide success thanks to its very simple controls and its addictive gameplay!
▼ 4 players can battle each other via the Multiplayer mode!
Up to 4 players can confront each other in 1-on-1 or 2-on2 epic battles in multiplayer!
▼ Intricate 2D dot pixels!
The characters of the ""METAL SLUG"" universe,  who were created by the best dot-pixel artists, return to fight each other in ""METAL SLUG DEFENSE""
▼ Epic battles between human beings, aliens and gigantic robots!
More than 200 different characters divided into 5 armies (Regular Army, Morden Army, Marians, etc.) join the battle in ""METAL SLUG DEFENSE""!
▼ Characters from ""KOF join the universe of ""METAL SLUG""!
The most popular characters from the 2D VS Fighting game series ""KOF"" are ready to battle with their trademark moves in ""METAL SLUG DEFENSE""!
Official Facebook fan page:
https://www.facebook.com/SNK.METALSLUGWORLD/
©SNK PLAYMORE CORPORATION ALL RIGHTS RESERVED.
----------------------------------------------------------------
*[Important] Warning regarding Android 5.0
This app may not run correctly under Android 5.0
We are currently working on the compatibility with Android 5.0
We apologize for the inconvenience that may cause to you and thank you for your understanding.
----------------------------------------------------------------","■■■■■■■■■■■■■■■■■■■■■■■■■■■■■■■■■■■■■■■■■■■■<br/>More than 29 million downloads!<br/>Discover a game that has been worldwide acclaimed!<br/>■■■■■■■■■■■■■■■■■■■■■■■■■■■■■■■■■■■■■■■■■■■■<br/><br/>This game has been succeeded by Metal Slug Attack.<br/>Enjoy new characters, updated features and more in Metal Slug Attack.<br/><br/>Here are some of the reasons of METAL SLUG DEFENSE's success:<br/><br/>▼ Intuitive controls &amp; intense action !<br/>""METAL SLUG DEFENSE"" has become a worldwide success thanks to its very simple controls and its addictive gameplay!<br/><br/>▼ 4 players can battle each other via the Multiplayer mode!<br/>Up to 4 players can confront each other in 1-on-1 or 2-on2 epic battles in multiplayer!<br/><br/>▼ Intricate 2D dot pixels!<br/>The characters of the ""METAL SLUG"" universe,  who were created by the best dot-pixel artists, return to fight each other in ""METAL SLUG DEFENSE""<br/><br/>▼ Epic battles between human beings, aliens and gigantic robots!<br/>More than 200 different characters divided into 5 armies (Regular Army, Morden Army, Marians, etc.) join the battle in ""METAL SLUG DEFENSE""!<br/><br/>▼ Characters from ""KOF join the universe of ""METAL SLUG""!<br/>The most popular characters from the 2D VS Fighting game series ""KOF"" are ready to battle with their trademark moves in ""METAL SLUG DEFENSE""!<br/><br/>Official Facebook fan page:<br/>https://www.facebook.com/SNK.METALSLUGWORLD/ <br/><br/>©SNK PLAYMORE CORPORATION ALL RIGHTS RESERVED.<br/><br/>----------------------------------------------------------------<br/>*[Important] Warning regarding Android 5.0<br/>This app may not run correctly under Android 5.0<br/>We are currently working on the compatibility with Android 5.0<br/>We apologize for the inconvenience that may cause to you and thank you for your understanding.<br/>----------------------------------------------------------------",SNK CORPORATION,"1-16-17 Esaka-cho, Suita, Osaka, Japan 564-0063",info_snkplaymore_android_app@snk-corp.co.jp,5156685669113307397,https://www.snk-corp.co.jp/game/,False,True,"{u'1': 76494, u'3': 64045, u'2': 30372, u'5': 403128, u'4': 111472}",True,"[$0.99, $99.99]",https://lh3.googleusercontent.com/hta8Y32JaTe0P7mZNbdYTyor6GjlUl09qdaMCuvcvmbrFOpdZrbC9oKKpW1dbCXiaA,"10,000,000+","[Users Interact, Digital Purchases]",0,"What's New in Version 1.46.0

Several bugs have been fixed.",2.3.3 and up,685511,4.1,[],45M,METAL SLUG DEFENSE,"May 2, 2016",https://play.google.com/store/apps/details?id=com.snkplaymore.android003&gl=us&hl=en,https://www.youtube.com/embed/9BcQIdWlPBA
4,com.tinybuildgames.punchclub,[GAME_STRATEGY],"[Teen, Violence, Blood, Language]",1.36,"★ ""Punch Club is pretty awesome"" -  9/10 TouchArcade
★ ""Must be experienced by gamers far and wide"" - 9/10 HardcoreGamer
★ ""You're probably going to lose a good chunk of your life to it."" - 9/10 PocketGamer
Your father was brutally murdered before your eyes. Now you must train hard, eat chicken and punch dudes in the face to earn your place in the Punch Club ranks, and discover who ended your father's life.
Punch Club is a boxing tycoon management game with multiple branching story lines. Your goal is clear, but how you get there depends on whether you want to legitimately climb the rankings, or take the more ridiculous, shady route.
Along the way you'll want to focus your talents. Will you take the Way of the Tiger, the Way of the Turtle, or the Way of the [other one?]? Your strength, accuracy and agility all depends on whichever Way enlightens your path. Do you have stripes, or flippers?
And every decision will matter, especially in your social life. You'll be juggling friendships, love life, work, recreational time, relationships, and possible stardom, all alongside your gym time and fighting aligators. It's not all just pumping iron, you know.
- Fighter management sim with RPG and tycoon elements
- Find out who killed your father, and maybe learn something about yourself along the way
- Heavily story-driven, with multiple different narrative branches and game endings to discover
- Get as deep with stats as you like, and find your own way through extensive skill trees
- Gorgeous pixel visuals with 80-90s references and nostalgia all over the place","★ ""Punch Club is pretty awesome"" -  9/10 TouchArcade<br/>★ ""Must be experienced by gamers far and wide"" - 9/10 HardcoreGamer<br/>★ ""You're probably going to lose a good chunk of your life to it."" - 9/10 PocketGamer<br/><br/>Your father was brutally murdered before your eyes. Now you must train hard, eat chicken and punch dudes in the face to earn your place in the Punch Club ranks, and discover who ended your father's life.<br/><br/>Punch Club is a boxing tycoon management game with multiple branching story lines. Your goal is clear, but how you get there depends on whether you want to legitimately climb the rankings, or take the more ridiculous, shady route.<br/><br/>Along the way you'll want to focus your talents. Will you take the Way of the Tiger, the Way of the Turtle, or the Way of the [other one?]? Your strength, accuracy and agility all depends on whichever Way enlightens your path. Do you have stripes, or flippers?<br/><br/>And every decision will matter, especially in your social life. You'll be juggling friendships, love life, work, recreational time, relationships, and possible stardom, all alongside your gym time and fighting aligators. It's not all just pumping iron, you know.<br/><br/>- Fighter management sim with RPG and tycoon elements<br/>- Find out who killed your father, and maybe learn something about yourself along the way<br/>- Heavily story-driven, with multiple different narrative branches and game endings to discover<br/>- Get as deep with stats as you like, and find your own way through extensive skill trees<br/>- Gorgeous pixel visuals with 80-90s references and nostalgia all over the place",tinyBuild,"3831 152nd PL SE
Mill Creek, WA, 98012
USA",tinybuildgamesdev@gmail.com,4988311280735374056,http://www.tinybuild.com,True,False,"{u'1': 545, u'3': 401, u'2': 263, u'5': 3448, u'4': 769}",False,,https://lh3.googleusercontent.com/B0eD0ZaqBrEqvpMR8P3Dqy2XomK_C_UEhR0hGlfkzSsqwbgSJyr48-bEaBbtVS533lEH,"50,000+",,$4.99,Added privacy policy information.,4.1 and up,5426,4.2,[],78M,Punch Club - Fighting Tycoon,"February 27, 2019",https://play.google.com/store/apps/details?id=com.tinybuildgames.punchclub&gl=us&hl=en,https://www.youtube.com/embed/07hU30YrXBg
5,geekvps.hyper_lococraft.castle.worldbuilding.pocketgames,[GAME_STRATEGY],[Everyone],1.0,"You don't have super power, you don't have sophisticated tools ... because Loco Craft : Castle and World Building are games of civilization that prioritize imagination and creativity.
From an empty area you are required to form, build something to survive. You are also required to find food supplies.
Browse far to all of your areas, catch wild animals for farming, to supplement your food supply, find seeds, vegetables, plants or exchange / barter with local residents to get a new supply of food.
Be what you like ... you can choose to be: blacksmith, fisherman, farmer, mason, soldier who suits you, or do you want to be president? it is possible if you want to become president.","You don't have super power, you don't have sophisticated tools ... because Loco Craft : Castle and World Building are games of civilization that prioritize imagination and creativity.<br/><br/>From an empty area you are required to form, build something to survive. You are also required to find food supplies.<br/><br/>Browse far to all of your areas, catch wild animals for farming, to supplement your food supply, find seeds, vegetables, plants or exchange / barter with local residents to get a new supply of food.<br/><br/>Be what you like ... you can choose to be: blacksmith, fisherman, farmer, mason, soldier who suits you, or do you want to be president? it is possible if you want to become president.",Diamond Labs,,peduliapa023@gmail.com,Diamond+Labs,,False,True,"{u'1': 0, u'3': 4, u'2': 0, u'5': 5, u'4': 2}",False,,https://lh3.googleusercontent.com/6uhy4BRfPm_FAOgLw1xXSpv07YnJ6oqICeQd-u43kHlzN_bnB2H14OpsJlNZYRkUbvA,"1,000+",,0,Download Free,4.4 and up,11,4.1,[],23M,Hyper Loco Craft : Castle and World Building,"February 19, 2019",https://play.google.com/store/apps/details?id=geekvps.hyper_lococraft.castle.worldbuilding.pocketgames&gl=us&hl=en,
6,com.corrodinggames.rtsdemo,[GAME_STRATEGY],"[Teen, Violence, Blood]",1.13.2,"Rusted Warfare is an fully featured RTS inspired by classic real-time strategy games such as Total Annihilation and Command and Conquer.
FULL VERSION FEATURES
• A pure RTS with
no microtransactions
and no DRM
• Online and offline multiplayer over wifi and mobile networks
• Campaign, skirmish, survival, and challenge missions, with full AI
• Over
40+
unique land, air, and sea units for balanced gameplay
• Experimental units and nuclear missiles for the big endgame battles
• Tactical And Strategic opportunities with unique units such as
→ Flying Fortresses
→ Combat Engineers
→ Amphibious Jets
→ Shielded Hovertanks
→ Laser Defences
• Fast interface: Issue commands through the minimap, multi-touch support, unit groups, rally points
•
Strategic zoom
: Zoom out to view and issue commands across the whole battlefield
• Save and load games including multiplayer games for that quick lunch time battle
• Reconnect disconnected multiplayer games and avoid any disappointment
• Create and load your own custom levels (see forums for details)
• Fully scales from phones to large screen tablets
• USB keyboard and mouse support
Play on the go against your friends on your phone or tablet.
---
Note: The demo version only includes a 2 campaign missions, 4 skirmish missions and has no multiplayer.
---
→Forums: http://corrodinggames.com/forums
→Twitter: http://twitter.com/corrodinggames
→Beta versions: https://plus.google.com/communities/101964443715833069130
Email me/twitter/post if you have any problems, or feature requests.","<b>Rusted Warfare is an fully featured RTS inspired by classic real-time strategy games such as Total Annihilation and Command and Conquer.</b><br/><br/><b>FULL VERSION FEATURES</b><br/>• A pure RTS with <b>no microtransactions</b> and no DRM<br/>• Online and offline multiplayer over wifi and mobile networks<br/>• Campaign, skirmish, survival, and challenge missions, with full AI<br/>• Over <b>40+</b> unique land, air, and sea units for balanced gameplay<br/>• Experimental units and nuclear missiles for the big endgame battles<br/>• Tactical And Strategic opportunities with unique units such as<br/>  → Flying Fortresses<br/>  → Combat Engineers<br/>  → Amphibious Jets<br/>  → Shielded Hovertanks<br/>  → Laser Defences<br/>• Fast interface: Issue commands through the minimap, multi-touch support, unit groups, rally points<br/>• <b>Strategic zoom</b>: Zoom out to view and issue commands across the whole battlefield<br/>• Save and load games including multiplayer games for that quick lunch time battle<br/>• Reconnect disconnected multiplayer games and avoid any disappointment<br/>• Create and load your own custom levels (see forums for details)<br/>• Fully scales from phones to large screen tablets<br/>• USB keyboard and mouse support<br/><br/>Play on the go against your friends on your phone or tablet. <br/><br/>---<br/>Note: The demo version only includes a 2 campaign missions, 4 skirmish missions and has no multiplayer.<br/>---<br/><br/>→Forums: http://corrodinggames.com/forums<br/>→Twitter: http://twitter.com/corrodinggames<br/>→Beta versions: https://plus.google.com/communities/101964443715833069130<br/><br/>Email me/twitter/post if you have any problems, or feature requests.",Corroding games,4/8 Finniss Street Darwin NT 0800,corrodinggames@gmail.com,Corroding+games,http://corrodinggames.com/,False,True,"{u'1': 222, u'3': 260, u'2': 101, u'5': 2796, u'4': 456}",False,,https://lh3.googleusercontent.com/1LXLeez4HvyaLJrBi7PMh3qcM-SIPmw6gh91u-eOKmQcRiLbUnswbPpV7iKWfgX6ny0,"100,000+",[Users Interact],0,"v1.13 + v1.13.2 - Main changes applying to demo:

-Huge performance improvements

-New map in demo (5 in full)

-New set of units

-Patrol/Guard orders

-Smarter AI

-Place lines of buildings with multi-touch

-Lots of fixes.",2.2 and up,3835,4.4,[],23M,Rusted Warfare - Demo,"March 3, 2019",https://play.google.com/store/apps/details?id=com.corrodinggames.rtsdemo&gl=us&hl=en,
7,com.nexonm.dominations.adk,[GAME_STRATEGY],"[Everyone 10+, Fantasy Violence]",7.700.700,"Battle nations from throughout history in DomiNations! Build your empire and command nations as you make them grow from a small village to a thriving metropolis, and battle as one of the great civilizations from the history of the world.
Build a nation, starting as an early settlement and grow through the ages, from the dawn of history to the modern era. Study under history’s greats at the University like Leonardo Da Vinci and Catherine the Great. Build Wonders of the World and create technology with historically accurate advancements.
Choose from eight nations and embark on historic campaigns advancing through history. Each civilization, from the Romans to the Japanese, has a special strength and unique units. Build your army then test your historic might against other players in PvP combat, or form alliances to conquer the world together.
Build your empire and embark on a historical journey of conquest! Download DomiNations today!
DOMINATIONS FEATURES:
GREAT LEADERS!
• At the new University, consult Leonardo Da Vinci, Catherine the Great, King Sejong and other historic thought leaders.
• Strengthen your Nation with the best war strategy!
BRAND NEW EVENTS!
• Accomplish fun limited-time goals based on actual events from history.
• Collect rare rewards to help your Nation advance so they can conquer the world!
FROM THE STONE AGE TO THE SPACE AGE
• Lead a colony of early hunters and gatherers on their conquest through the ages from the dawn of civilization to the modern era.
• Design a small civilization and grow it into a thriving metropolis.
• Build historic Wonders of the World, including famous landmarks like the Pyramids of Egypt and the Roman Colosseum.
CHOOSE YOUR NATION AND LEAD AN ARMY
• Battle as of one of 8 fearsome Nations on its journey through time.
• Choose one of the great civilizations from history like the Romans, British, Chinese, French, Germans, Japanese, Koreans and Greeks.
• Tackle historic battle campaigns to collect important resources and upgrade your city as you advance through history!
• Each civilization has a special strength to help you build unique units.
• Battle through history and advance your city, like longbowmen, vandals, and the mighty samurai!
DISCOVER NEW TECHNOLOGIES
• Legendary game designer Brian Reynolds brings history to life in every era as key advancements from each period in history will help you progress your epic civilization!
• Research each civilization, new materials, invent advanced weaponry, and develop trade to grow a bustling economy.
• Through scientific discovery, strengthen your troops with better equipment, upgrade your buildings and town center with modern materials.
• Create a war strategy to bolster your defenses as you grow stronger.
FORM AN ALLIANCE AND WAGE WORLD WAR
• Put your powerful Nation to the ultimate test in PvP combat and raid your enemies’ cities for huge bunches of loot!
• Battle for crucial resources, untold wealth, and total world domination.
• Team up with other skilled rulers and forge an unstoppable Alliance.
• Unleash the full force of your armies with a unique battle strategy to outwit and outlast your opponents in 50-on-50 Alliance warfare.
• Conquer the globe in World War and take home the spoils of war!
Build one of history’s greatest civilizations and develop a battle strategy to conquer opponents. Join an alliance and achieve world domination in DomiNations!
Download now to start building your civilization!
Privacy Policy:
https://www.nexonm.com/privacy-policy/
Terms of Service:
https://www.nexonm.com/terms-of-use/","Battle nations from throughout history in DomiNations! Build your empire and command nations as you make them grow from a small village to a thriving metropolis, and battle as one of the great civilizations from the history of the world.<br/><br/>Build a nation, starting as an early settlement and grow through the ages, from the dawn of history to the modern era. Study under history’s greats at the University like Leonardo Da Vinci and Catherine the Great. Build Wonders of the World and create technology with historically accurate advancements.<br/><br/>Choose from eight nations and embark on historic campaigns advancing through history. Each civilization, from the Romans to the Japanese, has a special strength and unique units. Build your army then test your historic might against other players in PvP combat, or form alliances to conquer the world together.<br/><br/>Build your empire and embark on a historical journey of conquest! Download DomiNations today!<br/><br/>DOMINATIONS FEATURES:<br/><br/>GREAT LEADERS!<br/>• At the new University, consult Leonardo Da Vinci, Catherine the Great, King Sejong and other historic thought leaders.<br/>• Strengthen your Nation with the best war strategy!<br/><br/>BRAND NEW EVENTS!<br/>• Accomplish fun limited-time goals based on actual events from history.<br/>• Collect rare rewards to help your Nation advance so they can conquer the world!<br/><br/>FROM THE STONE AGE TO THE SPACE AGE<br/>• Lead a colony of early hunters and gatherers on their conquest through the ages from the dawn of civilization to the modern era.<br/>• Design a small civilization and grow it into a thriving metropolis.<br/>• Build historic Wonders of the World, including famous landmarks like the Pyramids of Egypt and the Roman Colosseum.<br/><br/>CHOOSE YOUR NATION AND LEAD AN ARMY<br/>• Battle as of one of 8 fearsome Nations on its journey through time.<br/>• Choose one of the great civilizations from history like the Romans, British, Chinese, French, Germans, Japanese, Koreans and Greeks.<br/>• Tackle historic battle campaigns to collect important resources and upgrade your city as you advance through history!<br/>• Each civilization has a special strength to help you build unique units.<br/>• Battle through history and advance your city, like longbowmen, vandals, and the mighty samurai!<br/><br/>DISCOVER NEW TECHNOLOGIES<br/>• Legendary game designer Brian Reynolds brings history to life in every era as key advancements from each period in history will help you progress your epic civilization!<br/>• Research each civilization, new materials, invent advanced weaponry, and develop trade to grow a bustling economy.<br/>• Through scientific discovery, strengthen your troops with better equipment, upgrade your buildings and town center with modern materials.<br/>• Create a war strategy to bolster your defenses as you grow stronger. <br/><br/>FORM AN ALLIANCE AND WAGE WORLD WAR<br/>• Put your powerful Nation to the ultimate test in PvP combat and raid your enemies’ cities for huge bunches of loot!<br/>• Battle for crucial resources, untold wealth, and total world domination.<br/>• Team up with other skilled rulers and forge an unstoppable Alliance.<br/>• Unleash the full force of your armies with a unique battle strategy to outwit and outlast your opponents in 50-on-50 Alliance warfare.<br/>• Conquer the globe in World War and take home the spoils of war!<br/><br/>Build one of history’s greatest civilizations and develop a battle strategy to conquer opponents. Join an alliance and achieve world domination in DomiNations!<br/><br/>Download now to start building your civilization!<br/><br/>Privacy Policy:<br/>https://www.nexonm.com/privacy-policy/<br/><br/>Terms of Service:<br/>https://www.nexonm.com/terms-of-use/",NEXON M Inc.,"6121 Hollis Street
Emeryville CA 94608
United States",support@nexonm.com,6133955275329314641,https://www.nexonm.com/support/,False,True,"{u'1': 59776, u'3': 40405, u'2': 18602, u'5': 467688, u'4': 118460}",True,"[$0.99, $199.99]",https://lh3.googleusercontent.com/Hhxti6p9zl3d65HUADeSVbttAN7dgKRIIqGl5KwaRPicAdKmmvQzRIRpSgJ6ifIoFaI,"10,000,000+","[Users Interact, Digital Purchases]",0,"The Space Age! v7.0

- Advance your civilization to the next age of history to acquire new troop and building upgrades

- Attack your enemies with the Offensive Missile Silo

- Construct a second Airstrip for access to more planes

- Add new Wonders like the Space Shuttle to your base


Performance Improvements

- Reduced network disconnects and fixed a variety of miscellaneous crashes



Check out the full list of improvements on the forums.",4.1 and up,704931,4.3,[],43M,DomiNations,"March 19, 2019",https://play.google.com/store/apps/details?id=com.nexonm.dominations.adk&gl=us&hl=en,https://www.youtube.com/embed/8B-OriMJ0PI
8,air.com.sweetnitro.flickarena,[GAME_STRATEGY],"[Everyone, Mild Fantasy Violence]",3.83.1,"Get ready to duel!
Flick Arena is a real-time, 1v1 multiplayer game where you engage players from across the world in quickfire strategic duels.
To create the ultimate strategies, collect powerful new characters and upgrade your existing deck. Build your favourite decks and rotate your loadout to master the multiple arenas, with elements such as fiery pits and gaping chasms impacting your battle strategy.
Whether you defeat your opponents by brute force, clever strategies or good old fashioned trickery, rack up victories, earn Trophies and aspire to reach the Diamond League!
A network connection is also required to play Flick Arena.
FEATURES:
- Battle against players in physics-based battles!
- Real-time duels against players worldwide
- Collect powerful new characters and upgrade existing ones
- Multiple arenas with regular rotation for endless challenges
- Complete the daily quests to earn epic rewards
- Create the ultimate battle formations to defeat your opponents
- Move up the rankings and reach the Diamond League
- Form a guild with friends and train with them in friendly duels
Terms of Service
By accessing or using a flaregames product, you're agreeing to our Terms of Service (www.flaregames.com/terms-service/).
Parental guide
Flick Arena is free to download and play, however some game items can also be purchased for real money. If you don’t want to use these features, please disable in-app purchases in your Google Play settings. According to our Terms of Service, Flick Arena is allowed for download and play only for persons 16 years or more of age, or with explicit parental consent. You can read more here: http://www.flaregames.com/parents-guide/","Get ready to duel!  <br/><br/>Flick Arena is a real-time, 1v1 multiplayer game where you engage players from across the world in quickfire strategic duels. <br/><br/>To create the ultimate strategies, collect powerful new characters and upgrade your existing deck. Build your favourite decks and rotate your loadout to master the multiple arenas, with elements such as fiery pits and gaping chasms impacting your battle strategy. <br/><br/>Whether you defeat your opponents by brute force, clever strategies or good old fashioned trickery, rack up victories, earn Trophies and aspire to reach the Diamond League!<br/><br/>A network connection is also required to play Flick Arena.<br/><br/>FEATURES:<br/>- Battle against players in physics-based battles!<br/>- Real-time duels against players worldwide<br/>- Collect powerful new characters and upgrade existing ones<br/>- Multiple arenas with regular rotation for endless challenges<br/>- Complete the daily quests to earn epic rewards<br/>- Create the ultimate battle formations to defeat your opponents<br/>- Move up the rankings and reach the Diamond League<br/>- Form a guild with friends and train with them in friendly duels<br/><br/>Terms of Service <br/>By accessing or using a flaregames product, you're agreeing to our Terms of Service (www.flaregames.com/terms-service/).<br/><br/>Parental guide<br/>Flick Arena is free to download and play, however some game items can also be purchased for real money. If you don’t want to use these features, please disable in-app purchases in your Google Play settings. According to our Terms of Service, Flick Arena is allowed for download and play only for persons 16 years or more of age, or with explicit parental consent. You can read more here: http://www.flaregames.com/parents-guide/",Flaregames,"Kaiserstraße 146-148,
76133 Karlsruhe",support@flaregames.com,5492388613392482470,https://www.flaregames.com/games/flick-arena/,False,True,"{u'1': 381, u'3': 325, u'2': 122, u'5': 4315, u'4': 944}",True,"[$0.99, $99.99]",https://lh3.googleusercontent.com/m3HoNA9lAr9p0HMXhampqPjy0lYJYL3Vy-RdrHTjwm6yPDeuv7haNYsowBWpypmwLbzD,"500,000+","[Users Interact, Digital Purchases]",0,"Celebrate the Worldwide launch of Flick Arena with us!


NEW IN THIS VERSION:

- A thrilling competition -join the World Trophy event for special rewards!

- An in-game community for you to discuss your strategy!

- Chinese, Japanese, Korean and more now available",4.4W and up,6087,4.4,[],69M,Flick Arena,"January 15, 2019",https://play.google.com/store/apps/details?id=air.com.sweetnitro.flickarena&gl=us&hl=en,
9,com.midoki.pirates,[GAME_STRATEGY],"[Teen, Fantasy Violence, Use of Alcohol]",3.5.1,"A life on the ocean wave is waiting for you in this stunning 3D Pirate adventure.
Create your island, explore the seas, battle other players and become the most infamous Captain in history. Plunder Pirates offers a unique build and battle gameplay experience featuring the best looking graphics on mobile.
Up for a fight? It's going to take masterful strategy, tons of manpower, and plenty of grog to protect your island from the attacking hordes of swashbuckling pirates. Create the perfect island headquarters, recruit a fearsome crew of pirate captains, and go to war with other players around the world to become the saltiest dog in the seven seas!
Features:
- BUILD an epic 3D pirate island fortified impenetrable defenses and plenty of firepower.
- SEE your island from every angle in killer 3D graphics.
- STORM other players' islands in real-time and plunder their booty!
- RECRUIT a crew from 10 different classes of seafaring scoundrels - each with unique skills.
- UPGRADE everthing! Sail farther, get stronger, do more damage, protect your gold.
- JOIN a Pirate Guild with your friends for Guild perks. Plan your exploits in guild chat.
- EXPLORE uncharted waters in your mighty pirate ship.
- FIGHT navel battles with gruesome sea monsters and enemy ships.
- COLLECT Legendary Pirates - The most notorious plunderers ever known!
* Note: A network connection is required to play.
The game may include:
- Direct links to social networking websites that are intended for an audience over the age of 13.
- Direct links to the internet that can take players away from the game with the potential to browse any web page.
- Advertising of Midoki products and also products from select partners.
- The option to make in-app purchases. The bill payer should always be consulted beforehand.","A life on the ocean wave is waiting for you in this stunning 3D Pirate adventure.<br/> <br/>Create your island, explore the seas, battle other players and become the most infamous Captain in history. Plunder Pirates offers a unique build and battle gameplay experience featuring the best looking graphics on mobile.<br/><br/>Up for a fight? It's going to take masterful strategy, tons of manpower, and plenty of grog to protect your island from the attacking hordes of swashbuckling pirates. Create the perfect island headquarters, recruit a fearsome crew of pirate captains, and go to war with other players around the world to become the saltiest dog in the seven seas!<br/><br/>Features:<br/>- BUILD an epic 3D pirate island fortified impenetrable defenses and plenty of firepower.<br/>- SEE your island from every angle in killer 3D graphics.<br/>- STORM other players' islands in real-time and plunder their booty!<br/>- RECRUIT a crew from 10 different classes of seafaring scoundrels - each with unique skills.<br/>- UPGRADE everthing! Sail farther, get stronger, do more damage, protect your gold.<br/>- JOIN a Pirate Guild with your friends for Guild perks. Plan your exploits in guild chat.<br/>- EXPLORE uncharted waters in your mighty pirate ship.<br/>- FIGHT navel battles with gruesome sea monsters and enemy ships.<br/>- COLLECT Legendary Pirates - The most notorious plunderers ever known!<br/><br/>* Note: A network connection is required to play.<br/><br/>The game may include:<br/>- Direct links to social networking websites that are intended for an audience over the age of 13.<br/>- Direct links to the internet that can take players away from the game with the potential to browse any web page.<br/>- Advertising of Midoki products and also products from select partners.<br/>- The option to make in-app purchases. The bill payer should always be consulted beforehand.",Midoki Ltd,"Marlborough House,
Holly Walk,
Leamington Spa.
Warwickshire.
CV32 4XP",midoki@midoki.com,Midoki+Ltd,http://www.midoki.com,False,True,"{u'1': 828, u'3': 501, u'2': 248, u'5': 9010, u'4': 1678}",True,"[$0.99, $99.99]",https://lh3.googleusercontent.com/YEBh4034hSgyUQNbsLxI80K_rNQzaSjMQVFQhyg8NABkujgjtEwkTMAiUixsm2XXV3tn,"100,000+","[Users Interact, Shares Location, Digital Purchases]",0,"Pirate Hall Level 13 is here!

Pirate Hall 13 has arrived, bringing with it a raft of upgrades for your island and Pirates!

New levels of Defences

New levels of Buildings

Train your pirates to new levels in the Academy, Voodoo Hut and Legendary Fort

The Festive Season is over, and the islands are once again warmed by the sunshine

Assorted optimisations and bug fixes - more details on the Plunder Pirates forum.",4.0.3 and up,12265,4.5,[],42M,Plunder Pirates,"January 15, 2019",https://play.google.com/store/apps/details?id=com.midoki.pirates&gl=us&hl=en,https://www.youtube.com/embed/R8zPWop4tJE
10,com.disruptorbeam.StarTrekTimelines,[GAME_STRATEGY],"[Everyone 10+, Mild Fantasy Violence]",7.1.1,"Welcome to Starfleet, Captain! Explore new worlds as you voyage through deep space.
STAR TREK TIMELINES is the ultimate
Star Trek
™ strategy role-playing game. Set your phasers to stun and join Starfleet on an adventure through space and time to save the galaxy from temporal anomalies. STAR TREK TIMELINES brings together heroes and villains from all of
Star Trek
history.
The first mobile game to include ships and characters from the new series,
Star Trek: Discovery
In STAR TREK TIMELINES you take on the role of a Captain, commanding your first starship. Create your ideal team of classic
Star Trek
characters in this epic sci-fi strategy RPG. Navigate the galaxy by building and upgrading ships, engaging in intense space battles and completing challenging missions. Join a fleet, explore the unknown, and gather your friends to help you take control of the galaxy!
FEATURES:
ASSEMBLE YOUR CREW
, with hundreds of characters from all the
Star Trek
worlds including the Original Series, The Next Generation, Deep Space Nine, Voyager, Enterprise and Discovery. Each character has their own unique skills and abilities. Play as your favorite character: Spock, Picard, Captain Kirk, Data, Worf, Janeway, Burnham and many more to choose from.
COMMAND ICONIC STARSHIPS
, including U.S.S. Enterprise, Voyager, and Shenzhou, the Klingon Bird-of-Prey and Sarcophagus ships, or even the Borg Cube - the iconic spacecraft used by the Borg Collective, and many more.
JOIN A FLEET
to squadron up with your friends, compete together in weekend events and collaboratively upgrade Starbases for shared bonuses.
ENGAGE YOUR ENEMIES
in stunning 3D spaceship battles with exciting PvE play, or in the PvP Battle Arena where you’ll test your crew’s mettle against the best Captains in the galaxy.
EXPLORE THE GALAXY
– boldly go where no man has gone before in your quests to complete your missions and build your ranking. Gain influence among a dozen factions, including the Federation, the Maquis, the Dominion, the Mirror Universe Terran Empire, and the secretive Section 31. Resolve conflicts with other factions through diplomacy and be prepared to go to war when words fail.
CLIMB THE LEADERBOARDS
and win rare rewards with special-event missions.
STUNNING 3D GRAPHICS
bring the 24th century to life in the most immersive and thrilling
Star Trek
game experience available on smartphones and tablets.
FREQUENT GAME UPDATES
to provide you with even more
Star Trek
characters, starships and special events.
© 2019 Disruptor Beam, Inc. All rights reserved.
TM & © 2019 CBS Studios Inc. STAR TREK and related marks and logos are trademarks of CBS Studios Inc. All Rights Reserved.","Welcome to Starfleet, Captain! Explore new worlds as you voyage through deep space.<br/><br/>STAR TREK TIMELINES is the ultimate <i>Star Trek</i>™ strategy role-playing game. Set your phasers to stun and join Starfleet on an adventure through space and time to save the galaxy from temporal anomalies. STAR TREK TIMELINES brings together heroes and villains from all of <i>Star Trek</i> history.<br/><br/>The first mobile game to include ships and characters from the new series, <i>Star Trek: Discovery</i><br/> <br/>In STAR TREK TIMELINES you take on the role of a Captain, commanding your first starship. Create your ideal team of classic <i>Star Trek</i> characters in this epic sci-fi strategy RPG. Navigate the galaxy by building and upgrading ships, engaging in intense space battles and completing challenging missions. Join a fleet, explore the unknown, and gather your friends to help you take control of the galaxy!<br/><br/><b>FEATURES:</b><br/><br/><b>ASSEMBLE YOUR CREW</b>, with hundreds of characters from all the <i>Star Trek</i> worlds including the Original Series, The Next Generation, Deep Space Nine, Voyager, Enterprise and Discovery. Each character has their own unique skills and abilities. Play as your favorite character: Spock, Picard, Captain Kirk, Data, Worf, Janeway, Burnham and many more to choose from.<br/><br/><b>COMMAND ICONIC STARSHIPS</b>, including U.S.S. Enterprise, Voyager, and Shenzhou, the Klingon Bird-of-Prey and Sarcophagus ships, or even the Borg Cube - the iconic spacecraft used by the Borg Collective, and many more.<br/><br/><b>JOIN A FLEET</b> to squadron up with your friends, compete together in weekend events and collaboratively upgrade Starbases for shared bonuses.<br/><br/><b>ENGAGE YOUR ENEMIES</b> in stunning 3D spaceship battles with exciting PvE play, or in the PvP Battle Arena where you’ll test your crew’s mettle against the best Captains in the galaxy.<br/><br/><b>EXPLORE THE GALAXY</b> – boldly go where no man has gone before in your quests to complete your missions and build your ranking. Gain influence among a dozen factions, including the Federation, the Maquis, the Dominion, the Mirror Universe Terran Empire, and the secretive Section 31. Resolve conflicts with other factions through diplomacy and be prepared to go to war when words fail.<br/><br/><b>CLIMB THE LEADERBOARDS</b> and win rare rewards with special-event missions.<br/><br/><b>STUNNING 3D GRAPHICS</b> bring the 24th century to life in the most immersive and thrilling <i>Star Trek</i> game experience available on smartphones and tablets.<br/><br/><b>FREQUENT GAME UPDATES</b> to provide you with even more <i>Star Trek</i> characters, starships and special events. <br/><br/>© 2019 Disruptor Beam, Inc. All rights reserved.<br/>TM &amp; © 2019 CBS Studios Inc. STAR TREK and related marks and logos are trademarks of CBS Studios Inc. All Rights Reserved.",Tilting Point,"521 5th Avenue
New York, NY 10175",stt-info@disruptorbeam.com,5479878731323183535,http://www.disruptorbeam.com/games/star-trek-timelines,False,True,"{u'1': 9269, u'3': 5639, u'2': 3478, u'5': 46714, u'4': 17714}",True,"[$0.99, $99.99]",https://lh3.googleusercontent.com/8hXBPd0IVYNBB8nTn6MmofwKreQZmiEjq0NKaHzT6Vai6kSpH46_05bKzUm7GxzaaSw,"1,000,000+","[Users Interact, Digital Purchases]",0,"What’s new in Version 7.1.0:



- The Daily Missions screen has an updated look!

- Various bugs and fixes.",4.1 and up,82814,4.1,[],31M,Star Trek Timelines - Strategy RPG & Space Battles,"March 13, 2019",https://play.google.com/store/apps/details?id=com.disruptorbeam.StarTrekTimelines&gl=us&hl=en,https://www.youtube.com/embed/tpnmBTS0e9c
11,air.com.flipline.papaswingeriatogo,[GAME_STRATEGY],[Everyone],1.0.1,"Fry and toss tons of saucy wings and things in Papa's Wingeria To Go!
-- ABOUT THE GAME --
It's your lucky day!  After winning a trip to the glitzy and glamorous Starlight City, you take a chance on the Mega Prize game and win the jackpot: A new career at Papa's Wingeria!
You'll need to run the fryers and toss chicken wings in a variety of flavorful sauces.  The restaurant is known for its famous wings, but you'll also add other meats to the menu, as well as a wide array of delicious sauces and plenty of sides and dips.  Starlight City celebrates different holidays year-round, so get ready to unlock new festive sauces, sides and dips as you play through the holidays!
Your customers expect a great presentation, so arrange the fried foods with sides and dips so they're pleasing to the eye -- and their stomachs!  The familiar hands-on gameplay of the series is back, but this time you'll especially have to focus on presentation and how to best lay out the plate with all of the food ordered.  Learn a variety of patterns for arranging the food to earn the best scores from your customers, and earn big tips to spend in the Shop!
-- GAME FEATURES --
NEW FEATURES - All of your favorite features from other versions of Papa's restaurants are now available in this ""To Go"" game, redesigned and reimagined for smaller screens!
HOLIDAY FLAVORS - Celebrate the seasons in Starlight City with new holiday flavors!  Your customers will order platters of wings and things with new seasonal ingredients.  You'll unlock new sauces, sides, and dips for each holiday of the year, and your customers will love trying new tasty flavors.
SERVE SPECIAL RECIPES - Earn Special Recipes from your customers, and serve them as the Daily Special in the Wingeria!  Each Special has a bonus you can earn for serving a prime example of that recipe.  Master each special to earn a special prize!
CUSTOMIZE YOUR WORKERS - Play as Chuck or Mandi, or create your own custom character to work in the Wingeria!  You can also show off your holiday spirit with a massive variety of holiday outfits and clothing for your workers.  Choose unique color combinations for each item of clothing, and create your own style with millions of combinations!
SPECIAL DELIVERY - When you start taking phone orders, customers can call to place their wing order, and you'll hire a Driver to help take and deliver orders to their homes!
COLLECT STICKERS - Complete a variety of tasks and achievements while playing to earn colorful Stickers for your collection.  Each customer has a set of three favorite Stickers: Earn all three and you'll be rewarded with a brand-new outfit to give to that customer!
DECORATE THE SHOP - Customize the Wingeria lobby with themed furniture and decorations for each holiday of the year!  Mix and match your favorite styles, or add items that match the current holiday so customers won't mind waiting longer for their food.
CLIPPING COUPONS - Missing your favorite customer?  Send them a coupon with the help of your friendly mailman, Vincent!  Customers love a good deal, and will promptly arrive to order another meal.  Coupons are great for completing quests for Stickers and for strategically leveling up customers!
DAILY MINI-GAMES - Play Foodini's famous Mini-Games after each workday to earn new furniture for your lobby and new clothing for your workers.
-- MORE FEATURES --
Hands-on wing restaurant in the Papa Louie universe
All new controls and gameplay features designed for smaller screens
Multi-task between frying, saucing, and building
Custom chefs and drivers
12 separate holidays to unlock, each with more ingredients
Earn and master 40 unique Special Recipes
90 colorful Stickers to earn for completing tasks
119 customers to serve with unique orders
Use Stickers to unlock new outfits for your customers
95 ingredients to unlock
** NOTE FOR TABLET USERS **
Papa's Wingeria To Go is designed especially for smaller screens, look for Papa's Wingeria HD for tablets!","Fry and toss tons of saucy wings and things in Papa's Wingeria To Go!<br/><br/>-- ABOUT THE GAME --<br/><br/>It's your lucky day!  After winning a trip to the glitzy and glamorous Starlight City, you take a chance on the Mega Prize game and win the jackpot: A new career at Papa's Wingeria!<br/><br/>You'll need to run the fryers and toss chicken wings in a variety of flavorful sauces.  The restaurant is known for its famous wings, but you'll also add other meats to the menu, as well as a wide array of delicious sauces and plenty of sides and dips.  Starlight City celebrates different holidays year-round, so get ready to unlock new festive sauces, sides and dips as you play through the holidays!<br/><br/>Your customers expect a great presentation, so arrange the fried foods with sides and dips so they're pleasing to the eye -- and their stomachs!  The familiar hands-on gameplay of the series is back, but this time you'll especially have to focus on presentation and how to best lay out the plate with all of the food ordered.  Learn a variety of patterns for arranging the food to earn the best scores from your customers, and earn big tips to spend in the Shop!<br/><br/>-- GAME FEATURES --<br/><br/>NEW FEATURES - All of your favorite features from other versions of Papa's restaurants are now available in this ""To Go"" game, redesigned and reimagined for smaller screens!<br/><br/>HOLIDAY FLAVORS - Celebrate the seasons in Starlight City with new holiday flavors!  Your customers will order platters of wings and things with new seasonal ingredients.  You'll unlock new sauces, sides, and dips for each holiday of the year, and your customers will love trying new tasty flavors.<br/><br/>SERVE SPECIAL RECIPES - Earn Special Recipes from your customers, and serve them as the Daily Special in the Wingeria!  Each Special has a bonus you can earn for serving a prime example of that recipe.  Master each special to earn a special prize!<br/><br/>CUSTOMIZE YOUR WORKERS - Play as Chuck or Mandi, or create your own custom character to work in the Wingeria!  You can also show off your holiday spirit with a massive variety of holiday outfits and clothing for your workers.  Choose unique color combinations for each item of clothing, and create your own style with millions of combinations!<br/><br/>SPECIAL DELIVERY - When you start taking phone orders, customers can call to place their wing order, and you'll hire a Driver to help take and deliver orders to their homes!<br/><br/>COLLECT STICKERS - Complete a variety of tasks and achievements while playing to earn colorful Stickers for your collection.  Each customer has a set of three favorite Stickers: Earn all three and you'll be rewarded with a brand-new outfit to give to that customer!<br/><br/>DECORATE THE SHOP - Customize the Wingeria lobby with themed furniture and decorations for each holiday of the year!  Mix and match your favorite styles, or add items that match the current holiday so customers won't mind waiting longer for their food.<br/><br/>CLIPPING COUPONS - Missing your favorite customer?  Send them a coupon with the help of your friendly mailman, Vincent!  Customers love a good deal, and will promptly arrive to order another meal.  Coupons are great for completing quests for Stickers and for strategically leveling up customers!<br/><br/>DAILY MINI-GAMES - Play Foodini's famous Mini-Games after each workday to earn new furniture for your lobby and new clothing for your workers.<br/><br/>-- MORE FEATURES --<br/><br/>Hands-on wing restaurant in the Papa Louie universe<br/>All new controls and gameplay features designed for smaller screens<br/>Multi-task between frying, saucing, and building<br/>Custom chefs and drivers<br/>12 separate holidays to unlock, each with more ingredients<br/>Earn and master 40 unique Special Recipes<br/>90 colorful Stickers to earn for completing tasks<br/>119 customers to serve with unique orders<br/>Use Stickers to unlock new outfits for your customers<br/>95 ingredients to unlock<br/><br/>** NOTE FOR TABLET USERS **<br/><br/>Papa's Wingeria To Go is designed especially for smaller screens, look for Papa's Wingeria HD for tablets!",Flipline Studios,"Flipline Studios
3030 E. 63rd Street Suite 214
Cleveland, Ohio 44127
USA",support@flipline.com,5394256898986964167,http://www.flipline.com,False,False,"{u'1': 0, u'3': 2, u'2': 1, u'5': 37, u'4': 2}",True,"[$0.99, $4.99]",https://lh3.googleusercontent.com/ohyn6ICB1LyHySwUwvzic1LLvSUztn2WQhw-dMD6bNkyG79YdipHlEomZ4RcikVyUZs,"1,000+",[In-Game Purchases],$1.99,"- Fixed issue with Fryer Alarms 5 and 6 not ringing in some situations

- Fixed an issue with customer animations in the lobby

- Fixed an issue with sauce bottles shaking occasionally when dragging

- Adjusted Iggy's and Kenji's orders so they can be scored correctly",2.3 and up,42,4.8,[],Varies with device,Papa's Wingeria To Go!,"March 7, 2019",https://play.google.com/store/apps/details?id=air.com.flipline.papaswingeriatogo&gl=us&hl=en,
12,com.sortinghat.ashokkumarshrestha.sortinghat,[GAME_STRATEGY],[Everyone],3.0,"Have you ever dreamed of going to ""Hogwarts School of Wizards and Wizardry""? Have you waited for years for the letter from Hogwarts and didn't get it? Do you still believe there's a wizard in you? Do you fancy going to Hogwarts school and be in one of the four Magical houses? Do you want to cast a spell with your wand from ""Ollivanders wand shop""? Have you ever felt what would your wand look like? Have you ever felt the urge to cast the ""Patronus"" charm and repel ""Dementors""? Well, I have a good news folks. This app will fulfill all your wishes. Just answer the questions truthfully as you feel like and the magical app will sort you into one of the Hogwarts house, give you the wand and you can discover your own patronus. Be sure to be loud and clear while casting a spell.:)
Re-live the magical moment of Harry Potter world. Use this app to be sorted into one of the Hogwarts House. Just answer the questions and let the magical sorting hat do the rest.
Find your wand. Just answer the questions and specific detail of the wand will be provide to you.
Discover your own Patronus. Cast a patronus charm to repel the demetors. Just think of the happiest and powerful memory while doing so.
Now, five new exciting games added. Test your knowledge on Harry Potter world. Guess the Harry Potter movie name and character's name based on the emoticons. Sort out the characters to the house and play the role of Sorting hat. Test your knowledge on spells. And finally go on the adventure to find answer to the puzzling questions and the fun fact hint lies in the previous questions. :)
Play the games and enjoy. :)
You can cast a spell ""Lumos"" and ""Nox"" to turn off and/or on light. Just use this app in below link. Hope you guys like it.
https://play.google.com/store/apps/details?id=com.lumosmaximus.ashokkumarshrestha.lumosmaximus
https://play.google.com/store/apps/details?id=com.hp.ashokkumarshrestha.wizard
Ultimate Sorting Hat app:
https://play.google.com/store/apps/details?id=com.developers.meraki.sortinghatpro
Spread the news! Let the magic begin!","Have you ever dreamed of going to ""Hogwarts School of Wizards and Wizardry""? Have you waited for years for the letter from Hogwarts and didn't get it? Do you still believe there's a wizard in you? Do you fancy going to Hogwarts school and be in one of the four Magical houses? Do you want to cast a spell with your wand from ""Ollivanders wand shop""? Have you ever felt what would your wand look like? Have you ever felt the urge to cast the ""Patronus"" charm and repel ""Dementors""? Well, I have a good news folks. This app will fulfill all your wishes. Just answer the questions truthfully as you feel like and the magical app will sort you into one of the Hogwarts house, give you the wand and you can discover your own patronus. Be sure to be loud and clear while casting a spell.:)<br/><br/>Re-live the magical moment of Harry Potter world. Use this app to be sorted into one of the Hogwarts House. Just answer the questions and let the magical sorting hat do the rest.<br/><br/>Find your wand. Just answer the questions and specific detail of the wand will be provide to you.<br/><br/>Discover your own Patronus. Cast a patronus charm to repel the demetors. Just think of the happiest and powerful memory while doing so.<br/><br/>Now, five new exciting games added. Test your knowledge on Harry Potter world. Guess the Harry Potter movie name and character's name based on the emoticons. Sort out the characters to the house and play the role of Sorting hat. Test your knowledge on spells. And finally go on the adventure to find answer to the puzzling questions and the fun fact hint lies in the previous questions. :) <br/><br/>Play the games and enjoy. :)<br/><br/>You can cast a spell ""Lumos"" and ""Nox"" to turn off and/or on light. Just use this app in below link. Hope you guys like it.<br/><br/>https://play.google.com/store/apps/details?id=com.lumosmaximus.ashokkumarshrestha.lumosmaximus<br/><br/>https://play.google.com/store/apps/details?id=com.hp.ashokkumarshrestha.wizard<br/><br/>Ultimate Sorting Hat app:<br/><br/>https://play.google.com/store/apps/details?id=com.developers.meraki.sortinghatpro<br/><br/>Spread the news! Let the magic begin!",Ashok Kumar Shrestha,"#226, Dhapasi Devi Marg, Dhapasi-03, Tokha Muncipality-04, Kathmandu, Nepal, 44600",cs.ashok007@gmail.com,Ashok+Kumar+Shrestha,https://ctechbytes.blogspot.com/2018/09/sorting-hat-privacy-policy.html,False,True,"{u'1': 232, u'3': 216, u'2': 112, u'5': 1443, u'4': 378}",False,,https://lh3.googleusercontent.com/lUtnkDJsy3QqsdWFpsOvZ9JA3ar010mPeASiHPB5rj1E0uGwGUFLPvG8jkRw7v1CvQ,"100,000+",,0,"Privacy Policy updated.

Ads filtered.",4.0.3 and up,2381,4.1,[],5.2M,Sorting Hat,"September 29, 2018",https://play.google.com/store/apps/details?id=com.sortinghat.ashokkumarshrestha.sortinghat&gl=us&hl=en,https://www.youtube.com/embed/hUIkfu7VqJw
13,com.cornago.stefano.lapse,[GAME_STRATEGY],"[Everyone 10+, Mild Violence]",2.0.2,"Lead an entire nation to salvation – or destruction – in a post-apocalyptic world set beyond the year 2075. With a simple swipe of your finger, left or right, you’ll be able to decide of this Nation’s destiny, taking hard decisions about different quests and problems, that will be brought to your presidential attention. Be careful though: leading has never been easy and it will be even more challenging in a similar world. Something mysterious has thrown the whole future humanity in a deep confusion, causing a continuous stream of events as wars, illness, famine. No one seems to recall what started this all, no one seems to know anything about the odd events that keeps involving the planet, no one can explain why you seem to rise every time someone tries to keep you down.
So be careful, and think long and hard each and every decision, because nothing happens by chance. Every single event might help you reach your final victory, but at the same time it could be the reason of your failure. Who will be your friend, and who will be your enemy? Hard to say in such a complex world filled with betrayals, aliens, bionic beings and ancient myths. What’s done is done, and you can just play your cards as well as you can in this inevitable race against time.
In-App Purchases:
The game is completely for free.
You can reach each and every ending without buying anything. Any purchase will be optional and, besides helping you a little bit along the game, will be a sort of donation for me.
FAQs and suggestions:
• How can you play? Press on the card and swipe it slowly left or right, so you can read the two possible options. Decide what choice you want to make, minding the four statistics. Keep in mind: every choice you make will have future consequences.
• Do I have to get to a certain year to end the game? No, you can reach an ending in any time! You just need to make the right choices and have a little bit of luck.
Supported Languages: English, Italian, Russian, Portuguese, Spanish, Turkish, French,
Finnish, Bengali, Traditional and Simplified Chinese, Czech, Afrikaans, Indonesian, German, Polish, Hungarian, Vietnamese, Japanese, Dutch, Hindi, Arabic, Slovak, Romanian, Greek, Romanian, Bulgarian, Malay, Slovenian.
Wanna help?
If you’re good with foreign languages and want to help translating Lapse, contact me at: stefano.cornago@gmail.com","Lead an entire nation to salvation – or destruction – in a post-apocalyptic world set beyond the year 2075. With a simple swipe of your finger, left or right, you’ll be able to decide of this Nation’s destiny, taking hard decisions about different quests and problems, that will be brought to your presidential attention. Be careful though: leading has never been easy and it will be even more challenging in a similar world. Something mysterious has thrown the whole future humanity in a deep confusion, causing a continuous stream of events as wars, illness, famine. No one seems to recall what started this all, no one seems to know anything about the odd events that keeps involving the planet, no one can explain why you seem to rise every time someone tries to keep you down.<br/><br/>So be careful, and think long and hard each and every decision, because nothing happens by chance. Every single event might help you reach your final victory, but at the same time it could be the reason of your failure. Who will be your friend, and who will be your enemy? Hard to say in such a complex world filled with betrayals, aliens, bionic beings and ancient myths. What’s done is done, and you can just play your cards as well as you can in this inevitable race against time.<br/><br/><b>In-App Purchases:</b><br/>The game is completely for free. <br/>You can reach each and every ending without buying anything. Any purchase will be optional and, besides helping you a little bit along the game, will be a sort of donation for me.<br/><br/><b>FAQs and suggestions:</b><br/>• How can you play? Press on the card and swipe it slowly left or right, so you can read the two possible options. Decide what choice you want to make, minding the four statistics. Keep in mind: every choice you make will have future consequences.<br/>• Do I have to get to a certain year to end the game? No, you can reach an ending in any time! You just need to make the right choices and have a little bit of luck.<br/><br/><i>Supported Languages: English, Italian, Russian, Portuguese, Spanish, Turkish, French,<br/> Finnish, Bengali, Traditional and Simplified Chinese, Czech, Afrikaans, Indonesian, German, Polish, Hungarian, Vietnamese, Japanese, Dutch, Hindi, Arabic, Slovak, Romanian, Greek, Romanian, Bulgarian, Malay, Slovenian.</i><br/><br/><b>Wanna help?</b><br/>If you’re good with foreign languages and want to help translating Lapse, contact me at: stefano.cornago@gmail.com",Cornago Stefano,Via Galileo Galilei 17,stefano.cornago@gmail.com,5143165000303189281,http://www.cormar.it/lapse_privacy.htm,False,True,"{u'1': 3565, u'3': 5755, u'2': 1406, u'5': 288653, u'4': 48978}",True,"[$0.99, $2.99]",https://lh3.googleusercontent.com/XrrbAa3dsYmmbA0DLhiz-j3Jv_TW9j77_RJshogA8OAE8bbHsXniBFMGGZu7iaT8lg,"5,000,000+",[Digital Purchases],0,"• added Bulgarian language (thanks to Мартин Желев)

• added Malay language (thanks to Muhammad Aliff)

• added Slovenian language (thanks to Nal Mencin)

• bug fixes and performance improvements


The story continues with Lapse 2: Before Zero.",4.4 and up,348357,4.8,[],19M,Lapse: A Forgotten Future,"February 23, 2019",https://play.google.com/store/apps/details?id=com.cornago.stefano.lapse&gl=us&hl=en,https://www.youtube.com/embed/RimcQ-XbuZg
14,air.com.flipline.papasfreezeriatogo,[GAME_STRATEGY],[Everyone],1.2.1,"Build and serve sundaes on the go with this brand-new version of Papa's Freezeria, with gameplay and controls reimagined for Android phones!
You've just started a relaxing summer job at an oceanfront ice cream shop, but things get hectic when all of Papa Louie's customers arrive on the island!  You'll need to whip up delicious Freezer sundaes by pouring ice cream, adding mixables and syrups, blending sundaes, adding whipped cream and toppings, and don't forget the cherry on top for a perfect summertime treat!
You'll need to multitask between each area of the restaurant, with new controls designed to work just right in the palm of your hand.  Head to the Order Station to watch for customers waiting in the lobby.  Switch to the Build Station to combine ice cream and mixables for each sundae.  Jump to the Mix Station to mix sundaes until they're blended just right.  Hop to the Top Station to pour whipped cream and toppings before serving the sundae to your picky customers.  Each Station is a hands-on experience, where you'll need to drag, swipe, and tap your way through the sundae-building process.
Keep your customers happy to earn points and level up.  As your level rises, you'll unlock new toppings for the shop, and new customers will start to visit the Freezeria!  A well-crafted sundae also earns you tips, which you can spend on upgrades and decorations for the lobby!
** NEW FOR PAPA'S FREEZERIA TO GO**
Papa's Freezeria To Go is redesigned and reimagined for smaller screens, so your fingers won't get in the way of the action!
CONTROL WITH YOUR THUMBS - You'll switch stations using buttons in the corners of the screen, perfect for your thumbs.  You can also use buttons in the top corners to quickly switch Order Tickets, and you can view all of your Order Tickets in a zoomed-in mode for easy reading.
BUILD STATION - We've completely redesigned the Build Station for smaller screens, so you can quickly and easily pour ice cream and mixables like a master!  The Pour Button and Bonus Meter are moved to the side and sized just right for your thumb, so you can watch the meter and tap at the right time without any fingers blocking your view.  When it's time to choose a mixable or a syrup, the entire screen is filled with large buttons so you can easily tap the correct item.
MIX STATION - We've fine-tuned the Mix Station upgrades to work even better on small touch screens.  Once you purchase the Blend Alarm upgrades, you can drag these large alarms and snap them onto any blender.  Booster Buttons are also large and easy to press, and you can even use multi-touch to boost multiple blenders at once!
TOP STATION - We've brought back the Topping Bin carousel from ""Papa's Burgeria To Go!"", which lets you top sundaes in a brand-new way!  Swipe the carousel of Topping Bins to choose the item you want to use, then grab the sundae cup to start pouring toppings evenly across the sundae.  You can also tap a button to switch to placeable items like cherries and cookies.  And with full multi-touch support, you can keep one finger sliding the bins and another tapping on the cup below, so you'll have those sundaes finished in no time!
NEW INGREDIENTS - We've added a ton of new ingredients that can't be found in the classic or HD versions of the game, including mixables, syrups, whipped cream flavors, and other toppings that you'll unlock as you play the game.  There's over 70 unique ingredients for you to discover!
**GAME FEATURES**
- Hands-on ice cream shop in the Papa Louie universe
- All new controls and gameplay designed for smaller screens
- Multi-task between building, mixing, and topping
- Shop to buy upgrades using your in-game tips
- 85 customers to unlock with unique orders
- Challenging Closers and Food Critic
- 120 in-game achievements to earn
**NOTE FOR TABLET USERS**
Papa's Freezeria To Go is designed especially for smaller screens.  If you're looking for large-screen gameplay, check out ""Papa's Freezeria HD"" for tablets!","Build and serve sundaes on the go with this brand-new version of Papa's Freezeria, with gameplay and controls reimagined for Android phones!<br/><br/>You've just started a relaxing summer job at an oceanfront ice cream shop, but things get hectic when all of Papa Louie's customers arrive on the island!  You'll need to whip up delicious Freezer sundaes by pouring ice cream, adding mixables and syrups, blending sundaes, adding whipped cream and toppings, and don't forget the cherry on top for a perfect summertime treat!<br/><br/>You'll need to multitask between each area of the restaurant, with new controls designed to work just right in the palm of your hand.  Head to the Order Station to watch for customers waiting in the lobby.  Switch to the Build Station to combine ice cream and mixables for each sundae.  Jump to the Mix Station to mix sundaes until they're blended just right.  Hop to the Top Station to pour whipped cream and toppings before serving the sundae to your picky customers.  Each Station is a hands-on experience, where you'll need to drag, swipe, and tap your way through the sundae-building process.<br/><br/>Keep your customers happy to earn points and level up.  As your level rises, you'll unlock new toppings for the shop, and new customers will start to visit the Freezeria!  A well-crafted sundae also earns you tips, which you can spend on upgrades and decorations for the lobby!<br/><br/>** NEW FOR PAPA'S FREEZERIA TO GO**<br/><br/>Papa's Freezeria To Go is redesigned and reimagined for smaller screens, so your fingers won't get in the way of the action!<br/><br/>CONTROL WITH YOUR THUMBS - You'll switch stations using buttons in the corners of the screen, perfect for your thumbs.  You can also use buttons in the top corners to quickly switch Order Tickets, and you can view all of your Order Tickets in a zoomed-in mode for easy reading.<br/><br/>BUILD STATION - We've completely redesigned the Build Station for smaller screens, so you can quickly and easily pour ice cream and mixables like a master!  The Pour Button and Bonus Meter are moved to the side and sized just right for your thumb, so you can watch the meter and tap at the right time without any fingers blocking your view.  When it's time to choose a mixable or a syrup, the entire screen is filled with large buttons so you can easily tap the correct item.<br/><br/>MIX STATION - We've fine-tuned the Mix Station upgrades to work even better on small touch screens.  Once you purchase the Blend Alarm upgrades, you can drag these large alarms and snap them onto any blender.  Booster Buttons are also large and easy to press, and you can even use multi-touch to boost multiple blenders at once!<br/><br/>TOP STATION - We've brought back the Topping Bin carousel from ""Papa's Burgeria To Go!"", which lets you top sundaes in a brand-new way!  Swipe the carousel of Topping Bins to choose the item you want to use, then grab the sundae cup to start pouring toppings evenly across the sundae.  You can also tap a button to switch to placeable items like cherries and cookies.  And with full multi-touch support, you can keep one finger sliding the bins and another tapping on the cup below, so you'll have those sundaes finished in no time!<br/><br/>NEW INGREDIENTS - We've added a ton of new ingredients that can't be found in the classic or HD versions of the game, including mixables, syrups, whipped cream flavors, and other toppings that you'll unlock as you play the game.  There's over 70 unique ingredients for you to discover!<br/><br/><br/>**GAME FEATURES**<br/><br/>- Hands-on ice cream shop in the Papa Louie universe<br/>- All new controls and gameplay designed for smaller screens<br/>- Multi-task between building, mixing, and topping<br/>- Shop to buy upgrades using your in-game tips<br/>- 85 customers to unlock with unique orders<br/>- Challenging Closers and Food Critic<br/>- 120 in-game achievements to earn<br/><br/>**NOTE FOR TABLET USERS**<br/><br/>Papa's Freezeria To Go is designed especially for smaller screens.  If you're looking for large-screen gameplay, check out ""Papa's Freezeria HD"" for tablets!",Flipline Studios,"Flipline Studios
3030 E. 63rd Street Suite 214
Cleveland, Ohio 44127
USA",support@flipline.com,5394256898986964167,http://www.flipline.com,False,False,"{u'1': 1071, u'3': 1105, u'2': 542, u'5': 12528, u'4': 2504}",False,,https://lh3.googleusercontent.com/eECav_Pt3kzQ8LUuRM_BE2ev2NmUIsR_Z_t_xmep7GlwzeA02vB0wdvUOZNmnIq9YOg,"100,000+",,$0.99,Fixed issues with launching game on certain devices,4.0 and up,17750,4.4,[],Varies with device,Papa's Freezeria To Go!,"March 11, 2019",https://play.google.com/store/apps/details?id=air.com.flipline.papasfreezeriatogo&gl=us&hl=en,
15,net.argongames.minitd,[GAME_STRATEGY],[Everyone],1.42,"- Classic Tower Defense game for those who are fond of good old games;
- 40 unique levels;
- 4 types of towers with many upgrades;
- Sweet game design that doesn't need modern device to play;
- Doesn't need Internet.",- Classic Tower Defense game for those who are fond of good old games;<br/>- 40 unique levels;<br/>- 4 types of towers with many upgrades;<br/>- Sweet game design that doesn't need modern device to play;<br/>- Doesn't need Internet.,ArgonGames,"Россия, 614000, г.Пермь",argongamesstudio@gmail.com,ArgonGames,https://vk.com/argongames,False,True,"{u'1': 28, u'3': 43, u'2': 19, u'5': 1992, u'4': 237}",True,[Everyone],https://lh3.googleusercontent.com/3X_6l33cOz9rJFjDZbzyECU2-FsYnj2izthzHi35Nlzowui6LJ4BHyfkr582sr3LwngA,"10,000+",,0,"- New ICON! Guys, I worked a lot on this icon so could you please leave a feedback? :) I would be very grateful;

- Improved performance of the main menu. It doesn't lag on slower devices anymore;

- Small fixes.",4.1 and up,2319,4.8,[],30M,Mini TD: Classic Tower Defense Game,"October 22, 2018",https://play.google.com/store/apps/details?id=net.argongames.minitd&gl=us&hl=en,https://www.youtube.com/embed/Y2sSNQvnZno
16,br.com.tapps.thronesreignsofhumans,[GAME_STRATEGY],[Everyone],1.0.1,"Riseth to the throne, Majesty!
The fair kingdom of Concordia is now yours to rule, and the interests of humans, elves and dwarves are your royal responsibilities. Make hard decisions like a veritable monarch and strive for utmost cunning to stay in power.
The future of all the land is in your kingly hands now!
HIGHLIGHTS
⚔️MAKE tough decisions as the ruler of a high-fantasy medieval kingdom by swiping left or right.
⚔️MANAGE the interests and needs of a diverse society composed of humans, elves and dwarves.
⚔️DEAL with priests, mages, thieves, merchants, nobles, bards, barbarians and more over the course of your rule. Make powerful alliances and give your enemies no quarter!
⚔️BE A DIPLOMAT: think long and hard about your royal duties and make the right choices to avoid conflict as much as possible.
⚔️RULE with cunning and wisdom and pay attention to the advice of your council to ensure a prosper and long-lived dynasty!
Your whole life has been a preparation to this moment, Majesty.
Harness every resource available to you, from natural wisdom to arcane magic, as you forge strong alliances with members of every race in the realm.
Will you favor the elves’ ardent drive to protect the environment or act on behalf of humanity’s impetuous march towards progress?
Give in to the obscure demands of a dark wizard to protect the kingdom or risk facing all the magical might and maintain your pride?
Being a king is not easy, and every choice you make will bear consequences down the line, good and bad.
Claim your throne in a land filled with elves, dwarves, orcs, dragons and sorcerers and walk tall!
How long can you stay in power?
Please note! This game is free to play, but it contains items that can be purchased for real money. Some features and extras mentioned in the description may also have to be purchased for real money.","Riseth to the throne, Majesty!<br/><br/>The fair kingdom of Concordia is now yours to rule, and the interests of humans, elves and dwarves are your royal responsibilities. Make hard decisions like a veritable monarch and strive for utmost cunning to stay in power.<br/><br/>The future of all the land is in your kingly hands now!<br/><br/>HIGHLIGHTS<br/><br/>⚔️MAKE tough decisions as the ruler of a high-fantasy medieval kingdom by swiping left or right.<br/><br/>⚔️MANAGE the interests and needs of a diverse society composed of humans, elves and dwarves.<br/><br/>⚔️DEAL with priests, mages, thieves, merchants, nobles, bards, barbarians and more over the course of your rule. Make powerful alliances and give your enemies no quarter!<br/><br/>⚔️BE A DIPLOMAT: think long and hard about your royal duties and make the right choices to avoid conflict as much as possible.<br/><br/>⚔️RULE with cunning and wisdom and pay attention to the advice of your council to ensure a prosper and long-lived dynasty!<br/><br/>Your whole life has been a preparation to this moment, Majesty.<br/><br/>Harness every resource available to you, from natural wisdom to arcane magic, as you forge strong alliances with members of every race in the realm.<br/><br/>Will you favor the elves’ ardent drive to protect the environment or act on behalf of humanity’s impetuous march towards progress?<br/><br/>Give in to the obscure demands of a dark wizard to protect the kingdom or risk facing all the magical might and maintain your pride?<br/><br/>Being a king is not easy, and every choice you make will bear consequences down the line, good and bad.<br/><br/>Claim your throne in a land filled with elves, dwarves, orcs, dragons and sorcerers and walk tall!<br/><br/>How long can you stay in power?<br/><br/>Please note! This game is free to play, but it contains items that can be purchased for real money. Some features and extras mentioned in the description may also have to be purchased for real money.",Tapps Games,"Tapps Tecnologia da Informação Ltda
Rua Sapetuba 166
São Paulo, SP - 05510-000
Brazil",contact@tappsgames.com,6615809648420562690,http://tappsgames.com,False,True,"{u'1': 736, u'3': 559, u'2': 238, u'5': 4242, u'4': 1580}",True,[Digital Purchases],https://lh3.googleusercontent.com/KX8g6X6SaO3DjfB-VlmQB_pxLwbhpFDB3KplzxVgz2ev4FsgpHvvaHDashexiRtdgt0,"100,000+",[Digital Purchases],0,Bug fixes,4.1 and up,7355,4.1,[],47M,Thrones: Kingdom of Humans,"December 2, 2017",https://play.google.com/store/apps/details?id=br.com.tapps.thronesreignsofhumans&gl=us&hl=en,
