,app_id,category,content_rating,current_version,description,description_html,developer,developer_address,developer_email,developer_id,developer_url,editors_choice,free,histogram,iap,iap_range,icon,installs,interactive_elements,price,recent_changes,required_android_version,reviews,score,screenshots,size,title,updated,url,video
0,com.piano.pls.badbunny,[GAME_MUSIC],"[Teen, Sexual Content]",1.0,"Bad Bunny Piano Tiles game is a game that appears on your mobile screen with tiles tapped. to play this game Tap to the screen and feel the music.Have you ever dreamed of playing piano music in front of family and friends? If you like the song Bad Bunny and you want to play it in a game?
This game is the most suitable game for you to play.
You don't need to have special skills to play this very fun game!
Tap the tiles that appear on the screen and follow the songs played. Collect as many values as possible to get points and be able to continue the game to the next song.
features Piano Game:
1. Speed ​​challenging piano game.
2. available popular song ""Bad Bunny"" with many notes
3. Have different speeds for each song
4. Update new songs every day
6. Unlock the next song with the highest score
Game rules:
Tap the tile to start the game, tap the colored tiles and follow the speed of the song being played
Disclaimer:
Bad Bunny Piano Tiles is not an official game application, this game is made just to entertain fans.
this application does not contain songs that have protected cikta rights, only contain piano instruments made by fans, if there are questions about conten in this application please send an email to the application developer: Kleshwerna@gmail.com","Bad Bunny Piano Tiles game is a game that appears on your mobile screen with tiles tapped. to play this game Tap to the screen and feel the music.Have you ever dreamed of playing piano music in front of family and friends? If you like the song Bad Bunny and you want to play it in a game?<br/><br/>This game is the most suitable game for you to play.<br/>You don't need to have special skills to play this very fun game!<br/>Tap the tiles that appear on the screen and follow the songs played. Collect as many values as possible to get points and be able to continue the game to the next song.<br/><br/><br/>features Piano Game:<br/>1. Speed ​​challenging piano game.<br/>2. available popular song ""Bad Bunny"" with many notes<br/>3. Have different speeds for each song<br/>4. Update new songs every day<br/>6. Unlock the next song with the highest score<br/><br/>Game rules:<br/>Tap the tile to start the game, tap the colored tiles and follow the speed of the song being played<br/><br/>Disclaimer:<br/>Bad Bunny Piano Tiles is not an official game application, this game is made just to entertain fans.<br/>this application does not contain songs that have protected cikta rights, only contain piano instruments made by fans, if there are questions about conten in this application please send an email to the application developer: Kleshwerna@gmail.com",Werna Klesh,,kleshwerna@gmail.com,Werna+Klesh,https://sites.google.com/view/kleshwerna/home,False,True,"{u'1': 1, u'3': 0, u'2': 2, u'5': 3, u'4': 1}",False,,https://lh3.googleusercontent.com/HI2meGm3YznHBjtrfJCxxaab7oZROs-upOJM2rTUcDC_-J9xNNLYVtjwcCJ2_1bQCg,"1,000+",,0,,4.1 and up,7,3.4,[],45M,Bad Bunny - Piano Tiles Song,"March 3, 2019",https://play.google.com/store/apps/details?id=com.piano.pls.badbunny&gl=us&hl=en,
1,com.NextFloor.phdiver,[GAME_MUSIC],[Everyone],1.3.6,"Hello. This is PhD Team
PhD Japan service will be shutting down on September 21, 2018.
We wish to thank everyone who has supported and played PhD
Please refer to the announcement shown below to see the details.
https://goo.gl/KZpdLf
-----------------------------------------------------------------------------------------------------------------------------------------------
This is ‘Protocol:Hyperspace Driver.
The service of ‘Protocol:Hyperspace Diver’ for Europe has been terminated from May 10th, 2018.
We appreciated your concerns and great attention.
We will comeback with better game and service.
--------------------------------------------------------------------------------------------------------------------------------------------
The feast of rhythm and beat in the Hyperspace!
New kind of rhythm game Protocol : hyperspace Diver is Released!
Let's DIVE into musical hyperspace
▶ Providing unique visual and tense note pattern in 3D space
▶ Music Dive with splendid music of famous artists.
▶ You can play Masterpiece of music from popular games of Nextfloor.
▶ Play newest rhythm game optimized in Smartphone / Tablet Now!
* Due to latency of the sound system, beat sync would not fit perfectly with Bluetooth devices. Using wired earphone or headphone is recommended.
* Sharing result may not work correctly in some devices including LG V10.","Hello. This is PhD Team<br/><br/>PhD Japan service will be shutting down on September 21, 2018.<br/>We wish to thank everyone who has supported and played PhD<br/><br/>Please refer to the announcement shown below to see the details.<br/>https://goo.gl/KZpdLf<br/><br/>-----------------------------------------------------------------------------------------------------------------------------------------------<br/>This is ‘Protocol:Hyperspace Driver.<br/>The service of ‘Protocol:Hyperspace Diver’ for Europe has been terminated from May 10th, 2018.<br/><br/>We appreciated your concerns and great attention.<br/>We will comeback with better game and service.<br/>--------------------------------------------------------------------------------------------------------------------------------------------<br/><br/>The feast of rhythm and beat in the Hyperspace!<br/>New kind of rhythm game Protocol : hyperspace Diver is Released!<br/><br/>Let's DIVE into musical hyperspace<br/><br/>▶ Providing unique visual and tense note pattern in 3D space<br/><br/>▶ Music Dive with splendid music of famous artists.<br/><br/>▶ You can play Masterpiece of music from popular games of Nextfloor.<br/><br/>▶ Play newest rhythm game optimized in Smartphone / Tablet Now!<br/><br/><br/>* Due to latency of the sound system, beat sync would not fit perfectly with Bluetooth devices. Using wired earphone or headphone is recommended.<br/>* Sharing result may not work correctly in some devices including LG V10.",LINE Games,"8F, 479, Gangnam-daero, Seocho-gu, Seoul
06541",game_service@linegames.kr,6262318312652386413,https://line.games/,False,True,"{u'1': 64, u'3': 80, u'2': 27, u'5': 508, u'4': 142}",True,"[$0.99, $16.99]",https://lh3.googleusercontent.com/j3GNy789WfY_PRC8sr2d8mzs6XLlVTB0dzuLFWcfL75NzMpJpc53oiWuU3hXC22OQQ,"50,000+",[Digital Purchases],0,- Bug fixes,4.0.3 and up,821,4.2,[],96M,Protocol:hyperspace Diver,"November 2, 2018",https://play.google.com/store/apps/details?id=com.NextFloor.phdiver&gl=us&hl=en,https://www.youtube.com/embed/S6OTsWJlf2c
2,com.piano.hs.arianagrande,[GAME_MUSIC],"[Teen, Sexual Content]",1.0,"Now release new best game Piano tiles for Ariana Grande fans. all fans can choice favorite song of ariana grande for playing game with piano instrument. This game vary usefully for player. you can song and playing game one time:
Piano list game songs:
-piano tiles Thank u, Next
-piano tiles Break Up your girlfriend
-piano tiles 7 Ring
-piano tiles Side to side
-piano tiles Breathin
-piano tiles Bang Bang
-piano tiles Imagine
-piano tiles God is woman
-piano tiles one last time
-piano tiles Into You
-piano tiles Problem
-piano tiles No Tears left to cry
- and more song
Disclaimer
this game not official game and not relation for Ariana grande management, this game created by fans and just entertainment
if you any complaint for this game please contact develover by email:
lemahsemakin@gmail.com","Now release new best game Piano tiles for Ariana Grande fans. all fans can choice favorite song of ariana grande for playing game with piano instrument. This game vary usefully for player. you can song and playing game one time:<br/>Piano list game songs:<br/>-piano tiles Thank u, Next<br/>-piano tiles Break Up your girlfriend<br/>-piano tiles 7 Ring<br/>-piano tiles Side to side<br/>-piano tiles Breathin<br/>-piano tiles Bang Bang<br/>-piano tiles Imagine<br/>-piano tiles God is woman<br/>-piano tiles one last time<br/>-piano tiles Into You<br/>-piano tiles Problem<br/>-piano tiles No Tears left to cry<br/>- and more song<br/><br/>Disclaimer<br/>this game not official game and not relation for Ariana grande management, this game created by fans and just entertainment<br/>if you any complaint for this game please contact develover by email:<br/>lemahsemakin@gmail.com",gisela  sappa,,lemahsemakin@gmail.com,gisela++sappa,https://sites.google.com/view/giselasappadev/home,False,True,"{u'1': 1, u'3': 1, u'2': 1, u'5': 0, u'4': 1}",False,,https://lh3.googleusercontent.com/hRSnV43uEXV6E-G_Z4APzJ2I5YGSWIx7AhXkEM77M9LYOGY9duA12ehcLPo5zwffew,"1,000+",[Shares Location],0,,4.1 and up,4,2.5,[],37M,Ariana Grande - Piano Tiles,"February 28, 2019",https://play.google.com/store/apps/details?id=com.piano.hs.arianagrande&gl=us&hl=en,
3,moe.low.arc,[GAME_MUSIC],[Everyone],2.0.0,"New Dimension Rhythm Game
""A harmony of Light awaits you in a lost world of musical Conflict.""
Touch, hold and slide to the rhythm through a challenging, unforgettable arcade-style rhythm game experience featuring artists from Japan and across the Entire World.
Experience brand new 3-dimensional 'Arc' gameplay: taking your touch screen to its limits swiping and following to the rhythm.
Lose yourself in songs of Light and Conflict within a forgotten world
⚏Play anywhere and anytime with no limitations. Internet connection not required⚏
All songs playable on phone or tablet!
Both free to play and paid songs available! Freely play many songs any time as well as unlocking Arcaea-exclusive original songs.
⚏Features ⚏
- A high difficulty ceiling - experience personal growth as you develop skills in arcade-style progression
- Over 90 songs from more than 50 artists famous across other games
- 3 rhythm difficulty levels for every song
- An expanding music library through content updates
- Full song jacket illustrations
- Online friends and scoreboards
Download now and experience a brand new music game experience!
⚏Story ⚏
Two young girls wander in a broken world filled with remnants of its former self: Arcaea.
Arcaea are melodical shards of the past that call out to the girls, but each chooses to be experienced only by one or the other. Over time, the girls begin to notice inconsistencies in the Arcaea that choose them and develop conflicting views about the world as it once was.
---
Follow Arcaea & News:
Twitter: http://twitter.com/arcaea_en
Facebook: http://facebook.com/arcaeagame
Google+: https://plus.google.com/100125201589035673885","New Dimension Rhythm Game<br/><br/>""A harmony of Light awaits you in a lost world of musical Conflict.""<br/><br/>Touch, hold and slide to the rhythm through a challenging, unforgettable arcade-style rhythm game experience featuring artists from Japan and across the Entire World.<br/>Experience brand new 3-dimensional 'Arc' gameplay: taking your touch screen to its limits swiping and following to the rhythm.<br/><br/>Lose yourself in songs of Light and Conflict within a forgotten world<br/><br/>⚏Play anywhere and anytime with no limitations. Internet connection not required⚏<br/>All songs playable on phone or tablet!<br/>Both free to play and paid songs available! Freely play many songs any time as well as unlocking Arcaea-exclusive original songs.<br/><br/>⚏Features ⚏<br/>- A high difficulty ceiling - experience personal growth as you develop skills in arcade-style progression<br/>- Over 90 songs from more than 50 artists famous across other games<br/>- 3 rhythm difficulty levels for every song<br/>- An expanding music library through content updates<br/>- Full song jacket illustrations<br/>- Online friends and scoreboards<br/><br/>Download now and experience a brand new music game experience!<br/><br/>⚏Story ⚏<br/>Two young girls wander in a broken world filled with remnants of its former self: Arcaea.<br/><br/>Arcaea are melodical shards of the past that call out to the girls, but each chooses to be experienced only by one or the other. Over time, the girls begin to notice inconsistencies in the Arcaea that choose them and develop conflicting views about the world as it once was.<br/>---<br/><br/>Follow Arcaea &amp; News:<br/>Twitter: http://twitter.com/arcaea_en<br/>Facebook: http://facebook.com/arcaeagame<br/>Google+: https://plus.google.com/100125201589035673885",lowiro,"LOWIRO LIMITED
4th Floor Imperial House
8 Kean Street
LONDON
WC2B 4AS
UNITED KINGDOM",contact@lowiro.com,5620658503624629738,https://arcaea.lowiro.com,False,True,"{u'1': 728, u'3': 1027, u'2': 378, u'5': 23806, u'4': 3407}",True,"[$0.99, $4.99]",https://lh3.googleusercontent.com/ug2S6gisJss8FqsaHB8oUFR4eVt8MGVz1lPZe9_5q3Ze5hwZfkAaiOBHpTkOTFQqBA,"1,000,000+",,0,"Version 2.0 is here!

- New side story pack: ""Absolute Reason"" with 5 new songs and story

- New Partner (included with Absolute Reason)

- New Free to Play songs: ""ReviXy"" by ikaruga_nex and ""Grimheart"" by Puru

- Story mode added - unlock and easily view story chapters in a new progression mode

- Character awakening added (Hikari and Tairitsu)

- Character leveling items ""Ether Drops"" added

- Countless requested features added: ingame FR/PM indication, mutual friends, expanded leaderboard and more",4.4 and up,29346,4.7,[],38M,Arcaea - New Dimension Rhythm Game,"March 20, 2019",https://play.google.com/store/apps/details?id=moe.low.arc&gl=us&hl=en,https://www.youtube.com/embed/ZcF9JQ44_sw
4,se.hellothere.gravityhd,[GAME_MUSIC],[Everyone],1.6,"There’s a party in space - and you’re invited! In collaboration with award-winning Hello There Games, Avicii proudly presents hit music game AVICII GRAVITY HD, where you can experience Avicii's latest and greatest hits through compelling and atmospheric gameplay.
In fast-paced AVICII GRAVITY HD, Avicii's galactic hits merge with intense gameplay into a uniquely immersive experience - and YOU decide how it all plays out! Your progress determines how the melodies build up, while the environment changes to match the music. Swipe, push and power up your ships to maximize your rides!
Enter a flow-like state and ride through endless, artistic environments inspired by Avicii hits. Earn credits to unlock new ships, environments and power-ups. Better yet, you can access and immerse yourself in a variety of Avicii songs - in ways attainable only through this game.
Preparing to play is exciting in itself, as slot machines determine the tokens and power-ups you receive for your next ride. Also, the store is loaded with consumables, credits and hit songs. And finally, daily challenges and achievements unlock new ships and upgrades, and will have you coming back for more!","There’s a party in space - and you’re invited! In collaboration with award-winning Hello There Games, Avicii proudly presents hit music game AVICII GRAVITY HD, where you can experience Avicii's latest and greatest hits through compelling and atmospheric gameplay. <br/> <br/>In fast-paced AVICII GRAVITY HD, Avicii's galactic hits merge with intense gameplay into a uniquely immersive experience - and YOU decide how it all plays out! Your progress determines how the melodies build up, while the environment changes to match the music. Swipe, push and power up your ships to maximize your rides!<br/> <br/>Enter a flow-like state and ride through endless, artistic environments inspired by Avicii hits. Earn credits to unlock new ships, environments and power-ups. Better yet, you can access and immerse yourself in a variety of Avicii songs - in ways attainable only through this game.<br/> <br/>Preparing to play is exciting in itself, as slot machines determine the tokens and power-ups you receive for your next ride. Also, the store is loaded with consumables, credits and hit songs. And finally, daily challenges and achievements unlock new ships and upgrades, and will have you coming back for more!",Hello There Games,"Vallgatan 36
411 16
Göteborg",dev@hellothere.se,6090565911491356656,http://www.hellothere.se,True,True,"{u'1': 870, u'3': 683, u'2': 261, u'5': 23797, u'4': 1827}",True,"[$0.99, $5.49]",https://lh3.googleusercontent.com/JMK4MiecGSol3gN9UyrvsJdojDM5GnTS-YyMuTQm_HmIje_tbA69C9Jqgo0FFuLdbQ,"1,000,000+",[Digital Purchases],0,"We heard you couldn't restore your purchases. This release aims to fix that. Get in touch if you experience any further problems, and happy gaming!",4.1 and up,27438,4.7,[],Varies with device,Avicii | Gravity HD,"March 22, 2019",https://play.google.com/store/apps/details?id=se.hellothere.gravityhd&gl=us&hl=en,https://www.youtube.com/embed/vnfoFG8L618
5,com.amdev.marshmellophappierpianotiles,[GAME_MUSIC],[Everyone],2.0,"Marshmello Happier Piano Tiles is developed to everyone who like to play piano games. This game is easy to play and very challenging.
There are two modes in this game:
1. Normal Mode, just tap the tiles and follow the music.
2. Hard Mode, follow the music without taping the Bomb tiles.
Let's play and have fun with this game.
DISCLAIMER:
Marshmello Happier Piano Tiles is an unofficial fan application.
It is not affiliated with or endorsed by Marshmello, or his record label.
This app does not include any copyrighted material.
The piano melodies are arranged with individual piano notes.
This app is for entertainment purpose only.","Marshmello Happier Piano Tiles is developed to everyone who like to play piano games. This game is easy to play and very challenging.<br/><br/>There are two modes in this game:<br/>1. Normal Mode, just tap the tiles and follow the music.<br/>2. Hard Mode, follow the music without taping the Bomb tiles.<br/><br/>Let's play and have fun with this game.<br/><br/>DISCLAIMER:<br/>Marshmello Happier Piano Tiles is an unofficial fan application.<br/>It is not affiliated with or endorsed by Marshmello, or his record label.<br/>This app does not include any copyrighted material.<br/>The piano melodies are arranged with individual piano notes.<br/>This app is for entertainment purpose only.",A.M Dev,,alif.mulyadii@gmail.com,A.M+Dev,https://docs.google.com/document/d/1Vyuezy4k6FlmX43hTb_xmxuDIP-1NTSPzQ4x3g2pbrg/edit#heading=h.8wyvq1dqr23j,False,True,"{u'1': 4, u'3': 2, u'2': 0, u'5': 11, u'4': 0}",False,,https://lh3.googleusercontent.com/33yQ7wK1h4bgSy2M8pCokhQK9zrwtfRBmAYLzIxHcaEobSfVBf8FPr9nNPCvP6r4EV4,"1,000+",,0,Perbaikan kesalahan pada versi sebelumnya,4.2 and up,17,3.8,[],37M,Marshmello Happier Piano Tiles,"March 2, 2019",https://play.google.com/store/apps/details?id=com.amdev.marshmellophappierpianotiles&gl=us&hl=en,
6,com.xxxtentacionpianotiles.arnabati,[GAME_MUSIC],[Everyone],2.0,"If you like XXXTentacion and you you like to listen to XXXTentacion music probably you will enjoy playing XXXTentacion piano!
What are you waiting for !!! Get XXXTentacion piano Right now !!
XXXTentacion Magic Piano Tiles is a new Piano tile music game designed for 2019 with a flat design style.
Play the ultimate black piano black brick challenge game on your Android device NOW!
Get more hands on to beat the speed of the game and enjoy great XXTentacion songs, exciting songs along with XXXTentacion.
It’s similar to other piano games, you just have to tap the music tiles then enjoy the wonderful music and rhythm in game.
Game Features:
🎹 Cute (Kawaii) and beautiful themes with a great songs
🎹 Lot of hottest songs by many genres such as Kids, Popular US★UK, K★Pop, Classical, Holiday and Traditional. Feel the cute piano music melodies beyond imagination through every tap with perfect timing tiles.
🎹 Try to climb the top of the game rank to defeat your friends and other player in the world.
🎹 Share your score to Facebook, Twitter, Instagram, Pinterest, Google+, Tumblr, Stumble, Flickr,… with your friends.
🎹 Great experience will playing bonus mode : try to collect lot of items to unlock your favorite XXXTentacion songs .
🎹 Save your favorite songs of 3X Tentacion Piano.
🎹 Great and Awesome game design and graphics for the free Jah Young Dagger XXX Tentacion piano tile games 2019.
🎹 This Triple X piano game will support almost all android phones and tablets  like Galaxy S8 plus, Galaxy Note 8, LG G6, LG V30, Motorola Moto Z, Samsung Galaxy S7,  Galaxy S7 edge, Galaxy S9, S9 Plus, j1, j2, j5,  J7 Pro+, Nokia 8, HTC U12+ 10, Google Pixel XL, HTC U11, Lenovo P2,Huawei Mate 10, Sony Xperia XZ2 Premium, OnePlus 5, Xiaomi Mi 6 8 and more.
How to play:
★ Touch the black piano piano several times to play the Jarad Higgins 3XTentacion piano.
★ Avoid white piano bricks!
★ Simple to play, but hard to master.
★ Getting all the black bricks in this high★speed music game is definitely not easy!
★ Enjoy!","If you like XXXTentacion and you you like to listen to XXXTentacion music probably you will enjoy playing XXXTentacion piano!<br/>What are you waiting for !!! Get XXXTentacion piano Right now !!<br/>XXXTentacion Magic Piano Tiles is a new Piano tile music game designed for 2019 with a flat design style. <br/><br/>Play the ultimate black piano black brick challenge game on your Android device NOW! <br/>Get more hands on to beat the speed of the game and enjoy great XXTentacion songs, exciting songs along with XXXTentacion.<br/><br/>It’s similar to other piano games, you just have to tap the music tiles then enjoy the wonderful music and rhythm in game.<br/><br/>Game Features:<br/>🎹 Cute (Kawaii) and beautiful themes with a great songs<br/>🎹 Lot of hottest songs by many genres such as Kids, Popular US★UK, K★Pop, Classical, Holiday and Traditional. Feel the cute piano music melodies beyond imagination through every tap with perfect timing tiles.<br/>🎹 Try to climb the top of the game rank to defeat your friends and other player in the world.<br/>🎹 Share your score to Facebook, Twitter, Instagram, Pinterest, Google+, Tumblr, Stumble, Flickr,… with your friends.<br/>🎹 Great experience will playing bonus mode : try to collect lot of items to unlock your favorite XXXTentacion songs .<br/>🎹 Save your favorite songs of 3X Tentacion Piano.<br/>🎹 Great and Awesome game design and graphics for the free Jah Young Dagger XXX Tentacion piano tile games 2019.<br/>🎹 This Triple X piano game will support almost all android phones and tablets  like Galaxy S8 plus, Galaxy Note 8, LG G6, LG V30, Motorola Moto Z, Samsung Galaxy S7,  Galaxy S7 edge, Galaxy S9, S9 Plus, j1, j2, j5,  J7 Pro+, Nokia 8, HTC U12+ 10, Google Pixel XL, HTC U11, Lenovo P2,Huawei Mate 10, Sony Xperia XZ2 Premium, OnePlus 5, Xiaomi Mi 6 8 and more.<br/><br/>How to play:<br/>★ Touch the black piano piano several times to play the Jarad Higgins 3XTentacion piano.<br/>★ Avoid white piano bricks!<br/>★ Simple to play, but hard to master.<br/>★ Getting all the black bricks in this high★speed music game is definitely not easy!<br/>★ Enjoy!",ARNABATI,,siyazarta@gmail.com,ARNABATI,https://sites.google.com/view/arnabati,False,True,"{u'1': 3, u'3': 0, u'2': 0, u'5': 2, u'4': 0}",False,,https://lh3.googleusercontent.com/xjyHp-duq2wHg5S7vuZWf4XS6_jjyHoCqweye3I1gOFMNutcHc2duXEfc151fMQUFEEq,500+,,0,,4.2 and up,5,2.6,[],24M,XXXTentacion Piano Tiles,"February 20, 2019",https://play.google.com/store/apps/details?id=com.xxxtentacionpianotiles.arnabati&gl=us&hl=en,
7,com.gamin47.helixm,[GAME_MUSIC],[Everyone],1.0,"Helix Ball music 2019 It is an interesting game, Try it now!
Helix Ball music 2019 is associate degree exciting fun journey game with bouncing  Music ""Alan Walker"" through the important helix tower labyrinth. fast One-tap easy-to-learn controls, wealthy visual result, and habit-forming gameplay mechanics is a new arcade game that allows you use various balls having gravity to make it fall freely and to score as you fall down crossing helix tower obstacles in the free space.
With simple controls, simply slide your fingers right and left to spin the propeller and jump on the ball. Try to avoid streaks of strange colors in the propeller and let the ball pass. Complete challenges and achievements in this color helix ball game.
Your task is simply to control the ball jumping as deep as possible, you must avoid the various obstacles created from the game, The ball falls down and the player needs to slide the obstacle through his finger to avoid the impact of the Purple brick and Yellow and blue.
It is a classic and exciting challenging jump game.
Features of  Jump ball :
- simple gameplay.
- amazing graphics.
- easy to start.
- skins for crush helix and background color.
- suitable for both children and adults.
- free to play app.
-enjoys listening to the music
- addictive game and fast game experience
- games easy to play with a touch control button
Let's play Helix Ball music 2019  the latest game of trends on the store in recent days. You need to create different strategies and terms to cross the thousands of missions and gameplay routes and each mission.
It's one of the best falling games!
Challenge your friends with Helix Ball music 2019 and become a master!
Go as far as possible! Enjoy!
Keep yourself having fun with a helix drop ball. So, now, just play the game in your Android phone and enjoy the jog games in 2019
Enjoy:)","Helix Ball music 2019 It is an interesting game, Try it now!<br/><br/>Helix Ball music 2019 is associate degree exciting fun journey game with bouncing  Music ""Alan Walker"" through the important helix tower labyrinth. fast One-tap easy-to-learn controls, wealthy visual result, and habit-forming gameplay mechanics is a new arcade game that allows you use various balls having gravity to make it fall freely and to score as you fall down crossing helix tower obstacles in the free space.<br/>With simple controls, simply slide your fingers right and left to spin the propeller and jump on the ball. Try to avoid streaks of strange colors in the propeller and let the ball pass. Complete challenges and achievements in this color helix ball game.<br/><br/>Your task is simply to control the ball jumping as deep as possible, you must avoid the various obstacles created from the game, The ball falls down and the player needs to slide the obstacle through his finger to avoid the impact of the Purple brick and Yellow and blue.<br/>It is a classic and exciting challenging jump game.<br/>Features of  Jump ball :<br/>- simple gameplay.<br/>- amazing graphics.<br/>- easy to start.<br/>- skins for crush helix and background color.<br/>- suitable for both children and adults.<br/>- free to play app.<br/>-enjoys listening to the music<br/>- addictive game and fast game experience<br/>- games easy to play with a touch control button<br/><br/>Let's play Helix Ball music 2019  the latest game of trends on the store in recent days. You need to create different strategies and terms to cross the thousands of missions and gameplay routes and each mission.<br/>It's one of the best falling games!<br/>Challenge your friends with Helix Ball music 2019 and become a master!<br/>Go as far as possible! Enjoy!<br/>Keep yourself having fun with a helix drop ball. So, now, just play the game in your Android phone and enjoy the jog games in 2019<br/>Enjoy:)",gamin47,,dev.gamin07@gmail.com,gamin47,https://sites.google.com/view/gamin47/home,False,True,"{u'1': 3, u'3': 0, u'2': 0, u'5': 4, u'4': 0}",False,,https://lh3.googleusercontent.com/1-dQ7X4D02AlPkCUNIwEG4T6sQUC53dbLCRqfLWTZN50qSqe3VFS0w7w5qee9shwecU,"1,000+",,0,,4.1 and up,7,3.3,[],31M,Helix Ball music Alan walker,"February 22, 2019",https://play.google.com/store/apps/details?id=com.gamin47.helixm&gl=us&hl=en,
8,air.Popscene,[GAME_MUSIC],[Everyone],1.13,"This music industry sim has gone platinum - celebrating over 1 MILLION downloads!
Bring your MP3 collection to life with animated performances as you embark on a career in music. Form your own band by recruiting talent from over 150 artists across 6 unique labels, or enjoy creating your own stars with the editor. Then record hits that will top the charts and take them on the road to over 20 different venues - including authentic reviews and news reports that determine your legacy. Like ""A Rockstar At My Hamster"" for the 21st century, Popscene leaves no stone unturned to do for music what Wrestling Revolution did for wrestling! The game is free to download, with the option to purchase a ""backstage pass"" for even more content.
* Please note that the MP3 player function may not be compatible with some devices. If this affects you, consider turning off MP3 music in the options.
PLAYING GUIDE:
Popscene divides the music making process into entertainment (represented by stars) and artistry (represented by hearts). As in real life, popular music is more likely to shoot up the charts and draw fans - but without substance, the success may be short-lived. Each of the game's many artists has the following attributes that influence this process:
- POPULARITY is the artist's ability to draw fans to entertaining content.
- REPUTATION is their ability to draw fans to artistic content.
- PERFORMANCE is their ability to perform entertaining songs live.
- TALENT is their ability to perform artistic songs live.
- PRODUCTION is their ability to compose entertaining music.
- WRITING is their ability to compose artistic music.
- HAPPINESS is the pleasure they currently get from their work.
- ATTITUDE indicates how likely they are to either contribute or cause trouble.
This is a band management sim, and as a band manager it is your job to recruit stars from the music biz. Each week, depending on the size of your team and their collective attitude, new songs may be recorded. Each member of the team contributes their score to a new song, and whoever scores the highest will be credited with making it. Members who are dedicated backstage staff will contribute twice instead of once - inc the chances of a good song being written.
Once songs exist, it is the on-stage performers who must bring it to life. As with writing, each band member on stage contributes their score and the highest determines how well the song was received in each category. This time, it is the ""frontman"" who gets to contribute twice instead of once - so consider who is at the forefront.
The overall rating for a show is the average of all the songs performed - albeit slightly more generous so that perfection is not required. This is also true of album reviews. A 5-star performance may consist of consistent 4-star contributions. Reviews are where your performances feed back into the stats that produced them, because each attribute will rise or fall to reflect what just happened.
When booking venues, you must consider how much it will cost versus how much you are likely to recoup. Tickets are sold at $5 per song so it depends how long your set is. You will receive a percentage of this revenue, and must then use that to pay your employees and any other expenses. Singles are sold at $1 each whereas albums are sold at $1 per song for a maximum of $10 (cha-ching!). If you have a week of inactivity, you may find that you make a loss because of the expenses of your lifestyle (which reflects your wealth). On the independent scene, you take a larger chunk of lower revenue so you will have to migrate to a major label eventually.
I regret there is more to this game than I could ever explain here, so enjoy figuring some things out for yourself! Or join the debate over at Facebook to have any curious questions answered:
www.facebook.com/MDickieFans","This music industry sim has gone platinum - celebrating over 1 MILLION downloads!<br/><br/>Bring your MP3 collection to life with animated performances as you embark on a career in music. Form your own band by recruiting talent from over 150 artists across 6 unique labels, or enjoy creating your own stars with the editor. Then record hits that will top the charts and take them on the road to over 20 different venues - including authentic reviews and news reports that determine your legacy. Like ""A Rockstar At My Hamster"" for the 21st century, Popscene leaves no stone unturned to do for music what Wrestling Revolution did for wrestling! The game is free to download, with the option to purchase a ""backstage pass"" for even more content.<br/><br/>* Please note that the MP3 player function may not be compatible with some devices. If this affects you, consider turning off MP3 music in the options.<br/><br/>PLAYING GUIDE:<br/>Popscene divides the music making process into entertainment (represented by stars) and artistry (represented by hearts). As in real life, popular music is more likely to shoot up the charts and draw fans - but without substance, the success may be short-lived. Each of the game's many artists has the following attributes that influence this process:<br/><br/>- POPULARITY is the artist's ability to draw fans to entertaining content.<br/>- REPUTATION is their ability to draw fans to artistic content.<br/>- PERFORMANCE is their ability to perform entertaining songs live.<br/>- TALENT is their ability to perform artistic songs live.<br/>- PRODUCTION is their ability to compose entertaining music.<br/>- WRITING is their ability to compose artistic music.<br/>- HAPPINESS is the pleasure they currently get from their work.<br/>- ATTITUDE indicates how likely they are to either contribute or cause trouble.<br/><br/>This is a band management sim, and as a band manager it is your job to recruit stars from the music biz. Each week, depending on the size of your team and their collective attitude, new songs may be recorded. Each member of the team contributes their score to a new song, and whoever scores the highest will be credited with making it. Members who are dedicated backstage staff will contribute twice instead of once - inc the chances of a good song being written.<br/><br/>Once songs exist, it is the on-stage performers who must bring it to life. As with writing, each band member on stage contributes their score and the highest determines how well the song was received in each category. This time, it is the ""frontman"" who gets to contribute twice instead of once - so consider who is at the forefront.<br/><br/>The overall rating for a show is the average of all the songs performed - albeit slightly more generous so that perfection is not required. This is also true of album reviews. A 5-star performance may consist of consistent 4-star contributions. Reviews are where your performances feed back into the stats that produced them, because each attribute will rise or fall to reflect what just happened.<br/><br/>When booking venues, you must consider how much it will cost versus how much you are likely to recoup. Tickets are sold at $5 per song so it depends how long your set is. You will receive a percentage of this revenue, and must then use that to pay your employees and any other expenses. Singles are sold at $1 each whereas albums are sold at $1 per song for a maximum of $10 (cha-ching!). If you have a week of inactivity, you may find that you make a loss because of the expenses of your lifestyle (which reflects your wealth). On the independent scene, you take a larger chunk of lower revenue so you will have to migrate to a major label eventually.<br/><br/>I regret there is more to this game than I could ever explain here, so enjoy figuring some things out for yourself! Or join the debate over at Facebook to have any curious questions answered:<br/>www.facebook.com/MDickieFans",MDickie,"Tower House
Lucy Tower Street
Lincoln
LN1 1XW
UK",mat@mdickie.com,5289992214197329711,http://www.MDickie.com,False,True,"{u'1': 6103, u'3': 4409, u'2': 2313, u'5': 26623, u'4': 5989}",True,[Digital Purchases],https://lh3.ggpht.com/BTWXviH4mwGQYfzJBlaAGeDUKXCi3kTWEG26TNEwSAyYEe5mloPHxoqQ5tvsQDPnqQ,"1,000,000+",[Digital Purchases],0,"- Smoother breathing animations.

- New faces and hairstyles from the survival sim, ""Wrecked"".

- Lower lifetyle costs, higher profit margins.

- Enhanced compatibility with the latest hardware and operating systems.",4.0 and up,45437,4.0,[],29M,Popscene (Music Industry Sim),"March 28, 2017",https://play.google.com/store/apps/details?id=air.Popscene&gl=us&hl=en,https://www.youtube.com/embed/T4lWq34M7g0
9,com.jojosiwa.pianotiles.azgeda,[GAME_MUSIC],"[Teen, Suggestive Themes]",1.0,"Now your dream can come true with Jojo Piano Siwa Tiles: Valentine! Just play the best Piano game! FOR FREE!
Jojo Piano Siwa Tiles 2019 is a music game with simple game play similar to other games such as Piano Games, Music Tiles.
More than 75 SONGS! Jojo Siwa Tiles 2019 is a free music game. As a classic piano music game, it is newly designed to add to the Valentine atmosphere & feeling! The pink & purple theme is so romantic and full of love! Enjoy your love story with love music now!
Of course, those classic piano songs such as Boomerang, Dream, and Every Girl is Supergirl are all kept in this Valentine version. We will keep updating more and more modern piano songs with dedicated enthusiasm and diligence.
Jojo Piano Siwa Tiles is constantly updating song lists, nice graphics and clear layouts.
Jojo Piano Siwa Tiles have simple and clear user interface, made for all ages even children can play Jojo Piano Siwa Tiles 2019.","Now your dream can come true with Jojo Piano Siwa Tiles: Valentine! Just play the best Piano game! FOR FREE!<br/><br/>Jojo Piano Siwa Tiles 2019 is a music game with simple game play similar to other games such as Piano Games, Music Tiles.<br/><br/>More than 75 SONGS! Jojo Siwa Tiles 2019 is a free music game. As a classic piano music game, it is newly designed to add to the Valentine atmosphere &amp; feeling! The pink &amp; purple theme is so romantic and full of love! Enjoy your love story with love music now!<br/><br/>Of course, those classic piano songs such as Boomerang, Dream, and Every Girl is Supergirl are all kept in this Valentine version. We will keep updating more and more modern piano songs with dedicated enthusiasm and diligence.<br/><br/>Jojo Piano Siwa Tiles is constantly updating song lists, nice graphics and clear layouts.<br/><br/>Jojo Piano Siwa Tiles have simple and clear user interface, made for all ages even children can play Jojo Piano Siwa Tiles 2019.",AZGEDA,"Jl. Bontomanai 3
Bulurokeng
Makassar
90243",azagedaz@gmail.com,AZGEDA,https://azgeda30.blogspot.com/,False,True,"{u'1': 0, u'3': 0, u'2': 0, u'5': 2, u'4': 0}",False,,https://lh3.googleusercontent.com/nh497_ZkB6aiXRtLinbwYl1uWJhPt_sopDI6-4QEOQ0r2sGBnFaujh0_j40cw7azOw,500+,[In-Game Purchases],0,,4.1 and up,2,5.0,[],50M,Jojo Piano Siwa Tiles 2019,"February 20, 2019",https://play.google.com/store/apps/details?id=com.jojosiwa.pianotiles.azgeda&gl=us&hl=en,
10,unicorn.white.pink.piano.tiles,[GAME_MUSIC],[Everyone],1,"Unicorn Piano tiles is 2019 piano games you will play, you feel like you are a princess butterfly, if you like to play unicorn piano games  with cute piano tiles.
do what all your friends do and play piano tiles unicorn with purple tiles, tap black tiles and don't tap white magic tiles that turns into unicorn with rainbow corn and purple flowers with pink on tiles.
if you search about shooting games, racing games, football games or even princess games, or cooking games or even dress up games  this piano games is like piano tiles purple butterfly and it is free and if you like butterfly piano tiles or gold glitter piano tiles that what you are waiting for download this magic music game now.
Be like all the girls that play other piano games like piano tiles glitter and butterfly piano, tiles also piano princess and you will get the most significant exeperience with piano unicorn game.
when you start playing this exiting piano game you will dream about being pianist, with all the themes that piano, tiles 2019 has and the magic on tiles
with the favorite color, purple tiles and pink, piano tiles  ,butterfly
Features:
* unicorn piano tiles to tap like princess and butterfly
* Bright design and wonderful piano graphic and colors like pink, gold,purple, rainbow piano that will come over
* Original songs and classical piano songs
* HD piano and HD backgrounds of unicorn and flowers
if you search about purple piano tiles or gold glitter piano tiles so download this piano game that is super exiting.
unicorn piano tiles will make you a unicorn and princess when you play this purple piano tiles, like a butterfly that fly on piano games world also if you love pony piano you will get what you want with the rainbow unicorn magic tiles.
Play with your friends the unicorn purple piano tiles 2019 that you search about and enjoy the glitter with it.
if you like unicorn piano tiles too then you will enjoy this piano game and make your dream come true.
get piano tiles rainbow on the unicorn that you will tap and get your favorite songs like piano despacito and kiss the rain and so much more.
challenge your friends on who is the winner by playing your favorite instrument between guitar and drums wich is piano and the advantage of this game is that you have a plenty of themes to choose like piano tiles butterfly and princess piano tiles 1 also glitter piano tiles 5
you will feel like you find diamond piano tiles after all that searching of what suits you like a princess that love pony and glitter tiles.
the more you discover inside this purple piano the more you get surprised by the amazing graphic and the idea of unicorn piano tiles and you will feel like a butterfly flying on diamond tiles.
it will be more themes like panda piano tiles, don't forget kitty piano tiles or even butterfly tiles and more songs like despacito and cat piano.
download this unicorn piano tiles and will not regret
if you have any suggestion about what you love to play on this piano game like songs tell me on the comments below ! Enjoy! this piano game","Unicorn Piano tiles is 2019 piano games you will play, you feel like you are a princess butterfly, if you like to play unicorn piano games  with cute piano tiles.<br/><br/>do what all your friends do and play piano tiles unicorn with purple tiles, tap black tiles and don't tap white magic tiles that turns into unicorn with rainbow corn and purple flowers with pink on tiles. <br/><br/>if you search about shooting games, racing games, football games or even princess games, or cooking games or even dress up games  this piano games is like piano tiles purple butterfly and it is free and if you like butterfly piano tiles or gold glitter piano tiles that what you are waiting for download this magic music game now.   <br/><br/>Be like all the girls that play other piano games like piano tiles glitter and butterfly piano, tiles also piano princess and you will get the most significant exeperience with piano unicorn game. <br/>when you start playing this exiting piano game you will dream about being pianist, with all the themes that piano, tiles 2019 has and the magic on tiles<br/> with the favorite color, purple tiles and pink, piano tiles  ,butterfly  <br/><br/>Features:<br/>* unicorn piano tiles to tap like princess and butterfly<br/>* Bright design and wonderful piano graphic and colors like pink, gold,purple, rainbow piano that will come over<br/>* Original songs and classical piano songs <br/>* HD piano and HD backgrounds of unicorn and flowers<br/><br/>if you search about purple piano tiles or gold glitter piano tiles so download this piano game that is super exiting.<br/>unicorn piano tiles will make you a unicorn and princess when you play this purple piano tiles, like a butterfly that fly on piano games world also if you love pony piano you will get what you want with the rainbow unicorn magic tiles.<br/><br/>Play with your friends the unicorn purple piano tiles 2019 that you search about and enjoy the glitter with it.<br/>if you like unicorn piano tiles too then you will enjoy this piano game and make your dream come true.<br/>get piano tiles rainbow on the unicorn that you will tap and get your favorite songs like piano despacito and kiss the rain and so much more.<br/><br/>challenge your friends on who is the winner by playing your favorite instrument between guitar and drums wich is piano and the advantage of this game is that you have a plenty of themes to choose like piano tiles butterfly and princess piano tiles 1 also glitter piano tiles 5<br/><br/>you will feel like you find diamond piano tiles after all that searching of what suits you like a princess that love pony and glitter tiles.<br/>the more you discover inside this purple piano the more you get surprised by the amazing graphic and the idea of unicorn piano tiles and you will feel like a butterfly flying on diamond tiles.<br/><br/>it will be more themes like panda piano tiles, don't forget kitty piano tiles or even butterfly tiles and more songs like despacito and cat piano. <br/>download this unicorn piano tiles and will not regret<br/>if you have any suggestion about what you love to play on this piano game like songs tell me on the comments below ! Enjoy! this piano game",Cala Games,"12, Av Boh-lal",perlaleonane@gmail.com,5519420102598464056,https://docs.google.com/document/d/e/2PACX-1vSd_nXbPi2uiCWQg5D9_7zNLTWcIfqjYbGtVAz_NERDh2HTsdhUEwxKqu4eExVdsU4X3i6MXDU-0DuF/pub,False,True,"{u'1': 156, u'3': 84, u'2': 30, u'5': 1330, u'4': 153}",False,,https://lh3.googleusercontent.com/XSbbXBakfzS8u7Zqzo1ID5YwGuTBGMVzutPprKKUfQjg0GsI0meadB__GI_W8Nro0WNb,"100,000+",,0,New Features!,4.1 and up,1753,4.4,[],36M,Unicorn Piano Tiles,"March 5, 2019",https://play.google.com/store/apps/details?id=unicorn.white.pink.piano.tiles&gl=us&hl=en,
11,com.paino.alanwalker,[GAME_MUSIC],[Everyone],0.3,"Your favorite song is here at your fingertips, simply enjoy the game by taping on black tiles and trying to match the music beat!.
Alan Walker Piano Tiles DJ is the beast piano tiles ,you can play the most popular song of alan walker like feded & the spectre & mor song.
Disclaimer.
This game is not an official app. There is no copyrighted material, everything we make is done by us including the piano music!","Your favorite song is here at your fingertips, simply enjoy the game by taping on black tiles and trying to match the music beat!.<br/><br/>Alan Walker Piano Tiles DJ is the beast piano tiles ,you can play the most popular song of alan walker like feded &amp; the spectre &amp; mor song.<br/><br/><br/>Disclaimer.<br/><br/>This game is not an official app. There is no copyrighted material, everything we make is done by us including the piano music!",DivStudioApp,,div.bestapp.studio@gmail.com,DivStudioApp,http://appsmoment.net/google/Alan%20Walker%20:%20Best%20Piano%20Tiles%20DJ.html,False,True,"{u'1': 37, u'3': 29, u'2': 9, u'5': 329, u'4': 35}",False,,https://lh3.googleusercontent.com/wAzL5qL7FVcbGrFAQRpsGCTHvFAWl2lpDqzO3_IeHAhLmmVsiWDQxvH47sa948v6iV8,"50,000+",,0,"-Fixe bug

-Add New Song",4.1 and up,439,4.4,[],26M,Alan Walker : Best Piano Tiles DJ,"February 27, 2019",https://play.google.com/store/apps/details?id=com.paino.alanwalker&gl=us&hl=en,
12,gas.game.promagictilespopuler,[GAME_MUSIC],[Everyone],1.5,"Pro Piano Tiles Magic is one of the many free piano games, but this particular one is different from the others because in this game there are popular songs that are enjoyed by everyone, so you will not feel bored playing for a long time.
What you get:
- 100% of this game is free
- simple game; no need to step complicated to play it, just open the application, select a favorite song and you can immediately play it.
- Many popular songs that you know; I am very sure that most of the songs in here you know.
- Quality piano sound; we use midi files, the quality produced will be different, very high quality and according to the beat.
- Game level; when you finish the first stage, for the next stage the piano tiles run faster. allows you to collect more points.
- Collection of points as much as possible to unlock locked songs.
- A very pleasant playing experience.
How to play:
Just tap the tiles that run as much as possible don't miss them, you will lose.
What are you waiting for, install it free for you","Pro Piano Tiles Magic is one of the many free piano games, but this particular one is different from the others because in this game there are popular songs that are enjoyed by everyone, so you will not feel bored playing for a long time.<br/><br/>What you get:<br/>- 100% of this game is free<br/>- simple game; no need to step complicated to play it, just open the application, select a favorite song and you can immediately play it.<br/>- Many popular songs that you know; I am very sure that most of the songs in here you know.<br/>- Quality piano sound; we use midi files, the quality produced will be different, very high quality and according to the beat.<br/>- Game level; when you finish the first stage, for the next stage the piano tiles run faster. allows you to collect more points.<br/>- Collection of points as much as possible to unlock locked songs.<br/>- A very pleasant playing experience.<br/><br/><br/>How to play:<br/>Just tap the tiles that run as much as possible don't miss them, you will lose.<br/><br/>What are you waiting for, install it free for you",GAS DEVELOPERS,,bangider@gmail.com,GAS+DEVELOPERS,https://docs.google.com/document/d/1e9lMsgSa32dtfkhsgUm7WOawcSj3nnJJOxpnk7vcY_A/edit?usp=sharing,False,True,"{u'1': 1, u'3': 0, u'2': 1, u'5': 3, u'4': 1}",False,,https://lh3.googleusercontent.com/Yzx1dV6tM3-aMPQ4smqDOeqE_kt7BtEi5T1qxR2xK2vTmTeEcka38s6fdd3uZEFyLg,500+,,0,,4.1 and up,6,3.7,[],37M,Pro Piano Magic Tiles - Populer Songs Real Midi,"November 22, 2018",https://play.google.com/store/apps/details?id=gas.game.promagictilespopuler&gl=us&hl=en,https://www.youtube.com/embed/eQGl14shJ9Q
13,com.pocketgames.musiverse,[GAME_MUSIC],[Everyone],1.4.2,"PLAY  TO YOUR OWN MUSIC!
Would you listen to your favorite song while you are playing?
Now you can do it and compete with your friends and the whole world to see who's got the best score in Musiverse.
Laid out in the open space, your job is to collect the green cubes and beat your friends to dominate the charts!
Musiverse is the new sensation in the field of rhythm-racing games, go fast, avoid the grey cubes and earn the top spot in the highscore table!
Now Musiverse comes with Everyplay!
Check out awesome game replays shared by players like you from all over the world!
Follow the top players and comment on their performance!
Now with free bundled music included, you can play even if you lack music on your device.
Musiverse offers:
- unique tracks based on the music you're listening to
- daily challenges
- different levels of difficulty
- various control modes
- stunning background visualizations
- facebook integration
- bundled royalty-free music in the game
- FREE DOWNLOAD
- and much more…
*** Legal notice: ***
The game may use music files on your device. We do not take responsibility for any copyright issues.","PLAY  TO YOUR OWN MUSIC!<br/><br/>Would you listen to your favorite song while you are playing?<br/>Now you can do it and compete with your friends and the whole world to see who's got the best score in Musiverse.<br/><br/>Laid out in the open space, your job is to collect the green cubes and beat your friends to dominate the charts!<br/><br/>Musiverse is the new sensation in the field of rhythm-racing games, go fast, avoid the grey cubes and earn the top spot in the highscore table!<br/><br/>Now Musiverse comes with Everyplay!<br/>Check out awesome game replays shared by players like you from all over the world!<br/><br/>Follow the top players and comment on their performance!<br/>Now with free bundled music included, you can play even if you lack music on your device.<br/><br/>Musiverse offers:<br/>- unique tracks based on the music you're listening to<br/>- daily challenges<br/>- different levels of difficulty<br/>- various control modes<br/>- stunning background visualizations<br/>- facebook integration<br/>- bundled royalty-free music in the game<br/>- FREE DOWNLOAD<br/>- and much more…<br/> <br/><br/>*** Legal notice: ***<br/><br/>The game may use music files on your device. We do not take responsibility for any copyright issues.",Pocket Games ltd,"1185 Budapest, Üllői út 758.",support@pocketgames.eu,7881030381325808319,http://www.pocketgames.eu,False,True,"{u'1': 1219, u'3': 1010, u'2': 429, u'5': 14842, u'4': 2355}",True,"[$0.99, $10.99]",https://lh3.googleusercontent.com/nlFqTPcZXgAALxOi_qPS8FJF9kLsgvzbDKU_uC-gFKYRYqke6KaPVyQkawrBfU68c4s,"500,000+","[Shares Info, Digital Purchases]",0,Minor bugfixes,4.1 and up,19855,4.5,[],26M,Musiverse,"October 3, 2018",https://play.google.com/store/apps/details?id=com.pocketgames.musiverse&gl=us&hl=en,https://www.youtube.com/embed/WQo6L7l1kG4
14,el.ez.alanwalkerpianotiles,[GAME_MUSIC],[Everyone],0.3,"Alan Walker Piano best free music game in the world
Playing Alan Walker songs to become a professional pianist, it's not a dream.
Alan Walker Piano game is :
- Create beautiful melodies
- Wonderful piano music
- Increase your game speed to win more points
- Improve your reflex level to unlock other melodies
- Create beautiful melodies under the rhythms of Alan Walker with his song Faded
Play free piano online! This wonderful piano game offers you challenges and surprises that you can not imagine.
Rule of the game :
It's very simple, just tap the black tiles and avoid the white tiles. That's all !
Game Features:
* 100% Free game music
* Awesome game design and graphic
* Collect coins
* High quality piano music soundtracks
* Smooth game playing experience
* Features a large collection of piano songs
* Get experience, open new levels.
Try out this music tiles game now and improve your reaction speed and musical skill!
* Piano game * The Pianist * Alan Walker Piano","Alan Walker Piano best free music game in the world<br/>Playing Alan Walker songs to become a professional pianist, it's not a dream.<br/><br/>Alan Walker Piano game is :<br/><br/>- Create beautiful melodies<br/>- Wonderful piano music<br/>- Increase your game speed to win more points<br/>- Improve your reflex level to unlock other melodies<br/>- Create beautiful melodies under the rhythms of Alan Walker with his song Faded<br/><br/>Play free piano online! This wonderful piano game offers you challenges and surprises that you can not imagine.<br/><br/>Rule of the game :<br/><br/>It's very simple, just tap the black tiles and avoid the white tiles. That's all !<br/><br/><br/>Game Features:<br/>* 100% Free game music<br/>* Awesome game design and graphic<br/>* Collect coins<br/>* High quality piano music soundtracks<br/>* Smooth game playing experience<br/>* Features a large collection of piano songs<br/>* Get experience, open new levels.<br/><br/>Try out this music tiles game now and improve your reaction speed and musical skill!<br/><br/><br/>* Piano game * The Pianist * Alan Walker Piano",PianoTiles,,thepianist.app@gmail.com,PianoTiles,http://appsmoment.net/google/Alan%20Walker%20Piano.html,False,True,"{u'1': 8, u'3': 1, u'2': 0, u'5': 24, u'4': 4}",False,,https://lh3.googleusercontent.com/FCS77vSih6_Pm8gSUBOn8VbDjowxUw10QTIxZ_ff4Odmh8KJpncZrzt3J6EwKQCC-ko,"5,000+",,0,Alan Walker Piano Game v0.3,4.1 and up,37,4.0,[],26M,Alan Walker Piano,"March 12, 2019",https://play.google.com/store/apps/details?id=el.ez.alanwalkerpianotiles&gl=us&hl=en,
15,com.zimbronapps.pubgsounds,[GAME_MUSIC],[Everyone],v1.4,"Use this app to say your friends, your favorite pubg mobile sound.
Check it out!","Use this app to say your friends, your favorite pubg mobile sound.<br/><br/>Check it out!",ZimbronApps.com,"Altamira, Tamaulipas, Mexico",gustavo@zimbronapps.com,ZimbronApps.com,http://zimbronapps.com,False,True,"{u'1': 9, u'3': 2, u'2': 0, u'5': 32, u'4': 2}",False,,https://lh3.googleusercontent.com/39TLxVIMbEN5uj__h2MDd_tef0L6xY1K4k4ZO2UUlpq2rbqOzLqaaPZDsBeom1GZixY,"10,000+",,0,"* Share the sounds!

* Added ""Classic"" Voices

All pubg mobile sounds

* English and Spanish Language App",4.1 and up,45,4.1,[],10M,Pubg Sounds,"February 27, 2019",https://play.google.com/store/apps/details?id=com.zimbronapps.pubgsounds&gl=us&hl=en,
16,com.amanotes.pamamusicblock,[GAME_MUSIC],[Everyone],1.0,"Pink Piano vs Tiles 3: Free Music Game is an easy game to play, but nice for the kids and music lovers.
Play the beautiful songs piano on mobile with just one finger.
Try to get the tiles, blocks, bricks fall singing a piano music as professionals.
Try now for free!","Pink Piano vs Tiles 3: Free Music Game is an easy game to play, but nice for the kids and music lovers.<br/><br/>Play the beautiful songs piano on mobile with just one finger.<br/><br/>Try to get the tiles, blocks, bricks fall singing a piano music as professionals.<br/><br/>Try now for free!",AMANOTES,470 NORTH BRIDGE ROAD #05-12 BUGIS CUBE SINGAPORE (188735),pama.support@amanotes.com,6093352993398167860,http://amanotes.com,False,True,"{u'1': 84, u'3': 39, u'2': 9, u'5': 417, u'4': 49}",True,"[$0.99, $4.99]",https://lh3.googleusercontent.com/paPJjXTqI67UNQEL5EkjnkaO4PcQQTwSXkGxF1Hk9Z4PBqzcP6dwHg5rAvTxMp3jlP8n,"100,000+",,0,"- Minor bugs fixed

- Game performance improved We know you have many options.


Thank you for choosing this game today.

The game is updated frequently for your better experience.",5.0 and up,598,4.2,[],40M,Pink Piano vs Tiles 3: Free Music Game,"January 9, 2019",https://play.google.com/store/apps/details?id=com.amanotes.pamamusicblock&gl=us&hl=en,https://www.youtube.com/embed/1yimFMd1GMU
17,com.tpvapps.simpledrumsrock,[GAME_MUSIC],[Everyone],1.5.4,"Simple Drums - Rock is simple and easy to use. The main menu presents you with the 4 realistic drum kits and the drum pads to choose from: tap on one and start jamming! You can tweak the volume and tune of each individual cymbal and drum from the master volume options, and tapping on the play button presents you with 40 different rock, metal, and jazz tracks to jam to. You can play to your own MP3 tracks - simply by tapping on the play button and choosing MP3, then selecting from the tracks on your device. Simple Drums - Rock is incredibly responsive to your touch, and support multi-touch playing. And most importantly, the sound quality is very pleasing!
Really easy and simple to use. Quick response time. Supports multi-touch. Have Fun!
Features:
- Support Multi-touch.
- 25 realistic percussion sounds.
- 40 jam tracks.
- 4 different real drum set.
- Drum Pads.
- Reverb FX, Hall & Room.
- Animated effects.
- Realistic graphic.
- Simple and easy to use.","Simple Drums - Rock is simple and easy to use. The main menu presents you with the 4 realistic drum kits and the drum pads to choose from: tap on one and start jamming! You can tweak the volume and tune of each individual cymbal and drum from the master volume options, and tapping on the play button presents you with 40 different rock, metal, and jazz tracks to jam to. You can play to your own MP3 tracks - simply by tapping on the play button and choosing MP3, then selecting from the tracks on your device. Simple Drums - Rock is incredibly responsive to your touch, and support multi-touch playing. And most importantly, the sound quality is very pleasing!<br/>Really easy and simple to use. Quick response time. Supports multi-touch. Have Fun!<br/><br/>Features:<br/>- Support Multi-touch.<br/>- 25 realistic percussion sounds.<br/>- 40 jam tracks.<br/>- 4 different real drum set.<br/>- Drum Pads.<br/>- Reverb FX, Hall &amp; Room.<br/>- Animated effects.<br/>- Realistic graphic.<br/>- Simple and easy to use.",TPVapps,"Alkkulanraitti 45
95600 Ylitornio, Finland",info@tpvapps.com,6439584985733600562,http://www.tpvapps.com/,False,True,"{u'1': 6253, u'3': 7782, u'2': 2502, u'5': 60554, u'4': 10256}",True,[Everyone],https://lh3.googleusercontent.com/LzptDAkQ5kn6L_XnXI1pUbp2LTR1JD_XDfX9WBqjERZxXBZ5MbfIyXa063ts8bJsf5g,"10,000,000+",,0,Record drum feature added,4.1 and up,87347,4.3,[],10M,Simple Drums Rock - Realistic Drum Set,"March 15, 2019",https://play.google.com/store/apps/details?id=com.tpvapps.simpledrumsrock&gl=us&hl=en,https://www.youtube.com/embed/vYDN68-_wUk
18,com.dalcomsoft.ssb,[GAME_MUSIC],[Everyone],1.4.1,"BTS Rhythm Game - SuperStar BTS Finally Released!
Worldwide SuperStar BTS Rhythm Game 'SuperStar BTS'
# Contains BTS songs
From BTS Debut Albums To Latest Albums! Play Them All!
# BTS Card Collection
Collect BTS members' cards and Upgrade to more beautiful cards!
Captivating BTS Signed Card and Prism Card! Collect Them All!
# The Competitive Mode For 7 Days
Weekly League Ranking Rewards!
Power Up Your Cards! Reach To Higher Ranking!
# New Missions Every Day!
Clear Daily Missions! Level Up? Additional Missions Appears!
Accomplish Achievement To Receive Bonus!
-----------------
[Access Permission Rights For Smart Device App]
SuperStar BTS hereby asks you to grant permission to access specific apps in smart devices to provide the Service as set forth in these Terms of Service.
*Required Access Rights*
Picture (Photos / Gallery) / Video / File : To save a game data
Read, Record and Save at External Storage : To save sound source data cache and game options
Device ID and Call Information : Advertising Tracking Research and Token Generation For The Push Notification
Wi-Fi Connection Information : To send a message about Wi-Fi connection when there is an additional data download
ID : Required for 'User Account Generation and Check'
[Access Permission Revoke]
Settings > SuperStar BTS > Access Agree or Access Revoke
※ Visual Setting
If beatmap notes come down slowly, [GAME SETTINGS] - [Game Option] - check ""Low Resolution""
※ Should you have any further questions or requests, please do not hesitate to contact us through support.superstar.bts@dalcomsoft.com
-----------------
[Dalcomsoft Support E-mail address for SuperStar BTS]
E-MAIL: support.superstar.bts@dalcomsoft.com
Call : +82 070-4287-1522
-----------------","BTS Rhythm Game - SuperStar BTS Finally Released!<br/><br/>Worldwide SuperStar BTS Rhythm Game 'SuperStar BTS'<br/><br/># Contains BTS songs<br/>From BTS Debut Albums To Latest Albums! Play Them All! <br/><br/># BTS Card Collection<br/>Collect BTS members' cards and Upgrade to more beautiful cards!<br/>Captivating BTS Signed Card and Prism Card! Collect Them All!<br/><br/># The Competitive Mode For 7 Days<br/>Weekly League Ranking Rewards!<br/>Power Up Your Cards! Reach To Higher Ranking! <br/><br/># New Missions Every Day!<br/>Clear Daily Missions! Level Up? Additional Missions Appears!<br/>Accomplish Achievement To Receive Bonus!<br/><br/>-----------------<br/>[Access Permission Rights For Smart Device App]<br/><br/>SuperStar BTS hereby asks you to grant permission to access specific apps in smart devices to provide the Service as set forth in these Terms of Service.<br/><br/>*Required Access Rights*<br/>Picture (Photos / Gallery) / Video / File : To save a game data<br/>Read, Record and Save at External Storage : To save sound source data cache and game options<br/>Device ID and Call Information : Advertising Tracking Research and Token Generation For The Push Notification<br/>Wi-Fi Connection Information : To send a message about Wi-Fi connection when there is an additional data download<br/>ID : Required for 'User Account Generation and Check'<br/><br/>[Access Permission Revoke]<br/>Settings &gt; SuperStar BTS &gt; Access Agree or Access Revoke<br/><br/>※ Visual Setting<br/>If beatmap notes come down slowly, [GAME SETTINGS] - [Game Option] - check ""Low Resolution""<br/><br/>※ Should you have any further questions or requests, please do not hesitate to contact us through support.superstar.bts@dalcomsoft.com<br/><br/>-----------------<br/>[Dalcomsoft Support E-mail address for SuperStar BTS]<br/>E-MAIL: support.superstar.bts@dalcomsoft.com<br/>Call : +82 070-4287-1522<br/>-----------------","Dalcomsoft, Inc.",06050 대한민국 서울특별시 강남구 언주로 723 3층 주식회사 달콤소프트,support.superstar.bts@dalcomsoft.com,4664789775367837521,http://www.dalcomsoft.com,True,True,"{u'1': 7440, u'3': 7137, u'2': 2684, u'5': 317910, u'4': 16634}",True,"[$0.99, $94.99]",https://lh3.googleusercontent.com/PP4ikA4lAJ2OXpBlnaPWKunsjCyZVWrCu8xovvo6ufcaM0wIDV2uIv1vgltiUOHAT1gj,"5,000,000+",[Digital Purchases],0,"Change App Icon

Minor Bug Fixes",4.1 and up,351805,4.8,[],62M,SuperStar BTS,"March 7, 2019",https://play.google.com/store/apps/details?id=com.dalcomsoft.ssb&gl=us&hl=en,https://www.youtube.com/embed/l3_YJey81Fg
19,pianist.everyone.piano.tiles.duongcam,[GAME_MUSIC],[Everyone],1.4,"FEATURES
✔ Full piano keyboard with 88 keys
✔ Supports a wide variety of keyboard instruments (Piano, Grand Piano, Pipe Organ, Harpsichord, Accordion, Electric Guitar, Harp, Cello Pizzicato, Guzheng, Nylon Guitar, Plucked String, Music Box, Sitar, Xylophone, Harp, Vibes, Clarinet, Ukulele, Brass, Thai Bells, Tabbla, Dizi, Banjo, Flute, Saxophone, Cellto, Hamonica, Trumpet, Violin, Panpipe, Maracas, Tuba, Dulcimer, Kalimba,...)
✔ Multi play modes help you practice more easily: Piano Tiles, Piano Keyboard, MIDI Keyboard
✔ Dual piano keyboard with full feature make playing music easier
✔ There are more than 650,000+ songs for you to practice
✔ Recording your song
✔ Connect and play with MIDI keyboard
✔ Save downloaded MIDI file to external storage
✔ Read and Playback recordings from external storage
✔ Load MIDI file to external storage to play on virtual piano (on app) or real piano device (MIDI Keyboard) with USB OTG Cable/MIDI Cable","FEATURES<br/>✔ Full piano keyboard with 88 keys<br/>✔ Supports a wide variety of keyboard instruments (Piano, Grand Piano, Pipe Organ, Harpsichord, Accordion, Electric Guitar, Harp, Cello Pizzicato, Guzheng, Nylon Guitar, Plucked String, Music Box, Sitar, Xylophone, Harp, Vibes, Clarinet, Ukulele, Brass, Thai Bells, Tabbla, Dizi, Banjo, Flute, Saxophone, Cellto, Hamonica, Trumpet, Violin, Panpipe, Maracas, Tuba, Dulcimer, Kalimba,...)<br/>✔ Multi play modes help you practice more easily: Piano Tiles, Piano Keyboard, MIDI Keyboard<br/>✔ Dual piano keyboard with full feature make playing music easier<br/>✔ There are more than 650,000+ songs for you to practice<br/>✔ Recording your song<br/>✔ Connect and play with MIDI keyboard<br/>✔ Save downloaded MIDI file to external storage<br/>✔ Read and Playback recordings from external storage<br/>✔ Load MIDI file to external storage to play on virtual piano (on app) or real piano device (MIDI Keyboard) with USB OTG Cable/MIDI Cable",SENSOR NOTES,"Level 20, Tower 2, 1 Raffles Place, Singapore, 048616",guitartabsapps@gmail.com,4619189391945421469,http://sensornotes.com,False,True,"{u'1': 63, u'3': 123, u'2': 23, u'5': 1377, u'4': 237}",True,"[$0.99, $21.99]",https://lh3.googleusercontent.com/QtPrq9IckjJrWx91UJk4Lt6wS-cP0_pLHVW7DznFJryTwTTXuNJ3_BIxpLt-Utc0dZY,"50,000+",,0,"- New style for left hand & left hand

- New visualizer

- New style

- Fix bug",4.2 and up,1823,4.6,[],25M,Piano Detector,"March 1, 2019",https://play.google.com/store/apps/details?id=pianist.everyone.piano.tiles.duongcam&gl=us&hl=en,https://www.youtube.com/embed/3eba27rjHzQ
20,com.piano.classictilshavanass,[GAME_MUSIC],[Everyone],0.3,"The description of Havana Piano Tiles 2019
Havana Piano Tiles 2019 is the latest hit piano app to take android by storm.
With this piano app even a child can play classical songs like a real piano master. It’s easy to learn and incredibly fun to play.
super fun and highly addictive game suited for everyone best game 2019.
No special skills needed for Piano Tiles Piano Play, all this game asks of you is an attentive mind and fast fingers!
The music will come out after you're first on the Piano screen,
And make sure you can follow Instrument while tapping on the tiles,
If you can finish this game, you will get Brice, this game is very fun ..
We've also provided levels that may be fun for you.
HOW TO PLAY:
Piano Music Tiles is very easy to play. The rule is simple.
1) Tap on the black tiles continuously to play the music.
2) Watch out for the white tiles and never miss any black tiles to complete every song!
3) There will be long tiles also, which requires you to hit & hold until the end of the long tiles.
4) For the BIG tiles, you must hit the black tiles many times before it vanishes.
FEATURES:
1) Awesome graphics and sound effects. You will feel like you are playing a real grand piano.
2) High quality piano music soundtracks. Features a large collection of over +80 piano songs by far, from Mozart to Beethoven.
3) 3 instruments: Grand Piano, Electric Piano and Harpsichord!
4) Simple to play, difficult to excel. Keep tapping only the black tiles can be a real challenge when you are playing in a high-speed scenario.
5) Smooth gaming experience. We tried our best to turn your mobile phone into a grand piano with real sound effects.
6) Regular Updates! We are frequently updating Piano Music Tiles : Valentine to fix any bugs and come up with new awesome features.
7) After you play the whole piano song, you can enter the ENDLESS mode directly by tap the Fast Play button.
8) Mark your favorite songs freely. Easy to access your favorites and those songs recently played.
9) Achievements! Play the best, win the most! Hit great achievements to win tons of diamonds and coins!
Download Havana Piano Tiles 2019: Romance now and play forever for FREE while improving your tapping skill, reaction speed and music talent! Be the best music player!","The description of Havana Piano Tiles 2019<br/>Havana Piano Tiles 2019 is the latest hit piano app to take android by storm.<br/>With this piano app even a child can play classical songs like a real piano master. It’s easy to learn and incredibly fun to play.<br/><br/>super fun and highly addictive game suited for everyone best game 2019.<br/>No special skills needed for Piano Tiles Piano Play, all this game asks of you is an attentive mind and fast fingers!<br/><br/>The music will come out after you're first on the Piano screen,<br/>And make sure you can follow Instrument while tapping on the tiles,<br/>If you can finish this game, you will get Brice, this game is very fun ..<br/>We've also provided levels that may be fun for you.<br/><br/>HOW TO PLAY:<br/>Piano Music Tiles is very easy to play. The rule is simple. <br/>1) Tap on the black tiles continuously to play the music. <br/>2) Watch out for the white tiles and never miss any black tiles to complete every song! <br/>3) There will be long tiles also, which requires you to hit &amp; hold until the end of the long tiles. <br/>4) For the BIG tiles, you must hit the black tiles many times before it vanishes.<br/><br/>FEATURES:<br/>1) Awesome graphics and sound effects. You will feel like you are playing a real grand piano.<br/>2) High quality piano music soundtracks. Features a large collection of over +80 piano songs by far, from Mozart to Beethoven.<br/>3) 3 instruments: Grand Piano, Electric Piano and Harpsichord!<br/>4) Simple to play, difficult to excel. Keep tapping only the black tiles can be a real challenge when you are playing in a high-speed scenario.<br/>5) Smooth gaming experience. We tried our best to turn your mobile phone into a grand piano with real sound effects. <br/>6) Regular Updates! We are frequently updating Piano Music Tiles : Valentine to fix any bugs and come up with new awesome features.<br/>7) After you play the whole piano song, you can enter the ENDLESS mode directly by tap the Fast Play button.<br/>8) Mark your favorite songs freely. Easy to access your favorites and those songs recently played.<br/>9) Achievements! Play the best, win the most! Hit great achievements to win tons of diamonds and coins!<br/><br/>Download Havana Piano Tiles 2019: Romance now and play forever for FREE while improving your tapping skill, reaction speed and music talent! Be the best music player!",studio-red,,studifortna@gmail.com,studio-red,https://www.wix.com/dashboard/e469acfb-7a9c-4341-8526-28efa83eca3e/home,False,True,"{u'1': 1, u'3': 2, u'2': 0, u'5': 20, u'4': 1}",False,,https://lh3.googleusercontent.com/tq-v9N7Z30iW1HtZd_qLO9WaYnnmAyjTvT7CDsf6QiviGfGFrFub7I19B-2wqpc850sM,"1,000+",,0,Apk version 0.3,2.3 and up,24,4.6,[],7.2M,Havana Piano Tiles,"February 23, 2019",https://play.google.com/store/apps/details?id=com.piano.classictilshavanass&gl=us&hl=en,
21,com.dach.development.ariana.fulltiles,[GAME_MUSIC],[Everyone],1.6,"Ariana Grande Piano Game 2 is an app very easy to play.
You just have to touch the black keys fast to hear the melody as smoothly as possible, but you have to avoid touching the white keys, in the challenge mode, you need collect 5 song notes for win one star that would you need to get the newest songs
Note: Challenge mode has a trick to collect more stars, find it
Use your thumbs or play with one finger, collect as many tiles as you can and obtain the other songs.
You can help us to improve the app with comments that you would like us to add or remove.
The application is free for entertainment purposes only but it contains ads that help us to finance our developments, this can be annoying to some people but we ask for your understanding
You can write your suggestions to:  dach.development@gmail.com
We are here to listen and receive your comments.
Thank you, enjoy it.
DISCLAIMER:
Ariana Grande Piano Game 2 is an unofficial fan application. It is not affiliated with or endorsed by Ariana Grande, their management, or her record label.
This app does not include any copyrighted material.
The piano melodies are arranged with individual piano notes
This app is for entertainment purposes only.
FEEDBACK:
Feel free to email us song requests, issues, comments, and suggestions, with your comments and support, we can add more songs and make better apps!","Ariana Grande Piano Game 2 is an app very easy to play.<br/><br/>You just have to touch the black keys fast to hear the melody as smoothly as possible, but you have to avoid touching the white keys, in the challenge mode, you need collect 5 song notes for win one star that would you need to get the newest songs<br/><br/>Note: Challenge mode has a trick to collect more stars, find it<br/><br/>Use your thumbs or play with one finger, collect as many tiles as you can and obtain the other songs.<br/><br/>You can help us to improve the app with comments that you would like us to add or remove.<br/><br/>The application is free for entertainment purposes only but it contains ads that help us to finance our developments, this can be annoying to some people but we ask for your understanding<br/><br/>You can write your suggestions to:  dach.development@gmail.com <br/><br/>We are here to listen and receive your comments.<br/><br/>Thank you, enjoy it.<br/><br/><br/>DISCLAIMER:<br/>Ariana Grande Piano Game 2 is an unofficial fan application. It is not affiliated with or endorsed by Ariana Grande, their management, or her record label.<br/><br/>This app does not include any copyrighted material. <br/>The piano melodies are arranged with individual piano notes<br/> This app is for entertainment purposes only.<br/><br/>FEEDBACK:<br/>Feel free to email us song requests, issues, comments, and suggestions, with your comments and support, we can add more songs and make better apps!",DACHDEV,Torreón Coahuila México.,dach.development@gmail.com,8268959644880382170,http://www.dachdev.com,False,True,"{u'1': 391, u'3': 82, u'2': 59, u'5': 547, u'4': 83}",False,,https://lh3.googleusercontent.com/reGwucf8pSI0uC5gKzahkBJt9mHMimpOw6ghjTeWaVnSGfjWC1jThXfc94mWQpDeN6o-,"100,000+",,0,"*8 New songs

* We remove some stars",2.3.3 and up,1162,3.3,[],9.7M,Ariana Grande Piano Game 2,"July 6, 2016",https://play.google.com/store/apps/details?id=com.dach.development.ariana.fulltiles&gl=us&hl=en,
22,com.music.game.bluesky.fnaf,[GAME_MUSIC],[Everyone],4.4,"Five Nights at Freddy's Piano Game game is appear in piano game with exactly beats of Five Nights at Freddy's songs. Tap to screen and feel the music
Ever had a dream of being an cool pianist surrounded by friends and family? Ever dreamed of playing Piano Tiles with your idol songs? Five Nights at Freddy's piano songs?
This is a super fun Piano game and highly great game for everyone.
No special skills needed for Five Nights at Freddy's Piano Game, all is tap to screen!
Five Nights at Freddy's Piano Game game features:
1.Speed challenge piano game.
2.Your favorite songs is all here with 400+ songs
3.There are more songs of other us uk singers
4.New song update daily
6.Unlock next songs by 2 stars
Game rules:
Tap on the piano tiles while listening to music. Tap to black and start of color tiles. Enjoy us uk music, improve your speed!
DISCLAIMER:
Five Nights at Freddy's Piano Game is an unofficial fan application. It is not affiliated with or endorsed by Five Nights at Freddy's, their management, or record label.
This app does not include any copyrighted material.
The piano melodies are arranged with individual piano notes
This app is for entertainment purposes only.
FEEDBACK:
Feel free to email us song requests, issues, comments, and suggestions, with your comments, we can add more songs and make better games ever! Thank you for download game!","Five Nights at Freddy's Piano Game game is appear in piano game with exactly beats of Five Nights at Freddy's songs. Tap to screen and feel the music<br/>Ever had a dream of being an cool pianist surrounded by friends and family? Ever dreamed of playing Piano Tiles with your idol songs? Five Nights at Freddy's piano songs?<br/>This is a super fun Piano game and highly great game for everyone.<br/>No special skills needed for Five Nights at Freddy's Piano Game, all is tap to screen!<br/><br/>Five Nights at Freddy's Piano Game game features:<br/>1.Speed challenge piano game.<br/>2.Your favorite songs is all here with 400+ songs<br/>3.There are more songs of other us uk singers <br/>4.New song update daily<br/>6.Unlock next songs by 2 stars<br/><br/>Game rules:<br/>Tap on the piano tiles while listening to music. Tap to black and start of color tiles. Enjoy us uk music, improve your speed!<br/><br/>DISCLAIMER:<br/>Five Nights at Freddy's Piano Game is an unofficial fan application. It is not affiliated with or endorsed by Five Nights at Freddy's, their management, or record label.<br/><br/>This app does not include any copyrighted material.<br/>The piano melodies are arranged with individual piano notes<br/>This app is for entertainment purposes only.<br/><br/>FEEDBACK:<br/>Feel free to email us song requests, issues, comments, and suggestions, with your comments, we can add more songs and make better games ever! Thank you for download game!",Lionel Light,,goldenstudio1997@gmail.com,Lionel+Light,https://www.freeprivacypolicy.com/privacy/view/f1076d50d336affaaa0a018507dd87a2,False,True,"{u'1': 28, u'3': 5, u'2': 3, u'5': 65, u'4': 6}",False,,https://lh3.googleusercontent.com/BxiX8RiTIiO7n8bo_p1UxoIqf1KicVb0b4xGrMzVI5QaxKWFoUEdqJ7ATA8CQTL0TQ8,"10,000+",,0,,4.1 and up,107,3.7,[],32M,FNAF Piano Game,"January 14, 2019",https://play.google.com/store/apps/details?id=com.music.game.bluesky.fnaf&gl=us&hl=en,
23,com.piano.cncotilesgm,[GAME_MUSIC],[Everyone],0.5,"Famous Piano tiles are easy to play and very challenging!
we have developed a special piano game for CNCO Piano 2019 Fans around the World.
No special skills are required, all these games are asking you is an attentive mind and quick fingers!
Easy to play for all ages.
There are a lot of CNCO Piano songs to play. Choose one of your favorite songs to win this game.
Game features:
1- Diganle .
2- Hey Dj .
3- Mamita .
4- Reggaeton Lento .
5- Se Vuelve Loca .
Disclaimer
All content in this app it not our trademark, we only get the content from search engine website. please let me knwor if your original content want to remove from our app.
- Piano given here only promotion purposes only
- Still better you buy the original cd or dvd
this app has never been hosted
:: This app os for fun only can be heard offline and only for promotion, we are not reseponsible copyright issues.
Thank u","Famous Piano tiles are easy to play and very challenging!<br/>we have developed a special piano game for CNCO Piano 2019 Fans around the World.<br/>No special skills are required, all these games are asking you is an attentive mind and quick fingers!<br/>Easy to play for all ages.<br/>There are a lot of CNCO Piano songs to play. Choose one of your favorite songs to win this game.<br/>Game features:<br/><br/>1- Diganle .<br/>2- Hey Dj .<br/>3- Mamita .<br/>4- Reggaeton Lento .<br/>5- Se Vuelve Loca .<br/><br/>Disclaimer<br/><br/>All content in this app it not our trademark, we only get the content from search engine website. please let me knwor if your original content want to remove from our app.<br/>- Piano given here only promotion purposes only<br/>- Still better you buy the original cd or dvd<br/>this app has never been hosted<br/>:: This app os for fun only can be heard offline and only for promotion, we are not reseponsible copyright issues.<br/>Thank u",studio-red,,studifortna@gmail.com,studio-red,https://www.wix.com/dashboard/e469acfb-7a9c-4341-8526-28efa83eca3e/home,False,True,"{u'1': 0, u'3': 0, u'2': 1, u'5': 8, u'4': 0}",False,,https://lh3.googleusercontent.com/l9a7UQqxQVvUAcStZQnA-eBdUTeHLDJbEJrrp9GDe5eR9o_wGVzgZAW7NwbvzXeVIMM,"1,000+",,0,Apk version 0.5,4.1 and up,9,4.7,[],15M,Cnco New Piano Tiles,"March 6, 2019",https://play.google.com/store/apps/details?id=com.piano.cncotilesgm&gl=us&hl=en,
24,com.turner.peterpanicgame,[GAME_MUSIC],[Everyone],9.0,"Pack peanuts, accidentally worship demons and save the theater in this fully original mobile musical! Featuring fast-paced mini-games, original songs and incredible Broadway talent! Play as Peter, an aspiring young director who wants to bring theater back to his quaint hometown. Put your fingers to the test by performing dozens of challenging mini games to convince the local weirdos to join the cause.
You can experience the entire adventure for free! An optional premium upgrade will allow you to save your progress.
-  A full Broadway musical for your pocket
-  Save your local theater with rapid-fire mini game challenges
-  Fully original book, lyrics and score performed by a full cast
-  Features Broadway talent from Fun Home, Hair, The Little Mermaid, Motown, Spring Awakening and On Your Feet!
-  Upstage your friends in the leaderboards
Follow Us:
Facebook - http://www.facebook.com/adultswimgames
Twitter - https://www.twitter.com/adultswimgames
Our Website - http://www.games.adultswim.com
The Terms of Use for this app includes arbitration for disputes – see http://www.adultswim.com/footer/legal/terms-of-use.html","Pack peanuts, accidentally worship demons and save the theater in this fully original mobile musical! Featuring fast-paced mini-games, original songs and incredible Broadway talent! Play as Peter, an aspiring young director who wants to bring theater back to his quaint hometown. Put your fingers to the test by performing dozens of challenging mini games to convince the local weirdos to join the cause.<br/><br/>You can experience the entire adventure for free! An optional premium upgrade will allow you to save your progress.<br/><br/>-  A full Broadway musical for your pocket<br/>-  Save your local theater with rapid-fire mini game challenges<br/>-  Fully original book, lyrics and score performed by a full cast<br/>-  Features Broadway talent from Fun Home, Hair, The Little Mermaid, Motown, Spring Awakening and On Your Feet!<br/>-  Upstage your friends in the leaderboards<br/><br/>Follow Us:<br/>Facebook - http://www.facebook.com/adultswimgames<br/>Twitter - https://www.twitter.com/adultswimgames<br/>Our Website - http://www.games.adultswim.com<br/><br/>The Terms of Use for this app includes arbitration for disputes – see http://www.adultswim.com/footer/legal/terms-of-use.html",[adult swim] games,"1065 Williams St
Atlanta, GA 30309",adultswimdotcom@gmail.com,%5Badult+swim%5D+games,https://twitter.com/peterpanicgame,False,True,"{u'1': 57, u'3': 33, u'2': 21, u'5': 172, u'4': 27}",True,"[$0.99, $2.99]",https://lh3.googleusercontent.com/dyoQISgdjVuHWY7qTLLaTb40aGjlwm0tvb-qUhuHpfPH4yft2PO-OAZJ8UvApdYTt4lT,"10,000+",[Digital Purchases],0,Presenting the stunning conclusion of Peter Panic! HELP Peter make his way through five brand new levels in ADULT SWIM’s mobile musical! You WON’T want to miss all the new Broadway talent! And LET US not forget - we’ve OUTdone ourselves with special guests Swery and Danny Baranowsky! Peter has awakened a demon with a thirst for theater! Will he be able to get his town and the world out OF THIS predicament? Download Peter Panic now to find out!,2.3 and up,310,3.8,[],93M,Peter Panic,"November 8, 2016",https://play.google.com/store/apps/details?id=com.turner.peterpanicgame&gl=us&hl=en,
