,app_id,category,content_rating,current_version,description,description_html,developer,developer_address,developer_email,developer_id,developer_url,editors_choice,free,histogram,iap,iap_range,icon,installs,interactive_elements,price,recent_changes,required_android_version,reviews,score,screenshots,size,title,updated,url,video
0,com.lcmobilapp.trickytesttob,[GAME_TRIVIA],[Everyone],1.1,"Just answer all ""questions"". Sounds easy enough... however, you will have to use your crazy skills, reflexes and a nice bit taste of logic in order to be able to solve that.
Some questions will have out-of-logic answers! Don't get fooled by its visuals and wordplay. Each question will push your creativity to the limit. You will have to try to think outside the box. Will you be able to solve all the tricky questions?
Features:
- 80+ fun and tricky questions
- Fun for all ages
- Tap, shake or rub your Phone in any possible way","Just answer all ""questions"". Sounds easy enough... however, you will have to use your crazy skills, reflexes and a nice bit taste of logic in order to be able to solve that.<br/>Some questions will have out-of-logic answers! Don't get fooled by its visuals and wordplay. Each question will push your creativity to the limit. You will have to try to think outside the box. Will you be able to solve all the tricky questions?<br/><br/>Features:<br/><br/>- 80+ fun and tricky questions<br/>- Fun for all ages<br/>- Tap, shake or rub your Phone in any possible way",lcmobileapp79,"253 mark avenue
santa clara, ca
95051
usa",luis95051@yahoo.com,lcmobileapp79,http://gabitrueftp1.com/privacy/privacypolicy.htm,False,True,"{u'1': 345, u'3': 128, u'2': 83, u'5': 536, u'4': 74}",False,,https://lh3.googleusercontent.com/iOPV4-U_ksGKaSyOYucOrh4gAwdyF6gUV2MIfDYfqciWh0Gfy2p_qqlSUmkOIsbBZc4,"100,000+",,0,,2.2 and up,1166,3.3,[],30M,Tricky Test 4,"January 22, 2018",https://play.google.com/store/apps/details?id=com.lcmobilapp.trickytesttob&gl=us&hl=en,
