,app_id,category,content_rating,current_version,description,description_html,developer,developer_address,developer_email,developer_id,developer_url,editors_choice,free,histogram,iap,iap_range,icon,installs,interactive_elements,price,recent_changes,required_android_version,reviews,score,screenshots,size,title,updated,url,video
0,com.triangular.game.studio.words.world,[GAME_WORD],[Everyone],1.9,"Word Connect is an exciting puzzle game for learning new words !
Concentrate to find all hidden words in given letters and connect them the way you like to find secret the word to make this incredible puzzle game with words! It starts off as an easy word game and becomes challenging! You will have fun improving your vocabulary and spelling skills at the same time you travel around the world discovering the hidden places of the 7 continents, 7 seas, 5 oceans and also incredible cities.. Your brain will thank you for the traveling!
Word by word, wonder by wonder, and puzzle by puzzle you will travel around the entire world while solving every crossword and every challenge that may arise. Connect letters to get the final solution and travel to a new country! Is there any better than discover the world while learning new words and improving your vocabulary?
Word Connect is free  and unique word game for adults.
Best game of cross words story, connect and look for words to make puzzles now!
Search for words among the letters. Scramble the letters and create new words to be connected, pass the level. Play with your friends or family and show who the 2019 puzzle master is !
Word's world will test your vocabulary as you discover the world filled with challenging levels. Begin your journey with the Antarctica and travel your way to reach the final destination. Each place and level will get progressively harder and will be unique, beacuse the World of Word’s database is rich and fantastic. Connect the letters without lifting your finger, find the hidden words on the board!
HOW TO PLAY ?
• Swipe the letters to connect them and make new words
• Find as many words as possible to unlock levels.
• SHUFFLE TO REARRANGE Shuffle the alphabets & rearrange the letters to spark recognition ✨
• HINTS AVAILABLEUse hints if you stump upon a word you can't identify
• Play with the mini games  to get incredible prices
• Play the new mode Sudoku with words!!
• Use coins to buy a hint and solve the puzzle.
WORD CONNECT FEATURES:
★ Daily bonus rewards
★ Total 1000 + levels
★ 100 levels in each map
★ Play sudoku daily and earn coins .
★ Free 500 coins at the first word search game.
★ Extra mini games like sudoku play it and earn game.
★ Difficulty increases along with levels. Easy to play, but hard to beat!
★ Test your vocabulary!
★  Use strategy to solve the puzzle at a first sight by guessing
★ Explore worlds and wonders! Discover new places and cities!
★ Learn new words and meaning of words with dictionary!
★ Find the hidden secrets crosswords and solve every riddle!
★ Reach at the first position and become a master.
★ You can also get more coins purchasing or watching advertising videos
★ Play OFFLINE in anytime and anywhere.
★ Applicable to Any Ages!
★ FREE Update!
This is a great connecting word games for true puzzle fans that never ceases to amaze you. Download, and enjoy the word puzzle game now !
Let the travel begin!","<b>Word Connect is an exciting puzzle game for learning new words !</b> Concentrate to find all hidden words in given letters and connect them the way you like to find secret the word to make this incredible puzzle game with words! It starts off as an easy word game and becomes challenging! You will have fun improving your vocabulary and spelling skills at the same time you travel around the world discovering the hidden places of the 7 continents, 7 seas, 5 oceans and also incredible cities.. Your brain will thank you for the traveling!<br/><br/>Word by word, wonder by wonder, and puzzle by puzzle you will travel around the entire world while solving every crossword and every challenge that may arise. Connect letters to get the final solution and travel to a new country! Is there any better than discover the world while learning new words and improving your vocabulary? <br/>Word Connect is free  and unique word game for adults. <br/><br/>Best game of cross words story, connect and look for words to make puzzles now! <br/>Search for words among the letters. Scramble the letters and create new words to be connected, pass the level. Play with your friends or family and show who the 2019 puzzle master is !<br/><br/>Word's world will test your vocabulary as you discover the world filled with challenging levels. Begin your journey with the Antarctica and travel your way to reach the final destination. Each place and level will get progressively harder and will be unique, beacuse the World of Word’s database is rich and fantastic. Connect the letters without lifting your finger, find the hidden words on the board!<br/><br/><br/>HOW TO PLAY ?<br/><br/>• Swipe the letters to connect them and make new words <br/>• Find as many words as possible to unlock levels.<br/>• SHUFFLE TO REARRANGE Shuffle the alphabets &amp; rearrange the letters to spark recognition ✨<br/>• HINTS AVAILABLEUse hints if you stump upon a word you can't identify<br/>• Play with the mini games  to get incredible prices<br/>• Play the new mode Sudoku with words!!<br/>• Use coins to buy a hint and solve the puzzle.<br/><br/>WORD CONNECT FEATURES:<br/><br/>★ Daily bonus rewards<br/>★ Total 1000 + levels<br/>★ 100 levels in each map <br/>★ Play sudoku daily and earn coins .<br/>★ Free 500 coins at the first word search game.<br/>★ Extra mini games like sudoku play it and earn game.<br/>★ Difficulty increases along with levels. Easy to play, but hard to beat! <br/>★ Test your vocabulary!<br/>★  Use strategy to solve the puzzle at a first sight by guessing<br/>★ Explore worlds and wonders! Discover new places and cities!<br/>★ Learn new words and meaning of words with dictionary!<br/>★ Find the hidden secrets crosswords and solve every riddle!<br/>★ Reach at the first position and become a master.<br/>★ You can also get more coins purchasing or watching advertising videos<br/>★ Play OFFLINE in anytime and anywhere.<br/>★ Applicable to Any Ages! <br/>★ FREE Update!<br/><br/>This is a great connecting word games for true puzzle fans that never ceases to amaze you. Download, and enjoy the word puzzle game now !<br/><br/>Let the travel begin!",Triangular Game Studio,"oatfield road Brampton  ,
Toronto, Canada",triangulargamestudio@gmail.com,7356776450120246677,https://sites.google.com/view/triangularwordconnect/home,False,True,"{u'1': 0, u'3': 1, u'2': 0, u'5': 35, u'4': 1}",True,"[$0.99, $5.99]",https://lh3.googleusercontent.com/NjPyZ8BYBHiEUs5BuCSkEuLYbEaDr_mvt_Wo0BTZXZG2x17uCldaX4MZypJhyQDlajw,"1,000+",,0,Fix some bugs .,4.1 and up,37,4.9,[],30M,Word connect - free word puzzle games,"March 16, 2019",https://play.google.com/store/apps/details?id=com.triangular.game.studio.words.world&gl=us&hl=en,https://www.youtube.com/embed/Y0Hr2wwgoY4
1,com.appynation.occw,[GAME_WORD],[Everyone],3.3,"Exercise your brain every day with picture crosswords! * Now with over 800 puzzles *
ONE CLUE CROSSWORD is a new kind of crossword puzzle. Instead of a list of written clues, each puzzle includes a single picture. Every word in each puzzle can be deduced from the picture.
In some of the puzzles you'll just need to say what you see - but in others you'll need to think a little more laterally. It's easy to play, but with 100s of unique puzzles, you might find it hard to put down!
FEATURES
A whole new way to play crosswords
730+ puzzles over 46 chapters (with more to come)
230+ all-new bonus puzzles to discover as you play
NEW - 'Mix-Up' mode!
End-of-chapter Guardian Puzzles will test your word skills
Hundreds of beautiful photos - people, places, animals and more
Use instant hints to remove unused letters or reveal the next letter in a clue
SUPPORT
Please select the HELP option from the Options menu (the gear icon in the bottom left of the game screen) if you require assistance.
If you still have questions about the game or require assistance, please email: support@appynation.com
One Clue Crossword is free to play, but contains optional paid items to unlock puzzles more quickly. You can disable in-app purchase functionality in your device's settings if you do not want to use this feature.","Exercise your brain every day with picture crosswords! * Now with over 800 puzzles *<br/><br/>ONE CLUE CROSSWORD is a new kind of crossword puzzle. Instead of a list of written clues, each puzzle includes a single picture. Every word in each puzzle can be deduced from the picture.<br/><br/>In some of the puzzles you'll just need to say what you see - but in others you'll need to think a little more laterally. It's easy to play, but with 100s of unique puzzles, you might find it hard to put down!<br/><br/><br/>FEATURES<br/><br/>A whole new way to play crosswords<br/>730+ puzzles over 46 chapters (with more to come)<br/>230+ all-new bonus puzzles to discover as you play<br/>NEW - 'Mix-Up' mode!<br/>End-of-chapter Guardian Puzzles will test your word skills<br/>Hundreds of beautiful photos - people, places, animals and more<br/>Use instant hints to remove unused letters or reveal the next letter in a clue<br/><br/>SUPPORT<br/><br/>Please select the HELP option from the Options menu (the gear icon in the bottom left of the game screen) if you require assistance.<br/><br/>If you still have questions about the game or require assistance, please email: support@appynation.com<br/><br/>One Clue Crossword is free to play, but contains optional paid items to unlock puzzles more quickly. You can disable in-app purchase functionality in your device's settings if you do not want to use this feature.",AppyNation Ltd.,"23 Adelaide Road
Leamington Spa
Warwickshire
CV31 3PD
United Kingdom",support@appynation.com,AppyNation+Ltd.,http://www.appynation.com,False,True,"{u'1': 338, u'3': 4006, u'2': 408, u'5': 39235, u'4': 18902}",True,"[$2.99, $19.99]",https://lh3.googleusercontent.com/4JfUnkWp5W5szcIpizm7tmgvKkLMYNqXKyoebbcHutwlSL7GQap8mo_fqA5xL1kFFrol,"500,000+",[Digital Purchases],0,We've added new chapters to the 'Mix Up' mode. Access this mode for an extra challenge once you've completed all the chapters in the Classic game.,7.0 and up,62889,4.5,[],79M,One Clue Crossword,"March 22, 2019",https://play.google.com/store/apps/details?id=com.appynation.occw&gl=us&hl=en,https://www.youtube.com/embed/SWX7P5Imlnc
2,com.apprope.crosswords,[GAME_WORD],[Everyone],1.0.6,"*** A Daily Crossword game for both puzzle-heads and casual solvers! ***
Now you can enjoy top-quality crosswords anytime and anywhere on your phone or tablet!
Get solving with themed puzzles that challenge the mind but not your patience. Whether you're a puzzle expert or crossword newbie, this game will have you coming back for more again and again!
DAILY CROSSWORDS
Welcome the new day with a new crossword! The daily puzzles feature a variety of themes ranging from  Hollywood Names and Summer Olympics to The Night Sky, Presidents and Family Vacation.
DAILY SNACKS
In the mood for a simpler, more fast-paced puzzle? Take on the Daily Snack – a smaller themed crossword perfect for solving on the go!
THEMED PACKS
With crossword packs, you can challenge your brain while exploring your interests in collections of similarly themed puzzles!
WEEKLY PACKS
Need something more than one new crossword a day? No worries…every week we release a pack with new crosswords!
ARCHIVE
Did you miss yesterday's crossword? Just check out the archive to find it and other past puzzles waiting to be solved!
NEED A LITTLE HELP
Challenges are fun, but crosswords don't have to be a chore! If you need some help, access the toolbox of hints to reveal a single letter or even an entire word!
Get ready to put the fun back in crosswords one puzzle at a time!
-----------
Daily Crossword Challenge offers a premium subscription:
- Subscribe to our paid Premium service to access premium content and unique premium features.
- Trials will be 3 days, after which your paid subscription will auto-renew.
- Subscriptions are from: $9.99 USD weekly, $25.99 USD monthly and $99.99 USD annually.*
- For the duration of your subscription you’ll get access to all crosswords, remove all third party ads*, and get access to all hints and stats functions.
- Payment will be charged to your Google Play Account at confirmation of purchase
- All subscriptions automatically renews for the same price and duration period as the original (""one week""/""one month""/""one year"") package unless auto-renew is turned off at least 24-hours before the end of the current period
- Your account will be charged for renewal within 24-hours prior to the end of the current period at the cost of the chosen package.
- You may turn off the auto-renewal of your subscription via your Google Play Account Settings. However, no cancellation of the current subscription is allowed during active subscription period
- Any unused portion of your free trial period, if offered, will be forfeited when you purchase a subscription.
- You may cancel a subscription during its free trial period via the subscription setting through your Google Play account. This must be done 24 hours before the end of the subscription period to avoid being charged. For more info - please visit https://support.google.com/googleplay/answer/7018481?hl=en&ref_topic=1689236
- Subscriptions may be managed by the user and auto-renewal may be turned off by going to the user's Account Settings after purchase
- All prices are subject to change without notification. We may occasionally run promotion prices during a limited time. Since these are time sensitive and promotional events, we are unable to offer price protection or retroactive discounts/refunds for previous purchases in the event of a promotional offering.
By using Daily Crossword Challenge, you agree to our Terms of Use and Privacy Policy:
http://www.apprope.com/support
*All prices are equal to the value that Google Play determines is the equivalent subscription price in $USD.
**You may still receive information about other Apprope apps.","*** A Daily Crossword game for both puzzle-heads and casual solvers! ***<br/><br/>Now you can enjoy top-quality crosswords anytime and anywhere on your phone or tablet! <br/><br/>Get solving with themed puzzles that challenge the mind but not your patience. Whether you're a puzzle expert or crossword newbie, this game will have you coming back for more again and again!  <br/><br/>DAILY CROSSWORDS<br/>Welcome the new day with a new crossword! The daily puzzles feature a variety of themes ranging from  Hollywood Names and Summer Olympics to The Night Sky, Presidents and Family Vacation. <br/> <br/>DAILY SNACKS<br/>In the mood for a simpler, more fast-paced puzzle? Take on the Daily Snack – a smaller themed crossword perfect for solving on the go!<br/> <br/>THEMED PACKS<br/>With crossword packs, you can challenge your brain while exploring your interests in collections of similarly themed puzzles!<br/> <br/>WEEKLY PACKS<br/>Need something more than one new crossword a day? No worries…every week we release a pack with new crosswords!<br/> <br/>ARCHIVE<br/>Did you miss yesterday's crossword? Just check out the archive to find it and other past puzzles waiting to be solved!<br/><br/>NEED A LITTLE HELP<br/>Challenges are fun, but crosswords don't have to be a chore! If you need some help, access the toolbox of hints to reveal a single letter or even an entire word!<br/> <br/>Get ready to put the fun back in crosswords one puzzle at a time!<br/> <br/>-----------<br/>Daily Crossword Challenge offers a premium subscription:<br/>- Subscribe to our paid Premium service to access premium content and unique premium features.<br/>- Trials will be 3 days, after which your paid subscription will auto-renew.<br/>- Subscriptions are from: $9.99 USD weekly, $25.99 USD monthly and $99.99 USD annually.*<br/>- For the duration of your subscription you’ll get access to all crosswords, remove all third party ads*, and get access to all hints and stats functions. <br/>- Payment will be charged to your Google Play Account at confirmation of purchase<br/>- All subscriptions automatically renews for the same price and duration period as the original (""one week""/""one month""/""one year"") package unless auto-renew is turned off at least 24-hours before the end of the current period<br/>- Your account will be charged for renewal within 24-hours prior to the end of the current period at the cost of the chosen package.<br/>- You may turn off the auto-renewal of your subscription via your Google Play Account Settings. However, no cancellation of the current subscription is allowed during active subscription period<br/>- Any unused portion of your free trial period, if offered, will be forfeited when you purchase a subscription.<br/>- You may cancel a subscription during its free trial period via the subscription setting through your Google Play account. This must be done 24 hours before the end of the subscription period to avoid being charged. For more info - please visit https://support.google.com/googleplay/answer/7018481?hl=en&amp;ref_topic=1689236<br/>- Subscriptions may be managed by the user and auto-renewal may be turned off by going to the user's Account Settings after purchase<br/>- All prices are subject to change without notification. We may occasionally run promotion prices during a limited time. Since these are time sensitive and promotional events, we are unable to offer price protection or retroactive discounts/refunds for previous purchases in the event of a promotional offering.<br/><br/>By using Daily Crossword Challenge, you agree to our Terms of Use and Privacy Policy:<br/>http://www.apprope.com/support<br/><br/>*All prices are equal to the value that Google Play determines is the equivalent subscription price in $USD. <br/>**You may still receive information about other Apprope apps.",Apprope,"Box 2006
103 11 STOCKHOLM",info@apprope.com,Apprope,http://www.apprope.com,False,True,"{u'1': 7, u'3': 1, u'2': 0, u'5': 2, u'4': 1}",True,"[$9.99, $99.99]",https://lh3.googleusercontent.com/k2htVGR8p_kaLmsP0idw3ZTdrCvaCtcpMKWBH1n1F6M16x81MclTbiQVYcXp40drbg,"5,000+",[In-Game Purchases],0,Get it now!,4.0 and up,11,2.2,[],10M,Daily Crossword Challenge,"March 5, 2019",https://play.google.com/store/apps/details?id=com.apprope.crosswords&gl=us&hl=en,https://www.youtube.com/embed/96yBMTuspfg
3,com.sillyspidergames.worddesserts,[GAME_WORD],[Everyone],1.21,"🍩The #1 best puzzle game is here, Word Desserts!🍰
Hundreds of levels completely FREE, it’s time to put your knowledge to the test!. The objective is to find as many words as you can to complete the level, sounds simple? Put your knowledge to the test!.
FREE to play
🍩HUNDREDS of brain twisting levels
🍩 HOURS of FUN gameplay
How To Play:
🍰 Swipe your finger over the letters to build a word
🍰 Find all the words to beat the level
🍰 Earn FREE coins by adding bonus words to the word jar
Follow us for updates
Twitter: https://twitter.com/SillySpiderGame
Facebook: https://www.facebook.com/SillySpiderGames/","🍩The #1 best puzzle game is here, Word Desserts!🍰<br/><br/>Hundreds of levels completely FREE, it’s time to put your knowledge to the test!. The objective is to find as many words as you can to complete the level, sounds simple? Put your knowledge to the test!.<br/><br/>FREE to play<br/>🍩HUNDREDS of brain twisting levels<br/>🍩 HOURS of FUN gameplay<br/><br/>How To Play:<br/>🍰 Swipe your finger over the letters to build a word<br/>🍰 Find all the words to beat the level<br/>🍰 Earn FREE coins by adding bonus words to the word jar<br/><br/>Follow us for updates<br/>Twitter: https://twitter.com/SillySpiderGame<br/>Facebook: https://www.facebook.com/SillySpiderGames/",Silly Spider,"1 Railway Terrace
Sunderland
United Kingdom
SR40PA",support@sillyspidergames.com,Silly+Spider,http://sillyspidergames.com,False,True,"{u'1': 3, u'3': 3, u'2': 0, u'5': 45, u'4': 10}",True,"[$0.99, $19.99]",https://lh3.googleusercontent.com/AQrJPsoxuzPv3GIm-z1NSLEWTovE-FkjyG59Tf9evZEYS-r2n0Wg7sRRcEq5iA9XnA,"10,000+",[Digital Purchases],0,We've made your favourite word game even sweeter!,4.4 and up,61,4.5,[],25M,Word Desserts - Free word games,"November 14, 2018",https://play.google.com/store/apps/details?id=com.sillyspidergames.worddesserts&gl=us&hl=en,
4,com.layton.bookworm,[GAME_WORD],[Everyone],1.1.16,"Word Bust is a word-forming puzzle video game. From a grid of available letters, players connect letters to form words. As words are formed, they are removed from the grid and the remaining letters collapse to fill the available space. Players earn more points by creating longer words or words which use less common letters and earn less for smaller words.
DOWNLOAD the latest 'Word Bust - Bookworm' game for FREE！
★ MAKE FUN ★
✓ No registration, no complex rules. Be a bookworm and have fun!
★ FEATURES ★
✓ There are 6 different tiles (fire, wood, leaf, gold, sapphire and diamond).
✓ Passive Shuffle - Automatically scramble all the letters when no words could possibly form.
✓ Active Shuffle - Click on 'Scramble' to Scramble all the letters but it produces more fire.
✓ It has the ability to count the words in the current set.
✓ The word list was base on SOWPODS.
★ HOW TO PLAY ★
✓ Click on letters to link them into words.
✓ Click on Submit to bust the words.
✓ Click on 'Scramble' to Scramble all the letters, but at a cost!
✓ Click on 'W' to calculate the words available in the current set.
✓ The word indicated at the top is a bonus word. If you can complete a bonus word, you'll a hefty bonus to your score!
✓ Beware of burning tiles! If they reach the bottom, game over!","Word Bust is a word-forming puzzle video game. From a grid of available letters, players connect letters to form words. As words are formed, they are removed from the grid and the remaining letters collapse to fill the available space. Players earn more points by creating longer words or words which use less common letters and earn less for smaller words.<br/><br/>DOWNLOAD the latest 'Word Bust - Bookworm' game for FREE！<br/><br/><br/>★ MAKE FUN ★<br/>✓ No registration, no complex rules. Be a bookworm and have fun!<br/><br/>★ FEATURES ★<br/>✓ There are 6 different tiles (fire, wood, leaf, gold, sapphire and diamond).<br/>✓ Passive Shuffle - Automatically scramble all the letters when no words could possibly form.<br/>✓ Active Shuffle - Click on 'Scramble' to Scramble all the letters but it produces more fire.<br/>✓ It has the ability to count the words in the current set.<br/>✓ The word list was base on SOWPODS.<br/><br/>★ HOW TO PLAY ★<br/>✓ Click on letters to link them into words.<br/>✓ Click on Submit to bust the words.<br/>✓ Click on 'Scramble' to Scramble all the letters, but at a cost!<br/>✓ Click on 'W' to calculate the words available in the current set.<br/>✓ The word indicated at the top is a bonus word. If you can complete a bonus word, you'll a hefty bonus to your score!<br/>✓ Beware of burning tiles! If they reach the bottom, game over!",Layton,"Viegan residence,
Brgy. Kayhuvokan,
Basco, Batanes,
Philippines",laytonviegan@gmail.com,Layton,,False,True,"{u'1': 0, u'3': 0, u'2': 0, u'5': 4, u'4': 1}",False,,https://lh3.googleusercontent.com/kOuXegM5f2dZHjDgJymFYQjgN_sI_dICAkwESkYR_zwMGcAicSnF9CA6mDPzpcr1FEXU,100+,,0,"Textures improved.

Minor changes.",4.0 and up,5,4.8,[],21M,Word Bust - Bookworm,"March 22, 2019",https://play.google.com/store/apps/details?id=com.layton.bookworm&gl=us&hl=en,
5,best.word.connect.search.free.offline.puzzle.word.games.world,[GAME_WORD],[Everyone],1.2,"★2000+ Levels For both Starters and Masters
Difficulty increases along with levels. Easy to play, but hard to beat!
It’s suitable for both starters and word masters. Come and challenge yourself!
★The MOST Addictive Word Games EVER!
Two Game Models: Traditional Model and Cross Model.
One game, Two kinds of Fun.
★Full of Bonus
Make quest achievements to earn HUGE game money.
Get rewards by finding more extra words!
★Amazing Spare Time Killer
With no time limits, you can use your time wisely to find new words at your own pace!
With no internet limits, you can play with or without internet.
★EAST TO PLAY
Correct swipe the letters horizontally, vertically, diagonally, forwards or backwards to form a specific hidden word. Find as many words as possible to unlock levels and earn extra bonus coins.
★Renew your Vocabulary
Do you really know the words well? Is your spelling still functional?
Enjoy our game and renew your vocabulary.
★Support Eight Languages
We support English, Deutsch, Français, Italiano, Nederlands, Dansk, Portuguesa, Español.
★Download for free now!
Need Help? Have Questions?
Please contact us at funnyconnectgame@gmail.com
We really value your feedback, you can say what's on your mind when you rate the word games. Your comments will be read carefully.","★2000+ Levels For both Starters and Masters<br/>Difficulty increases along with levels. Easy to play, but hard to beat! <br/>It’s suitable for both starters and word masters. Come and challenge yourself!  <br/><br/>★The MOST Addictive Word Games EVER! <br/>Two Game Models: Traditional Model and Cross Model. <br/>One game, Two kinds of Fun. <br/><br/>★Full of Bonus<br/>Make quest achievements to earn HUGE game money. <br/>Get rewards by finding more extra words!<br/><br/>★Amazing Spare Time Killer<br/>With no time limits, you can use your time wisely to find new words at your own pace!<br/>With no internet limits, you can play with or without internet.<br/><br/>★EAST TO PLAY<br/>Correct swipe the letters horizontally, vertically, diagonally, forwards or backwards to form a specific hidden word. Find as many words as possible to unlock levels and earn extra bonus coins.<br/><br/>★Renew your Vocabulary<br/>Do you really know the words well? Is your spelling still functional? <br/>Enjoy our game and renew your vocabulary. <br/><br/>★Support Eight Languages<br/>We support English, Deutsch, Français, Italiano, Nederlands, Dansk, Portuguesa, Español.  <br/><br/>★Download for free now! <br/><br/>Need Help? Have Questions?<br/>Please contact us at funnyconnectgame@gmail.com<br/>We really value your feedback, you can say what's on your mind when you rate the word games. Your comments will be read carefully.",Fantasy Word Games,"XiHaiMingZhu Building F715, NanHai Road, NanShan District, ShenZhen, GuangDong",taolin1806@gmail.com,Fantasy+Word+Games,http://52.52.138.46/support/fantasyword/wordcross/policy.html,False,True,"{u'1': 9, u'3': 18, u'2': 4, u'5': 336, u'4': 50}",True,"[$0.99, $99.99]",https://lh3.googleusercontent.com/zwuuqZxURYhKd60N13WslV6V-GAJ_Q7E_PdPDx6aosBeoHLyGHW3kYxTNlM_MM7VIw,"10,000+",[Digital Purchases],0,,4.1 and up,417,4.7,[],36M,Word Find - Word Connect Free Offline Word Games,"March 22, 2019",https://play.google.com/store/apps/details?id=best.word.connect.search.free.offline.puzzle.word.games.world&gl=us&hl=en,
6,com.jdpapps.wordsearch,[GAME_WORD],[Everyone],1.1.9,"Welcome to the Word Search game !!!
Available in 4 languages: English, Spanish, Portuguese and Turkish!
【 HIGHLIGHTS 】
✔ Full game is free, with very few ads
✔ Original Game Modes: Image Search, questions, sayings, etc..
✔ Custom words puzzles
✔ Play via Bluetooth with your friends
✔ Compatible with all devices including tablets
✔ Learn new vocabulary in english or spanish.
✔ No intrusive permissions and very few space needed (3.5 Mb)
✔ Share your wordsearch with friends.
✔ Challenges, achievements and statistics.
✔ Hints: Don't get stuck!
✔ Thousands of words
【 Original Game modes 】
◉ Words: The traditional word find playmode. Just find all the words from the list in the shortest time possible.
◉ Images: You have to find the words from the images given.
◉ Phrases: A series of phrases are shown, with some highlighted words, which have to be found.
◉ Questions: The hardest mode, because from a given definition you must figure out the answer and find it. It's a challenge.
◉ Numbers: Find sequences of numbers
◉ Gems search: Find the gems and diamonds in the same bunch.
Just one more thing...
ENJOY !!!","Welcome to the Word Search game !!!<br/>Available in 4 languages: English, Spanish, Portuguese and Turkish!<br/><br/>【 HIGHLIGHTS 】 <br/>✔ Full game is free, with very few ads<br/>✔ Original Game Modes: Image Search, questions, sayings, etc..<br/>✔ Custom words puzzles<br/>✔ Play via Bluetooth with your friends<br/>✔ Compatible with all devices including tablets<br/>✔ Learn new vocabulary in english or spanish.<br/>✔ No intrusive permissions and very few space needed (3.5 Mb)<br/>✔ Share your wordsearch with friends.<br/>✔ Challenges, achievements and statistics.<br/>✔ Hints: Don't get stuck!<br/>✔ Thousands of words <br/><br/>【 Original Game modes 】 <br/>◉ Words: The traditional word find playmode. Just find all the words from the list in the shortest time possible.<br/>◉ Images: You have to find the words from the images given.<br/>◉ Phrases: A series of phrases are shown, with some highlighted words, which have to be found.<br/>◉ Questions: The hardest mode, because from a given definition you must figure out the answer and find it. It's a challenge.<br/>◉ Numbers: Find sequences of numbers<br/>◉ Gems search: Find the gems and diamonds in the same bunch.<br/><br/>Just one more thing...<br/>ENJOY !!!",Quarzo Apps,"QUARZO APLICACIONES Y JUEGOS
Calle Jupiter, 16
28229 Madrid
SPAIN",hola@quarzoapps.com,8933575792593715746,http://www.quarzoapps.com,False,True,"{u'1': 3675, u'3': 5346, u'2': 1561, u'5': 50473, u'4': 14598}",True,[Digital Purchases],https://lh3.googleusercontent.com/3aweHYOmIYnKgiBEf05SkWbcaMdDHsOe4wYMP-703714YGBczbiW34w2gXYfsCQUkq49,"10,000,000+",[Digital Purchases],0,"♥ Good news! +10.000.000 downloads. THANKS YOU ALL!

- Reduced apk size in a 15% (App size is just a bit more than 3mb!)

- Bugfixes and words typos",2.3 and up,75653,4.4,[],3.7M,Word Search,"March 13, 2019",https://play.google.com/store/apps/details?id=com.jdpapps.wordsearch&gl=us&hl=en,https://www.youtube.com/embed/nL7HR2uG-Jg
7,com.puzzlenation.dpcrosswords,[GAME_WORD],[Everyone],2.4.3,"Celebrity crossword puzzles, daily crossword puzzles, word games and more are waiting to be solved in Daily POP Crosswords –
free to download, free to play!
Put your pop culture knowledge to the test with crossword puzzles every day.
Can you solve our pop culture themed crossword puzzles without any hints?
Daily POP Crosswords features the
best pop culture-themed puzzles
and word games from the top puzzle constructors, including Dell Magazines and Penny Press, the #1 crossword-puzzle-magazine publisher.
Enjoy brain teaser crosswords for a wide range of topics. Celebrity crossword puzzles, movie trivia puzzles, crosswords for kids and more! Daily puzzles always provide you with a new source of challenges and celebrity trivia.
This fun crossword puzzle app is easy-to-use and features new, themed puzzles each day. Want an easy crossword puzzle? Daily Pop Crossword puzzles are made for casual play, with hints and tips to train you as you play. Crossword challenges more your style? Solve crossword puzzles without a hint if you can and show off your celebrity and pop culture know-how!
Get the best free pop culture crossword puzzles with Daily POP Crosswords today! Download now!
DAILY POP CROSSWORDS FEATURES:
FREE POP-CULTURE-THEMED DAILY CROSSWORD PUZZLES
• New, free crossword puzzles every day. Get word games with your favorite themes and solve them all!
• Daily POP Crossword puzzles are designed to be solved in a single solving session.
• Celebrity crossword puzzle – prove you know your stars
• Puzzles and word games have multiple settings options to play at your pace.
EASY CROSSWORD ENTERTAINMENT
• Crossword hints are available to show letters and reveal words in each puzzle.
• All puzzles offer Hints and the option to Show Errors at any time.
• Crossword puzzle grid and pop-up clue list can help you solve the puzzle.
• Pop culture puzzles added every day.
CROSSWORD THEMES
• Celebrity crossword puzzle
• Movie crosswords
• TV crosswords
• Sports crosswords
• And more!
CROSSWORD COMPLETION - WHERE NEXT?
• Solve daily puzzles with optional Smart Step navigation to effortlessly advance from one entry to the next.
• Crossword App Tour, User Tips, and Helpful Hints enhance your solving experience.
SEE YOUR MISTAKES
• Brain teasers and word puzzles won’t leave you stuck - Show Errors in each puzzle at the touch of a button.
• Word games are meant to be fun, not frustrating – learn from your mistakes as you play!
• Daily crossword hints are optional – think you can solve them without one?
Enjoy free crossword puzzles with a pop culture twist! Celebrity crosswords and puzzles for TV, music, movies, sports, games, books and more await in Daily POP Crosswords. Download now!
Email us at help@puzzlenation.com should you have any issues with the app. Thanks!","Celebrity crossword puzzles, daily crossword puzzles, word games and more are waiting to be solved in Daily POP Crosswords – <b>free to download, free to play!</b> Put your pop culture knowledge to the test with crossword puzzles every day.<br/><br/>Can you solve our pop culture themed crossword puzzles without any hints?<br/><br/>Daily POP Crosswords features the <b>best pop culture-themed puzzles</b> and word games from the top puzzle constructors, including Dell Magazines and Penny Press, the #1 crossword-puzzle-magazine publisher.<br/><br/>Enjoy brain teaser crosswords for a wide range of topics. Celebrity crossword puzzles, movie trivia puzzles, crosswords for kids and more! Daily puzzles always provide you with a new source of challenges and celebrity trivia.<br/><br/>This fun crossword puzzle app is easy-to-use and features new, themed puzzles each day. Want an easy crossword puzzle? Daily Pop Crossword puzzles are made for casual play, with hints and tips to train you as you play. Crossword challenges more your style? Solve crossword puzzles without a hint if you can and show off your celebrity and pop culture know-how!<br/><br/>Get the best free pop culture crossword puzzles with Daily POP Crosswords today! Download now!<br/><br/><b>DAILY POP CROSSWORDS FEATURES:</b><br/><br/><b>FREE POP-CULTURE-THEMED DAILY CROSSWORD PUZZLES</b><br/><br/>• New, free crossword puzzles every day. Get word games with your favorite themes and solve them all!<br/><br/>• Daily POP Crossword puzzles are designed to be solved in a single solving session.<br/> <br/>• Celebrity crossword puzzle – prove you know your stars<br/><br/>• Puzzles and word games have multiple settings options to play at your pace.<br/><br/><b>EASY CROSSWORD ENTERTAINMENT</b><br/><br/>• Crossword hints are available to show letters and reveal words in each puzzle.<br/><br/>• All puzzles offer Hints and the option to Show Errors at any time.<br/><br/>• Crossword puzzle grid and pop-up clue list can help you solve the puzzle.<br/><br/>• Pop culture puzzles added every day.<br/><br/><b>CROSSWORD THEMES</b><br/><br/>• Celebrity crossword puzzle<br/><br/>• Movie crosswords<br/><br/>• TV crosswords<br/><br/>• Sports crosswords<br/><br/>• And more!<br/><br/><b>CROSSWORD COMPLETION - WHERE NEXT?</b><br/><br/>• Solve daily puzzles with optional Smart Step navigation to effortlessly advance from one entry to the next.<br/><br/>• Crossword App Tour, User Tips, and Helpful Hints enhance your solving experience.<br/><br/><b>SEE YOUR MISTAKES</b><br/><br/>• Brain teasers and word puzzles won’t leave you stuck - Show Errors in each puzzle at the touch of a button.<br/><br/>• Word games are meant to be fun, not frustrating – learn from your mistakes as you play!<br/><br/>• Daily crossword hints are optional – think you can solve them without one?<br/><br/>Enjoy free crossword puzzles with a pop culture twist! Celebrity crosswords and puzzles for TV, music, movies, sports, games, books and more await in Daily POP Crosswords. Download now!<br/><br/>Email us at help@puzzlenation.com should you have any issues with the app. Thanks!",PuzzleNation,"6 Prowitt Street
Norwalk, CT
06855",fred@puzzlenation.com,7754299051310736648,http://www.puzzlenation.com,False,True,"{u'1': 62, u'3': 118, u'2': 29, u'5': 1789, u'4': 711}",True,"[$2.99, $49.99]",https://lh3.googleusercontent.com/Ycye53dCPeXXt9BDk_3hlXI_izkkrilv7cJ8IiyiphA4Yfi0NFuhT3fdLPkIStaF7i8,"100,000+",[Digital Purchases],0,Fixes user reported issues with videos not loading and other improvements to make your solving experience the very best it can be.,5.0 and up,2709,4.5,[],35M,Daily POP Crosswords: Free Daily Crossword Puzzle,"March 8, 2019",https://play.google.com/store/apps/details?id=com.puzzlenation.dpcrosswords&gl=us&hl=en,https://www.youtube.com/embed/4d28PY8AWT0
8,com.bible.word.connect.search.link,[GAME_WORD],[Everyone],1.02,"Bible Word Connect is a free word link game by Word Games Factory. A word connect game (also known as word link) is a combination of two classic games: word search and crossword puzzle and is very simple to play too. Both word connect and crosswords fans will be able to test their Bible knowledge with this FREE game.
If you're looking for cool word games, Bible Word Connect is the game for you! You will enjoy a fun challenge as you identify God's hidden words and then connect letters to form the words and fill the blanks. It's a fun way to refine your Bible knowledge, spelling and puzzle skills.
HOW TO PLAY:
Just connect letters to form words and fill all search words into crossword empty tiles to finish the level. Get coins when levels and categories are completed and for each extra word found. Use the coins to buy hints if you get stuck!
Here's what you can find in our Bible Word Connect game:
★ A word connect game for all ages, suitable for both kids & adults
★ Over 500 levels and 1000 words, places and names from the Bible
★ Automatically saved
★ Play OFFLINE anytime and anywhere with no time limits
★ Free and easy to play but hard to finish word game
★ Beautiful visual experience
★ Support both on phone and tablet
★  Three types of hints: Random (shows a random letter), Multi-Hint (shows multiple random letters), and Target Hint (pick a letter to show).
There are many word games Google Play store but this word connect is unique and fun. Some word games are very difficult but this word connect has a good balance of fun and difficulty. This word connect game combines the best of word searching for tremendous brain challenging fun!
Play word connect games to train your brain and become a vocabulary master! It’s time to discover mystery hidden words and build as many words as possible! Workout your brain in our word connect puzzle with many challenging levels. Share the fun with your family and friends and enjoy a fun word game together!
Bible Word Connect is free to play. Enjoy word games and solve word puzzles in Bible Word Connect. Sharpen your wits with Bible words NOW!","Bible Word Connect is a free word link game by Word Games Factory. A word connect game (also known as word link) is a combination of two classic games: word search and crossword puzzle and is very simple to play too. Both word connect and crosswords fans will be able to test their Bible knowledge with this FREE game.<br/><br/>If you're looking for cool word games, Bible Word Connect is the game for you! You will enjoy a fun challenge as you identify God's hidden words and then connect letters to form the words and fill the blanks. It's a fun way to refine your Bible knowledge, spelling and puzzle skills. <br/><br/>HOW TO PLAY:<br/>Just connect letters to form words and fill all search words into crossword empty tiles to finish the level. Get coins when levels and categories are completed and for each extra word found. Use the coins to buy hints if you get stuck! <br/><br/>Here's what you can find in our Bible Word Connect game:<br/><br/>★ A word connect game for all ages, suitable for both kids &amp; adults<br/>★ Over 500 levels and 1000 words, places and names from the Bible<br/>★ Automatically saved<br/>★ Play OFFLINE anytime and anywhere with no time limits<br/>★ Free and easy to play but hard to finish word game<br/>★ Beautiful visual experience<br/>★ Support both on phone and tablet<br/>★  Three types of hints: Random (shows a random letter), Multi-Hint (shows multiple random letters), and Target Hint (pick a letter to show). <br/><br/>There are many word games Google Play store but this word connect is unique and fun. Some word games are very difficult but this word connect has a good balance of fun and difficulty. This word connect game combines the best of word searching for tremendous brain challenging fun! <br/><br/>Play word connect games to train your brain and become a vocabulary master! It’s time to discover mystery hidden words and build as many words as possible! Workout your brain in our word connect puzzle with many challenging levels. Share the fun with your family and friends and enjoy a fun word game together!<br/><br/>Bible Word Connect is free to play. Enjoy word games and solve word puzzles in Bible Word Connect. Sharpen your wits with Bible words NOW!",Word Games Factory,"Baba Novac nr 19, building G12, room 29
Bucharest
Romania",mobinetdev@gmail.com,Word+Games+Factory,,False,True,"{u'1': 0, u'3': 0, u'2': 1, u'5': 7, u'4': 4}",True,"[$0.99, $29.99]",https://lh3.googleusercontent.com/ndkClvGKp7mgDM8Nx6oD7qC5GHiPQJ5VC2XBeU1FwjPKCY6ybuipKlFVoFrkXPwUVt0,100+,,0,,4.1 and up,12,4.4,[],26M,Bible Word Connect - Free Crosswords Style Game,"February 20, 2019",https://play.google.com/store/apps/details?id=com.bible.word.connect.search.link&gl=us&hl=en,
9,wixot.word.search,[GAME_WORD],[Everyone],1.30,Classic word search puzzle game.,Classic word search puzzle game.,Wixot Limited,"Techhub London
4-5 Bonhill Street
London
EC2A 4BX",hello@wixot.com,7886462319320555758,http://www.wixot.com,False,True,"{u'1': 15, u'3': 3, u'2': 3, u'5': 130, u'4': 23}",True,[Everyone],https://lh3.googleusercontent.com/27mxo8Oi_t2dNJdAWs7xopgMnzi2MYBB0PcLObQCh2ZjK0kF8sQF0TiuYhHfqGeFbg,"50,000+",,0,Minor bug fix,4.1 and up,174,4.4,[],6.5M,Word Search,"January 6, 2019",https://play.google.com/store/apps/details?id=wixot.word.search&gl=us&hl=en,
10,com.tetris.classic.tetra,[GAME_WORD],[Everyone],1.0,"[ Classic of Tetrix]
The goal of game is to stack falling blocks and you control (left, right, rotate) to fit and create horizontal lines without any gaps.
the different blocks : I, J, T, S, Z and L are useful for competing four lines at once.
When there is not enough space for blocks to fall, the game is over.
[Feature]
- Endless time
- Popular and friendly to play tetra
- Auto save game to help you can continue game.
- Effect and Sound attractive
- All Free","<b>[ Classic of Tetrix]</b><br/>The goal of game is to stack falling blocks and you control (left, right, rotate) to fit and create horizontal lines without any gaps. <br/>the different blocks : I, J, T, S, Z and L are useful for competing four lines at once.<br/>When there is not enough space for blocks to fall, the game is over.<br/><b>[Feature]</b><br/>- Endless time<br/>- Popular and friendly to play tetra<br/>- Auto save game to help you can continue game.<br/>- Effect and Sound attractive<br/>- All Free",Downloads Top,"Malaya Bronnaya Street, 26, Moskva",minionst.top@gmail.com,Downloads+Top,https://docs.google.com/document/d/1IpNjNJZFVO9A_hYdcyHLLp8hKUhSyqfsoDfoqPxXbiA/edit,False,True,"{u'1': 5, u'3': 1, u'2': 2, u'5': 5, u'4': 2}",False,,https://lh3.googleusercontent.com/BqUPM7UF9wLRX3ICotiZDz_cygAmJxJPDUNmhyvk_K-zIp67cDKBCQFNl6goHWLtEIk,"10,000+",,0,,4.1 and up,15,3.0,[],Varies with device,Classic Tetrix,"December 20, 2018",https://play.google.com/store/apps/details?id=com.tetris.classic.tetra&gl=us&hl=en,
11,marcostudios.yesorno,[GAME_WORD],[Everyone],3.3.1,"Yes or No is a fun and addicting game, perfect for playing on your own or with friends/family.
This game contains hundreds of the best hand picked Yes or No questions.
Vote which option you would rather choose and view real time statistics on what option was the most popular.
★★ Features ★★
✔ Hundreds of Yes or No questions
✔ Frequently updated with more content
✔ Submit your own Yes or No questions
✔ Completely free to play
✔ View real time statistics on what option (Yes or No) was more popular
✔ Family friendly questions making it the perfect app for all ages.
Answer questions such as:
- Have you ever had a dream that came true?
- Do you like the game Would You Rather?
- Have you never been to a concert?
- Do you like making people laugh?
- Have you ever used a dating app before?
- Have you ever play the game Truth or Dare before?
An internet connection is required to play this game.
In this game you are totally anonymous. The only thing saved is how many people voted for each answer.
What option would you rather pick? Play now to find out!
Feedback is always appreciated.","Yes or No is a fun and addicting game, perfect for playing on your own or with friends/family. <br/><br/>This game contains hundreds of the best hand picked Yes or No questions.<br/><br/>Vote which option you would rather choose and view real time statistics on what option was the most popular.<br/><br/>★★ Features ★★<br/>✔ Hundreds of Yes or No questions<br/>✔ Frequently updated with more content <br/>✔ Submit your own Yes or No questions<br/>✔ Completely free to play<br/>✔ View real time statistics on what option (Yes or No) was more popular<br/>✔ Family friendly questions making it the perfect app for all ages.<br/><br/><b>Answer questions such as:</b><br/>- Have you ever had a dream that came true?<br/>- Do you like the game Would You Rather?<br/>- Have you never been to a concert?<br/>- Do you like making people laugh?<br/>- Have you ever used a dating app before?<br/>- Have you ever play the game Truth or Dare before?<br/><br/>An internet connection is required to play this game.<br/><br/>In this game you are totally anonymous. The only thing saved is how many people voted for each answer.<br/><br/>What option would you rather pick? Play now to find out! <br/><br/>Feedback is always appreciated.",Marco Studios,"DH3 Games
PO Box 82
Magherafelt
BT45 9AY",marcostudios40@gmail.com,Marco+Studios,https://sites.google.com/view/dh3games-privacypolicy/home,False,True,"{u'1': 1087, u'3': 819, u'2': 258, u'5': 4864, u'4': 916}",True,[Everyone],https://lh3.googleusercontent.com/FKeBpCbdzFkZDDVRdJbpriTCcfCIZ-cNN7UW4CvarWfPdXsqbXq_RezLQ30yMMx1wMqK,"1,000,000+",,0,- New questions added,4.1 and up,7944,4.0,[],6.6M,Yes or No,"November 26, 2018",https://play.google.com/store/apps/details?id=marcostudios.yesorno&gl=us&hl=en,
12,com.funlab.hangman,"[GAME_WORD, FAMILY_BRAINGAMES]",[Everyone],1.9,"Save Hangman from hanging on rope by finding the right word! Select a letter by tapping, but be careful you have limited number of wrong guesses per puzzle. There are plenty of hints to help you find the hidden word.
Hangman word game features:
- Beautiful graphics and classic gameplay
- Hangman in 10 different categories
- Three levels of difficulty: easy, normal and hard
- High Scores list for each difficulty level
- Earn new hints at correct guesses!
There are 10 different categories to choose from:
- Dictionary
- Hollywood
- Sports
- Countries
- Foods
- Travel
- Kitchen
- Clothes
- Animals
Enjoy the best Hangman Word Puzzle game!","Save Hangman from hanging on rope by finding the right word! Select a letter by tapping, but be careful you have limited number of wrong guesses per puzzle. There are plenty of hints to help you find the hidden word. <br/><br/>Hangman word game features:<br/>- Beautiful graphics and classic gameplay<br/>- Hangman in 10 different categories<br/>- Three levels of difficulty: easy, normal and hard<br/>- High Scores list for each difficulty level<br/>- Earn new hints at correct guesses!<br/><br/>There are 10 different categories to choose from:<br/>- Dictionary<br/>- Hollywood<br/>- Sports<br/>- Countries<br/>- Foods<br/>- Travel<br/>- Kitchen<br/>- Clothes<br/>- Animals<br/><br/>Enjoy the best Hangman Word Puzzle game!",fun.lab,Free Zone and Port / Famagusta,funlabapps@gmail.com,fun.lab,http://forumvs.com/policy_hangman.html,False,True,"{u'1': 443, u'3': 290, u'2': 93, u'5': 2479, u'4': 625}",True,"[$0.99, $9.99]",https://lh3.googleusercontent.com/4YHUMRcjlY_PAeAGx1In3M5cN2JbsWcuCw8CT3WIQwm-XYPY0GHNYarEPjnGOq72sKc,"500,000+",[Digital Purchases],0,"- minor bugs! Thanks for all feedback.

- more hint options, much more fun!",4.0.3 and up,3930,4.2,[],6.9M,Hangman,"March 15, 2019",https://play.google.com/store/apps/details?id=com.funlab.hangman&gl=us&hl=en,
13,air.com.pinturillo2free.pinturillo2free,[GAME_WORD],[Everyone],1.210.047,"With more than 2 million players per month, Pinturillo 2 for Android, the draw and guessing game more popular at the time.
FEATURES
• Draw and guess online with players from around the world
• Compete with players from the Web version (http://www.pinturillo2.com)
• Free drawing
• Five languages: English, Spanish, French, Italian and Portuguese
• More than 5000 words
• Automatic and equitable help for all players
• Button to penalize other players for voting system
• Filter antiflood
Become a fan!
• Facebook: https://www.facebook.com/playpinturillo/
• Youtube: https://www.youtube.com/channel/UCq0vF-NxBSIL_NDMYFPULPQ","With more than 2 million players per month, Pinturillo 2 for Android, the draw and guessing game more popular at the time.<br/><br/>FEATURES<br/> • Draw and guess online with players from around the world<br/> • Compete with players from the Web version (http://www.pinturillo2.com)<br/> • Free drawing<br/> • Five languages: English, Spanish, French, Italian and Portuguese<br/> • More than 5000 words<br/> • Automatic and equitable help for all players<br/> • Button to penalize other players for voting system<br/> • Filter antiflood<br/><br/>Become a fan!<br/>• Facebook: https://www.facebook.com/playpinturillo/<br/>• Youtube: https://www.youtube.com/channel/UCq0vF-NxBSIL_NDMYFPULPQ",Chachiware,"Calle de Cristóbal Bordiú 10. 1D.
28003. Madrid. España.",more.info@chachiware.com,6417697764174067965,https://www.pinturillo2.com,False,True,"{u'1': 5727, u'3': 3964, u'2': 1600, u'5': 29539, u'4': 6619}",False,,https://lh3.googleusercontent.com/27p5-5Xt91avxw6hAUJjndchrmo1HLAQbSlUATZoMw1KC-VcH84JxdaBUYStq3D8WoU,"5,000,000+",[Users Interact],0,Bug Fixes,2.3 and up,47449,4.1,[],12M,Pinturillo 2,"March 17, 2019",https://play.google.com/store/apps/details?id=air.com.pinturillo2free.pinturillo2free&gl=us&hl=en,
14,com.word.journey.crossword.de,[GAME_WORD],[Everyone],1.9,"Wort Reise - Ein brandneues Kreuzworträtsel-Erlebnis mit süchtig machenden Landschaften!
Wort Reise ist ein brandneues und entspannendes Kreuzworträtsel-Spiel zum Erweitern Ihres Wortschatzes. Es kombiniert Spaß mit Wörtern. Sie brauchen nur mit dem Finger zu wischen, die Buchstaben in der richtigen Reihenfolge zu verbinden, die richtigen Wörter zu finden und Ihrer Fantasie freien Lauf zu lassen. In dem Spiel können Sie neue Wörter lernen, wenn Sie jedesmal spielen! Sie können auch das Spiel mit Ihren Freunden teilen und dann einen interessanten Wettbewerb veranstalten.
Spielanleitung:
-Wischen Sie die Buchstaben und bilden Sie die Wörter, die Sie kennen.
-Entdecken Sie lustige Fakten, um eine gute Reise zu machen.
-Suchen Sie Bonuswörter und es kann Ihnen beim Erreichen anderes Levels helfen.
-Keine Idee? Benutzen Sie Münzen, um Tipps zu bekommen!
-Kreuzworträtsel-Stil bietet Ihnen besseres Spielerlebnis als andere an.
-Jedes Rätsel hat ein interessantes Thema, z.B. Stadt, Sport usw.
-Jedes Wort bringt neue Themen und Genres, die Ihnen ein anderes Gefühl geben.
Merkmale:
-Mehr als 5.000 verschiedene, interessante und für Ihre Fantasie herausfordernde Themen
-Eine Befreiung von dem Stress und der Langeweile für Sie
-Ein guter Zeitvertreib
-Eine Reise in der Welt voller Wörter
-Nicht einfache Kombination der Wörter, sondern eine Herausforderung an den Wortschatz
-Schönes visuelles Design zum Genießen des Wortsuchspiels
Worauf warten Sie noch?
JETZT HERUNTERLADEN, die Reise der Wörter antreten und ein Meister im Wortsuchspiel werden!","<b>Wort Reise - Ein brandneues Kreuzworträtsel-Erlebnis mit süchtig machenden Landschaften!</b><br/><br/>Wort Reise ist ein brandneues und entspannendes Kreuzworträtsel-Spiel zum Erweitern Ihres Wortschatzes. Es kombiniert Spaß mit Wörtern. Sie brauchen nur mit dem Finger zu wischen, die Buchstaben in der richtigen Reihenfolge zu verbinden, die richtigen Wörter zu finden und Ihrer Fantasie freien Lauf zu lassen. In dem Spiel können Sie neue Wörter lernen, wenn Sie jedesmal spielen! Sie können auch das Spiel mit Ihren Freunden teilen und dann einen interessanten Wettbewerb veranstalten.<br/><br/><b><u>Spielanleitung:</u></b><br/>-Wischen Sie die Buchstaben und bilden Sie die Wörter, die Sie kennen.<br/>-Entdecken Sie lustige Fakten, um eine gute Reise zu machen.<br/>-Suchen Sie Bonuswörter und es kann Ihnen beim Erreichen anderes Levels helfen.<br/>-Keine Idee? Benutzen Sie Münzen, um Tipps zu bekommen!<br/>-Kreuzworträtsel-Stil bietet Ihnen besseres Spielerlebnis als andere an.<br/>-Jedes Rätsel hat ein interessantes Thema, z.B. Stadt, Sport usw.<br/>-Jedes Wort bringt neue Themen und Genres, die Ihnen ein anderes Gefühl geben.<br/><br/><b><u>Merkmale:</u></b><br/>-Mehr als 5.000 verschiedene, interessante und für Ihre Fantasie herausfordernde Themen<br/>-Eine Befreiung von dem Stress und der Langeweile für Sie<br/>-Ein guter Zeitvertreib<br/>-Eine Reise in der Welt voller Wörter<br/>-Nicht einfache Kombination der Wörter, sondern eine Herausforderung an den Wortschatz<br/>-Schönes visuelles Design zum Genießen des Wortsuchspiels<br/><br/>Worauf warten Sie noch? <br/>JETZT HERUNTERLADEN, die Reise der Wörter antreten und ein Meister im Wortsuchspiel werden!",Brain Training Games Dev,Hongkong,wuji.tian2018@gmail.com,Brain+Training+Games+Dev,http://linephysics9999.blogspot.com/2018/06/privacy-policy.html,False,True,"{u'1': 94, u'3': 36, u'2': 18, u'5': 1578, u'4': 89}",True,"[$0.99, $22.99]",https://lh3.googleusercontent.com/qkOeNvDoJXWnKpnxD-N4aFkM8jwrlcQ8j0VmY1SxRIeBLWumsJnGPi0kFUKzFMnUyw,"100,000+",[In-Game Purchases],0,"Ein brandneues Kreuzworträtsel-Erlebnis mit süchtig machenden Landschaften!

Mehr neue Level kommen bald!",4.1 and up,1815,4.7,[],67M,Wort Reise,"March 22, 2019",https://play.google.com/store/apps/details?id=com.word.journey.crossword.de&gl=us&hl=en,https://www.youtube.com/embed/L_dsMzdWx_s
15,word.search.connect.wordstacks.crossy.story.wordscapes.word.games,[GAME_WORD],[Everyone],1.9,"DOWNLOAD the latest word puzzle game for FREE！
Word Piles is an exciting puzzle game for TRUE WORD geniuses! Concentrate to find all hidden words! It starts off as an easy word game and becomes challenging! Play and exercise your brain!
HOW TO PLAY?
- Correct swipe the letters to form hidden words of a specific topic.
- Easy at first, but gets challenging fast.
WORD PILES FEATURES:
★ 200+ packs, 2000+ levels!
★ Difficulty increases along with levels. Easy to play, but hard to beat!
★ Free 100 coins at the first word search game.
★ Earn rewards for finding extra words!
★ You can also get more coins purchasing or watching advertising videos
★ Play OFFLINE in anytime and anywhere.
★ All grids are double-checked to make sure they are solvable!
★ Applicable to Any Ages!
★ FREE Update!
This is a perfect word games for word fans. Download and enjoy the word puzzle game !
Play the word piles now, you will find it so addictive and just can't put your phone down.
Word games for the young, word games for the smart, word games for the fun.","DOWNLOAD the latest word puzzle game for FREE！<br/><br/>Word Piles is an exciting puzzle game for TRUE WORD geniuses! Concentrate to find all hidden words! It starts off as an easy word game and becomes challenging! Play and exercise your brain!<br/><br/>HOW TO PLAY?<br/>- Correct swipe the letters to form hidden words of a specific topic.<br/>- Easy at first, but gets challenging fast.<br/><br/>WORD PILES FEATURES:<br/>★ 200+ packs, 2000+ levels!<br/>★ Difficulty increases along with levels. Easy to play, but hard to beat! <br/>★ Free 100 coins at the first word search game.<br/>★ Earn rewards for finding extra words!<br/>★ You can also get more coins purchasing or watching advertising videos<br/>★ Play OFFLINE in anytime and anywhere.<br/>★ All grids are double-checked to make sure they are solvable! <br/>★ Applicable to Any Ages! <br/>★ FREE Update!<br/><br/>This is a perfect word games for word fans. Download and enjoy the word puzzle game !<br/><br/>Play the word piles now, you will find it so addictive and just can't put your phone down.<br/><br/>Word games for the young, word games for the smart, word games for the fun.",Brainit Games,"1/F,109,Poly Centre,No.15 Yip Fung Street,On Lok Tsuen,Fanling, HongKong",zhongjunwei365@gmail.com,Brainit+Games,http://fruitcasino.online/support/brainitgames/wordcross/policy.html,False,True,"{u'1': 2, u'3': 0, u'2': 3, u'5': 71, u'4': 4}",True,"[$0.99, $99.99]",https://lh3.googleusercontent.com/2tpaaj2ZOzJsbd_5L5eBUT1yB02ier85M4DLVIWQlkuIclTbJNNsFxnotCLNRNhyMQ,"5,000+",[Digital Purchases],0,"Thank for join us and play Word Piles, have fun!!


- Add German and French levels

- Game optimization

- Bug fix",4.1 and up,80,4.7,[],25M,Word Piles - Search & Connect the Stack Word Games,"March 4, 2019",https://play.google.com/store/apps/details?id=word.search.connect.wordstacks.crossy.story.wordscapes.word.games&gl=us&hl=en,
16,com.randomlogicgames.crossword,[GAME_WORD],[Everyone],Varies with device,"A modern twist on a beloved classic!  Crossword quiz is a unique puzzle crossbreed based on 3 types of clues: word descriptions, emoji combinations, and photos.  Put your visual, word, and critical thinking skills to the test in this mash-up puzzle extravaganza!
Find yourself stuck on a puzzle?  Don’t give up just yet!  Use the coins you’ve earned to set you back on track with Hints by selecting to expose a letter, remove unused letters, or to totally solve the puzzle!  Do your best to save your coins to buy hints for more challenging questions and for unlocking new categories (coins can also be purchased in-game).
EXPOSE A LETTER
Reveal a single letter of a phrase.  This is the perfect hint to use when the answer is on the very tip of your tongue!
REMOVE THE LETTERS
Remove all letters from the letter bank that are not part of the answer.  This hint is perfect for when you need a bump in the right direction!
SOLVE IT.
Having a total blank-out?  No worries!  Simply select this hint option and move forward with your crossword!","A modern twist on a beloved classic!  Crossword quiz is a unique puzzle crossbreed based on 3 types of clues: word descriptions, emoji combinations, and photos.  Put your visual, word, and critical thinking skills to the test in this mash-up puzzle extravaganza!  <br/><br/>Find yourself stuck on a puzzle?  Don’t give up just yet!  Use the coins you’ve earned to set you back on track with Hints by selecting to expose a letter, remove unused letters, or to totally solve the puzzle!  Do your best to save your coins to buy hints for more challenging questions and for unlocking new categories (coins can also be purchased in-game).<br/><br/>EXPOSE A LETTER<br/>Reveal a single letter of a phrase.  This is the perfect hint to use when the answer is on the very tip of your tongue!<br/><br/>REMOVE THE LETTERS<br/>Remove all letters from the letter bank that are not part of the answer.  This hint is perfect for when you need a bump in the right direction!<br/><br/>SOLVE IT.<br/>Having a total blank-out?  No worries!  Simply select this hint option and move forward with your crossword!","Random Logic Games, LLC","450 Century Park South
Suite 105-A
Birmingham, AL 35226",support@randomlogicgames.com,8111076891443836168,http://randomlogicgames.com,False,True,"{u'1': 816, u'3': 1023, u'2': 372, u'5': 8727, u'4': 2389}",True,"[$0.99, $49.99]",https://lh3.googleusercontent.com/bw1PDF3n65C4Ih27CeCWqgPWuNEZO-9nW9lhn33aSA9iLD-iQWyO4cBhTgvdhRzZpw,"1,000,000+",[Digital Purchases],0,Bug fixes and performance improvements.,Varies with device,13327,4.3,[],Varies with device,Crossword Quiz,"March 13, 2019",https://play.google.com/store/apps/details?id=com.randomlogicgames.crossword&gl=us&hl=en,https://www.youtube.com/embed/r2pnIGAk2O0
17,com.novalandheromask.mysteryboxesgames,[GAME_WORD],[Everyone],1.0,"Subway Adventure Masks Mysteri Chest Box Opening 3D is game melek wani your wakmu and your companions to enhance your insight and save city in pj metro.
Kue kudune pjgame be running and act sing kae your Subway Adventure Masks 3D ning tmpet stage and attempt to In P Subway to J Run Masks You manage your legend to a segment of the edge without point while gaining rewards. Utilizing the most recent in contact screen innovation, beautiful designs and canny amusement play that this diversion is ideal for all ages - youngsters, adolescents and grown-ups, youthful and old. thump your adversaries down. When you have attempted this awesome advanture surf amusement, you'll be snared for eternity!
PSubway Adventure Mask 3D introduced various acclimations to make it all the more fascinating and energizing. There are unlimitted levels, a projectile shading decisions, rubies to aggregate and you can even snatch a shield so you can ensure yourself against those spikes!
Step by step instructions to play Hero Masks:
- Tap to play, swipe your finger to left-righ-up-slide.
- Keep your saint masks relentless on the screen.
- Avoid snag.
- Get cllect coin as much you can while surfing.
- Make the best score.
How about we Go to Play Fun and Easy Game Peje Starlight City Maxks Traffic Racer, If you like This Game, if it's not too much trouble leave a remark and give Rating for us !
This amusement stunning super j Starlight City tram Traffic Racer P Maxks 3D anyone,thrilling ride through World is additionally a testing levels so beat Your companions high scores and it's a pleasant diversion for children, appreciate!","Subway Adventure Masks Mysteri Chest Box Opening 3D is game melek wani your wakmu and your companions to enhance your insight and save city in pj metro. <br/><br/>Kue kudune pjgame be running and act sing kae your Subway Adventure Masks 3D ning tmpet stage and attempt to In P Subway to J Run Masks You manage your legend to a segment of the edge without point while gaining rewards. Utilizing the most recent in contact screen innovation, beautiful designs and canny amusement play that this diversion is ideal for all ages - youngsters, adolescents and grown-ups, youthful and old. thump your adversaries down. When you have attempted this awesome advanture surf amusement, you'll be snared for eternity! <br/><br/><br/><br/>PSubway Adventure Mask 3D introduced various acclimations to make it all the more fascinating and energizing. There are unlimitted levels, a projectile shading decisions, rubies to aggregate and you can even snatch a shield so you can ensure yourself against those spikes! <br/><br/>Step by step instructions to play Hero Masks: <br/><br/>- Tap to play, swipe your finger to left-righ-up-slide. <br/><br/>- Keep your saint masks relentless on the screen. <br/><br/>- Avoid snag. <br/><br/>- Get cllect coin as much you can while surfing. <br/><br/>- Make the best score. <br/><br/>How about we Go to Play Fun and Easy Game Peje Starlight City Maxks Traffic Racer, If you like This Game, if it's not too much trouble leave a remark and give Rating for us ! <br/><br/>This amusement stunning super j Starlight City tram Traffic Racer P Maxks 3D anyone,thrilling ride through World is additionally a testing levels so beat Your companions high scores and it's a pleasant diversion for children, appreciate!",Suzha Labz,"2-9-16 勝山通
Osaka ,Kinki ,543-0042",icikamnawki@gmail.com,Suzha+Labz,https://www.freeprivacypolicy.com/privacy/view/f50294607b1686a52cfa8431212e1769,False,True,{},False,,https://lh3.googleusercontent.com/lBtkd4NP0Nn1G26I2kKFwvU7QYIk79KI-osutXWErdp1qEaU4i90amhdWO9yx7gkNeTo,"1,000+",,0,,4.1 and up,0,5.0,[],42M,Subway Mask Hero Mystery Chest Boxes,"January 24, 2019",https://play.google.com/store/apps/details?id=com.novalandheromask.mysteryboxesgames&gl=us&hl=en,
18,com.blacklight.word.alchemy,[GAME_WORD],[Everyone],13.7,"Are you ready to beat your friends in the ultimate brain puzzle?!
Swipe with your finger, connect letters and find and create hidden words. It starts off easy but will soon become challenging! Use your noggin to master every mind challenge in this fun spelling brain game.
This word game begins with a 2x2 grid but quickly escalates to a grid of 8x8 for toughest word game challengers. You begin as Word novice to beat more than 650 levels and become a true Word Alchemist! Play this awesome word game with your friends by connecting to Facebook and ranking on the leaderboards! Are your friends up for the challenge?
HOW TO PLAY?
➜ Connect the letters by swiping over them horizontally, vertically, diagonally, forwards or backwards to form a word.
➜ Find all the hidden words to complete a puzzle.
➜ The real brain challenge is finding the CORRECT word. There may be easy words to come to mind first, but it might not be the word needed to complete the challenge.
➜ Unlock an element each time you complete a level. Create the whole universe from the basic elements.
➜ Feel stuck at some point? Use Gold and take a hint. Remember there are no unsolvable puzzles. All these word puzzles are double-checked to be sure they can be solved.
➜ Find words in the correctly listed order. If you do not, you might not be able to connect letters for the second word.
FEATURES:
★ Free daily bonus rewards
★ More than 800 puzzles!
★ Get 100 Gold FREE on downloading
★ Start easy but quickly becomes a challenging mind puzzle
★ An amazing brain exercise with words
★ Improves vocabulary and spelling skills.
★ Feel achievement with increased leaves of the word tree.
★ Play OFFLINE in anytime and anywhere.
★ Fun for all ages
★ Its FREE and all future updates are also free!
★ Play this fun & free words with friends game
Come have fun with this challenging and addictive word search puzzle game. We bet you can't put the phone down once you begin playing!
Word Alchemy is made with love by the makers of word games like Wordathon: Boggle you Mind, Word Search, Word Search Twist and Hangman.
World's #1 HIT Word Brain game! The MOST addictive word game EVER!
A great game for language lovers!
We really value your feedback, you can say what's on your mind when you rate. We read all your feedback carefully. You can also write to us at contact@blacklightsw.com
Like us on Facebook: https://www.facebook.com/fglindieshowcase/","Are you ready to beat your friends in the ultimate brain puzzle?!<br/><br/>Swipe with your finger, connect letters and find and create hidden words. It starts off easy but will soon become challenging! Use your noggin to master every mind challenge in this fun spelling brain game. <br/><br/>This word game begins with a 2x2 grid but quickly escalates to a grid of 8x8 for toughest word game challengers. You begin as Word novice to beat more than 650 levels and become a true Word Alchemist! Play this awesome word game with your friends by connecting to Facebook and ranking on the leaderboards! Are your friends up for the challenge?<br/><br/>HOW TO PLAY?<br/>➜ Connect the letters by swiping over them horizontally, vertically, diagonally, forwards or backwards to form a word.<br/>➜ Find all the hidden words to complete a puzzle.<br/>➜ The real brain challenge is finding the CORRECT word. There may be easy words to come to mind first, but it might not be the word needed to complete the challenge. <br/>➜ Unlock an element each time you complete a level. Create the whole universe from the basic elements.<br/>➜ Feel stuck at some point? Use Gold and take a hint. Remember there are no unsolvable puzzles. All these word puzzles are double-checked to be sure they can be solved.<br/>➜ Find words in the correctly listed order. If you do not, you might not be able to connect letters for the second word. <br/><br/>FEATURES:<br/>★ Free daily bonus rewards<br/>★ More than 800 puzzles!<br/>★ Get 100 Gold FREE on downloading<br/>★ Start easy but quickly becomes a challenging mind puzzle <br/>★ An amazing brain exercise with words<br/>★ Improves vocabulary and spelling skills.<br/>★ Feel achievement with increased leaves of the word tree.<br/>★ Play OFFLINE in anytime and anywhere.<br/>★ Fun for all ages<br/>★ Its FREE and all future updates are also free!<br/>★ Play this fun &amp; free words with friends game<br/> <br/>Come have fun with this challenging and addictive word search puzzle game. We bet you can't put the phone down once you begin playing!<br/><br/>Word Alchemy is made with love by the makers of word games like Wordathon: Boggle you Mind, Word Search, Word Search Twist and Hangman.<br/><br/>World's #1 HIT Word Brain game! The MOST addictive word game EVER!<br/>A great game for language lovers! <br/><br/>We really value your feedback, you can say what's on your mind when you rate. We read all your feedback carefully. You can also write to us at contact@blacklightsw.com<br/><br/>Like us on Facebook: https://www.facebook.com/fglindieshowcase/",FGL Indie Showcase,"1237A 3rd st. Promenade
Santa Monica, CA 90401",contact@blacklightsw.com,5109527294243675565,http://www.blacklightsw.com/,False,True,"{u'1': 12, u'3': 10, u'2': 7, u'5': 286, u'4': 27}",True,"[$0.99, $99.99]",https://lh3.googleusercontent.com/SRjTQGXrKWd7ZW-qmKLEIIt4kE6OKCvH3SvdNAGUVy1fb7a8wdSkOo4KgsOl5WuAUw,"10,000+",[Digital Purchases],0,"Huge Update!

- Enjoy 100+ themed puzzles!  Play challenging collections such as WINTER, COOKING, CLOTHING, and more!",4.0.3 and up,342,4.7,[],22M,Word Alchemy - Brain Puzzle Search Game,"February 4, 2019",https://play.google.com/store/apps/details?id=com.blacklight.word.alchemy&gl=us&hl=en,https://www.youtube.com/embed/rpyrQeE1hXw
19,com.wb.goog.ellen.psych,[GAME_WORD],[Everyone],9.3.34,"From the creators of ""Heads Up!” comes “PSYCH!” – an exciting new party game to play with your friends!
Choose from a variety of fun categories in which each player makes up fake answers to real trivia questions. Can you choose the outrageous real answer among your friends’ fakes? Get points for guessing the right answer, and for each other player you PSYCH! into choosing yours.
""PSYCH!"" is the perfect app for game night, road trips, or even waiting in line. So grab your phones, gather ‘round, and get ready for a gaming experience unlike anything you’ve ever tried!","From the creators of ""Heads Up!” comes “PSYCH!” – an exciting new party game to play with your friends!<br/><br/>Choose from a variety of fun categories in which each player makes up fake answers to real trivia questions. Can you choose the outrageous real answer among your friends’ fakes? Get points for guessing the right answer, and for each other player you PSYCH! into choosing yours.<br/><br/>""PSYCH!"" is the perfect app for game night, road trips, or even waiting in line. So grab your phones, gather ‘round, and get ready for a gaming experience unlike anything you’ve ever tried! ",Warner Bros. International Enterprises,"Warner Bros.
Warner Bros. International Enterprises Inc.
4000 WARNER BLVD
LOS ANGELES
BURBANK
United States
California
91522-0001",psych@ellengames.com,Warner+Bros.+International+Enterprises,http://www.ellentube.com/article/apps-and-games.html,False,True,"{u'1': 905, u'3': 891, u'2': 291, u'5': 18758, u'4': 4843}",True,"[$0.99, $2.99]",https://lh3.googleusercontent.com/BWi3ggyFdDWjas15aPNsxZk41jWlfVXH8bjPbunh4RToMjTCMMbg87AAwy_yRyl7pnU,"1,000,000+",[Digital Purchases],0,"Did you know? The blob of toothpaste that sits on your toothbrush is called a nurdle.


More updates and improvements!",4.1 and up,25688,4.6,[],50M,Psych! Outwit Your Friends,"June 20, 2018",https://play.google.com/store/apps/details?id=com.wb.goog.ellen.psych&gl=us&hl=en,
20,com.sushiGames.grannysHouse,[GAME_WORD],[Teen],1.1,"Scary granny mod is a multiplayer mods by hello granny
This is a Granny Mods game, you can find all of the scary granny mods available. In this scary game, you get the option to mod your way around and escape a scary granny's house in the dark. Spawn and collect many different items everywhere. Multiple maps to choose from in the game play.
This mod also offers granny games a single player mode and a multiplayer mode. You now have the option to become granny online with friends or mod a granny into game play.","Scary granny mod is a multiplayer mods by hello granny<br/>This is a Granny Mods game, you can find all of the scary granny mods available. In this scary game, you get the option to mod your way around and escape a scary granny's house in the dark. Spawn and collect many different items everywhere. Multiple maps to choose from in the game play.<br/>This mod also offers granny games a single player mode and a multiplayer mode. You now have the option to become granny online with friends or mod a granny into game play.",ice cream APPS,N 23 Street,ellen.thewhite@gmail.com,ice+cream+APPS,http://grannymods.org/PrivacyPolicy,False,True,"{u'1': 7, u'3': 1, u'2': 0, u'5': 6, u'4': 2}",False,,https://lh3.googleusercontent.com/tN4xKUUlerUJnNubedQV_Xs-NQCaClGq_HWdN1IPqFNwoPY2BHSbs3wiwipdPO4OlTk,"1,000+",,0,,4.1 and up,16,3.0,[],52M,Granny Mods : granny's house,"March 7, 2019",https://play.google.com/store/apps/details?id=com.sushiGames.grannysHouse&gl=us&hl=en,
21,com.openmygame.games.android.crossword.plants,[GAME_WORD],[Everyone],1.30,"In this game, you will need to travel the islands and grow plants. Each of the islands will bring something new to the game. Grow all the plants, find all the words and discover what awaits you on the last island.
Rules
At each of the levels, you will see a set of letters arranged in a circle. From this set, you need to make words and gradually complete the crossword puzzle. If a word you find is not in the puzzle, you will be given extra points. You can get hints for these points.
Features
• Beautiful flat design
• Thousands of words—learn something new with every level
• 2000 levels—all unique;
• The puzzles become more difficult—develop and improve yourself
• Fascinating flower quests to get free tips
• Extra daily levels with special mechanics
• Supports phones and tablets
• Log in via social networks to compete with your friends
• Works offline without Wi-Fi or Internet connection
Thanks for playing with us.","In this game, you will need to travel the islands and grow plants. Each of the islands will bring something new to the game. Grow all the plants, find all the words and discover what awaits you on the last island.<br/><br/><b>Rules</b><br/><br/>At each of the levels, you will see a set of letters arranged in a circle. From this set, you need to make words and gradually complete the crossword puzzle. If a word you find is not in the puzzle, you will be given extra points. You can get hints for these points.<br/><br/><b>Features</b><br/><br/>• Beautiful flat design<br/>• Thousands of words—learn something new with every level<br/>• 2000 levels—all unique;<br/>• The puzzles become more difficult—develop and improve yourself<br/>• Fascinating flower quests to get free tips<br/>• Extra daily levels with special mechanics<br/>• Supports phones and tablets<br/>• Log in via social networks to compete with your friends<br/>• Works offline without Wi-Fi or Internet connection<br/><br/>Thanks for playing with us.",OpenMyGame,"Republic of Belarus, Gomel, Feduninskogo st, 17/89.",support@openmygame.com,OpenMyGame,http://www.openmygame.com/,False,True,"{u'1': 156, u'3': 175, u'2': 48, u'5': 5116, u'4': 683}",True,"[$0.99, $49.99]",https://lh3.googleusercontent.com/TBrIqR2bcpVapDkZCPNPe1m9piA5_5rAaxZMXFc6LgZ36epwjNt_DFAs4zziS-fDN4E,"100,000+",[Digital Purchases],0,"Hello! We are glad to present you the new update!

Fixed some freezes and bugs, now the game should work even better.

Have a good time!",4.1 and up,6178,4.7,[],Varies with device,Crossword out of the words,"March 13, 2019",https://play.google.com/store/apps/details?id=com.openmygame.games.android.crossword.plants&gl=us&hl=en,
22,com.itgroup.tegoires,[GAME_WORD],"[Everyone, Alcohol Reference]",1.18,"Customize the app by picking your favorite topics:
- General Knowledge
- Food & Drink
- Science & Nature
- Sports & Leisure
- TV & Movies
- History & Geography
- Music
- Wordplay
- Sci-Fi & Fantasy
- Cartoons & Animation
- Video Games
- Star Wars
- Theater
- Harry Potter
- Lord of the Rings
That's enough to pass the time from New York to Chicago. Or Seattle to Silicon Valley. Or Santa Monica to Laguna Beach (seriously the traffic is terrible).
Driver is permanent guesser. Please don't operate your phone while driving.",Customize the app by picking your favorite topics:<br/><br/>- General Knowledge<br/>- Food &amp; Drink<br/>- Science &amp; Nature<br/>- Sports &amp; Leisure<br/>- TV &amp; Movies<br/>- History &amp; Geography<br/>- Music<br/>- Wordplay<br/>- Sci-Fi &amp; Fantasy<br/>- Cartoons &amp; Animation<br/>- Video Games<br/>- Star Wars<br/>- Theater<br/>- Harry Potter<br/>- Lord of the Rings<br/><br/>That's enough to pass the time from New York to Chicago. Or Seattle to Silicon Valley. Or Santa Monica to Laguna Beach (seriously the traffic is terrible).<br/><br/>Driver is permanent guesser. Please don't operate your phone while driving.,Theodore Moore,"79 Madison Avenue
7th Floor
New York, NY 10016",digifuzi@gmail.com,Theodore+Moore,http://www.cartegories.com,False,True,"{u'1': 2, u'3': 0, u'2': 1, u'5': 15, u'4': 1}",True,"[$0.99, $2.99]",https://lh3.googleusercontent.com/181f5iZK5-88v4VKoc5w_HxA9tNP0fsznmae3TTdCtJBWdbnn5khkG3gjn1ycKp24_4,"1,000+",[Digital Purchases],0,"* Add Ads

* Add Ad-Free version as in-app billing product

* Some bug fixes",4.3 and up,19,4.4,[],8.5M,Car-tegories: Road Trip Category Game,"November 5, 2018",https://play.google.com/store/apps/details?id=com.itgroup.tegoires&gl=us&hl=en,
23,com.SmoreGames.WordWinner,[GAME_WORD],[Everyone],1.2.2,"Are you ready to be a word winner? DOWNLOAD the newest word brain game to mix and unscramble letters, spell words, and become a word whiz for FREE!
Once you play this word chain game you won’t want to stop! It's FUN and ADDICTING! This game is great for people who play word whiz games like crossword puzzles, Boggle, or Scrabble. Puzzles get more difficult as you mix and unscramble letters, spell words, and beat levels to become a word brain winner!
FEATURES:
➤ EASY to play, HARD to master! Simply swipe & unscramble letters to spell words!
➤ Over 2000+ puzzles to play for FREE, with new word counter levels on the way! Includes a CUSTOM dictionary and unique levels to help you become a word whiz! No two puzzles are the same!
➤ Receive daily rewards and collect bonus coins for playing each day! Stuck on a word? You can SHUFFLE the letters or use HINTS for help.
➤ Unscramble letters, spell words and relax! There is no time limit for completing a puzzle!
➤ Collect extra coins when you find hidden bonus words! The more words you spell in this word brain game, the higher your genius score will be! Try to get the highest genius score to be a word counter winner!
➤ Playing this word whiz game can help train your brain. Replay previous levels as many times as you want!
➤ Play ONLINE or OFFLINE, no matter where you are!
This is the perfect word brain game for word chain fans. So download, and enjoy our word whiz game! As you spell words, you will find it so addictive you won't be able to put your phone down! There are thousands of word brain games on android, but this word chain game is unique and fun for all word whiz lovers.
Word counter games improve your vocabulary, train your brain, but most importantly, word counter games let you have fun while you spell words!
So if you like word brain games download Word Winner now! Word games can vary in difficulty, but this word chain game is perfect for everyone and has the BEST word counter puzzles for word brain addicts! So get your friends and family in on this word chain fun and experience these word counter puzzles together.
You can review our Privacy Policy on our website https://smoregames.com. If you have any problems with this free word chain game, contact us at http://smoregames.com/contact. We value your feedback, so say what's on your mind when you rate our word counter game.
Thanks again for playing Word Winner! Have a good time as you unscramble letters and spell words!
Visit Us At:
https://smoregames.com
Follow Smore Games:
https://facebook.com/smoregames
https://instagram.com/smore.games
https://twitter.com/smoregames
Follow Word Winner:
https://www.facebook.com/WordWinnerGame
https://instagram.com/wordwinner","Are you ready to be a word winner? DOWNLOAD the newest word brain game to mix and unscramble letters, spell words, and become a word whiz for FREE!<br/><br/>Once you play this word chain game you won’t want to stop! It's FUN and ADDICTING! This game is great for people who play word whiz games like crossword puzzles, Boggle, or Scrabble. Puzzles get more difficult as you mix and unscramble letters, spell words, and beat levels to become a word brain winner!<br/><br/>FEATURES:<br/><br/>➤ EASY to play, HARD to master! Simply swipe &amp; unscramble letters to spell words!<br/>➤ Over 2000+ puzzles to play for FREE, with new word counter levels on the way! Includes a CUSTOM dictionary and unique levels to help you become a word whiz! No two puzzles are the same!<br/>➤ Receive daily rewards and collect bonus coins for playing each day! Stuck on a word? You can SHUFFLE the letters or use HINTS for help.<br/>➤ Unscramble letters, spell words and relax! There is no time limit for completing a puzzle!<br/>➤ Collect extra coins when you find hidden bonus words! The more words you spell in this word brain game, the higher your genius score will be! Try to get the highest genius score to be a word counter winner!<br/>➤ Playing this word whiz game can help train your brain. Replay previous levels as many times as you want!<br/>➤ Play ONLINE or OFFLINE, no matter where you are!<br/><br/>This is the perfect word brain game for word chain fans. So download, and enjoy our word whiz game! As you spell words, you will find it so addictive you won't be able to put your phone down! There are thousands of word brain games on android, but this word chain game is unique and fun for all word whiz lovers.<br/><br/>Word counter games improve your vocabulary, train your brain, but most importantly, word counter games let you have fun while you spell words!<br/><br/>So if you like word brain games download Word Winner now! Word games can vary in difficulty, but this word chain game is perfect for everyone and has the BEST word counter puzzles for word brain addicts! So get your friends and family in on this word chain fun and experience these word counter puzzles together.<br/><br/>You can review our Privacy Policy on our website https://smoregames.com. If you have any problems with this free word chain game, contact us at http://smoregames.com/contact. We value your feedback, so say what's on your mind when you rate our word counter game.<br/><br/>Thanks again for playing Word Winner! Have a good time as you unscramble letters and spell words!<br/><br/>Visit Us At:<br/>https://smoregames.com<br/><br/>Follow Smore Games:<br/>https://facebook.com/smoregames<br/>https://instagram.com/smore.games<br/>https://twitter.com/smoregames<br/><br/>Follow Word Winner:<br/>https://www.facebook.com/WordWinnerGame<br/>https://instagram.com/wordwinner",Smore Games,"2015 S. Parkview Dr.
Mapleton, UT
84664",info@smoregames.com,Smore+Games,https://smoregames.com,False,True,"{u'1': 63, u'3': 169, u'2': 37, u'5': 1347, u'4': 300}",True,"[$0.99, $79.99]",https://lh3.googleusercontent.com/N2jICSNYAOS7gM2Gcz84QKBWCJN9Gj_c028-QoFCdmWaoHID1hcNbQaZ-nSc04kQEHA,"10,000+",[Digital Purchases],0,"Thanks for playing Word Winner!

We added 700 new levels and fixed some bugs, and made some performance improvements.",4.1 and up,1916,4.5,[],50M,Word Winner: A Word Brain Game,"March 18, 2019",https://play.google.com/store/apps/details?id=com.SmoreGames.WordWinner&gl=us&hl=en,https://www.youtube.com/embed/7BCfGe0qaC4
24,com.appynation.ppcw,[GAME_WORD],[Everyone],2.6,"Enjoy a new crossword game where every clue is a unique picture!
Put your word skills to the test with our intriguing new crossword game. Each clue is shown as a picture - just say what you see! There are hundreds of puzzles all based on different themes. It's perfect to dip into when you need a puzzle break!
FEATURES
■ Crosswords with a twist!
■ Hundreds of puzzles - with more to come!
■ Instant hints - get a little help when you need it
■ Connect to Facebook to carry on playing on your other devices
■ Play every day!
SUPPORT
Please select the [HELP] option from the Pause Menu (the gear icon at the bottom of the game screen) if you require assistance.
If you require further assistance or are unable to access the in-game Help, you can contact us via email: support@appynation.com
Picture Perfect Crossword is free to play, but contains optional paid items to unlock content more quickly. You can disable in-app purchase functionality in your device's settings if you do not want to use this feature.
Please visit www.appynation.com or /bigpuzzles on Facebook for more great free puzzle games!","Enjoy a new crossword game where every clue is a unique picture!<br/><br/>Put your word skills to the test with our intriguing new crossword game. Each clue is shown as a picture - just say what you see! There are hundreds of puzzles all based on different themes. It's perfect to dip into when you need a puzzle break!<br/><br/><br/>FEATURES<br/><br/>■ Crosswords with a twist!<br/><br/>■ Hundreds of puzzles - with more to come!<br/><br/>■ Instant hints - get a little help when you need it<br/><br/>■ Connect to Facebook to carry on playing on your other devices<br/><br/>■ Play every day!<br/><br/><br/>SUPPORT<br/><br/>Please select the [HELP] option from the Pause Menu (the gear icon at the bottom of the game screen) if you require assistance.<br/><br/>If you require further assistance or are unable to access the in-game Help, you can contact us via email: support@appynation.com<br/><br/>Picture Perfect Crossword is free to play, but contains optional paid items to unlock content more quickly. You can disable in-app purchase functionality in your device's settings if you do not want to use this feature.<br/><br/>Please visit www.appynation.com or /bigpuzzles on Facebook for more great free puzzle games!",AppyNation Ltd.,"23 Adelaide Road
Leamington Spa
Warwickshire
CV31 3PD
United Kingdom",support@appynation.com,AppyNation+Ltd.,http://www.appynation.com,False,True,"{u'1': 34, u'3': 760, u'2': 47, u'5': 7660, u'4': 3144}",True,"[$0.99, $19.99]",https://lh3.googleusercontent.com/fmJzrIbYBv8I3TNL3cbLiSl2YWKfOrp2W4Rjefcz7KhjjI06PNMNXS0t1fcQeUhApRJu,"100,000+",[Digital Purchases],0,"- We've added another 2 new chapters (32 new puzzles)


If you're enjoying Picture Perfect Crossword, please take a moment to leave us a review!  Reviews help us to bring you new updates and new games.",7.0 and up,11645,4.6,[],77M,Picture Perfect Crossword,"November 21, 2018",https://play.google.com/store/apps/details?id=com.appynation.ppcw&gl=us&hl=en,https://www.youtube.com/embed/cPvH-vjo5WU
25,com.asgeir_albretsen.funlibs,[GAME_WORD],[Everyone],1.0,"Fun Libs is a game where you can quickly create hilarious texts! It's a new version of the popular ""Mad Libs"" game, with several new original libs. New and higher quality texts are added with every update.
Another fun feature of this app, is that you can create your own custom libs, and let other people play them! It's incredibly simple and fun!
If you love this type of game, I recommend that you buy the original ""Mad Libs"" books. They have some super funny texts!
This app was originally intended as just a learning experience for me, but as a lot of people liked it, I chose to release it in the Play Store. This is the second version of the app, as the first one was too similar to the ""Mad Libs"" one, so I had to change!
Logo by smachicons.com","Fun Libs is a game where you can quickly create hilarious texts! It's a new version of the popular ""Mad Libs"" game, with several new original libs. New and higher quality texts are added with every update.<br/><br/>Another fun feature of this app, is that you can create your own custom libs, and let other people play them! It's incredibly simple and fun! <br/><br/>If you love this type of game, I recommend that you buy the original ""Mad Libs"" books. They have some super funny texts!<br/><br/>This app was originally intended as just a learning experience for me, but as a lot of people liked it, I chose to release it in the Play Store. This is the second version of the app, as the first one was too similar to the ""Mad Libs"" one, so I had to change!<br/><br/>Logo by smachicons.com",Asgeir Bjelland Albretsen,Tyselio 21,bjellanda@gmail.com,Asgeir+Bjelland+Albretsen,http://albretsen.github.io,False,True,"{u'1': 0, u'3': 0, u'2': 0, u'5': 4, u'4': 2}",False,,https://lh3.googleusercontent.com/kyjeMKf6jOdtDmKkap5B6K0uZpExdK_o21T09Oa0-WklLCAuZACKnToY6yg1zTVg2nk,"1,000+",,0,"Second app release!


As I had some issues with trademark infringement in my previous version, I had to create a new, compliant one! This one is even better than the last one though! Changes include:


Less ads

More high quality texts

UI improvements

Reduced file size


I hope you enjoy this one as much as the last one :)!",4.2 and up,6,4.7,[],2.7M,Fun Libs,"January 27, 2019",https://play.google.com/store/apps/details?id=com.asgeir_albretsen.funlibs&gl=us&hl=en,
26,com.BestDamnApps.ChainOfThoughtFree,[GAME_WORD],"[Teen, Suggestive Themes, Drug Reference, Language]",1.09,"From the husband and wife team that brought you ""RhymieStymie"" comes ""Chain Of Thought - the free association word chain game!""
It's super easy to learn, and super fun to play.
Each puzzle is a journey for the mind. Travel from ""safe sex"" to ""love child"" along this word chain: ""safe>sex>drive>in>love>child.""
You never have to do any nasty typing. Just tap the words in the word pool to complete the Chain of Thought.
This FREE version of Chain Of Thought includes 2 FREE Puzzle Packs to get you started on your word association adventure!  If you would like even more Puzzle Packs, please check out the full version of Chain Of Thought.
___FEATURES___
◆	easy to learn
◆	will keep your brain happy and healthy with clever puzzles
◆	2 different modes of play:
◆	solo play mode - perfect for the supermarket line
◆	pass 'n play mode - perfect for lying in bed with your sweetie
◆	no typing - just tap the words in the word pool
◆	2 levels of hints so you never get  App Cafe
We hope you will love this word game as much as we do. Thanks so much for taking our new Android app out for a spin.
Best wishes,
Jay & Julia
PLEASE NOTE:  The Android version does not yet support Achievements, Leaderboards and Online Play.  If you want these features, please consider the Apple iOS version of Chain of Thought.","From the husband and wife team that brought you ""RhymieStymie"" comes ""Chain Of Thought - the free association word chain game!""<br/><br/>It's super easy to learn, and super fun to play. <br/><br/>Each puzzle is a journey for the mind. Travel from ""safe sex"" to ""love child"" along this word chain: ""safe&gt;sex&gt;drive&gt;in&gt;love&gt;child."" <br/><br/>You never have to do any nasty typing. Just tap the words in the word pool to complete the Chain of Thought. <br/><br/>This FREE version of Chain Of Thought includes 2 FREE Puzzle Packs to get you started on your word association adventure!  If you would like even more Puzzle Packs, please check out the full version of Chain Of Thought.<br/><br/>___FEATURES___ <br/>	◆	easy to learn <br/>	◆	will keep your brain happy and healthy with clever puzzles <br/>	◆	2 different modes of play: <br/>	◆	solo play mode - perfect for the supermarket line <br/>	◆	pass 'n play mode - perfect for lying in bed with your sweetie <br/>	◆	no typing - just tap the words in the word pool <br/>	◆	2 levels of hints so you never get  App Cafe<br/> <br/>We hope you will love this word game as much as we do. Thanks so much for taking our new Android app out for a spin. <br/><br/>Best wishes, <br/>Jay &amp; Julia<br/><br/>PLEASE NOTE:  The Android version does not yet support Achievements, Leaderboards and Online Play.  If you want these features, please consider the Apple iOS version of Chain of Thought.",Jay Bacal,"Jay Bacal
6 Dayton Drive
Mahopac, NY
10541",JBacal@aol.com,Jay+Bacal,http://www.bestdamnapps.com,False,True,"{u'1': 108, u'3': 114, u'2': 60, u'5': 472, u'4': 216}",False,,https://lh3.ggpht.com/TlsJikPy-SfsmsJdsk-xEPflTdMb5E3J-J5csQk-t4PKsPtdCgl6C7EIB-fi_rtCLTQ,"100,000+",,0,"**Update 1.09


Added links to our other word games.  Enjoy!",2.2 and up,970,3.9,[],22M,Chain Of Thought Free,"August 20, 2014",https://play.google.com/store/apps/details?id=com.BestDamnApps.ChainOfThoughtFree&gl=us&hl=en,
