,app_id,category,content_rating,current_version,description,description_html,developer,developer_address,developer_email,developer_id,developer_url,editors_choice,free,histogram,iap,iap_range,icon,installs,interactive_elements,price,recent_changes,required_android_version,reviews,score,screenshots,size,title,updated,url,video
0,com.blackcircleapps.easterbunny,[GAME_BOARD],"[Teen, Simulated Gambling]",6.5.8,"Welcome to the best live bingo experience in the world! Because we know the Easter is blitz bliss, we proudly introduce you the totally renewed holyday themed game, with tons of Easter decorations, music, and animations to cheer your gameplay with your favorite holydayof the year! Play in our different hall rooms and enjoy playing with other Easter hunt enthusiasts the 365 days of the year! Don’t you want that Easter last a little bit longer?  Play Loteria bingo tournaments and have unlimited hours of fun with the classic bingo rules and different new modalities to discover. Try the real bingo experience in the multiplayer bingo challenges, the new bingo slots mix, and many other Easter Bunny gifts that are waiting to you!
Our responsive & quick interface ensures a high quality gaming experience, with stunning St. Valentine's animations, themed bingo cards, gifts, and much more surprises! Pop & classic Easter Bunny Bingo festivale music will be playing in the background to complete the romantic sensation!  Earn special trophies & medals as special achievements; with them, you’ll be able to unlock more play rooms like Luna park bingo and many other funny animated bingo cards.
Win amazing bonus, free chips & more while the color blast of Easter hunt amuse you! Are you ready to live the bingo! scream? Download NOW
Easter Bunny Bingo
on Google Play Store!!!
Dive into our offline rooms, where you’ll be able to play without having an internet connection. Play with no worries, as you can playbingo with no deposit requests, all the game is free!
*** Features of the Game***
- No deposit required, all content is free
- Online Leaderboards
- Several Rooms and a Lobby to Chat
- Low battery & Memory Consumption
- Offline Mode!","Welcome to the best live bingo experience in the world! Because we know the Easter is blitz bliss, we proudly introduce you the totally renewed holyday themed game, with tons of Easter decorations, music, and animations to cheer your gameplay with your favorite holydayof the year! Play in our different hall rooms and enjoy playing with other Easter hunt enthusiasts the 365 days of the year! Don’t you want that Easter last a little bit longer?  Play Loteria bingo tournaments and have unlimited hours of fun with the classic bingo rules and different new modalities to discover. Try the real bingo experience in the multiplayer bingo challenges, the new bingo slots mix, and many other Easter Bunny gifts that are waiting to you! <br/><br/>Our responsive &amp; quick interface ensures a high quality gaming experience, with stunning St. Valentine's animations, themed bingo cards, gifts, and much more surprises! Pop &amp; classic Easter Bunny Bingo festivale music will be playing in the background to complete the romantic sensation!  Earn special trophies &amp; medals as special achievements; with them, you’ll be able to unlock more play rooms like Luna park bingo and many other funny animated bingo cards.<br/><br/><br/>Win amazing bonus, free chips &amp; more while the color blast of Easter hunt amuse you! Are you ready to live the bingo! scream? Download NOW <b>Easter Bunny Bingo</b> on Google Play Store!!!<br/><br/>Dive into our offline rooms, where you’ll be able to play without having an internet connection. Play with no worries, as you can playbingo with no deposit requests, all the game is free!<br/><br/>*** Features of the Game***<br/><br/>- No deposit required, all content is free<br/>- Online Leaderboards<br/>- Several Rooms and a Lobby to Chat<br/>- Low battery &amp; Memory Consumption<br/>- Offline Mode!",Dynamic Games Ltd.,"4 Gershon Shatz st.,
Tel Aviv,
Israel, 6701738",easterbunny.bingo@blackcircleapps.zohosupport.com,7630417586978766880,https://support.dynamicgames.net/portal/kb/articles/privacy-policy,False,True,"{u'1': 26, u'3': 67, u'2': 13, u'5': 1344, u'4': 161}",True,"[$0.99, $149.99]",https://lh3.googleusercontent.com/vwetyQOCNs3PyXB2BBjQg8ePPm8Iq69vwcKcK3osRxu6pUdnLKX0pRyQlIVXEcFocIQv,"100,000+","[Users Interact, Shares Location, Digital Purchases]",0,"Hello Bingo Fans!

Here's a new update with fixes to improve your game experience!

Play even more unique Bingo rooms!

Have fun & good luck!",4.1 and up,1611,4.7,[],50M,Easter Bunny Bingo,"September 12, 2018",https://play.google.com/store/apps/details?id=com.blackcircleapps.easterbunny&gl=us&hl=en,
1,air.com.playcus.free.bingo.games.casino.slots.country.days.game,[GAME_BOARD],[Everyone],0.050.128,"Bingo Country Days is the most addictive Bingo!
Play your way through the country and unlock exciting new episodes. Earn Experience Points (XP) to move up in the tournaments and win huge rewards.
Earn special awards as you complete a new episode.
FEATURES
🌴 Tournament-style play
🌴 A lot of amazing episodes to collect
🌴 High-quality graphics
🌴 Compete with thousands of people around the globe in real-time multiplayer
🌴 Awesome boosters will help you to win in back-to-back tournaments!
🌴 An amazing community of Bingo Lovers around the World!
🌴 Chat with players
🌴 Free app updates!
Thanks for playing Bingo Country Days!
We would love to hear your feedback!
PLEASE NOTE! Bingo Country Days is free to download and play, however, some game items can also be purchased for real money.
The games are intended for an adult audience. The games do not offer ""real money gambling"" or an opportunity to win real money or prizes. Practice or success at social casino gaming does not imply future success at ""real money gambling.""
Support
Questions? Contact our tech support at bingocountrydays@playcus.com or check our FAQ https://bingo-country-days.helpscoutdocs.com
Privacy Policy:
https://www.playcus.com/privacy-policy
Terms of Service:
https://www.playcus.com/terms-of-service","Bingo Country Days is the most addictive Bingo!<br/>Play your way through the country and unlock exciting new episodes. Earn Experience Points (XP) to move up in the tournaments and win huge rewards.<br/>Earn special awards as you complete a new episode.<br/><br/>FEATURES<br/>🌴 Tournament-style play<br/>🌴 A lot of amazing episodes to collect<br/>🌴 High-quality graphics <br/>🌴 Compete with thousands of people around the globe in real-time multiplayer<br/>🌴 Awesome boosters will help you to win in back-to-back tournaments!<br/>🌴 An amazing community of Bingo Lovers around the World!<br/>🌴 Chat with players<br/>🌴 Free app updates!<br/><br/>Thanks for playing Bingo Country Days!<br/>We would love to hear your feedback!<br/><br/>PLEASE NOTE! Bingo Country Days is free to download and play, however, some game items can also be purchased for real money.<br/>The games are intended for an adult audience. The games do not offer ""real money gambling"" or an opportunity to win real money or prizes. Practice or success at social casino gaming does not imply future success at ""real money gambling.""<br/><br/>Support<br/>Questions? Contact our tech support at bingocountrydays@playcus.com or check our FAQ https://bingo-country-days.helpscoutdocs.com<br/><br/>Privacy Policy: <br/>https://www.playcus.com/privacy-policy<br/><br/>Terms of Service:<br/>https://www.playcus.com/terms-of-service",Playcus - free bingo,"LAS Suite, 5 St. Vincent Street, Edinburgh, Scotland, EH3 6SW, United Kingdom",bingocountrydays@playcus.com,7965470541443925887,https://www.playcus.com,False,True,"{u'1': 78, u'3': 153, u'2': 52, u'5': 3236, u'4': 327}",True,"[$1.99, $99.99]",https://lh3.googleusercontent.com/7haYtuOp0RNzfBLCj1IJaf5T8nT-Sj2vY2kH19RljzUJQU2yNpeHB2Q73pfD2y9MmMQ,"50,000+","[Users Interact, In-Game Purchases]",0,"Howdy ya’ll! We always improve our product, for you! Thank you for being with us.

We have a new update for you all:

- New gift center - now it's even better

- New Year's holidays are over. Therefore, we have changed the background

We always improve our product, for you!

Please, contact us at bingocountrydays@playcus.com if you have any questions or suggestions. We are always happy to hear from you. With love, Playcus team!",5.0 and up,3846,4.7,[],37M,Bingo Country Days: Best Free Bingo Games,"February 22, 2019",https://play.google.com/store/apps/details?id=air.com.playcus.free.bingo.games.casino.slots.country.days.game&gl=us&hl=en,https://www.youtube.com/embed/1u-W2V350gI
2,donnaipe.europoly,[GAME_BOARD],"[Teen, Simulated Gambling]",1.2,"Breaking news: statistics, leaderboards and achievements!
Roll the dice, move your pawn, buy properties, make deals, acquire monopolies, build houses and force your opponents to bankruptcy. All this and much more is enabled in Europoly, the real-state board game that you will love.
A Europoly game can be played by 2, 3 or 4 players. Each one has a pawn for traversing Europe. If a pawn  lands on an unowned property, she can buy it or auction it. But if that property is already owned by another player, she has to pay the rent. The overall goal of the game is to remain financially solvent while forcing opponents into bankruptcy.
The board is designed to perfectly fit your phone or your tablet. The squares include European cities and airports, motorway, ferry, casino cards, lottery cards and a jail. The player with the floor throws two dice and moves clockwise around the board. A player who lands or passes the Start square collects 5,000€. If a player rolls doubles, she can roll in her turn. After three consecutive sets of doubles, she has to go to jail.
Cities are arranged in groups with the same color. The player who owns all the cities of a group has a monopoly and  will be allowed to build houses, increasing the rent that is received. Transport squares cannot be developed, but the given rent increases if a player owns more than one of either type.
If a player needs money, she can trade with other players, sell her houses or mortgage her     properties. Players cannot collect rent on mortgaged properties, but they can be unmortgaged by paying the stipulated amount to the bank. If a player cannot pay her debts (even selling her houses and mortgaging her properties), she must declare bankruptcy. The winner of the game is the remaining player left after all the others have gone bankrupt.
You can play Europoly with other bots or with humans in the same device. We have carefully crafted the Artificial Intelligence of the bots, offering 3 different and engaging levels. In the highest level, they play aggressively and are tough traders. In the intermediate level they are more relaxed and will offer better deals. In the basic level, the bots are soft and you can trick them to get good deals for your interests.
Europoly is highly configurable, allowing the following options:
* 2-4 player games
* Play with bots or humans in the same device
* 15 different avatars
* 3 levels of Artificial Intelligence
* Select the initial money
* Choose the colors of the avatars
* Adjust the game speed
* Activate sound in-game
* Ramp up positions in the ""Eurometer""
* Ramp up positions in the Winning Streak and Best Game Balance leaderboards
* Get the 30 available achievements
* Check your statistics
Contact us at producciones.don.naipe@gmail.com and give as your feedback and request help in case of problems.
Many thanks for your support!
Do you like card games? Don Naipe is specialized in traditional Spanish card games. We also do a good job with board games such as dominoes and parchís. You can find more information at our website:
http://donnaipe.com","Breaking news: statistics, leaderboards and achievements!<br/><br/>Roll the dice, move your pawn, buy properties, make deals, acquire monopolies, build houses and force your opponents to bankruptcy. All this and much more is enabled in Europoly, the real-state board game that you will love.<br/><br/>A Europoly game can be played by 2, 3 or 4 players. Each one has a pawn for traversing Europe. If a pawn  lands on an unowned property, she can buy it or auction it. But if that property is already owned by another player, she has to pay the rent. The overall goal of the game is to remain financially solvent while forcing opponents into bankruptcy.<br/><br/>The board is designed to perfectly fit your phone or your tablet. The squares include European cities and airports, motorway, ferry, casino cards, lottery cards and a jail. The player with the floor throws two dice and moves clockwise around the board. A player who lands or passes the Start square collects 5,000€. If a player rolls doubles, she can roll in her turn. After three consecutive sets of doubles, she has to go to jail.<br/><br/>Cities are arranged in groups with the same color. The player who owns all the cities of a group has a monopoly and  will be allowed to build houses, increasing the rent that is received. Transport squares cannot be developed, but the given rent increases if a player owns more than one of either type.<br/><br/>If a player needs money, she can trade with other players, sell her houses or mortgage her     properties. Players cannot collect rent on mortgaged properties, but they can be unmortgaged by paying the stipulated amount to the bank. If a player cannot pay her debts (even selling her houses and mortgaging her properties), she must declare bankruptcy. The winner of the game is the remaining player left after all the others have gone bankrupt.<br/><br/>You can play Europoly with other bots or with humans in the same device. We have carefully crafted the Artificial Intelligence of the bots, offering 3 different and engaging levels. In the highest level, they play aggressively and are tough traders. In the intermediate level they are more relaxed and will offer better deals. In the basic level, the bots are soft and you can trick them to get good deals for your interests.<br/><br/>Europoly is highly configurable, allowing the following options:<br/> * 2-4 player games<br/> * Play with bots or humans in the same device<br/> * 15 different avatars<br/> * 3 levels of Artificial Intelligence<br/> * Select the initial money<br/> * Choose the colors of the avatars<br/> * Adjust the game speed<br/> * Activate sound in-game<br/> * Ramp up positions in the ""Eurometer""<br/> * Ramp up positions in the Winning Streak and Best Game Balance leaderboards<br/> * Get the 30 available achievements<br/> * Check your statistics<br/><br/>Contact us at producciones.don.naipe@gmail.com and give as your feedback and request help in case of problems.<br/><br/>Many thanks for your support!<br/><br/>Do you like card games? Don Naipe is specialized in traditional Spanish card games. We also do a good job with board games such as dominoes and parchís. You can find more information at our website:<br/>http://donnaipe.com",Don Naipe,"Don Naipe AS
Storgata 57
2609 Lillehammer
Norway",producciones.don.naipe@gmail.com,Don+Naipe,http://donnaipe.com,False,True,"{u'1': 1478, u'3': 1407, u'2': 473, u'5': 6592, u'4': 2384}",True,"[Teen, Simulated Gambling]",https://lh3.googleusercontent.com/ZBT_VOue7GdDbgT08pQ8-gaLOKix8WyAvoJjUQINLYPzxSOMZ2Qgis2-Xowxo-YqAXPj,"1,000,000+",,0,"* Six new characters

* Graphical improvements

* In-game statistics

* GDPR update

* Bugs fixed",4.1 and up,12334,4.0,[],9.5M,Europoly,"February 22, 2019",https://play.google.com/store/apps/details?id=donnaipe.europoly&gl=us&hl=en,https://www.youtube.com/embed/0LuVN1V3RtM
3,live.outsourceapps.roundandround,[GAME_BOARD],[Everyone],1.4,"Rotate the disk while the ball bounces around, trying to keep it safe from bursting and collecting as many coins as you can in the process!","Rotate the disk while the ball bounces around, trying to keep it safe from bursting and collecting as many coins as you can in the process!",RightBrain,,info@outsourceapps.live,RightBrain,http://outsourceapps.live,False,True,"{u'1': 2, u'3': 5, u'2': 0, u'5': 23, u'4': 7}",False,,https://lh3.googleusercontent.com/E9YWNu3eLNE_Os6PY40nH_nxR0TTskjI6LJhyeDiXfsIWjOsGMgk0H4bC52FOveXgA,"1,000+",,0,Performance issues resolved,4.2 and up,37,4.3,[],9.9M,Round and Round,"January 30, 2019",https://play.google.com/store/apps/details?id=live.outsourceapps.roundandround&gl=us&hl=en,
4,com.gsoftteam.backgammonultimate,[GAME_BOARD],[Everyone],1.4.3,"Play the ultimate game of Backgammon for free.
Move the pieces around the board according to dice rolls. Get all the pieces in the house to take them out according to your dice. Be the first player to get all the pieces out to win the game.
Start playing now!
★ ★ ★ FEATURES ★ ★ ★
✓ very challenging AI
✓ lots of customization options
✓ auto bear off
✓ easy to select and move pieces
✓ fluid animations
✓ HD graphics
✓ detailed statistics
✓ nice music and sound effects
★ Support and Feedback
If you have any technical problems, please email us directly at support@gsoftteam.com. Please, don’t leave support problems in our comments – we no longer check those and it will take longer to fix any issues that you might encounter. Thank you for your understanding!
Already a fan of Backgammon Ultimate?
Like us on Facebook or follow us on Twitter for the latest news:
https://www.facebook.com/gsoftteam
https://twitter.com/gsoftteam
Last but not least, a big THANK YOU goes out to everyone who has played
Backgammon Ultimate
!","<b>Play the ultimate game of Backgammon for free.</b> Move the pieces around the board according to dice rolls. Get all the pieces in the house to take them out according to your dice. Be the first player to get all the pieces out to win the game.<br/><b>Start playing now!</b><br/><br/><br/><b> ★ ★ ★ FEATURES ★ ★ ★ </b><br/><br/>✓ very challenging AI<br/>✓ lots of customization options<br/>✓ auto bear off<br/>✓ easy to select and move pieces<br/>✓ fluid animations <br/>✓ HD graphics<br/>✓ detailed statistics<br/>✓ nice music and sound effects<br/><br/><br/><b>★ Support and Feedback</b><br/><br/>If you have any technical problems, please email us directly at support@gsoftteam.com. Please, don’t leave support problems in our comments – we no longer check those and it will take longer to fix any issues that you might encounter. Thank you for your understanding!<br/><br/><br/><b>Already a fan of Backgammon Ultimate?</b> Like us on Facebook or follow us on Twitter for the latest news:<br/>https://www.facebook.com/gsoftteam<br/>https://twitter.com/gsoftteam<br/><br/>Last but not least, a big THANK YOU goes out to everyone who has played <b>Backgammon Ultimate</b>!",G Soft Team,"G Soft Team SRL
Strada Neptun 8
Bacau, 600310
Romania",support@gsoftteam.com,6775832922103090311,http://www.gsoftteam.com,False,True,"{u'1': 185, u'3': 312, u'2': 74, u'5': 2320, u'4': 778}",True,[Digital Purchases],https://lh3.googleusercontent.com/DBRNYER9nVyUQRwP6F4JiUOU-57yRSky_QQN-zLG1bqQtZMDyhB0LShdfXYOKaPApD4,"100,000+",[Digital Purchases],0,,4.1 and up,3669,4.4,[],18M,Backgammon Ultimate,"December 17, 2018",https://play.google.com/store/apps/details?id=com.gsoftteam.backgammonultimate&gl=us&hl=en,https://www.youtube.com/embed/I4whvsh3QgA
5,com.CoTyPhu.BusinessBoard,[GAME_BOARD],[Everyone],1.0.1,"Free business dice game. It is board game for 2 to 6 players.
Trade lands, build houses, win auctions, roll wheel of fortune and Russian Roulette and most importantly - have fun. If you like family dice games - you will like game too :)
The game is live MULTIPLAYER so you can play with your friends and family remotely and also you can play versus players on our
You can play the game in 4 modes:
-ONLINE (vs real people live)
-SOLO (versus AI robots)
-BLUETOOTH multiplayer with up to 4 players
-Pass 'N Play (Pass the same device to others)
Enjoy the first and only true online multiplayer business game in the market.","Free business dice game. It is board game for 2 to 6 players.<br/>Trade lands, build houses, win auctions, roll wheel of fortune and Russian Roulette and most importantly - have fun. If you like family dice games - you will like game too :)<br/>The game is live MULTIPLAYER so you can play with your friends and family remotely and also you can play versus players on our<br/><br/>You can play the game in 4 modes: <br/>-ONLINE (vs real people live)<br/>-SOLO (versus AI robots)<br/>-BLUETOOTH multiplayer with up to 4 players<br/>-Pass 'N Play (Pass the same device to others)<br/><br/>Enjoy the first and only true online multiplayer business game in the market.",LMH,Caly,Tamquoc198919891989@gmail.com,LMH,https://www.freeprivacypolicy.com/privacy/view/294d35788d595b015de288a4b108d332,False,True,{},False,,https://lh3.googleusercontent.com/6oHh0AGGqK5fa9i32-eHc13KPQTQ7U_Qwc0vdUINpkC0Mq5x3znPh5pGGsZ2JlMBBuk,500+,,0,,4.1 and up,0,,[],33M,Monopoly Free,"February 23, 2019",https://play.google.com/store/apps/details?id=com.CoTyPhu.BusinessBoard&gl=us&hl=en,
6,com.dg.turbonuke.bingo.quest.mania.pets.cat.craze,[GAME_BOARD],"[Teen, Simulated Gambling]",1.0.3,"Explore the cutest world ever in our newest bingo pets adventure! Explore tropical paradise islands and visit crazy carnivals full of cats! If you’re a fan of 75 or 90 ball bingo, you’ll love our exciting variation full of rare treasure, stunning artwork and lots of fun features to enjoy!
Time for a cute, cat filled bingo adventure! Are you ready?
OVER 75 LEVELS OF BINGO PETS FUN!
We have over 75 amazing free bingo levels for you to enjoy, rare treasures to collect and funky new daubers to unlock. With more maps and awesome features added regularly, the fun never stops at Bingo Pets Mania – Cat Craze!
UNLOCK HD ARTWORK OF CUTE CATS!
Hidden in the sand, throughout the jungle and the rest of the island are secret puzzle pieces. Collect these pieces as you play bingo and you can unlock stunning HD artwork. Save the images on your phone, share them on social media or send them to your friends.
SPIN THE PETS MANIA MAGIC WHEEL
A magical wheel sits on the beach at Cats Island – you can spin it once per day. Spin the wheel to receive lots of free rewards and prices. From extra keys to chests of gold coins, there are so many free prizes to win! Make sure to check back every day for another spin!
-------------------------------------------------------
BINGO PETS MANIA - HIGHLIGHTS
-------------------------------------------------------
★ An exciting variation of classic 75 and 90 ball bingo
★ Play through over 75 levels of fun, free bingo
★ Lots of exciting new maps added every month
★ Unlock beautiful HD artwork of super cute cats
★ Spin the wheel of treasure to earn free gifts, coins, daubers and more!
★ Collect free coins and use them to buy power ups to help on your bingo quest
★ Use your keys to unlock treasure chests at the end of each level – what could they contain?
★ Change the bingo caller speed to suit your playing style
★ Play bingo offline – no wifi needed!
Sit back, relax and immerse yourself in the sunny world of Bingo Pets Mania. Explore stunning locations, play exciting, free bingo and enjoy new maps released regularly. With so much epic bingo in one game, why play anywhere else?!
COME AND PLAY BINGO IN PET PARADISE – DOWNLOAD FREE TODAY","Explore the cutest world ever in our newest bingo pets adventure! Explore tropical paradise islands and visit crazy carnivals full of cats! If you’re a fan of 75 or 90 ball bingo, you’ll love our exciting variation full of rare treasure, stunning artwork and lots of fun features to enjoy! <br/><br/>Time for a cute, cat filled bingo adventure! Are you ready?<br/><br/><b>OVER 75 LEVELS OF BINGO PETS FUN!</b><br/>We have over 75 amazing free bingo levels for you to enjoy, rare treasures to collect and funky new daubers to unlock. With more maps and awesome features added regularly, the fun never stops at Bingo Pets Mania – Cat Craze! <br/><br/><b>UNLOCK HD ARTWORK OF CUTE CATS!</b><br/>Hidden in the sand, throughout the jungle and the rest of the island are secret puzzle pieces. Collect these pieces as you play bingo and you can unlock stunning HD artwork. Save the images on your phone, share them on social media or send them to your friends. <br/><br/><b>SPIN THE PETS MANIA MAGIC WHEEL</b><br/>A magical wheel sits on the beach at Cats Island – you can spin it once per day. Spin the wheel to receive lots of free rewards and prices. From extra keys to chests of gold coins, there are so many free prizes to win! Make sure to check back every day for another spin!<br/><br/>-------------------------------------------------------<br/><b>BINGO PETS MANIA - HIGHLIGHTS</b><br/>-------------------------------------------------------<br/>★ An exciting variation of classic 75 and 90 ball bingo<br/>★ Play through over 75 levels of fun, free bingo<br/>★ Lots of exciting new maps added every month<br/>★ Unlock beautiful HD artwork of super cute cats<br/>★ Spin the wheel of treasure to earn free gifts, coins, daubers and more!  <br/>★ Collect free coins and use them to buy power ups to help on your bingo quest<br/>★ Use your keys to unlock treasure chests at the end of each level – what could they contain?<br/>★ Change the bingo caller speed to suit your playing style<br/>★ Play bingo offline – no wifi needed! <br/><br/>Sit back, relax and immerse yourself in the sunny world of Bingo Pets Mania. Explore stunning locations, play exciting, free bingo and enjoy new maps released regularly. With so much epic bingo in one game, why play anywhere else?!<br/><br/><b>COME AND PLAY BINGO IN PET PARADISE – DOWNLOAD FREE TODAY</b>",Beautiful Bingo Games by Difference Games LLC,"Difference Games LLC
1240 connemaral circle
Nokomis, FL 34275",bingo@differencegames.com,4896417924738532354,http://www.differencegames.com,False,True,"{u'1': 27, u'3': 49, u'2': 16, u'5': 1218, u'4': 145}",True,[Digital Purchases],https://lh3.googleusercontent.com/CS09AAalG0bnHlxCPTzVmqv0Ehdb8GpL0PH0CXkWWln2FEb5T_TYpwT-gj7xr9rrcwE,"50,000+",[Digital Purchases],0,Our first release of Bingo Pets Mania: Cat Craze!,4.1 and up,1455,4.7,[],84M,Bingo Pets Mania: Cat Craze,"October 17, 2018",https://play.google.com/store/apps/details?id=com.dg.turbonuke.bingo.quest.mania.pets.cat.craze&gl=us&hl=en,
7,com.GameiFun.smartbabygames,"[GAME_BOARD, FAMILY_BRAINGAMES]",[Everyone],1.0,"Smart Baby Educational Games has 11 pre-k activities for toddlers, preschooler and kindergarten that will help your baby develop basic skills like hand eye coordination, fine motor, logical thinking and visual perception. suit both girls and boys
★ improve hand eye coordination.
★ Develop memory and logic.
★ Develop visual perception and hand eye coordination.
★ Play puzzles with real pictures of animals object.
★ Wooden puzzle shapes
★ Touch the animals to listen voice
★ Play with Fish Game
★ Jump hippo to eat food
★ Learn colour by cars
★ Nice graphics and designs for kids.
★ No required internet connection for this app.
★ Age 3-6 year.
★ Improve children's skills in memory, and concentration
★ Fishing Toy Game
Toddler games are perfect for pre-k and kindergarten children who want to learn by playing.
Ages: 2, 3, 4 or 5 years old pre-kindergarten and kindergarten children.
Download Now and enjoying with ""Smart Baby Games"" for a free","Smart Baby Educational Games has 11 pre-k activities for toddlers, preschooler and kindergarten that will help your baby develop basic skills like hand eye coordination, fine motor, logical thinking and visual perception. suit both girls and boys<br/><br/>★ improve hand eye coordination.<br/>★ Develop memory and logic. <br/>★ Develop visual perception and hand eye coordination.<br/>★ Play puzzles with real pictures of animals object.<br/>★ Wooden puzzle shapes<br/>★ Touch the animals to listen voice<br/>★ Play with Fish Game<br/>★ Jump hippo to eat food<br/>★ Learn colour by cars<br/>★ Nice graphics and designs for kids.<br/>★ No required internet connection for this app.<br/>★ Age 3-6 year.<br/>★ Improve children's skills in memory, and concentration<br/>★ Fishing Toy Game<br/><br/>Toddler games are perfect for pre-k and kindergarten children who want to learn by playing. <br/>Ages: 2, 3, 4 or 5 years old pre-kindergarten and kindergarten children.<br/><br/>Download Now and enjoying with ""Smart Baby Games"" for a free",GameiFun - Educational games,,rspatel6994@gmail.com,GameiFun+-+Educational+games,https://gameifun.wordpress.com/rsapps-privacy-policy/,False,True,{},False,,https://lh3.googleusercontent.com/zDEq2Y2BiyEAROfH5RGe0D0oi-_CGhLOYZdnBCXDv6zc8SKp9k34G_9E1sJnM_lM-A,"1,000+",,0,,4.1 and up,0,5.0,[],23M,Smart Baby Games - Toddler games for 3-6 year olds,"September 3, 2018",https://play.google.com/store/apps/details?id=com.GameiFun.smartbabygames&gl=us&hl=en,
8,com.dimcoms.checkers,[GAME_BOARD],[Everyone],4.1.4,"Hello Players,
I created my Checkers app as example of good checkers for me and posted it on store as free board game for you.
I hope you enjoy it and get a lot pleasure from playing. :)
Features:
- support ten different rules of checkers
- ten levels of difficulty
- two players mode
- game assistant (Helper)
- auto-save function
- six themes (white, dark, light, gold, art and black)
- two board view (Top - 2D and Front - 3D)
- realistic graphics
- sound effects
- some help about rules
- small size
Rules:
- English Checkers also called American Checkers
- Russian Draughts
- Brazilian Checkers
- International Checkers
- Spanish Checkers
- Italian Checkers
- Thai Checkers also called Makhos
- Turkish Checkers
- Czech Checkers
- Pool Checkers
You can help me expand and do it better.
If you have some comments and suggestions then can write it here. I will read your reviews and go ahead!
Thank You,
Alex F.","Hello Players,<br/><br/>I created my Checkers app as example of good checkers for me and posted it on store as free board game for you. <br/>I hope you enjoy it and get a lot pleasure from playing. :)<br/><br/>Features:<br/><br/>- support ten different rules of checkers<br/>- ten levels of difficulty<br/>- two players mode<br/>- game assistant (Helper)<br/>- auto-save function<br/>- six themes (white, dark, light, gold, art and black)<br/>- two board view (Top - 2D and Front - 3D)<br/>- realistic graphics<br/>- sound effects<br/>- some help about rules<br/>- small size<br/><br/>Rules:<br/><br/>- English Checkers also called American Checkers<br/>- Russian Draughts<br/>- Brazilian Checkers<br/>- International Checkers<br/>- Spanish Checkers<br/>- Italian Checkers<br/>- Thai Checkers also called Makhos<br/>- Turkish Checkers<br/>- Czech Checkers<br/>- Pool Checkers<br/><br/>You can help me expand and do it better. <br/>If you have some comments and suggestions then can write it here. I will read your reviews and go ahead!<br/><br/>Thank You,<br/><br/>Alex F.",English Checkers,"Karskogo 21
Minsk 220078
Belarus",help.checkers@mail.ru,English+Checkers,,False,True,"{u'1': 15461, u'3': 18620, u'2': 4724, u'5': 220836, u'4': 47829}",True,[Everyone],https://lh3.googleusercontent.com/cVfgo87clbc3B2lHSk05GdSP6PJYikmLXITe7-kRIq5AS6jVS6jOrOQLvI0gSywt7cyQ,"50,000,000+",,0,"- updated themes

- reduced size of app",2.3 and up,307470,4.5,[],3.0M,Checkers,"March 16, 2019",https://play.google.com/store/apps/details?id=com.dimcoms.checkers&gl=us&hl=en,https://www.youtube.com/embed/CpS85I-_MIU
9,com.dg.turbonuke.bingo.mania.titan.adventure.kingdom.crush,[GAME_BOARD],"[Teen, Simulated Gambling]",1.43,"Play bingo as you adventure through magic kingdoms and meet epic titans, Gods and mythical creatures on your journey. If you love 75 or 90 ball classic bingo, you’ll love our exciting variation full of fun features, unlockables and collectibles! From collecting treasures to discovering HD artwork, there’s so much to do in Bingo Titan Adventure – Kingdom Crush!
OVER 75 LEVELS OF BINGO TITAN FUN!
We have over 75 amazing free bingo levels for you to enjoy, rare treasures to collect and funky new daubers to unlock. With more maps and awesome features added regularly, the fun never stops at Bingo Titan Adventure – Kingdom Crush!
UNLOCK HD ARTWORK FROM TROPICAL ISLAND HAVEN
Hidden in the ancient ruins of Mount Olympus, the underwater mysteries of Atlantis and other amazing worlds, you’ll find secret puzzle pieces. Collect these pieces as you play bingo and you can unlock stunning HD artwork. Save the images on your phone, share them on social media, use them as a wallpaper - it’s up to you!
SPIN THE KINGDOM CRUSH WHEEL OF PRIZES
A magical wheel sits on the top of the mountain – you can spin it once per day. Spin the wheel to receive lots of free rewards and prices. From extra keys to chests of gold coins, there are so many free prizes to win! Make sure to check back every day for another spin!
-------------------------------------------------------------
BINGO TITAN: KINGDOM CRUSH - HIGHLIGHTS
-------------------------------------------------------------
★ An exciting variation of classic 75 and 90 ball bingo
★ Play through over 75 levels of fun, free bingo
★ Lots of exciting new maps added every month
★ Unlock beautiful HD artwork of titan artwork
★ Spin the wheel of treasure to earn free gifts, coins, daubers and more!
★ Collect free coins and use them to buy power ups to help on your bingo story
★ Use your keys to unlock treasure chests at the end of each level – what could they contain?
★ Change the bingo caller speed to suit your playing style
★ Play bingo offline – no wifi needed!
Sit back, relax and immerse yourself in the magical world of Titan Kingdom. Explore stunning locations, play exciting, free bingo and enjoy new maps released regularly. With so much epic bingo in one game, why play anywhere else?!
READY FOR AN EPIC BINGO ADVENTURE? DOWNLOAD FREE TODAY!","Play bingo as you adventure through magic kingdoms and meet epic titans, Gods and mythical creatures on your journey. If you love 75 or 90 ball classic bingo, you’ll love our exciting variation full of fun features, unlockables and collectibles! From collecting treasures to discovering HD artwork, there’s so much to do in Bingo Titan Adventure – Kingdom Crush! <br/><br/><b>OVER 75 LEVELS OF BINGO TITAN FUN!</b><br/>We have over 75 amazing free bingo levels for you to enjoy, rare treasures to collect and funky new daubers to unlock. With more maps and awesome features added regularly, the fun never stops at Bingo Titan Adventure – Kingdom Crush! <br/><br/><b>UNLOCK HD ARTWORK FROM TROPICAL ISLAND HAVEN</b><br/>Hidden in the ancient ruins of Mount Olympus, the underwater mysteries of Atlantis and other amazing worlds, you’ll find secret puzzle pieces. Collect these pieces as you play bingo and you can unlock stunning HD artwork. Save the images on your phone, share them on social media, use them as a wallpaper - it’s up to you!<br/><br/><b>SPIN THE KINGDOM CRUSH WHEEL OF PRIZES</b><br/>A magical wheel sits on the top of the mountain – you can spin it once per day. Spin the wheel to receive lots of free rewards and prices. From extra keys to chests of gold coins, there are so many free prizes to win! Make sure to check back every day for another spin!<br/><br/>-------------------------------------------------------------<br/><b>BINGO TITAN: KINGDOM CRUSH - HIGHLIGHTS</b><br/>-------------------------------------------------------------<br/>★ An exciting variation of classic 75 and 90 ball bingo<br/>★ Play through over 75 levels of fun, free bingo<br/>★ Lots of exciting new maps added every month<br/>★ Unlock beautiful HD artwork of titan artwork<br/>★ Spin the wheel of treasure to earn free gifts, coins, daubers and more!  <br/>★ Collect free coins and use them to buy power ups to help on your bingo story<br/>★ Use your keys to unlock treasure chests at the end of each level – what could they contain?<br/>★ Change the bingo caller speed to suit your playing style<br/>★ Play bingo offline – no wifi needed! <br/><br/>Sit back, relax and immerse yourself in the magical world of Titan Kingdom. Explore stunning locations, play exciting, free bingo and enjoy new maps released regularly. With so much epic bingo in one game, why play anywhere else?!<br/><br/><b>READY FOR AN EPIC BINGO ADVENTURE? DOWNLOAD FREE TODAY!</b>",Beautiful Bingo Games by Difference Games LLC,"Difference Games LLC
1240 connemaral circle
Nokomis, FL 34275",bingo@differencegames.com,4896417924738532354,http://www.differencegames.com,False,True,"{u'1': 8, u'3': 21, u'2': 7, u'5': 343, u'4': 55}",True,[Digital Purchases],https://lh3.googleusercontent.com/kUFBiIywgVaWeLLMAfKW-kN9meHM6Yxb-0S13E9RGp7HrbWH-GJ0tVcNLv3zFLfQc82i,"10,000+",[Digital Purchases],0,Our first release of Bingo Titan Adventure: Kingdom Crush!,4.1 and up,434,4.7,[],80M,Bingo Titan Adventure: Kingdom Crush,"October 17, 2018",https://play.google.com/store/apps/details?id=com.dg.turbonuke.bingo.mania.titan.adventure.kingdom.crush&gl=us&hl=en,
10,com.mirenad.mahjongtitans,[GAME_BOARD],[Everyone],Varies with device,Mahjong Titans is a free matching solitaire game. Player is challenged to remove all tiles from the board.,Mahjong Titans is a free matching solitaire game. Player is challenged to remove all tiles from the board.,Mirenad,,public.mirenad@hotmail.com,6230452689219414644,http://mirenad.com,False,True,"{u'1': 359, u'3': 479, u'2': 196, u'5': 2528, u'4': 837}",False,,https://lh3.googleusercontent.com/OXIZ7Iy_Sq78hqe91vwunczX8ED59arfpfWXmlej2zRuHjbxtIH16i4l7AR1ajMK7mg,"500,000+",,0,"Removed problematic ad banner.

New layout added.

Fixed bug with overlapping tiles on wide screens.

Fixed rare bug with freeze.",Varies with device,4399,4.1,[],Varies with device,Mahjong Titans,"February 21, 2019",https://play.google.com/store/apps/details?id=com.mirenad.mahjongtitans&gl=us&hl=en,
11,com.js.ludo,[GAME_BOARD],[Everyone],1.19,"The first ever Nepali variant of Ludo game available for mobile. It has both classic and new modern design + Nepali / Indian local rules along with international rules. Lots of options/rules for customization according to your need is possible. Hope you enjoy playing it ;).
Features:
1. Added rules/options which are played and popular in Nepal:
i)  Option to show safe block(square) which is represented by star icon
ii) Option to get another turn on both dice number 1 (Pot) and 6 (Chhakka)
iii) 3 consecutive rolls of 1 kills one own playing coin
iv) 3 consecutive rolls of 6 brings a coin out if all coins are in the yard
v)  All the rules are optional so you can play both international version or Nepali version or your own customized version according to your desire
2. Classic sketch marks design with wooden or white board
3. New modern design with wooden or white board
4. Option to choose the dice number (1-6) which will start the token(coin)
4. Option to choose the number of coins to be played (from 2 to 4)
5. Dice changing color according to color of actual player on turn
6. Variety of rules to meet your own taste of gaming experience
7. Multiplayer in the same device (up to 4 player)
8. Play against CPU
9. Real Dice: you can play with real dice, throw the real dice, input the result back to the app manually by tapping the dice buttons
10. User can leave the game if he doesn't want to play during the game play.
11. Game play progress is saved automatically, you can resume the game later even after app is closed
12. Low mb of package size, Light weight and fast.
13. Updated Ludo rules in 2018
About user data and permissions uses:
-Ludo Neo-Classic accesses information pertaining to your device name, operating system version, carrier, geo-location, IP address for analytics purpose so that we can provide a better game experience.
-Ludo Neo-Classic uses Location permission to show the location specific ads, which will help to show the relevant ads.""","The first ever Nepali variant of Ludo game available for mobile. It has both classic and new modern design + Nepali / Indian local rules along with international rules. Lots of options/rules for customization according to your need is possible. Hope you enjoy playing it ;).<br/><br/>Features:<br/>1. Added rules/options which are played and popular in Nepal:<br/>    i)  Option to show safe block(square) which is represented by star icon<br/>    ii) Option to get another turn on both dice number 1 (Pot) and 6 (Chhakka)<br/>    iii) 3 consecutive rolls of 1 kills one own playing coin<br/>    iv) 3 consecutive rolls of 6 brings a coin out if all coins are in the yard<br/>    v)  All the rules are optional so you can play both international version or Nepali version or your own customized version according to your desire<br/>2. Classic sketch marks design with wooden or white board<br/>3. New modern design with wooden or white board<br/>4. Option to choose the dice number (1-6) which will start the token(coin)<br/>4. Option to choose the number of coins to be played (from 2 to 4)<br/>5. Dice changing color according to color of actual player on turn<br/>6. Variety of rules to meet your own taste of gaming experience<br/>7. Multiplayer in the same device (up to 4 player)<br/>8. Play against CPU<br/>9. Real Dice: you can play with real dice, throw the real dice, input the result back to the app manually by tapping the dice buttons<br/>10. User can leave the game if he doesn't want to play during the game play.<br/>11. Game play progress is saved automatically, you can resume the game later even after app is closed<br/>12. Low mb of package size, Light weight and fast.<br/>13. Updated Ludo rules in 2018<br/><br/>About user data and permissions uses:<br/>-Ludo Neo-Classic accesses information pertaining to your device name, operating system version, carrier, geo-location, IP address for analytics purpose so that we can provide a better game experience.<br/>-Ludo Neo-Classic uses Location permission to show the location specific ads, which will help to show the relevant ads.""",Neoclassic Tech Pvt. Ltd.,"Samakhushi-26
Kathmandu
Nepal",meehjeevan@gmail.com,Neoclassic+Tech+Pvt.+Ltd.,https://meehjeevan.github.io/,False,True,"{u'1': 4902, u'3': 5706, u'2': 1971, u'5': 52491, u'4': 9650}",False,,https://lh3.googleusercontent.com/Cc2ge79WSLrBCNLwmB91YwnPqoBBqa535Bb_37FwYOUsBkt1qBeF0PWQDNp9XNtd7g,"10,000,000+",,0,"1. Continuous dice rolling feature is added. You can keep rolling the dice when magic number (1 or 6, number which gives you another turn to roll the dice again) is occurring in the dice and you can move the coins at last. You can turn on or off this feature. Please see ""Cont. rolling"" in the settings (first screen).

2. Bug fixes and stability improvements.",4.0 and up,74720,4.4,[],5.7M,Ludo Neo-Classic : King of the Dice Game 2019,"December 17, 2018",https://play.google.com/store/apps/details?id=com.js.ludo&gl=us&hl=en,
12,com.ansangha.drgomoku,[GAME_BOARD],[Everyone],1.56,"You can enjoy real-time online Gomoku over the world.
Gomoku is an abstract strategy board game.
Also called Gobang or Five in a Row, it is traditionally played with Go pieces (black and white stones) on a go board. however, because once placed, pieces are not moved or removed from the board, gomoku may also be played as a paper and pencil game. This game is known in several countries under different names.
Black plays first, and players alternate in placing a stone of their color on an empty intersection. The winner is the first player to get an unbroken row of five stones horizontally, vertically, or diagonally.
Dr. Gomoku follows the official Renju rule.
SUD Inc.","You can enjoy real-time online Gomoku over the world.<br/>Gomoku is an abstract strategy board game.<br/>Also called Gobang or Five in a Row, it is traditionally played with Go pieces (black and white stones) on a go board. however, because once placed, pieces are not moved or removed from the board, gomoku may also be played as a paper and pencil game. This game is known in several countries under different names.<br/>Black plays first, and players alternate in placing a stone of their color on an empty intersection. The winner is the first player to get an unbroken row of five stones horizontally, vertically, or diagonally.<br/>Dr. Gomoku follows the official Renju rule.<br/><br/>SUD Inc.",SUD Inc.,"#2217 Hanjin Officetel, 31, Daehak-ro, Yuseong-gu, Daejeon, Korea",updown.an@gmail.com,6115615018010073039,http://cafe.naver.com/ansangha,True,True,"{u'1': 13533, u'3': 7447, u'2': 4267, u'5': 51024, u'4': 10763}",False,,https://lh3.ggpht.com/nyxaiv9j4w4nL-GU0y9DPIRsJ23bK3Ia4Q9kBAfFcb3uKqVjyLZepO8Gqhq07dL9Ef5x,"5,000,000+",,0,,4.0.3 and up,87034,3.9,[],4.9M,Dr. Gomoku,"September 30, 2018",https://play.google.com/store/apps/details?id=com.ansangha.drgomoku&gl=us&hl=en,https://www.youtube.com/embed/cpe6mbKDG9w
