,app_id,category,content_rating,current_version,description,description_html,developer,developer_address,developer_email,developer_id,developer_url,editors_choice,free,histogram,iap,iap_range,icon,installs,interactive_elements,price,recent_changes,required_android_version,reviews,score,screenshots,size,title,updated,url,video
0,app.alfarisqy.wallshelfdecoratingideas,[HOUSE_AND_HOME],[Everyone],1.4,"If you can't decide what to do with a blank wall, these easy-to-hang statement makers are the answer
You'll find 350+ wall shelf decorating ideas in this application, in between there are
* Shelves and Corner Space
* Decorate floating shelves
* Wall shelf ideas for living room
* Wall shelf ideas for bedroom
Features App
* Offline App
* Best Choosen wall shelf Ideas
* Simple Navigation
* Continue Updated wall shelf Ideas
* Touch Swipe
* Touch Zoom
* One click easy share to Instagram
* One click easy share to Facebook
* Set as to wallpaper Home screen and Lock screen
* Share more using BBM, Twitter, Google+, Pinters, Instagram, SMS etc..","If you can't decide what to do with a blank wall, these easy-to-hang statement makers are the answer<br/><br/>You'll find 350+ wall shelf decorating ideas in this application, in between there are<br/>* Shelves and Corner Space<br/>* Decorate floating shelves<br/>* Wall shelf ideas for living room<br/>* Wall shelf ideas for bedroom<br/><br/><b>Features App</b><br/>* Offline App<br/>* Best Choosen wall shelf Ideas<br/>* Simple Navigation<br/>* Continue Updated wall shelf Ideas<br/>* Touch Swipe<br/>* Touch Zoom<br/>* One click easy share to Instagram<br/>* One click easy share to Facebook<br/>* Set as to wallpaper Home screen and Lock screen<br/>* Share more using BBM, Twitter, Google+, Pinters, Instagram, SMS etc..",Alfarisqy,,merahkemarun@gmail.com,Alfarisqy,,False,True,"{u'1': 6, u'3': 7, u'2': 1, u'5': 69, u'4': 19}",False,,https://lh3.googleusercontent.com/_JaNi11cHzdiPOTZy_cX_3EzR3M-6an5ZDLkUAK_mQfz9pmdnp8M_TmYIdhE9ycdHqht,"10,000+",,0,New Update Wall Shelf Ideas,3.0 and up,102,4.4,[],19M,Wall Shelf Decorating Ideas,"October 27, 2016",https://play.google.com/store/apps/details?id=app.alfarisqy.wallshelfdecoratingideas&gl=us&hl=en,
1,com.remax.remaxmobile,[HOUSE_AND_HOME],[Everyone],2.24.4,"""For all the things that move you.""
The RE/MAX Real Estate Search App has it all. For all the things that move you, RE/MAX can help.
Some of the key features of the RE/MAX Real Estate Search App include:
· Instantly find nearby homes for sale based on your current location
· Customize your search using advanced search filters
· View properties using the dynamic map search
· Quickly zoom and navigate neighborhoods with interactive balloon view maps
· Generate turn-by-turn driving directions from your current location to properties that interest you
· Save your searches and favorite listings to your phone
· Quickly connect with a RE/MAX real estate professional via integrated contact links or through the local agent or office search
· Easily share properties for sale with friends and family via email
· Determine the best financial options, loan amounts and monthly payments with the integrated mortgage calculator
Nobody sells more Real Estate than RE/MAX.","""For all the things that move you.""<br/><br/>The RE/MAX Real Estate Search App has it all. For all the things that move you, RE/MAX can help.<br/><br/>Some of the key features of the RE/MAX Real Estate Search App include:<br/><br/>· Instantly find nearby homes for sale based on your current location<br/><br/>· Customize your search using advanced search filters<br/><br/>· View properties using the dynamic map search<br/><br/>· Quickly zoom and navigate neighborhoods with interactive balloon view maps<br/><br/>· Generate turn-by-turn driving directions from your current location to properties that interest you<br/><br/>· Save your searches and favorite listings to your phone<br/><br/>· Quickly connect with a RE/MAX real estate professional via integrated contact links or through the local agent or office search<br/><br/>· Easily share properties for sale with friends and family via email<br/><br/>· Determine the best financial options, loan amounts and monthly payments with the integrated mortgage calculator<br/><br/>Nobody sells more Real Estate than RE/MAX.",RE/MAX,,mobilefeedback@remax.com,RE/MAX,http://www.remax.com,False,True,"{u'1': 980, u'3': 512, u'2': 391, u'5': 2013, u'4': 859}",False,,https://lh3.googleusercontent.com/oeoUzF6ZjlfcpzrB2yCzBLOvXEaEsQ52dLGF3KxE1oSAl0MUbtNl9M1_W1a1XzRtnA,"500,000+",[Users Interact],0,"Exciting updates in this release including...


- NEW! Neighborhood Demographics: Learn useful information about a property’s neighborhood including age, education, weather and more.


- ALSO NEW! Google Maps: Improved mapping with a switch to Google’s industry leading platform.


As always, keep the feedback coming, we love hearing from you! mobilefeedback@remax.com.",4.1 and up,4755,3.5,[],18M,RE/MAX Real Estate Search (US),"December 14, 2018",https://play.google.com/store/apps/details?id=com.remax.remaxmobile&gl=us&hl=en,
2,com.housecraft.app,[HOUSE_AND_HOME],[Teen],1.0,"House Craft, as the name suggests, is one such application which provides people, a world of options and possibilities created by the innovative minds from every corner of the nation. It serves as a window for the architects and designers to portray their talent and give voice to their ideas. This application provides the consumer with a virtual catalog of architects and designers to choose from, ensuring users get the best choice to collaborate with for building their dream space.
We know architects and designers are set out with a goal to create a beautiful tomorrow, House Craft is one such platform where designers meet people they design for; We aim to provide the already established professionals a pan India reach by showcasing their work on our platform and to provide new entrants in the market a ready platform with a commendable reach to showcase their portfolios to get in touch with their prospective clients.
House Craft has a large variety of architects and interior designers to choose from. House Craft connects architects to a vibrant network of peers, fans, and potential clients. House Craft makes finding great works of architecture and interior design easy. From uploading your own work to searching for other’s works, House Craft provides a seamless way to publicize your work, find inspiration and source products.
We believe in promoting brilliant minds with talent and zeal by providing you with a platform such as ours; We provide you with the requisite creative freedom, to help you grow through collaboration. Allow us to tap your innovation and promote your unseen work. House Craft along with being totally free takes a few minutes to create a page that is entirely yours. You can
put up as many projects and details you want, get likes, reviews, comments and recognition of the work done and increase your client reach tremendously; all for free. There is plenty of room to add detailed information and to credit your team! We feel privileged to provide you with some amazing add-on services; leads, professional photography, advertisement or membership at affordable prices. We believe that at the end of the day, whoever is a part of House Craft family should take back something that adds to their work, growth, and perspective.","House Craft, as the name suggests, is one such application which provides people, a world of options and possibilities created by the innovative minds from every corner of the nation. It serves as a window for the architects and designers to portray their talent and give voice to their ideas. This application provides the consumer with a virtual catalog of architects and designers to choose from, ensuring users get the best choice to collaborate with for building their dream space. <br/><br/>We know architects and designers are set out with a goal to create a beautiful tomorrow, House Craft is one such platform where designers meet people they design for; We aim to provide the already established professionals a pan India reach by showcasing their work on our platform and to provide new entrants in the market a ready platform with a commendable reach to showcase their portfolios to get in touch with their prospective clients. <br/><br/>House Craft has a large variety of architects and interior designers to choose from. House Craft connects architects to a vibrant network of peers, fans, and potential clients. House Craft makes finding great works of architecture and interior design easy. From uploading your own work to searching for other’s works, House Craft provides a seamless way to publicize your work, find inspiration and source products.<br/><br/>We believe in promoting brilliant minds with talent and zeal by providing you with a platform such as ours; We provide you with the requisite creative freedom, to help you grow through collaboration. Allow us to tap your innovation and promote your unseen work. House Craft along with being totally free takes a few minutes to create a page that is entirely yours. You can<br/>put up as many projects and details you want, get likes, reviews, comments and recognition of the work done and increase your client reach tremendously; all for free. There is plenty of room to add detailed information and to credit your team! We feel privileged to provide you with some amazing add-on services; leads, professional photography, advertisement or membership at affordable prices. We believe that at the end of the day, whoever is a part of House Craft family should take back something that adds to their work, growth, and perspective.",House Craft,,aayush.tambi@icloud.com,House+Craft,http://www.housecraft.co.in,False,True,"{u'1': 4, u'3': 0, u'2': 0, u'5': 3, u'4': 2}",False,,https://lh3.googleusercontent.com/82pgWPRHCAaeZSxi9AiE1KSDrOKsWa3fEbegMvG5KI_QZhHzhPaGipKTzVrMyXwZY78,"1,000+",[Users Interact],0,First Release,4.4 and up,9,3.0,[],13M,House Craft,"November 15, 2018",https://play.google.com/store/apps/details?id=com.housecraft.app&gl=us&hl=en,
3,com.idea_paint_wall.dev3,[HOUSE_AND_HOME],[Everyone],1.0,"250 Idea Paint Colors Wall
Hundreds of Paint Colors Wall Idea For You - When you decide to buy a house there is one important point that is often forgotten the color paint selection on the wall.
Did you know that actually in choosing wall color is not something that is considered lightly? because by choosing the color of the walls will affect tercipatanya atmosphere on the home owner or who saw it, other than that the wall color is representative of your personality.
So, with this application will allow you to find a variety of wall paint color ideas that you can apply to your favorite home. May be useful","250 Idea Paint Colors Wall<br/><br/>Hundreds of Paint Colors Wall Idea For You - When you decide to buy a house there is one important point that is often forgotten the color paint selection on the wall.<br/><br/>Did you know that actually in choosing wall color is not something that is considered lightly? because by choosing the color of the walls will affect tercipatanya atmosphere on the home owner or who saw it, other than that the wall color is representative of your personality.<br/><br/>So, with this application will allow you to find a variety of wall paint color ideas that you can apply to your favorite home. May be useful",Home Design Solutions,,developer.tiga@gmail.com,Home+Design+Solutions,https://www.hargaponsel.net/,False,True,"{u'1': 15, u'3': 18, u'2': 6, u'5': 113, u'4': 26}",False,,https://lh3.googleusercontent.com/xqU0UCx_WMaXJDAGHp7vLJQZ-UBx4HpqfvP4Kv5Tw0ROoh676nfybi1oEbR-kvYg8Pw,"100,000+",,0,,2.3 and up,178,4.2,[],10M,250 Idea Paint Colors Wall,"November 14, 2017",https://play.google.com/store/apps/details?id=com.idea_paint_wall.dev3&gl=us&hl=en,
4,com.AttractiveInteriorPaintCombination.Esmut,[HOUSE_AND_HOME],[Everyone],2.0,"Beautiful house is everyone's dream. And many people think that charming house can only be realized with a lot of money. Yet not merely so. With a little creativity, a unique and quirky house can be real with just enough capital.
In addition to relying on beautiful homemade properties, unique colors and wall paint patterns you can also apply to make your house more attractive. No need to hire an interior designer space, a unique wall you can realize with a collection of reference images paint this one.
Hundreds of Wall Paint Color Ideas For You - When you decide to buy a house there is one important thing that is often forgotten color paint selection on the wall.
Did you know that actually in choosing wall color is not something to be taken lightly? Because by choosing the color of the walls will affect the atmosphere on the home owner or who saw it, other than that the wall color represents your personality.
In combining the color between the inside and outside the room does require a good experiment, because if not it will mess up the color you want before. Some of them, many who play with contrasting colors, there is also a unifying dark and bright colors, even some of them also like the colors are soft or neutral.","Beautiful house is everyone's dream. And many people think that charming house can only be realized with a lot of money. Yet not merely so. With a little creativity, a unique and quirky house can be real with just enough capital.<br/><br/>In addition to relying on beautiful homemade properties, unique colors and wall paint patterns you can also apply to make your house more attractive. No need to hire an interior designer space, a unique wall you can realize with a collection of reference images paint this one.<br/><br/>Hundreds of Wall Paint Color Ideas For You - When you decide to buy a house there is one important thing that is often forgotten color paint selection on the wall.<br/><br/>Did you know that actually in choosing wall color is not something to be taken lightly? Because by choosing the color of the walls will affect the atmosphere on the home owner or who saw it, other than that the wall color represents your personality.<br/><br/>In combining the color between the inside and outside the room does require a good experiment, because if not it will mess up the color you want before. Some of them, many who play with contrasting colors, there is also a unifying dark and bright colors, even some of them also like the colors are soft or neutral.",Esmut,,semutmencariberkah@gmail.com,Esmut,https://sites.google.com/site/esmutsprivacypolicy/,False,True,"{u'1': 4, u'3': 0, u'2': 0, u'5': 18, u'4': 1}",False,,https://lh3.googleusercontent.com/Ciz_73AlbfEhaMVivi96MGBEhgrt_p9COY4F1RXH0YaeHzmOpO7wla4u0gKG44_qyJs,"10,000+",,0,,4.4 and up,23,4.3,[],9.8M,Attractive Interior Paint Combination,"August 20, 2018",https://play.google.com/store/apps/details?id=com.AttractiveInteriorPaintCombination.Esmut&gl=us&hl=en,
5,cz.scamera.securitycamera,[HOUSE_AND_HOME],[Everyone],1.6.0,"Turn your old smartphone or tablet into home security camera – this app is exclusively designed for parental (including family) monitoring or enterprise management. You can use it as baby monitor, senior care camera or pet camera. With two way talk-back function and night vision it is perfect for all above purposes.
Smart motion detection.
Exceptional resistance to false alarms.
Live HD video and video recording.
Two way talk-back function.
High resolution photos of motions.
Multiple free cameras all in one system.
Sharing of your cameras to your family supported.
Thanks to its great features it fits not only into interior but also to exterior where other cameras produce false alarms.
Motion detection zones.
Adjustable motion detection sensitivity.
Intuitive operation.
Works with WiFi or any mobile Internet connection.","Turn your old smartphone or tablet into home security camera – this app is exclusively designed for parental (including family) monitoring or enterprise management. You can use it as baby monitor, senior care camera or pet camera. With two way talk-back function and night vision it is perfect for all above purposes.<br/><br/>Smart motion detection.<br/>Exceptional resistance to false alarms.<br/>Live HD video and video recording.<br/>Two way talk-back function.<br/>High resolution photos of motions.<br/>Multiple free cameras all in one system.<br/>Sharing of your cameras to your family supported.<br/>Thanks to its great features it fits not only into interior but also to exterior where other cameras produce false alarms.<br/>Motion detection zones.<br/>Adjustable motion detection sensitivity.<br/>Intuitive operation.<br/>Works with WiFi or any mobile Internet connection.",SCamera,"Davidkova 655/31
18000 Praha 8
Czech Republic",support@securitycamera.cz,SCamera,https://securitycamera.cz,False,True,"{u'1': 38, u'3': 24, u'2': 19, u'5': 382, u'4': 121}",True,[Users Interact],https://lh3.googleusercontent.com/nauYw9XJGjgjvheU7b1XE3XP5FFqHBDPwA9q1s4EnIuxHveS_qILJd-EHF13OxcxU3U,"10,000+",[Users Interact],0,"1.6.0

New feature: Motion detection may automatically turn off when owner is nearby his/her camera.

New design of sending invitations.

Notifications about battery can be now switched off.

Lots of improvements based on users' proposals.


1.5.3

Account can now be created also without Google login, just using username and password.

HD video.

Remote video and audio recording.


1.4.3

Time scheduler for motion detection.


1.3.2

Battery overheat detection.

Night vision and torch mode.

Video zooming.",4.1 and up,584,4.4,[],8.6M,Security Camera CZ,"February 9, 2019",https://play.google.com/store/apps/details?id=cz.scamera.securitycamera&gl=us&hl=en,
6,dansons.pitbossgrills,[HOUSE_AND_HOME],[Everyone],1.0,Pit Boss Grilling offers information that will help to turn your everyday cooking into top chef cooking through the use of our Pit Boss Grills and recipes.,Pit Boss Grilling offers information that will help to turn your everyday cooking into top chef cooking through the use of our Pit Boss Grills and recipes.,Dansons,,webmaster@dansons.com,Dansons,https://pitboss-grills.com,False,True,"{u'1': 13, u'3': 0, u'2': 0, u'5': 2, u'4': 0}",False,,https://lh3.googleusercontent.com/u8zvSog90JQpcx3JlhJ00Jne3C-fHcuh77ejV-QEU82WsoMq-9JmBurKa297UDzWHGk,"1,000+",,0,"Exciting New Pit Boss Grills App. Come and check out recipes that are uploaded weekly, and other great exciting tips and tricks to make your grilling experience more enjoyable.",4.0.3 and up,15,1.5,[],2.1M,New Pit Boss Grills,"December 12, 2018",https://play.google.com/store/apps/details?id=dansons.pitbossgrills&gl=us&hl=en,
7,com.altec.shsm,[HOUSE_AND_HOME],[Everyone],0.0.8,"The Altec Smart Security System app allows you to easily connect and control your Live Video IP Cameras via any mobile device from anywhere and to setup your Live Voice Speakers to control your smart home with your voice.
With the Altec Smart Security System app, you can see what is going on in your home 24/7. Get automatic alerts from your Live Video IP Cameras on motion and sound detection events. The Speakers section is the entry point for the quick start guide and user manual for your Live Voice Speakers.","The Altec Smart Security System app allows you to easily connect and control your Live Video IP Cameras via any mobile device from anywhere and to setup your Live Voice Speakers to control your smart home with your voice.<br/><br/>With the Altec Smart Security System app, you can see what is going on in your home 24/7. Get automatic alerts from your Live Video IP Cameras on motion and sound detection events. The Speakers section is the entry point for the quick start guide and user manual for your Live Voice Speakers.","Sakar International, Inc.",,support@alteclansing.com,"Sakar+International,+Inc.",http://alteclansing.com,False,True,"{u'1': 81, u'3': 14, u'2': 13, u'5': 101, u'4': 18}",False,,https://lh3.googleusercontent.com/APaitHatOJR1Vhonl63BvsUvNTTh8qkT2rDTjkgAz6ukrjQlgjIVe0Ix7-31E6FUsWc,"10,000+",,0,Bug fixes,4.4 and up,227,3.2,[],35M,Altec Smart Security System,"October 10, 2018",https://play.google.com/store/apps/details?id=com.altec.shsm&gl=us&hl=en,
8,com.allegion.leopard,[HOUSE_AND_HOME],[Everyone],2.0.0,"The Schlage Home app gives you keyless convenience and the ability to access your smart lock from anywhere. This app works with Schlage Encode™ Smart WiFi Deadbolt and Schlage Sense™ Smart Deadbolt.
Schlage Encode Smart WiFi Deadbolt
The Schlage Encode WiFi Deadbolt, with built-in WiFi so you don’t need to purchase additional hubs or accessories, allows you to use your smartphone with the Schlage Home app to:
•	Lock/unlock your deadbolt and check your lock’s status from anywhere when connected to your home’s WiFi
•	Manage up to 100 unique guest access codes
•	Schedule access codes for certain times of day on a recurring or temporary basis so you control access to your home
•	Send virtual keys to guests with your smartphone for additional keyless convenience
•	Use the activity log to see when your lock has been accessed, giving you greater peace of mind
•	Select length of time delay for auto-locking to make coming and going even easier
•	Receive low battery warnings with advanced notice
•	Customize push notifications so you decide when to be alerted if access codes are used and when your door has been locked and unlocked
•	Configure built-in alarm warnings based on the type of disturbance detected
•	Interactive instructions simplify installation with no handyman or electrician required
Schlage Sense Smart Deadbolt + Schlage Sense WiFi Adapter
The Schlage Sense Smart Deadbolt with the Schlage Sense™ WiFi Adapter enables remote access, allowing you to use your smartphone with the Schlage Home app to:
•	Lock/unlock your deadbolt and check your lock’s status from anywhere when connected to your home’s WiFi
•	Manage up to 30 unique guest access codes
•	Schedule temporary or recurring access codes for certain times of day so you control access to your home
•	Send virtual keys to guests with your smartphone for additional keyless convenience
•	View past activity to see when guests used the lock, giving you greater peace of mind
•	Select length of time delay for auto-locking to make coming and going even easier
•	Receive low battery warnings with advanced notice
•	Customize push notifications
•	Configure built-in alarm warnings based on the type of disturbance detected
•	Interactive instructions simplify installation with no handyman or electrician required
The Schlage Connect™ Smart Deadbolt is not supported by the Schlage Home app. Visit the manufacturer’s website for more information on supporting apps for the Schlage Connect Smart Deadbolt.
SCHLAGE VIRTUAL KEYS
-	Homeowners can share administrative access with trusted family and friends to help manage the lock settings and access.
-	Guest virtual keys let homeowners share lock / unlock privileges
ENCRYPTED COMMUNICATION
All communication between the Schlage Home app and Smart Deadbolt are encrypted.","The Schlage Home app gives you keyless convenience and the ability to access your smart lock from anywhere. This app works with Schlage Encode™ Smart WiFi Deadbolt and Schlage Sense™ Smart Deadbolt.<br/><br/>Schlage Encode Smart WiFi Deadbolt<br/>The Schlage Encode WiFi Deadbolt, with built-in WiFi so you don’t need to purchase additional hubs or accessories, allows you to use your smartphone with the Schlage Home app to:<br/><br/>•	Lock/unlock your deadbolt and check your lock’s status from anywhere when connected to your home’s WiFi<br/>•	Manage up to 100 unique guest access codes<br/>•	Schedule access codes for certain times of day on a recurring or temporary basis so you control access to your home<br/>•	Send virtual keys to guests with your smartphone for additional keyless convenience<br/>•	Use the activity log to see when your lock has been accessed, giving you greater peace of mind<br/>•	Select length of time delay for auto-locking to make coming and going even easier<br/>•	Receive low battery warnings with advanced notice<br/>•	Customize push notifications so you decide when to be alerted if access codes are used and when your door has been locked and unlocked<br/>•	Configure built-in alarm warnings based on the type of disturbance detected<br/>•	Interactive instructions simplify installation with no handyman or electrician required<br/><br/>Schlage Sense Smart Deadbolt + Schlage Sense WiFi Adapter<br/>The Schlage Sense Smart Deadbolt with the Schlage Sense™ WiFi Adapter enables remote access, allowing you to use your smartphone with the Schlage Home app to:<br/><br/>•	Lock/unlock your deadbolt and check your lock’s status from anywhere when connected to your home’s WiFi<br/>•	Manage up to 30 unique guest access codes<br/>•	Schedule temporary or recurring access codes for certain times of day so you control access to your home<br/>•	Send virtual keys to guests with your smartphone for additional keyless convenience<br/>•	View past activity to see when guests used the lock, giving you greater peace of mind<br/>•	Select length of time delay for auto-locking to make coming and going even easier<br/>•	Receive low battery warnings with advanced notice<br/>•	Customize push notifications <br/>•	Configure built-in alarm warnings based on the type of disturbance detected<br/>•	Interactive instructions simplify installation with no handyman or electrician required<br/><br/>The Schlage Connect™ Smart Deadbolt is not supported by the Schlage Home app. Visit the manufacturer’s website for more information on supporting apps for the Schlage Connect Smart Deadbolt.<br/><br/><br/>SCHLAGE VIRTUAL KEYS<br/>-	Homeowners can share administrative access with trusted family and friends to help manage the lock settings and access.<br/>-	Guest virtual keys let homeowners share lock / unlock privileges<br/><br/>ENCRYPTED COMMUNICATION<br/>All communication between the Schlage Home app and Smart Deadbolt are encrypted.","Schlage Lock Company, LLC",,ConsumerSchlage@Allegion.com,"Schlage+Lock+Company,+LLC",http://www.schlage.com/app,False,True,"{u'1': 190, u'3': 14, u'2': 28, u'5': 63, u'4': 20}",False,,https://lh3.googleusercontent.com/7IH82e5JiqI2_a9oWndaDyBETXtV45a-QhW_0f-ekADl6W2A3Q0u_vEWQHfQF0D-Flg,"50,000+",,0,"The Schlage Sense app is now Schlage Home!  Here’s some of what’s new:

•	Added support for our newest lock – the Schlage Encode WiFi smart lock

•	Improved status timestamps

•	Fixed an issue with Schlage Sense Wi-Fi Adapter setup",5.0 and up,315,2.2,[],47M,Schlage Home,"March 5, 2019",https://play.google.com/store/apps/details?id=com.allegion.leopard&gl=us&hl=en,
9,com.consult_ic.loanverify,[HOUSE_AND_HOME],[Everyone],2.1.0,"At LoanVerify, we wanted a more transparent mortgage process. So we built it ourselves.
To get started, just download the app, answer 7 questions, and see all your mortgage options in the palm of your hand. It’s that simple. Compare rates and terms, snap a pic or upload your required documents from Google Drive or Dropbox, and communicate with your loan officer when it’s most convenient for you.
There are no hidden fees, no unnecessary communications, no clunky paper pushing. Handle the entire process, start to finish, from your mobile phone.
Why LoanVerify?
•	You get big lender service without big lender overhead, which means a better rate for you
•	You’ll have access to a real, live loan advisor who will guide you every step of the way
•	You submit all your documentation right from your phone – no piles of paperwork!
•	Once your docs are verified, you’ll get a notification to your phone
•	All your documents and communication are securely stored and easy to access
•	You’ll save time with our streamlined lending process
LoanVerify - it’s a better, more transparent, more efficient way to get a mortgage
LoanVerify - simple, transparent, fast & efficient way to get a mortgage.","At LoanVerify, we wanted a more transparent mortgage process. So we built it ourselves.<br/><br/>To get started, just download the app, answer 7 questions, and see all your mortgage options in the palm of your hand. It’s that simple. Compare rates and terms, snap a pic or upload your required documents from Google Drive or Dropbox, and communicate with your loan officer when it’s most convenient for you. <br/><br/>There are no hidden fees, no unnecessary communications, no clunky paper pushing. Handle the entire process, start to finish, from your mobile phone.<br/><br/>Why LoanVerify?<br/><br/>•	You get big lender service without big lender overhead, which means a better rate for you<br/><br/>•	You’ll have access to a real, live loan advisor who will guide you every step of the way<br/><br/>•	You submit all your documentation right from your phone – no piles of paperwork!<br/><br/>•	Once your docs are verified, you’ll get a notification to your phone<br/><br/>•	All your documents and communication are securely stored and easy to access<br/><br/>•	You’ll save time with our streamlined lending process<br/>LoanVerify - it’s a better, more transparent, more efficient way to get a mortgage<br/><br/>LoanVerify - simple, transparent, fast &amp; efficient way to get a mortgage.",LoanVerify,"999 18th Street
Suite 3000
Denver, CO 80202",info@loanverify.com,LoanVerify,https://loanverify.com,False,True,"{u'1': 0, u'3': 0, u'2': 0, u'5': 7, u'4': 0}",False,,https://lh3.googleusercontent.com/RBAZX1ov3luwl6u40N-iEby8_OnXLgQnEaglvGmZjhPSL4LxKKWHp3em5yBO6xSX8WRX,500+,[Users Interact],0,General improvements.,5.0 and up,7,5.0,[],23M,LoanVerify,"February 28, 2019",https://play.google.com/store/apps/details?id=com.consult_ic.loanverify&gl=us&hl=en,
10,com.movein.rentals,[HOUSE_AND_HOME],[Everyone],1.3,"Move In helps you find houses and apartments where you'll love to stay. We have made all rental companies available within Move In app. This will solve your two major problems, first you don't need to install many other apps or browser rental directory on web and second, you can contact landlords easily. All companies are at one place and you can not only search for rental apartments and houses but also you can buy or sale.
Move in apartment rentals helps users to find apartments for rent based on your location. You can select best rental company according your desired location. Move in apartment rentals app will allow users from Canada and USA to find suitable apartment and move in.
You don't need to go through too many listings and can directly open desired rental company in this app. This will give your complete updates about apartment rentals and guide you through all famous rental companies.
KEY FEATURES:
Move In shows local homes and apartment rental companies.
Find neighborhood house and rental apartments along with map, photos and videos.
Never mess with unknown companies and get your apartment search more credible and easy.
You can find rental locations all over Canada and USA.
Find rentals in local language including English, French and Mexican.
Note: Move In is only for properties in the Canada at this time","Move In helps you find houses and apartments where you'll love to stay. We have made all rental companies available within Move In app. This will solve your two major problems, first you don't need to install many other apps or browser rental directory on web and second, you can contact landlords easily. All companies are at one place and you can not only search for rental apartments and houses but also you can buy or sale. <br/>Move in apartment rentals helps users to find apartments for rent based on your location. You can select best rental company according your desired location. Move in apartment rentals app will allow users from Canada and USA to find suitable apartment and move in. <br/>You don't need to go through too many listings and can directly open desired rental company in this app. This will give your complete updates about apartment rentals and guide you through all famous rental companies. <br/><br/>KEY FEATURES:<br/><br/>Move In shows local homes and apartment rental companies. <br/>Find neighborhood house and rental apartments along with map, photos and videos.<br/>Never mess with unknown companies and get your apartment search more credible and easy.<br/>You can find rental locations all over Canada and USA. <br/>Find rentals in local language including English, French and Mexican.<br/><br/>Note: Move In is only for properties in the Canada at this time",Bu Mobile Group,,bumobileappp@gmail.com,Bu+Mobile+Group,https://ellenarehman.tumblr.com/post/177971150803/privacy-policy,False,True,"{u'1': 0, u'3': 0, u'2': 2, u'5': 4, u'4': 1}",False,,https://lh3.googleusercontent.com/5KbYuj5f_JYnUwTkzSxtxmJwW-RjEbpNFDZFrYJ9zTz95to1hrsPmWci36HC42nuSQ,"1,000+",,0,Fixed Bugs,4.1 and up,7,4.0,[],4.0M,Move In: Apartment Rentals All In One,"September 12, 2018",https://play.google.com/store/apps/details?id=com.movein.rentals&gl=us&hl=en,
11,com.poolchemicalcalculator.poolcalc,[HOUSE_AND_HOME],[Everyone],1.0.0,"Track, chart and calculate Pool Chemical levels for multiple pools.  Also, get chemical forecast based on local weather data.
The weather can have one of the biggest impacts on water condition.  Rain and wind can cause debris and contaminates to enter the pool, effecting pH, alkalinity and chlorine levels.  Sunny days can eliminate all chlorine in a few hours without proper stabilizer.
Pool Chemical Calculators chemical forecast can give you a heads up on what to expect for the week based on local weather conditions.
In addition to calculating chemical levels, PCC can also calculate filter size, fill time, heat time and a few other handy parameters about your pool.
Track and chart test history for:
-Volume
-Chlorine
-PH
-Alkalinity
-Stabilizer
-Salt
-Borate
-Heat Time
-Turnover Rate
-Filter Size
-Fill Time
-Flow Rate
-Dynamic Head","Track, chart and calculate Pool Chemical levels for multiple pools.  Also, get chemical forecast based on local weather data.<br/><br/>The weather can have one of the biggest impacts on water condition.  Rain and wind can cause debris and contaminates to enter the pool, effecting pH, alkalinity and chlorine levels.  Sunny days can eliminate all chlorine in a few hours without proper stabilizer. <br/><br/>Pool Chemical Calculators chemical forecast can give you a heads up on what to expect for the week based on local weather conditions. <br/><br/>In addition to calculating chemical levels, PCC can also calculate filter size, fill time, heat time and a few other handy parameters about your pool. <br/><br/>Track and chart test history for:<br/>-Volume<br/>-Chlorine<br/>-PH<br/>-Alkalinity<br/>-Stabilizer<br/>-Salt<br/>-Borate<br/>-Heat Time<br/>-Turnover Rate<br/>-Filter Size<br/>-Fill Time<br/>-Flow Rate<br/>-Dynamic Head",Pool Chemical Calculator,,info@poolchemicalcalculator.com,Pool+Chemical+Calculator,http://www.poolchemicalcalculator.com,False,True,"{u'1': 1, u'3': 0, u'2': 0, u'5': 5, u'4': 0}",False,,https://lh3.googleusercontent.com/-AluyCqSgqAFzXlz_Gy7vxmi21kM7JY5wVcD8o9jyIJNYSxdHi8baHTgzMTSctQoLkA,100+,,0,Release 1.0 - Track and calculate chemicals for multiple pools.  Also get chemical forecast based on local weather data.,4.1 and up,6,4.3,[],11M,Pool Chemical Calculator,"February 5, 2019",https://play.google.com/store/apps/details?id=com.poolchemicalcalculator.poolcalc&gl=us&hl=en,https://www.youtube.com/embed/unFRpLTy8z8
12,smartgr.rockgarden.ideas,[HOUSE_AND_HOME],[Everyone],1.3.2,"Are you looking for some incredible ideas for you to use for your open and unpleasant yard? Are you tired of your yard looking boring? Do you feel like the way your yard looks is not stylish or modern?  Fear not! For here, for you, we have some incredible rock garden ideas for you to try out for your yard. The designs we have here are stylish, creative and modern and they are just what you need to make your yard look a whole lot better. The impressive part about the rock garden ideas that you will find here is that you can use these ideas for any yard. This means you can use these ideas for your home yard or your business yard as well.
The ideas you will find here will help you make some beautiful landscapes out of your yard, and you will see how easy it is to use things such as landscaping rocks to make your yard look absolutely out of this world. The rock garden ideas or garden designs that you will see here will teach you about which backyard ideas you can use for different kinds of yards or gardens such as the perfect ideas for big yards or small yards, the ideal designs for flat ground yards and gardens and bumpy yards and gardens. These rock garden ideas are easy to follow through, and they all will easily impress you. Go through these garden designs and learn about the designs that will definitely impress you and those who will get to see the yard or garden. Dare to be different and be the one in your neighborhood with the beautiful and unique garden or yard. You can never go wrong with your yard if you use these incredible ideas you will find here!","Are you looking for some incredible ideas for you to use for your open and unpleasant yard? Are you tired of your yard looking boring? Do you feel like the way your yard looks is not stylish or modern?  Fear not! For here, for you, we have some incredible rock garden ideas for you to try out for your yard. The designs we have here are stylish, creative and modern and they are just what you need to make your yard look a whole lot better. The impressive part about the rock garden ideas that you will find here is that you can use these ideas for any yard. This means you can use these ideas for your home yard or your business yard as well.<br/><br/>The ideas you will find here will help you make some beautiful landscapes out of your yard, and you will see how easy it is to use things such as landscaping rocks to make your yard look absolutely out of this world. The rock garden ideas or garden designs that you will see here will teach you about which backyard ideas you can use for different kinds of yards or gardens such as the perfect ideas for big yards or small yards, the ideal designs for flat ground yards and gardens and bumpy yards and gardens. These rock garden ideas are easy to follow through, and they all will easily impress you. Go through these garden designs and learn about the designs that will definitely impress you and those who will get to see the yard or garden. Dare to be different and be the one in your neighborhood with the beautiful and unique garden or yard. You can never go wrong with your yard if you use these incredible ideas you will find here!",Smartongroup,,smartongroup@hotmail.com,Smartongroup,https://smartongroup.blogspot.ru/,False,True,"{u'1': 0, u'3': 0, u'2': 1, u'5': 3, u'4': 1}",False,,https://lh3.googleusercontent.com/i00xKddvQfU0oXOq-0LN7rdndObcGi3s0sMSMJBXJ5hglgP6dk533BbuQTFdURPBxEI,"1,000+",,0,"Some problems fixed.

New ideas added.",4.1 and up,5,4.2,[],17M,Rock Garden Ideas,"March 18, 2019",https://play.google.com/store/apps/details?id=smartgr.rockgarden.ideas&gl=us&hl=en,
