,app_id,category,content_rating,current_version,description,description_html,developer,developer_address,developer_email,developer_id,developer_url,editors_choice,free,histogram,iap,iap_range,icon,installs,interactive_elements,price,recent_changes,required_android_version,reviews,score,screenshots,size,title,updated,url,video
0,com.canon.csa.experience,[LIBRARIES_AND_DEMO],[Everyone],3.0.5,"Regardless of the industry, Canon Solutions America provides innovative solutions that can scale to fit the requirements for every type of business. Use our Experience App to explore a variety of information from trends in printing and business process automation to the latest Canon product information. You can view customer testimonial videos and case studies, learn about new technology, register for events, share information and more.
Key Features:
•	Explore latest technologies and trends
•	Learn about workflow and customer scenarios
•	View product and services information
•	Receive notifications  based on user preferences
•	Share content
•	Find and register for events
•	Real-time communication through integrated messaging center","Regardless of the industry, Canon Solutions America provides innovative solutions that can scale to fit the requirements for every type of business. Use our Experience App to explore a variety of information from trends in printing and business process automation to the latest Canon product information. You can view customer testimonial videos and case studies, learn about new technology, register for events, share information and more.<br/><br/>Key Features:<br/>•	Explore latest technologies and trends <br/>•	Learn about workflow and customer scenarios <br/>•	View product and services information <br/>•	Receive notifications  based on user preferences<br/>•	Share content<br/>•	Find and register for events <br/>•	Real-time communication through integrated messaging center","Canon Solutions America, Inc.","Canon Solutions America, Inc.
1 Canon Park
Melville, NY 11747",ddunford@csa.canon.com,"Canon+Solutions+America,+Inc.",http://ess.csa.canon.com/experience,False,True,"{u'1': 4, u'3': 6, u'2': 1, u'5': 53, u'4': 7}",False,,https://lh3.googleusercontent.com/xgpa9pSzNvND7fEj9elYO8gz9uuC83ptc_QlVeNGcsWuhnwsVuAqaMUCbzugG9tcyg,"10,000+",,0,Bug fixes,4.0 and up,71,4.5,[],25M,CSA Experience,"May 11, 2018",https://play.google.com/store/apps/details?id=com.canon.csa.experience&gl=us&hl=en,
1,org.emulator.EBOX,[LIBRARIES_AND_DEMO],[Everyone],1,"First (original) XBOX emulator for Android devices
Please keep in mind the emulator is still in early stages of production, errors are to be expected! We are working on expanding the compatibility list, but many titles are already playable. More information on the website!","First (original) XBOX emulator for Android devices<br/><br/>Please keep in mind the emulator is still in early stages of production, errors are to be expected! We are working on expanding the compatibility list, but many titles are already playable. More information on the website!",Blue Shell,,blueshellteam@gmail.com,Blue+Shell,,False,True,"{u'1': 24, u'3': 2, u'2': 1, u'5': 66, u'4': 3}",False,,https://lh3.googleusercontent.com/NTrWTIN52rC6qpZFKmz5FN-6XR5UBJkN9q9JJPA6Gfv4MRnSuk5JNOyUBfx5h5q50BY,"1,000+",,0,First public release outside of closed beta,4.3 and up,96,3.9,[],27M,EBOX Emulator,"February 14, 2019",https://play.google.com/store/apps/details?id=org.emulator.EBOX&gl=us&hl=en,
2,mhl2.tvcon.nector.hmi,[LIBRARIES_AND_DEMO],[Everyone],1.0,"wirlessely connect  is a technique, which allows you wirelessely connect your phone on TV screen. You can easily access all of your games, photos, videos and other application on a big screen using Wirelessely tv connector APP .
Tv connector does not need extra dongle or  hdmi cable or hdmi adaptor. Click the “Start”, the Mobile hotspot will be operating automatically. and After hotspot will be operating, connect to AP from other devices.
You will need to open the connection for Wirelessely tv connector App on both your smartphone/tablet and your TV in order for the connection to work successfully and enjoying the wireless connectivity .
Screen Mirroring can only play contents but send screen as is such as HDMI, MHL, Miracast and Chromecast. It has been tested and found works on most of android mobiles.
If you are tired of searching the greatest Apps for casting your small screens into larger screens to get awesome experiences, here is the best and most user-friendly Mirror Phone to TV App.
Wirelessly mirror is one of the best screen mirroring apps for android users. Screen Mirroring allows you to easily connect your device and your TV. Mirror Screen to TV is simple, easy to use and free app. Wireless tv connector app provides you a secure connection to protect your data, files and applications.
Screen Mirroring can only play contents but send screen as is such as HDMI, MHL, Miracast and Chromecast. It has been tested and found works on most of android mobiles.
With Mirror Phone to TV, you can stream to tv from phone without limitation. It helps you instantly stream movies, music and photos to your Smart TV!
Wireless display is useful for stream movies, videos, access photos and apps on TV screen. You can easily connect your smartphone with your TV wirelessly.   You can easily search your favorite TV shows and series and easily stream them anytime on your TV screen.
tv connectors can only play contents but send screen as is such as HDMI, MHL, Miracast and Chromecast. It has been tested and found works on most of android mobiles.
Mirroring your Android device's display on your TV can be useful when you're showing off photos from a recent trip, playing a game or giving a demonstration. With this Screen Mirroring App, you'll be able to duplicate your Android phone's screen on TV screen.
Little smartphone and tablet screens are good on the run, but when you’re in your family area then why not use your TV’s much larger screen instead? Sharing your screen out of your phone or supplement for your Television is easy with this Mirror Phone to TV App.
If your eyes are drained from looking at your small cellular phone, you will get a great big screen phone experience by connecting your phone to a TV screen via This Wireless Tv Connectors app.
features :
wirlessely connect phone to tv
wireless connectivity
miroir wireless
wireless display
wirelessly mirrore
wirlessely connect
wireless connectivity
miroir wireless
wireless display
wirelessly mirror
Please follow the steps bellow to display your mobile screen to your TV:
-Make sure your TV and your Phone are Connected to the same wifi network
-Enable Miracast Display on your TV
-Enable Wireless Dispaly option on your phone
-Click Select button and choose your TV
-Enjoy!
wireless tv connector is supported by some Android devices and Android Versions. If you face any problems with your device, feel free to contact us!","wirlessely connect  is a technique, which allows you wirelessely connect your phone on TV screen. You can easily access all of your games, photos, videos and other application on a big screen using Wirelessely tv connector APP .<br/><br/>Tv connector does not need extra dongle or  hdmi cable or hdmi adaptor. Click the “Start”, the Mobile hotspot will be operating automatically. and After hotspot will be operating, connect to AP from other devices.<br/><br/>You will need to open the connection for Wirelessely tv connector App on both your smartphone/tablet and your TV in order for the connection to work successfully and enjoying the wireless connectivity .<br/>Screen Mirroring can only play contents but send screen as is such as HDMI, MHL, Miracast and Chromecast. It has been tested and found works on most of android mobiles.<br/><br/>If you are tired of searching the greatest Apps for casting your small screens into larger screens to get awesome experiences, here is the best and most user-friendly Mirror Phone to TV App. <br/><br/>Wirelessly mirror is one of the best screen mirroring apps for android users. Screen Mirroring allows you to easily connect your device and your TV. Mirror Screen to TV is simple, easy to use and free app. Wireless tv connector app provides you a secure connection to protect your data, files and applications.<br/><br/>Screen Mirroring can only play contents but send screen as is such as HDMI, MHL, Miracast and Chromecast. It has been tested and found works on most of android mobiles.<br/><br/>With Mirror Phone to TV, you can stream to tv from phone without limitation. It helps you instantly stream movies, music and photos to your Smart TV!<br/><br/>Wireless display is useful for stream movies, videos, access photos and apps on TV screen. You can easily connect your smartphone with your TV wirelessly.   You can easily search your favorite TV shows and series and easily stream them anytime on your TV screen. <br/>tv connectors can only play contents but send screen as is such as HDMI, MHL, Miracast and Chromecast. It has been tested and found works on most of android mobiles.<br/><br/>Mirroring your Android device's display on your TV can be useful when you're showing off photos from a recent trip, playing a game or giving a demonstration. With this Screen Mirroring App, you'll be able to duplicate your Android phone's screen on TV screen. <br/><br/><br/>Little smartphone and tablet screens are good on the run, but when you’re in your family area then why not use your TV’s much larger screen instead? Sharing your screen out of your phone or supplement for your Television is easy with this Mirror Phone to TV App. <br/><br/>If your eyes are drained from looking at your small cellular phone, you will get a great big screen phone experience by connecting your phone to a TV screen via This Wireless Tv Connectors app.<br/>features :<br/>wirlessely connect phone to tv<br/>wireless connectivity<br/>miroir wireless<br/>wireless display<br/>wirelessly mirrore <br/>wirlessely connect<br/>wireless connectivity<br/>miroir wireless<br/>wireless display<br/>wirelessly mirror<br/><br/><br/>Please follow the steps bellow to display your mobile screen to your TV:<br/><br/>-Make sure your TV and your Phone are Connected to the same wifi network<br/>-Enable Miracast Display on your TV<br/>-Enable Wireless Dispaly option on your phone<br/>-Click Select button and choose your TV<br/>-Enjoy!<br/><br/>wireless tv connector is supported by some Android devices and Android Versions. If you face any problems with your device, feel free to contact us!",high-TechPro,,outgharminads@gmail.com,high-TechPro,https://sites.google.com/view/privacy-policy-high-techpro,False,True,"{u'1': 36, u'3': 18, u'2': 7, u'5': 421, u'4': 19}",False,,https://lh3.googleusercontent.com/j88BqVh4x8mK1fTbZDpTirI5wc3oLsguNNtT3PDJM2kIf5nlQo7uNp0qPhvRl_Ql445I,"10,000+",,0,,4.4 and up,501,4.6,[],4.9M,Wirelessely tv connector,"December 19, 2018",https://play.google.com/store/apps/details?id=mhl2.tvcon.nector.hmi&gl=us&hl=en,
3,com.TVdevteam22.NewKoditvandaddonstips,[LIBRARIES_AND_DEMO],[Everyone],3.0,"This application helps Kodi users to find latest updates, news and information from Kodi.
In this guide you can find.
Steps to Setup Kodicast XBMC Foundation, official remote for Kodi.
After installing this app user can imagine what is Kodi add-ons
Steps to install Kodi 17.6 Krypton
Steps to install Kodi Exodus Ver 6.0 Add-on
Frequently Asked Questions by Kodi Users.
Kodi is famous media app where combined add-ons allows for stream all TV shows and movies.
Declaimer: We don’t have relation with  XBMC Foundation / Kodi or other company. This is guide maker TV company to support users while using apps.
If anyone have any concern  with this guide please contact us we are open to discuss any problems which can affect other users privacy or laws.","This application helps Kodi users to find latest updates, news and information from Kodi.<br/><br/>In this guide you can find.<br/><br/>Steps to Setup Kodicast XBMC Foundation, official remote for Kodi.<br/><br/>After installing this app user can imagine what is Kodi add-ons<br/><br/>Steps to install Kodi 17.6 Krypton<br/><br/>Steps to install Kodi Exodus Ver 6.0 Add-on<br/><br/>Frequently Asked Questions by Kodi Users.<br/><br/>Kodi is famous media app where combined add-ons allows for stream all TV shows and movies.<br/><br/>Declaimer: We don’t have relation with  XBMC Foundation / Kodi or other company. This is guide maker TV company to support users while using apps.<br/><br/>If anyone have any concern  with this guide please contact us we are open to discuss any problems which can affect other users privacy or laws.",TVdevteam22,,Koditvdevteam@gmail.com,TVdevteam22,https://sites.google.com/view/new-kodi-tv-and-addons-tips/главная,False,True,"{u'1': 1, u'3': 1, u'2': 0, u'5': 2, u'4': 0}",False,,https://lh3.googleusercontent.com/pELnYA-vlSDL5oeGInuW6CDwobLg9gAJszpD96Z0wowQapm4vfCjTQMZpDLOcqBRa6g,"1,000+",,0,Bug fixis,4.1 and up,4,3.5,[],5.0M,New Kodi tv and addons tips,"March 17, 2019",https://play.google.com/store/apps/details?id=com.TVdevteam22.NewKoditvandaddonstips&gl=us&hl=en,
