,app_id,category,content_rating,current_version,description,description_html,developer,developer_address,developer_email,developer_id,developer_url,editors_choice,free,histogram,iap,iap_range,icon,installs,interactive_elements,price,recent_changes,required_android_version,reviews,score,screenshots,size,title,updated,url,video
0,com.navigatore.gratuito.gratis.italiano.android.voce.mappe.gps.offline.navigatore,[MAPS_AND_NAVIGATION],[Everyone],1.2.9,"This application will allow you to navigate quickly and easily.
Thanks to its easy and intuitive control panel with large buttons and clear graphics, navigation will be no frills and within reach.
Features Free Navigator:
★ Speaking and navigation will start automatically
★ Write to reach your destination
★ Address Book (Save All Addresses You Want)
★ Home button (travels quickly home)
★ POI (save your points of interest)
★ Parking Function (to find your car, bike, bike etc ..)
★ Choose before you enter your destination if you are browsing with:
AUTO, FOOT, or PUBLIC MEANS
★ Avoid highways and tolls
★ More than 25 languages ​​can be set
★ Share your paths with your friends
Do not waste time with the usual boring navigators, entrusted with something simple but effective. Excellent for use in cars, for those who want to keep their hands on the wheel.
You can save your Offline Maps by going to the 'Offline Areas' menu.
Please note:
Any problem with Location, Abnormal Arrests, Map Stop or Internet use is not due to this app.
Free Navigator does not use any ""Google APIs""
Google Maps ™ and Google Voice ™ must be installed to work.","This application will allow you to navigate quickly and easily.<br/><br/>Thanks to its easy and intuitive control panel with large buttons and clear graphics, navigation will be no frills and within reach.<br/><br/><b> Features Free Navigator:<br/><br/>★ Speaking and navigation will start automatically<br/>★ Write to reach your destination<br/>★ Address Book (Save All Addresses You Want)<br/>★ Home button (travels quickly home)<br/>★ POI (save your points of interest)<br/>★ Parking Function (to find your car, bike, bike etc ..)<br/>★ Choose before you enter your destination if you are browsing with:<br/>  AUTO, FOOT, or PUBLIC MEANS<br/>★ Avoid highways and tolls<br/>★ More than 25 languages ​​can be set<br/>★ Share your paths with your friends<br/>Do not waste time with the usual boring navigators, entrusted with something simple but effective. Excellent for use in cars, for those who want to keep their hands on the wheel.<br/>You can save your Offline Maps by going to the 'Offline Areas' menu.<br/><br/>Please note:<br/>Any problem with Location, Abnormal Arrests, Map Stop or Internet use is not due to this app.<br/><br/>Free Navigator does not use any ""Google APIs""<br/>Google Maps ™ and Google Voice ™ must be installed to work.</b>",GPS Navigation Maps,,navigator.maps.gps@gmail.com,GPS+Navigation+Maps,https://sites.google.com/view/cookiespolicy/home,False,True,"{u'1': 174, u'3': 76, u'2': 34, u'5': 750, u'4': 129}",False,,https://lh3.googleusercontent.com/e_pA7b7af7Bi1N5lnc_FZ6mcnlQlI---fJQWoifPlS_2VgUfzwThX9haUtWQqC_EBjpW,"500,000+",,0,,4.0 and up,1163,4.1,[],3.4M,Navigator GPS,"October 30, 2018",https://play.google.com/store/apps/details?id=com.navigatore.gratuito.gratis.italiano.android.voce.mappe.gps.offline.navigatore&gl=us&hl=en,
1,com.parkgenius.ParkGenius,[MAPS_AND_NAVIGATION],[Everyone],4.0.33.1.9.0,"Pay, extend, and manage your parking session with just a few taps. It’s easy!
Pay on the go
Pay quickly and securely with your smartphone.
- Didn't need as much time as you thought?  Stop your parking session early and only pay for the time you need.
- Forget refilling the meter in the rain or braving the cold.
No price surprises
See when parking rates will change in the future – even when there’s free parking!
- Receive email receipts at the end of your parking session.
- Expenses made easy, manage your parking history through the mobile app.
Stress-free parking
Get alerts when your parking session is about to end.
- Stop worrying about how much time is left on the meter, we have you covered.
No need to rush
Add time to your parking session directly from your phone.*
- Your plans change, your parking spot shouldn't.  Simply extend your parking session via our app.
Get started today
1. Download the Park ATX app
2. Park where you see Park ATX app signs
3. Pay for your parking session from your phone
4. Relax, welcome to parking as it should be.
Coming soon
The Park ATX app is not done yet! We're constantly updating the app based on your feedback.
App Permissions
- Location Services (optional): Used to quickly provide nearby parking zones.
*where applicable","Pay, extend, and manage your parking session with just a few taps. It’s easy!<br/><br/><b>Pay on the go</b><br/>Pay quickly and securely with your smartphone.<br/>- Didn't need as much time as you thought?  Stop your parking session early and only pay for the time you need.<br/>- Forget refilling the meter in the rain or braving the cold.<br/><br/><b>No price surprises</b><br/>See when parking rates will change in the future – even when there’s free parking!<br/>- Receive email receipts at the end of your parking session.<br/>- Expenses made easy, manage your parking history through the mobile app.<br/><br/><b>Stress-free parking</b><br/>Get alerts when your parking session is about to end.<br/>- Stop worrying about how much time is left on the meter, we have you covered.<br/><br/><b>No need to rush</b><br/>Add time to your parking session directly from your phone.*<br/>- Your plans change, your parking spot shouldn't.  Simply extend your parking session via our app.<br/><br/><b><u>Get started today</u></b><br/>1. Download the Park ATX app<br/>2. Park where you see Park ATX app signs<br/>3. Pay for your parking session from your phone<br/>4. Relax, welcome to parking as it should be.<br/><br/><b><u>Coming soon</u></b><br/>The Park ATX app is not done yet! We're constantly updating the app based on your feedback.<br/><br/><b><u>App Permissions</u></b><br/>- Location Services (optional): Used to quickly provide nearby parking zones.<br/><br/><br/>*where applicable","Passport Labs, Inc.","128 S. Tryon St. Suite 2200
Charlotte, NC 28202",support@passportinc.com,"Passport+Labs,+Inc.",http://www.getparkx.com/,False,True,"{u'1': 84, u'3': 19, u'2': 29, u'5': 870, u'4': 60}",False,,https://lh3.googleusercontent.com/wAevkiZF9U7gcNBD8-pBadPGvbT48gEEikY0ck8x4lARVRP0O52Hj7GNzvueAfDosMw,"10,000+",[Shares Info],0,"What does the next revolution in parking look like?  An all-new, more intuitive app interface that makes parking a breeze.


Our app icon may be new, but our dedication to providing the best parking experience is here to stay. Now you can stop a parking session early and only pay for the time you need!



Enjoying Park ATX?  Help us spread the word by telling your friends or by leaving a glowing review!",5.0 and up,1062,4.5,[],7.5M,Park ATX – Street parking in Austin,"February 25, 2019",https://play.google.com/store/apps/details?id=com.parkgenius.ParkGenius&gl=us&hl=en,
2,com.passportparking.mobile.parkomaha,[MAPS_AND_NAVIGATION],[Everyone],5.2.8,"Parking in Omaha just got easier and more convenient! Pay for parking using the city’s own ParkOmaha app.
No longer do you have to scramble to find change for meters or rush back to their vehicles when they are running out of time. Registration is a breeze and parking happens in a matter of seconds.
Once securely registered, you can pay for parking by using the app, calling a toll free number, or texting the zone and space information. Parkers can also select the option to receive text message alerts and reminders prior to the expiration of their session. Drivers who use ParkOmaha’s mobile pay technology will be able to log in using their Facebook accounts to find nearby businesses that offer validation or other discounts.
About ParkOmaha:
ParkOmaha is the City of Omaha’s own mobile payment solution which is powered by the most advanced and user-friendly parking technology in the market.","Parking in Omaha just got easier and more convenient! Pay for parking using the city’s own ParkOmaha app.<br/> <br/>No longer do you have to scramble to find change for meters or rush back to their vehicles when they are running out of time. Registration is a breeze and parking happens in a matter of seconds.<br/> <br/>Once securely registered, you can pay for parking by using the app, calling a toll free number, or texting the zone and space information. Parkers can also select the option to receive text message alerts and reminders prior to the expiration of their session. Drivers who use ParkOmaha’s mobile pay technology will be able to log in using their Facebook accounts to find nearby businesses that offer validation or other discounts.<br/> <br/>About ParkOmaha:<br/>ParkOmaha is the City of Omaha’s own mobile payment solution which is powered by the most advanced and user-friendly parking technology in the market.","Passport Labs, Inc.","128 S. Tryon St. Suite 2200
Charlotte, NC 28202",info@passportparking.com,"Passport+Labs,+Inc.",http://passportparking.com,False,True,"{u'1': 17, u'3': 22, u'2': 6, u'5': 658, u'4': 62}",False,,https://lh3.googleusercontent.com/JN89Fq23dQb2GoM2N53EJRSX8oF_o6_cta3tuyfiGNcoNWwYGIlWLmzI5Qhcdh-eq0w,"50,000+",[Shares Info],0,,4.1 and up,765,4.7,[],19M,ParkOmaha,"December 13, 2017",https://play.google.com/store/apps/details?id=com.passportparking.mobile.parkomaha&gl=us&hl=en,
3,com.bustime.citybus,[MAPS_AND_NAVIGATION],[Everyone],2.8,"Never miss the bus again!  With NYC City Bus Tracker app! with the Mta bus time from the mta Get information about when the next bus will arrive at your stop, even if you are still at home, the office, shopping, or dining.
App Features
- Real Time Tracking -
All you need to do is put in your bus number or location in the search bar and it will tell you exactly where the bus is now","Never miss the bus again!  With NYC City Bus Tracker app! with the Mta bus time from the mta Get information about when the next bus will arrive at your stop, even if you are still at home, the office, shopping, or dining.<br/><br/>App Features<br/><br/>- Real Time Tracking -<br/>All you need to do is put in your bus number or location in the search bar and it will tell you exactly where the bus is now",Bus Time,,nycbustime@gmail.com,Bus+Time,http://bustime.com,False,True,"{u'1': 80, u'3': 21, u'2': 26, u'5': 138, u'4': 42}",False,,https://lh3.googleusercontent.com/oC--CpPyLss6X8Nvjc22LFKhip3MZR_xXPwLS_7mYBLB91d2HxgunZ7KhqaIA_grhA,"50,000+",,0,Fixed crashes,5.0 and up,307,3.4,[],5.2M,New York Bus Tracker™ App,"February 3, 2019",https://play.google.com/store/apps/details?id=com.bustime.citybus&gl=us&hl=en,https://www.youtube.com/embed/DhOaYtXBUSM
4,com.streetviewmap.hdsatelliteview.earthmap,[MAPS_AND_NAVIGATION],[Everyone],1.0,"Street View Map HD: Satellite View & Earth Map app will let you search live maps and satellite view of your area’s different places. Live street view app is very simple and free to download with the help of satellite world map. Free navigation with satellite app will allow you to determine your current location & view buildings while using maps street view. Street view enhancer app will give you mountain panorama view on satellite maps in any point all over world. Live street view map app also gives you all the information about the traffic status on the roads. Just add your location in this live earth map view app where you want to go then satellite world map will provide you the shortest route towards your destination. Free navigation with satellite app will offer you indoor maps and visual maps for your guidance on road. Discover world famous places at your home with this street view live 2019 and satellite map app. Street View Map app will give a streets viewer with accurate GPS navigation satellite services.
Street View Map HD: Satellite View & Earth Map can let you search street view maps and find my house with new earth navigation apps. Discover 360 satellite earth map using 3d street view GPS navigation system. Enjoy street view live map through this HD street view application. GPS street view direction map gives you street view HD live street view navigation map where you can find 360 panoramic maps using live street view & route map 2019. Explore street view real-time with world map street view app. Search your area street live view and find locations nearby you or all over the world with this live HD street view and route direction app. Live street view navigation map shows a live view of streets with perfect 360 view of earth streets. Street view app download from play store and enjoy live street view HD with voice navigation GPS route map.
GPS street view voice navigation and direction route map use live street maps of satellite to track your location on the panorama and give your street location a 360 view with a clear picture of streets map. Street View Map HD: Satellite View & Earth Map application is very simple and easy to use to view street live. Enter your favorite location name in search box and get street view live maps any time anywhere using this satellite street view map. Now you can easily track nearby place and can explore world famous places with street view map HD. This voice navigation street view app combines a large list of world famous airports as well as all famous places around the world so you can get navigations and route maps anywhere using this street view earth map application.
Features of Street View Map HD: Satellite View & Earth Map:
Full HD street viewer global map
Updated 3D maps for finding street address
Search location and direction with voice
Find shortest road routes with live route map HD
Track my house location or search view of street live
Check nearby places and explore world view online
Discover famous places around you or all over the world
Save you favorite street view location from map
Enjoy beautiful panoramas of city, mountains, streets
Visit famous airports of the world with famous places of us, Norway, Canada etc.
Complete free street view, satellite view earth map app","Street View Map HD: Satellite View &amp; Earth Map app will let you search live maps and satellite view of your area’s different places. Live street view app is very simple and free to download with the help of satellite world map. Free navigation with satellite app will allow you to determine your current location &amp; view buildings while using maps street view. Street view enhancer app will give you mountain panorama view on satellite maps in any point all over world. Live street view map app also gives you all the information about the traffic status on the roads. Just add your location in this live earth map view app where you want to go then satellite world map will provide you the shortest route towards your destination. Free navigation with satellite app will offer you indoor maps and visual maps for your guidance on road. Discover world famous places at your home with this street view live 2019 and satellite map app. Street View Map app will give a streets viewer with accurate GPS navigation satellite services.<br/><br/>Street View Map HD: Satellite View &amp; Earth Map can let you search street view maps and find my house with new earth navigation apps. Discover 360 satellite earth map using 3d street view GPS navigation system. Enjoy street view live map through this HD street view application. GPS street view direction map gives you street view HD live street view navigation map where you can find 360 panoramic maps using live street view &amp; route map 2019. Explore street view real-time with world map street view app. Search your area street live view and find locations nearby you or all over the world with this live HD street view and route direction app. Live street view navigation map shows a live view of streets with perfect 360 view of earth streets. Street view app download from play store and enjoy live street view HD with voice navigation GPS route map.<br/><br/>GPS street view voice navigation and direction route map use live street maps of satellite to track your location on the panorama and give your street location a 360 view with a clear picture of streets map. Street View Map HD: Satellite View &amp; Earth Map application is very simple and easy to use to view street live. Enter your favorite location name in search box and get street view live maps any time anywhere using this satellite street view map. Now you can easily track nearby place and can explore world famous places with street view map HD. This voice navigation street view app combines a large list of world famous airports as well as all famous places around the world so you can get navigations and route maps anywhere using this street view earth map application.<br/><br/><b>Features of Street View Map HD: Satellite View &amp; Earth Map:</b><br/><br/>Full HD street viewer global map <br/>Updated 3D maps for finding street address<br/>Search location and direction with voice<br/>Find shortest road routes with live route map HD<br/>Track my house location or search view of street live<br/>Check nearby places and explore world view online<br/>Discover famous places around you or all over the world<br/>Save you favorite street view location from map<br/>Enjoy beautiful panoramas of city, mountains, streets<br/>Visit famous airports of the world with famous places of us, Norway, Canada etc.<br/>Complete free street view, satellite view earth map app",EBrain Tech,EBrain Tech  UK,ebrainsolutionsltd@gmail.com,EBrain+Tech,https://ebraintech.blogspot.com/2019/01/ebrain-tech-built-apps-as-ad-supported.html,False,True,"{u'1': 24, u'3': 6, u'2': 5, u'5': 132, u'4': 23}",True,[Everyone],https://lh3.googleusercontent.com/esrSuei6hMbWL493qnTNS3N4GCeZ8sD4CrKqKcq9QxOn070phFpwIuySQKHabx6lRA,"50,000+",,0,,4.1 and up,190,4.2,[],5.3M,Street View Map HD: Satellite View & Earth Map,"January 24, 2019",https://play.google.com/store/apps/details?id=com.streetviewmap.hdsatelliteview.earthmap&gl=us&hl=en,
5,com.california.cyber.developers.gps.speedometer.tripmeter,[MAPS_AND_NAVIGATION],[Everyone],2.0.2,"Always have the driving speed and great amount of info about your car journey with
GPS Speedometer
with
train speed live meter
. New features include
Altimeter
from which you can get accurate altitude readings with one of the best altitude meter. Our Altimeter is best of its kind We all know how neat looking is having all of the relevant drive stats on our Android devices. Our app displays the
speed gps
basic data in a neatly organized and stunning auto gps also called the
car trip meter app
.This accurate and best of all speedometer app can be used with all vehicles and also as speedometer for car. Special design for speedometer for bike which can also be called as the speedometer for motorcycle. This App is most suited if you want to use as speedometer for cycle. And with the speed in knots it is best as speedometer for shipping
MEASURES EVERYTHING ABOUT YOUR TRIP
No matter if it is max speed or average speed, the car trip meter and trip odometer app will measure it and keep it. Alternatively, there is time and distance for each trip. Important thing is that you need to have your GPS turned on all the time so the trip counter can do its registering properly. You can also pause your trip, and return with the trip meter function with a simple tap also for train speed live meter
SPEED NOTIFICATIONS
If you are driving too fast, the app will notify you instantly. Speed limits are everywhere and this feature can save you from speed tickets and frustrating situations. Your next travel destination will be without any stress!
GET ACCURACTE DRIVING SPEED
We can guarantee about the accuracy of this gps trip meter. The gps speed alert is based on the most accurate Android speedometer app. The gps speed app will offer extremely precise speed drive values, you can compare it while driving!
GPS Speedometer features :
- Exquisite premium design and typography
- Intuitive UI
- Precise speed
- Train speed live meter
- Classic trip meter features
- Ability to stop and return to GPS speed tracking
- records any trip you make
- can send speed notifications to remind you about speed limits
- Free for everyone
- Altitude meter
- Altimeter
………………………………………………………………………………….
No matter when and where your next road trip will be, try GPS Speedometer for free and you will have a speed and route info about it. This speed gps can also be used as gps data logger with the best function of gps speed alert. We have special features like gps accelerometer which is the best and accurate gps acceleration. This App contains the gps tripmeter which is also being called as trip odometer by many. The gps odometer with the features of complete trip counter is the best one. The app gets the fastest gps fix and can be the best one for everyone as gps route finder if you know the roads and directions
It’s free and you don’t need to be tech saavy to use it accordingly.
Get it NOW! the best train speed live meter
*Note
Continuous use of GPS may use your device’s battery faster than normal. This speedometer app has been the best one for the use as speedometer for car
This App is design with care for speedometer for bike and special riders who like bikes can use it as speedometer for motorcycle. If you are adventurous then it’s great to use as speedometer for cycle . Now with the speed in knots this can be used as speedometer shipping. If you want to use as personal gps data logger it is best. We have the features like gps speed alert and gps accelerometer which provides the best and most accurate gps acceleration. The name of the App gps tripmeter has the same meaning as trip odometer so better not confuse it because some people also call it gps odometer which is also correct. People on long journey can use it as trip counter.at last this app has perfect and very fast gps fix for everyone. Use it for train speed live meter with accurate readings","Always have the driving speed and great amount of info about your car journey with <b>GPS Speedometer</b> with <b> train speed live meter</b>. New features include <b> Altimeter </b> from which you can get accurate altitude readings with one of the best altitude meter. Our Altimeter is best of its kind We all know how neat looking is having all of the relevant drive stats on our Android devices. Our app displays the <b>speed gps</b> basic data in a neatly organized and stunning auto gps also called the <b>car trip meter app</b> .This accurate and best of all speedometer app can be used with all vehicles and also as speedometer for car. Special design for speedometer for bike which can also be called as the speedometer for motorcycle. This App is most suited if you want to use as speedometer for cycle. And with the speed in knots it is best as speedometer for shipping <br/><br/><b>MEASURES EVERYTHING ABOUT YOUR TRIP</b><br/>No matter if it is max speed or average speed, the car trip meter and trip odometer app will measure it and keep it. Alternatively, there is time and distance for each trip. Important thing is that you need to have your GPS turned on all the time so the trip counter can do its registering properly. You can also pause your trip, and return with the trip meter function with a simple tap also for train speed live meter<br/><b>SPEED NOTIFICATIONS</b><br/>If you are driving too fast, the app will notify you instantly. Speed limits are everywhere and this feature can save you from speed tickets and frustrating situations. Your next travel destination will be without any stress!<br/><b>GET ACCURACTE DRIVING SPEED</b><br/>We can guarantee about the accuracy of this gps trip meter. The gps speed alert is based on the most accurate Android speedometer app. The gps speed app will offer extremely precise speed drive values, you can compare it while driving! <br/><b>GPS Speedometer features :</b><br/>- Exquisite premium design and typography<br/>- Intuitive UI<br/>- Precise speed <br/>- Train speed live meter<br/>- Classic trip meter features<br/>- Ability to stop and return to GPS speed tracking<br/>- records any trip you make<br/>- can send speed notifications to remind you about speed limits<br/>- Free for everyone<br/>- Altitude meter<br/>- Altimeter<br/>………………………………………………………………………………….<br/>No matter when and where your next road trip will be, try GPS Speedometer for free and you will have a speed and route info about it. This speed gps can also be used as gps data logger with the best function of gps speed alert. We have special features like gps accelerometer which is the best and accurate gps acceleration. This App contains the gps tripmeter which is also being called as trip odometer by many. The gps odometer with the features of complete trip counter is the best one. The app gets the fastest gps fix and can be the best one for everyone as gps route finder if you know the roads and directions<br/>It’s free and you don’t need to be tech saavy to use it accordingly.<br/>Get it NOW! the best train speed live meter<br/>*Note<br/>Continuous use of GPS may use your device’s battery faster than normal. This speedometer app has been the best one for the use as speedometer for car<br/>This App is design with care for speedometer for bike and special riders who like bikes can use it as speedometer for motorcycle. If you are adventurous then it’s great to use as speedometer for cycle . Now with the speed in knots this can be used as speedometer shipping. If you want to use as personal gps data logger it is best. We have the features like gps speed alert and gps accelerometer which provides the best and most accurate gps acceleration. The name of the App gps tripmeter has the same meaning as trip odometer so better not confuse it because some people also call it gps odometer which is also correct. People on long journey can use it as trip counter.at last this app has perfect and very fast gps fix for everyone. Use it for train speed live meter with accurate readings",California Cyber Developers,Main sector G-9/4 street 93 isb pakistan,californiacyberdevelopers@gmail.com,California+Cyber+Developers,https://sites.google.com/view/califcyberpp/home,False,True,"{u'1': 2226, u'3': 2980, u'2': 665, u'5': 22534, u'4': 10328}",False,,https://lh3.googleusercontent.com/0GVuGlmg8u56Os0YXfEJYiE7ea_-pPxfRNAEtQ5grKqd7A9S80au2IlRcY4dIF3V5g,"1,000,000+",,0,"Notification fix for Oreo

Super Performance & Accuracy

Bugs Fixed Now

New Design",4.2 and up,38733,4.3,[],3.2M,GPS Speedometer - Trip Meter - Odometer,"December 1, 2018",https://play.google.com/store/apps/details?id=com.california.cyber.developers.gps.speedometer.tripmeter&gl=us&hl=en,
6,fr.chauffeurprive,[MAPS_AND_NAVIGATION],[Everyone],3.57.1,"Meet Kapten, the ride hailing app that cares about its users! Your benefits: an exclusive loyalty program, affordable fares set before ordering, the possibility of booking your driver in advance, and a local and responsive customer service.
Already more than 2 million loyal customers, and more than 20,000 drivers at your service! Available in Paris, Lyon, the French Riviera, Lisbon and Geneva.
""France’s alternative to Uber” - Financial Times
“The French leader in ride-hailing” - BFM
CORE FEATURES
- Upfront pricing
- Seamless payment in the app
- Available 24/7
- 4 min average waiting time
- Bookings - ideal for your airport trips
- Exclusive loyalty program
- 100% of taxes paid locally
THOUSANDS OF REVIEWS
- “Great ride hailing app, I can’t live without it!”
- “Amazing! Finally drivers who care.”
- “Fast, efficient and very user friendly.”
- “Great app, great service... Forget Paris taxis!""
- “Since I heard about it, I only use Kapten.”
- “Better than Uber, better than Taxify. Five-star customer service.”
3 SERVICES
- Standard: for 25% cheaper fares (e.g. Peugeot 508)
- Sedan: for a premium experience (e.g. Mercedes Class E)
- Van: the perfect solution for a group of up to 7 persons (e.g. Mercedes Viano)
AND MUCH MORE
- Check nearby drivers in real-time
- Possibility to let your driver know of your destination once in the car
- Receive notifications for each step of your trip
- Fill in your flight number, and your driver will wait for you at CDG (Roissy) airport, Orly airport, Le Bourget airport, Saint-Exupéry airport and Nice Côte d'Azur airport
- Easily meet your driver at train stations, especially at Gare du Nord, Gare Saint-Lazare and Gare de Lyon
- Pay with your debit card or with Apple Pay
- 100% of your in-app tips go to the driver
- Customer service available seven days a week
AVAILABLE CITIES
- Paris and Ile-de-France: Paris, Versailles, Créteil, Argenteuil, Cergy, Saint-Denis, Montreuil, Aubervilliers, Boulogne-Billancourt, Nanterre, Colombes, Courbevoie, Issy-les-Moulineaux, Levallois-Perret, Disneyland Paris, Paris airports (CDG, Orly), and more
- Greater Lyon: Lyon, Villeurbanne, Vénissieux, Saint-Exupéry airport, and more
- French Riviera: Nice, Cannes, Antibes, Nice Côte d'Azur airport, and more
- Geneva
- Lisbon: Lisbon, Amadora, Almada and more
- More cities coming!
CONTACT
- Web : https://www.kapten.com
- Facebook : https://www.facebook.com/kapten
- Twitter : https://www.twitter.com/kapten
- Instagram : https://www.instagram.com/kapten
So, where are we taking you?","Meet Kapten, the ride hailing app that cares about its users! Your benefits: an exclusive loyalty program, affordable fares set before ordering, the possibility of booking your driver in advance, and a local and responsive customer service.<br/><br/>Already more than 2 million loyal customers, and more than 20,000 drivers at your service! Available in Paris, Lyon, the French Riviera, Lisbon and Geneva.<br/><br/>""France’s alternative to Uber” - Financial Times<br/>“The French leader in ride-hailing” - BFM<br/><br/>CORE FEATURES<br/>- Upfront pricing<br/>- Seamless payment in the app<br/>- Available 24/7<br/>- 4 min average waiting time<br/>- Bookings - ideal for your airport trips<br/>- Exclusive loyalty program<br/>- 100% of taxes paid locally<br/><br/>THOUSANDS OF REVIEWS<br/>- “Great ride hailing app, I can’t live without it!”<br/>- “Amazing! Finally drivers who care.”<br/>- “Fast, efficient and very user friendly.”<br/>- “Great app, great service... Forget Paris taxis!""<br/>- “Since I heard about it, I only use Kapten.”<br/>- “Better than Uber, better than Taxify. Five-star customer service.”<br/><br/>3 SERVICES<br/>- Standard: for 25% cheaper fares (e.g. Peugeot 508)<br/>- Sedan: for a premium experience (e.g. Mercedes Class E)<br/>- Van: the perfect solution for a group of up to 7 persons (e.g. Mercedes Viano)<br/><br/>AND MUCH MORE<br/>- Check nearby drivers in real-time<br/>- Possibility to let your driver know of your destination once in the car<br/>- Receive notifications for each step of your trip<br/>- Fill in your flight number, and your driver will wait for you at CDG (Roissy) airport, Orly airport, Le Bourget airport, Saint-Exupéry airport and Nice Côte d'Azur airport<br/>- Easily meet your driver at train stations, especially at Gare du Nord, Gare Saint-Lazare and Gare de Lyon<br/>- Pay with your debit card or with Apple Pay<br/>- 100% of your in-app tips go to the driver<br/>- Customer service available seven days a week<br/><br/>AVAILABLE CITIES<br/>- Paris and Ile-de-France: Paris, Versailles, Créteil, Argenteuil, Cergy, Saint-Denis, Montreuil, Aubervilliers, Boulogne-Billancourt, Nanterre, Colombes, Courbevoie, Issy-les-Moulineaux, Levallois-Perret, Disneyland Paris, Paris airports (CDG, Orly), and more<br/>- Greater Lyon: Lyon, Villeurbanne, Vénissieux, Saint-Exupéry airport, and more <br/>- French Riviera: Nice, Cannes, Antibes, Nice Côte d'Azur airport, and more <br/>- Geneva<br/>- Lisbon: Lisbon, Amadora, Almada and more<br/>- More cities coming!<br/> <br/>CONTACT <br/>- Web : https://www.kapten.com<br/>- Facebook : https://www.facebook.com/kapten<br/>- Twitter : https://www.twitter.com/kapten<br/>- Instagram : https://www.instagram.com/kapten<br/><br/>So, where are we taking you?",Kapten_,"4 place du 8 mai 1945
92300 Levallois-Perret",client@kapten.com,Kapten_,http://www.kapten.com,False,True,"{u'1': 927, u'3': 308, u'2': 203, u'5': 5633, u'4': 1018}",False,,https://lh3.googleusercontent.com/iNOOnT8VaQQ-V4F_v8YphiTe3p7_0qIGOWgIJ4cRc6q3cRaJYqVSS0AMXqqWt43aYw,"1,000,000+",,0,"« Better three hours too soon than a minute too late » - William Shakespeare

Check in real time and during your ride, your remaining travel time to destination.

1 click, 2 seconds to make your second good resolution of the year come true: Stop being late all the time.",5.0 and up,8089,4.3,[],26M,Kapten - Previously Chauffeur Privé,"March 22, 2019",https://play.google.com/store/apps/details?id=fr.chauffeurprive&gl=us&hl=en,
7,bs.Avare.ADSB,[MAPS_AND_NAVIGATION],[Everyone],4.2.2,"The leading ADSB Receiver for Android!!
This app enables your device to receive live ADSB data (978 MHz UAT and 1090 MHz ES). All you need is a supported USB dongle and an OTG cable, both available from various sources on the internet for less than $20.-. No subscription required!
** Please note: YOU NEED ADDITIONAL HARDWARE TO USE THIS APP
More details: http://hiz.ch/index.php/home/adsb-receiver
(Visit link)
Use this app to provide live ADSB data to Avare! All data received (
traffic, nexrad weather and standard reports like METAR, TAF, PIREP, WINDS, ...
) will be made available automatically, once Avare has been detected. (Make sure to enable ""Use ADSB Weather"" in Avare.) Download Avare, it's free: https://play.google.com/store/apps/details?id=com.ds.avare
(Visit link)
This test version is fully functional but comes with a package limit. The app will continue to work after reaching the limit, but please consider buying the ""Pro"" version to support the development of this app. We need a lot of hardware... Thanks!! Pro version: https://play.google.com/store/apps/details?id=bs.Avare.ADSB.Pro
(Visit link)
USAGE
Attach a supported USB dongle to your Android device by using an OnTheGo (OTG) cable/adapter. Make sure your device supports OTG! Start the app and allow access to the dongle. You should see packages flowing in quickly, depending on your location.
HARDWARE
Supported tuners: Rafael Micro R820T and R820T2.
List of example dongles and OTG adapters/cables: http://hiz.ch/index.php/home/adsb-receiver#HARDWARE
(Visit link)
AUTHOR
HIZ LLC, Michael Hammer
Copyright (C) 2014-2019, all rights reserved
DISCLAIMER
THIS SOFTWARE IS PROVIDED BY THE COPYRIGHT HOLDERS AND CONTRIBUTORS ""AS IS"" AND ANY EXPRESS OR IMPLIED WARRANTIES, INCLUDING, BUT NOT LIMITED TO, THE IMPLIED WARRANTIES OF MERCHANTABILITY AND FITNESS FOR A PARTICULAR PURPOSE ARE DISCLAIMED. IN NO EVENT SHALL THE COPYRIGHT HOLDER OR CONTRIBUTORS BE LIABLE FOR ANY DIRECT, INDIRECT, INCIDENTAL, SPECIAL, EXEMPLARY, OR CONSEQUENTIAL DAMAGES (INCLUDING, BUT NOT LIMITED TO, PROCUREMENT OF SUBSTITUTE GOODS OR SERVICES; LOSS OF USE, DATA, OR PROFITS; OR BUSINESS INTERRUPTION) HOWEVER CAUSED AND ON ANY THEORY OF LIABILITY, WHETHER IN CONTRACT, STRICT LIABILITY, OR TORT (INCLUDING NEGLIGENCE OR OTHERWISE) ARISING IN ANY WAY OUT OF THE USE OF THIS SOFTWARE, EVEN IF ADVISED OF THE POSSIBILITY OF SUCH DAMAGE.","The leading ADSB Receiver for Android!!<br/><br/>This app enables your device to receive live ADSB data (978 MHz UAT and 1090 MHz ES). All you need is a supported USB dongle and an OTG cable, both available from various sources on the internet for less than $20.-. No subscription required!<br/><br/>** Please note: YOU NEED ADDITIONAL HARDWARE TO USE THIS APP<br/><br/>More details: http://hiz.ch/index.php/home/adsb-receiver <a href=""http://www.google.com/url?q=http%3A%2F%2Fhiz.ch%2Findex.php%2Fhome%2Fadsb-receiver&amp;sa=D&amp;sntz=1&amp;usg=AFQjCNFsv9v1DqC5dr0C22Dm6D9sZNzzpQ"">(Visit link)</a><br/><br/>Use this app to provide live ADSB data to Avare! All data received (<b>traffic, nexrad weather and standard reports like METAR, TAF, PIREP, WINDS, ...</b>) will be made available automatically, once Avare has been detected. (Make sure to enable ""Use ADSB Weather"" in Avare.) Download Avare, it's free: https://play.google.com/store/apps/details?id=com.ds.avare <a href=""https://play.google.com/store/apps/details?id=com.ds.avare"">(Visit link)</a><br/><br/>This test version is fully functional but comes with a package limit. The app will continue to work after reaching the limit, but please consider buying the ""Pro"" version to support the development of this app. We need a lot of hardware... Thanks!! Pro version: https://play.google.com/store/apps/details?id=bs.Avare.ADSB.Pro <a href=""https://play.google.com/store/apps/details?id=bs.Avare.ADSB.Pro"">(Visit link)</a><br/><br/><b>USAGE</b><br/><br/>Attach a supported USB dongle to your Android device by using an OnTheGo (OTG) cable/adapter. Make sure your device supports OTG! Start the app and allow access to the dongle. You should see packages flowing in quickly, depending on your location.<br/><br/><b>HARDWARE</b><br/><br/>Supported tuners: Rafael Micro R820T and R820T2.<br/>List of example dongles and OTG adapters/cables: http://hiz.ch/index.php/home/adsb-receiver#HARDWARE <a href=""http://www.google.com/url?q=http%3A%2F%2Fhiz.ch%2Findex.php%2Fhome%2Fadsb-receiver%23HARDWARE&amp;sa=D&amp;sntz=1&amp;usg=AFQjCNFWzkq7BVIbeEJBPqKUZK6scz_gyQ"">(Visit link)</a><br/><br/><b>AUTHOR</b><br/><br/>HIZ LLC, Michael Hammer<br/>Copyright (C) 2014-2019, all rights reserved<br/><br/><b>DISCLAIMER</b><br/><br/>THIS SOFTWARE IS PROVIDED BY THE COPYRIGHT HOLDERS AND CONTRIBUTORS ""AS IS"" AND ANY EXPRESS OR IMPLIED WARRANTIES, INCLUDING, BUT NOT LIMITED TO, THE IMPLIED WARRANTIES OF MERCHANTABILITY AND FITNESS FOR A PARTICULAR PURPOSE ARE DISCLAIMED. IN NO EVENT SHALL THE COPYRIGHT HOLDER OR CONTRIBUTORS BE LIABLE FOR ANY DIRECT, INDIRECT, INCIDENTAL, SPECIAL, EXEMPLARY, OR CONSEQUENTIAL DAMAGES (INCLUDING, BUT NOT LIMITED TO, PROCUREMENT OF SUBSTITUTE GOODS OR SERVICES; LOSS OF USE, DATA, OR PROFITS; OR BUSINESS INTERRUPTION) HOWEVER CAUSED AND ON ANY THEORY OF LIABILITY, WHETHER IN CONTRACT, STRICT LIABILITY, OR TORT (INCLUDING NEGLIGENCE OR OTHERWISE) ARISING IN ANY WAY OUT OF THE USE OF THIS SOFTWARE, EVEN IF ADVISED OF THE POSSIBILITY OF SUCH DAMAGE.",HIZ LLC,NC / USA,dev@hiz.ch,8256827956657829668,http://hiz.ch,False,True,"{u'1': 35, u'3': 28, u'2': 12, u'5': 172, u'4': 59}",False,,https://lh3.ggpht.com/6SY-gwugaAqOwmFEeWEtOenrOdLROVLOb2Q4Gq6F4qSSSNnXEzvd7DB9saOu61GpFwob,"50,000+",,0,"-Maintenance release to support the latest Android versions.

-Fixed Google Maps bug on Pie.",4.0.3 and up,306,4.0,[],2.2M,ADSB Receiver,"March 15, 2019",https://play.google.com/store/apps/details?id=bs.Avare.ADSB&gl=us&hl=en,
8,com.tinusapps.gpsspeedo,[MAPS_AND_NAVIGATION],[Everyone],1.2,"GPS Speedo is the best app to monitor your current and average speed!
GPS Speedo is very easy to use, just set your desired unit of measurement and you are ready to go. Your average speed is automatically calculated and has a reset function.
Support for Miles, Kilometers and Knots.
Support for all Android devices, starting from Android 1.5! Also Parrot Asteroid devices are fully supported.","GPS Speedo is the best app to monitor your current and average speed!<br/><br/>GPS Speedo is very easy to use, just set your desired unit of measurement and you are ready to go. Your average speed is automatically calculated and has a reset function.<br/><br/>Support for Miles, Kilometers and Knots.<br/>Support for all Android devices, starting from Android 1.5! Also Parrot Asteroid devices are fully supported.",Tinus Apps,"Tinus Apps
Postjesweg 138K
1061AX Amsterdam
The Netherlands",gpsspeedo@tinusapps.com,Tinus+Apps,http://www.tinusapps.com,False,True,"{u'1': 84, u'3': 50, u'2': 23, u'5': 514, u'4': 130}",False,,https://lh3.ggpht.com/ePJ74kfCSI_lHgfLpthCdeQ0zUwIarpGkDY0y7bYznUFT_QqjyNAzacRcH7BPJgJJA,"100,000+",,0,Bug fix - crash on Android 6,1.5 and up,801,4.2,[],2.8M,GPS Speedo,"May 17, 2016",https://play.google.com/store/apps/details?id=com.tinusapps.gpsspeedo&gl=us&hl=en,
9,com.ccwilcox.directions,[MAPS_AND_NAVIGATION],[Everyone],1.0.1,Get directions to work or home with traffic information at a quick glance.,Get directions to work or home with traffic information at a quick glance.,ccw,5624 Wingate Ave NW,dev@ccwilcox.com,8646779439269017842,http://www.ccwilcox.com,False,True,"{u'1': 0, u'3': 0, u'2': 0, u'5': 3, u'4': 0}",False,,https://lh3.googleusercontent.com/GHoTZA2QuRyg95Kx579lfwaekSD87RGT72PW3g6aZW7cY1D12yHngbU-VQapbwzgsQ,500+,,0,"- Updated traffic colors for readability

- Support for adaptive icons

- Fixes for updating current location

- Fixed auto sizing issues of main map

- Rearrange UI elements for improved UX

- Fixed swipe refresh issues on main map",4.0 and up,3,5.0,[],3.2M,Quick Directions & Traffic,"May 8, 2018",https://play.google.com/store/apps/details?id=com.ccwilcox.directions&gl=us&hl=en,
10,org.bnrc.berkshiretrails,[MAPS_AND_NAVIGATION],[Everyone],1.0.5,"The BNRC Berkshire Trails app shows you many of the publicly available trail systems and properties in Berkshire County, MA. Property data includes trail lines and naming, recommended hikes with length and difficulty ratings, suggested activities, and real-time navigation to get right to the entrance.
NOTABLE FEATURES
- Detailed information on trail systems and properties
- Includes all BNRC properties and selected partners
- Recommended hikes for all types of trekkers
- Choose hikes based on distance and difficulty
- Featured activities for all BNRC properties
- Real-time navigation to trail entrances
- Share hikes with friends
- Local restaurants and hotels
We hope you enjoy your next Berkshire County excursion with BNRC Berkshire Trails!","The BNRC Berkshire Trails app shows you many of the publicly available trail systems and properties in Berkshire County, MA. Property data includes trail lines and naming, recommended hikes with length and difficulty ratings, suggested activities, and real-time navigation to get right to the entrance.<br/><br/>NOTABLE FEATURES<br/>- Detailed information on trail systems and properties<br/>- Includes all BNRC properties and selected partners<br/>- Recommended hikes for all types of trekkers<br/>- Choose hikes based on distance and difficulty<br/>- Featured activities for all BNRC properties<br/>- Real-time navigation to trail entrances<br/>- Share hikes with friends<br/>- Local restaurants and hotels<br/><br/>We hope you enjoy your next Berkshire County excursion with BNRC Berkshire Trails!",Newer England Inc,"46 Curtis Ave
Dalton, MA 01226",info@newerengland.com,Newer+England+Inc,https://www.bnrc.org,False,True,{},False,,https://lh3.googleusercontent.com/iWkO0XqzISXX4ydUky-UIowpJMrY-7mP5QuXp72mT_R8VzPxzcBCTeTMyqbJAv-hE_Q,100+,,0,- Fixed bug on older Android 4 devices.,4.4 and up,0,5.0,[],40M,BNRC Berkshire Trails,"March 13, 2019",https://play.google.com/store/apps/details?id=org.bnrc.berkshiretrails&gl=us&hl=en,
