,app_id,category,content_rating,current_version,description,description_html,developer,developer_address,developer_email,developer_id,developer_url,editors_choice,free,histogram,iap,iap_range,icon,installs,interactive_elements,price,recent_changes,required_android_version,reviews,score,screenshots,size,title,updated,url,video
0,com.tokyocoldJewel.diamondgame.toyBoyMatch3,[PARENTING],[Everyone],1.0,"toy match
Welcome to the toy match, the best free match 3 game with the greatest challenges! Download it right now to step into this toy world filled with cool puzzles. Start this unlimited free fun crushing, swapping, switching, popping and matching 3 or more toys in vertical or horizontal lines to blast, pop or crush them.
- Puzzle game with simple rules where you need to use your brain and skills
- Easy to learn and fast game play
- More than 500 addictive levels
- No game play limit like heart or life. Play as much as you want at anytime, anywhere without time limit!
- You can play offline. You do not need network, wi-fi, data or internet!
- Free helpful boosters / items everyday!
- Fast download, light file size!","toy match<br/><br/>Welcome to the toy match, the best free match 3 game with the greatest challenges! Download it right now to step into this toy world filled with cool puzzles. Start this unlimited free fun crushing, swapping, switching, popping and matching 3 or more toys in vertical or horizontal lines to blast, pop or crush them.<br/><br/><br/>- Puzzle game with simple rules where you need to use your brain and skills<br/>- Easy to learn and fast game play<br/>- More than 500 addictive levels<br/>- No game play limit like heart or life. Play as much as you want at anytime, anywhere without time limit!<br/>- You can play offline. You do not need network, wi-fi, data or internet!<br/>- Free helpful boosters / items everyday!<br/>- Fast download, light file size!",Gems Candy Candy,,gemscandycandy@gmail.com,Gems+Candy+Candy,https://sites.google.com/site/gemscandycandy/,False,True,"{u'1': 8, u'3': 9, u'2': 3, u'5': 164, u'4': 18}",False,,https://lh3.googleusercontent.com/4jVquqgrWNoDRd1wV8bY-_CbjNlMquNUI8mRZT4sTFOxpfiT6Q_zP9SmIXWua3fwbc8-,"10,000+",,0,,4.0.3 and up,202,4.6,[],18M,Toy Match,"January 25, 2019",https://play.google.com/store/apps/details?id=com.tokyocoldJewel.diamondgame.toyBoyMatch3&gl=us&hl=en,
1,com.chinese.calendar.baby.gender.predictor,[PARENTING],[Everyone],1.17,"Back in the Qing dynasty (1644 - 1911), the Chinese Gender Chart is commonly used to predict the gender of the baby. It is based on (1) the lunar conception date in Chinese calendar and (2) the lunar age of the mother in Chinese calendar.
There are however, no scientific basis for the prediction and the result should only be use as an reference.","Back in the Qing dynasty (1644 - 1911), the Chinese Gender Chart is commonly used to predict the gender of the baby. It is based on (1) the lunar conception date in Chinese calendar and (2) the lunar age of the mother in Chinese calendar. <br/><br/>There are however, no scientific basis for the prediction and the result should only be use as an reference.",YC Studios,,hodo_hodo@hotmail.com,YC+Studios,https://ycstudios.wordpress.com/2019/02/21/privacy-policy/,False,True,"{u'1': 1, u'3': 0, u'2': 0, u'5': 10, u'4': 5}",False,,https://lh3.googleusercontent.com/2WmgP3lWA0aWflt8EIxcfK27LgRGiNv1dQXAv50VIJWPxePimKg9kIJJPVWt6UPthA,"10,000+",,0,Minor updates.,4.0.3 and up,16,4.4,[],3.6M,Baby Gender Chinese Predictor,"March 5, 2019",https://play.google.com/store/apps/details?id=com.chinese.calendar.baby.gender.predictor&gl=us&hl=en,
2,com.dansstudio.dragon3wallpaper,[PARENTING],"[Teen, Diverse Content: Discretion Advised]",1.0.0,"🔥How To Train Your 🔥 Dragon 3🔥 Wallpaper is a cool new app that brings all the best Wallpapers and backgrounds to your Android device.
Each high resolution image has been perfectly formatted fit to the phone display and comes with a host of user friendly features. The stunning UI allows you easily tap and swipe your way through the multiple image galleries.
🔥 Download the images from this huge collection of beautiful free wallpapers:
🔥 View Images with Many perspective like FullScreen, Coverflow and Grid View.
🔥 Set as Backgrounds the images you like.
🔥 Save beautiful wallpapers for later use on the SD card or your phone
🔥 Share the images with your friends with share button.
🔥 Best app for Bonnie Photo Frames
🔥 Compatible with major mobile phones and devices and tablets.
🔥 Optimised battery usage.
🔥 Easy to download wallpapers.
🔥 Easy to set an image as wallpaper or lock screen.
🔥 Easy to use.
🔥 Simple user interface
DISCLAIMER:
☼This app is made by Dragon Toothless Dragon Toothless, and it is unofficial.
The content in this app is not affiliated with, endorsed, sponsored, or specifically approved by any company.
All copyright and trademarks are owned by their respective owners.
The images in this application are collected from around the web,
if we are in breach of copyright, please let us know and it will be removed as soon as possible.
Installation instructions","🔥How To Train Your 🔥 Dragon 3🔥 Wallpaper is a cool new app that brings all the best Wallpapers and backgrounds to your Android device.<br/>Each high resolution image has been perfectly formatted fit to the phone display and comes with a host of user friendly features. The stunning UI allows you easily tap and swipe your way through the multiple image galleries.<br/><br/>🔥 Download the images from this huge collection of beautiful free wallpapers:<br/>🔥 View Images with Many perspective like FullScreen, Coverflow and Grid View.<br/>🔥 Set as Backgrounds the images you like.<br/>🔥 Save beautiful wallpapers for later use on the SD card or your phone<br/>🔥 Share the images with your friends with share button.<br/>🔥 Best app for Bonnie Photo Frames<br/>🔥 Compatible with major mobile phones and devices and tablets. <br/>🔥 Optimised battery usage. <br/>🔥 Easy to download wallpapers. <br/>🔥 Easy to set an image as wallpaper or lock screen. <br/>🔥 Easy to use. <br/>🔥 Simple user interface<br/><br/>DISCLAIMER:<br/>☼This app is made by Dragon Toothless Dragon Toothless, and it is unofficial.<br/>The content in this app is not affiliated with, endorsed, sponsored, or specifically approved by any company.<br/>All copyright and trademarks are owned by their respective owners.<br/>The images in this application are collected from around the web,<br/>if we are in breach of copyright, please let us know and it will be removed as soon as possible.<br/>Installation instructions",Michal herew,,michalherew@gmail.com,Michal+herew,https://michelherewpolicy.blogspot.com/2019/02/privacy-policy-built-michal-herew.html,False,True,"{u'1': 1, u'3': 0, u'2': 0, u'5': 2, u'4': 0}",False,,https://lh3.googleusercontent.com/UkdKafV9s7YOoUFjsyPLn-FzOZxaFLabK0FdIzrorrTBJBZNnN1yyO_LiItFXAAFmi4,"1,000+",,0,,4.2 and up,3,3.7,[],6.6M,🔥How To Train Your 🔥 Dragon 3🔥 - HD Wallpapers,"February 20, 2019",https://play.google.com/store/apps/details?id=com.dansstudio.dragon3wallpaper&gl=us&hl=en,
