,app_id,category,content_rating,current_version,description,description_html,developer,developer_address,developer_email,developer_id,developer_url,editors_choice,free,histogram,iap,iap_range,icon,installs,interactive_elements,price,recent_changes,required_android_version,reviews,score,screenshots,size,title,updated,url,video
0,net.difer.weather,[WEATHER],[Everyone],0.9.2,"Simple, pure weather & clock widget.
Without ads.
You can change your widgets background color and transparency.
Additional widgets - soon.
Would you like to add a translation in your own language?
No problem, contact me :)
Clock on the widget does not update automatically?
This may be related to battery saving (some systems or battery saving apps turns off background tasks of 3rd party widgets). Please try to check settings (for example in Xiaomi phones it is called ""Security>Autostart"", in Samsung ""Maintence>Battery"")
---
Weather data:
OpenWeatherMap: https://openweathermap.org
The Norwegian Meteorological Institute: https://www.met.no","Simple, pure weather &amp; clock widget. <br/>Without ads.<br/><br/>You can change your widgets background color and transparency.<br/>Additional widgets - soon.<br/><br/>Would you like to add a translation in your own language? <br/>No problem, contact me :)<br/><br/>Clock on the widget does not update automatically?<br/>This may be related to battery saving (some systems or battery saving apps turns off background tasks of 3rd party widgets). Please try to check settings (for example in Xiaomi phones it is called ""Security&gt;Autostart"", in Samsung ""Maintence&gt;Battery"")<br/><br/>---<br/><br/>Weather data: <br/>OpenWeatherMap: https://openweathermap.org<br/>The Norwegian Meteorological Institute: https://www.met.no",difer,"31-049 Kraków
Poland",android@difer.net,difer,http://weather.difer.net,False,True,"{u'1': 462, u'3': 1037, u'2': 324, u'5': 12501, u'4': 4219}",True,"[$1.49, $8.49]",https://lh3.googleusercontent.com/RRdFlzBWL39t-y-jx8HkPh7ij7sh0v4NrmcHB7Nc9VqFu0M1QfQKcOvqX6wqjc-b8A,"500,000+",,0,"0.9.2

- Added: option to change the image in the main window

- Themes adjustments

- Fixed: photo rotation bug (on some devices)",4.0.3 and up,18543,4.5,[],8.0M,Simple weather & clock widget (No ads),"March 17, 2019",https://play.google.com/store/apps/details?id=net.difer.weather&gl=us&hl=en,
1,com.bgrealtimeforecast.weather,[WEATHER],[Everyone],7.2,"Weather app is a weather channel. You can get reliable information about forecast weather today, weather tomorrow, weather of 7 days in future.
Weather app is fast and convenient to see weather news. In fact we have many ways to know weather today, weather tomorrow. You can go to a website on PC or Mobile, you can seat on sofa and watch TV. But I think openning a reliable weather app is a best choise.
With a smart phone has a reliable weather channel or weather forecast app. You will be confident of your outside plan. You know when it is rain, when it is sunny. You know weather today, weather tomorrow in some seconds. All daily weather forecast on your smart phone.
What is the weather forecast app let you know about weather?. It give weather report of your location or somewhere realtime. It shows hourly weather information, hourly weather of today, hourly weather of tomorrow. It also shows daily weather information.
The special point is that weather forecast app know your location exactly. The home screen of weather app is weather information of you seat. It is amazing, right?
You also can see weather of many places on the world. Please go to location screen then enter the place you want to see weather forecast information.
Weather channel app has a convenient interface. Users will find weather forecasts in local location easily.
Weather forecast app has some options let you can choose the units which you familar with. For example: temperature unit, you can choose Celsius or Fahrenheit; distance unit, you can choose Km or mile; time format, you can choose 12 or 24 hour format.
Weather news display very clear in detail. It includes atmospheric pressure, weather condition, visibility distance, relative humidity, precipitation in different unites, dew point, wind speed and direction, in addition to 7 days future forecast, also hourly weather forecast.
Realtime temperature, humidity, pressure, wind force and wind direction are all in this weather app based.
Weather channel has a lot of features:
- Fast and reliable Weather channel, reliable  weather network.
- Detect your location automatically.
- Can manage many places to see weather forecasts of them. If you can see weather of many places ex: London weather, Paris weather, San Francisco weather, Houston weather... You just need to search for the place you want and add to location list. Then pick up that location weather anytime.
- Forecast many weather information. Displays all information of weather: location time, temperature, atmospheric pressure, weather condition, visibility distance, relative humidity, precipitation in different unites, dew point, wind speed and direction
This weather and climate app offers daily weather, hourly weather forecasts and monthly weather forecasts. Meanwhile, it also provides interstate travel weather forecasts and forecast weather and wind.
- Today, tomorrow, 3 days later, 7 days later. Weather for today, tomorrow’s weather, … hourly weather in each hour. Daily weather forecast
weather forecast app is good weather app, please download to have weather channel on your hand. Today weather information, tomorrow  weather information, daily weather forecast will be on your pocket now.","Weather app is a weather channel. You can get reliable information about forecast weather today, weather tomorrow, weather of 7 days in future.<br/><br/>Weather app is fast and convenient to see weather news. In fact we have many ways to know weather today, weather tomorrow. You can go to a website on PC or Mobile, you can seat on sofa and watch TV. But I think openning a reliable weather app is a best choise.<br/>With a smart phone has a reliable weather channel or weather forecast app. You will be confident of your outside plan. You know when it is rain, when it is sunny. You know weather today, weather tomorrow in some seconds. All daily weather forecast on your smart phone.<br/>What is the weather forecast app let you know about weather?. It give weather report of your location or somewhere realtime. It shows hourly weather information, hourly weather of today, hourly weather of tomorrow. It also shows daily weather information.<br/>The special point is that weather forecast app know your location exactly. The home screen of weather app is weather information of you seat. It is amazing, right?<br/>You also can see weather of many places on the world. Please go to location screen then enter the place you want to see weather forecast information.<br/><br/>Weather channel app has a convenient interface. Users will find weather forecasts in local location easily.<br/>Weather forecast app has some options let you can choose the units which you familar with. For example: temperature unit, you can choose Celsius or Fahrenheit; distance unit, you can choose Km or mile; time format, you can choose 12 or 24 hour format.<br/>Weather news display very clear in detail. It includes atmospheric pressure, weather condition, visibility distance, relative humidity, precipitation in different unites, dew point, wind speed and direction, in addition to 7 days future forecast, also hourly weather forecast.<br/>Realtime temperature, humidity, pressure, wind force and wind direction are all in this weather app based.<br/><br/>Weather channel has a lot of features:<br/>- Fast and reliable Weather channel, reliable  weather network.<br/>- Detect your location automatically.<br/>- Can manage many places to see weather forecasts of them. If you can see weather of many places ex: London weather, Paris weather, San Francisco weather, Houston weather... You just need to search for the place you want and add to location list. Then pick up that location weather anytime.<br/>- Forecast many weather information. Displays all information of weather: location time, temperature, atmospheric pressure, weather condition, visibility distance, relative humidity, precipitation in different unites, dew point, wind speed and direction<br/> This weather and climate app offers daily weather, hourly weather forecasts and monthly weather forecasts. Meanwhile, it also provides interstate travel weather forecasts and forecast weather and wind.<br/>- Today, tomorrow, 3 days later, 7 days later. Weather for today, tomorrow’s weather, … hourly weather in each hour. Daily weather forecast<br/><br/>weather forecast app is good weather app, please download to have weather channel on your hand. Today weather information, tomorrow  weather information, daily weather forecast will be on your pocket now.","quality apps (recorder, weather, music)",Ha noi,summer.mobile.apps@gmail.com,7149891497244951725,https://sites.google.com/view/voicerecorderpivacy,False,True,"{u'1': 141, u'3': 427, u'2': 66, u'5': 9416, u'4': 1929}",False,,https://lh3.googleusercontent.com/ujfc-HUthtKInYb-LYVTTFid-yhkAUIPSdKEEh62GZCwZXGsp0psDg137u0N-sRjeA,"500,000+",,0,,4.4 and up,11979,4.7,[],8.7M,weather app,"December 20, 2017",https://play.google.com/store/apps/details?id=com.bgrealtimeforecast.weather&gl=us&hl=en,
2,me.tidesnear.free,[WEATHER],[Everyone],Varies with device,"Get tides and currents near you, fast & free.
Tides Near Me focuses on nearby tide stations and current tidal conditions. Quickly learn the time of the last and next tide and current, as well as when the sun and moon will rise or set. Fully automated tide tables, charts, and predictions.
There are no ongoing payments required for up-to-date tidal information on over 5,500 tidal stations in the US, UK (England, Scotland, Wales, Northern Ireland), Ireland, Australia, New Zealand, and India. We keep everything updated for you!","Get tides and currents near you, fast &amp; free.<br/><br/>Tides Near Me focuses on nearby tide stations and current tidal conditions. Quickly learn the time of the last and next tide and current, as well as when the sun and moon will rise or set. Fully automated tide tables, charts, and predictions.<br/><br/>There are no ongoing payments required for up-to-date tidal information on over 5,500 tidal stations in the US, UK (England, Scotland, Wales, Northern Ireland), Ireland, Australia, New Zealand, and India. We keep everything updated for you!","Shelter Island Mapping Company, LLC","130 Dean Street #4
Brooklyn, NY 11201",support@tidesnear.me,"Shelter+Island+Mapping+Company,+LLC",http://tidesnear.me,False,True,"{u'1': 660, u'3': 1321, u'2': 406, u'5': 21792, u'4': 8545}",False,,https://lh3.googleusercontent.com/6zQlo8GDsNbVDivixSrAGXC3ot7fCnn7lYcOhN-ksJIz4mwBCaK3ghnJDxnoz2GM2s6o,"1,000,000+",,0,"Fix for location services disabled. Hide countries, bug fixes, performance improvements.",Varies with device,32724,4.5,[],Varies with device,Tides Near Me - Free,"January 20, 2019",https://play.google.com/store/apps/details?id=me.tidesnear.free&gl=us&hl=en,
3,com.baynews9.baynews9plus,[WEATHER],[Everyone],4.0.944,"The Spectrum Bay News 9 app is an enhanced mobile application made for the premier 24 hour news network serving the Tampa Bay area. Spectrum Bay News 9 is available exclusively to Spectrum customers.
Features:
•	Live, interactive Klystron 9 radar
•	Current conditions for your area
•	Forecasts for your area
•	Custom storm warnings from Safety net
•	Local news headlines
•	Local entertainment, sports, and political news
•	Ability to send weather and news pictures from the app!","The Spectrum Bay News 9 app is an enhanced mobile application made for the premier 24 hour news network serving the Tampa Bay area. Spectrum Bay News 9 is available exclusively to Spectrum customers.<br/><br/>Features:<br/>•	Live, interactive Klystron 9 radar<br/>•	Current conditions for your area<br/>•	Forecasts for your area<br/>•	Custom storm warnings from Safety net <br/>•	Local news headlines<br/>•	Local entertainment, sports, and political news<br/>•	Ability to send weather and news pictures from the app!",Charter/Spectrum,,SpectrumApp@charter.com,Charter/Spectrum,http://www.spectrum.com,False,True,"{u'1': 426, u'3': 235, u'2': 197, u'5': 1442, u'4': 463}",False,,https://lh3.googleusercontent.com/u9LfLmta5d3AViFDboSPDl_8rWUAZYAN-XAthjZ4JgJOLcuKf2s-E0K_Wz0tIjRmtQQ,"100,000+",,0,• We fixed a few bugs and improved the Weather Locations and Alerts interface to bring you a better experience.,4.2 and up,2763,3.8,[],24M,Spectrum Bay News 9,"October 19, 2018",https://play.google.com/store/apps/details?id=com.baynews9.baynews9plus&gl=us&hl=en,
