,author_image,author_name,current_rating,rev_app_id,review_body,review_date,review_id,review_permalink,review_title
0,https://lh3.googleusercontent.com/a-/AAuE7mCfaFXadjX-ZlMrtnXzfZuy9Jh44XCaNS9lkt2a7Q=w48-h48-p-rw, Red Gans ,3,com.blizzard.blizzcon,  Do You Guys Not Have Phones  ,"November 10, 2018",gp:AOqpTOG18J0VXBCauuWUzQVWs_ZcRl-HD3qmx2DLC1uzN5fYlZqgB9BfxEamM6Gvif6SzKp1aD4aul6tz2OL4tQ,/store/apps/details?id=com.blizzard.blizzcon&reviewId=Z3A6QU9xcFRPRzE4SjBWWEJDYXV1V1V6UVZXc19aY1JsLUhEM3FteDJETEMxdXpONWZZbFpxZ0I5QmZ4RWFtTTZHdmlmNlN6S3AxYUQ0YXVsNnR6Mk9MNHRR,
1,https://lh3.googleusercontent.com/a-/AAuE7mCFw3noyuxzZsfSkxjqS9CCPoS89zxFSMj4PSOA=w48-h48-p-rw, koalabud51 ochoa ,5,com.blizzard.blizzcon,  This makes it so much easier to see blizzcon through a virtual ticket  ,"November 2, 2018",gp:AOqpTOFWV03Rjb8YjiObXFmEOfL4Vqp0a1_HLbvNLM36bSPCOh5yRueNv9lThxs5yHxLJHrwC_IVBUT2KuFv1fE,/store/apps/details?id=com.blizzard.blizzcon&reviewId=Z3A6QU9xcFRPRldWMDNSamI4WWppT2JYRm1FT2ZMNFZxcDBhMV9ITGJ2TkxNMzZiU1BDT2g1eVJ1ZU52OWxUaHhzNXlIeExKSHJ3Q19JVkJVVDJLdUZ2MWZF,
2,https://lh3.googleusercontent.com/a-/AAuE7mDjG6fiUajp92PV9P-_gQ8jilGoyvCew0nilEG7=w48-h48-p-rw, kashi nath ,5,com.blizzard.blizzcon,  We need overwatch mobile  ,"November 29, 2018",gp:AOqpTOFcfCWKCNal404odE0fQRpJLR6nXMkcUg-1cofzLMVhmdYOr42XYGbZd_ZW8LtfUz24gO2-MVmpVHFvvps,/store/apps/details?id=com.blizzard.blizzcon&reviewId=Z3A6QU9xcFRPRmNmQ1dLQ05hbDQwNG9kRTBmUVJwSkxSNm5YTWtjVWctMWNvZnpMTVZobWRZT3I0MlhZR2JaZF9aVzhMdGZVejI0Z08yLU1WbXBWSEZ2dnBz,
3,https://lh3.ggpht.com/EGemoI2NTXmTsBVtJqk8jxF9rh8ApRWfsIMQSt2uE4OcpQqbFu7f7NbTK05lx80nuSijCz7sc3a277R67g=w48-h48-p-rw, A Google User ,5,com.blizzard.blizzcon,"  Fast, lightweight, and full of accurate useful info.  ","November 12, 2013",gp:AOqpTOGKDPEfuNwZuNbBuB6tgsf_EA0DhvSS7IjHGkr0_Lx5TMhkvwBX88RGtPJyfhdLbi9wU7kMMkoxNZQJeog,/store/apps/details?id=com.blizzard.blizzcon&reviewId=Z3A6QU9xcFRPR0tEUEVmdU53WnVOYkJ1QjZ0Z3NmX0VBMERodlNTN0lqSEdrcjBfTHg1VE1oa3Z3Qlg4OFJHdFBKeWZoZExiaTl3VTdrTU1rb3hOWlFKZW9n,Improved the conference
4,https://lh3.ggpht.com/EGemoI2NTXmTsBVtJqk8jxF9rh8ApRWfsIMQSt2uE4OcpQqbFu7f7NbTK05lx80nuSijCz7sc3a277R67g=w48-h48-p-rw, A Google User ,5,com.blizzard.blizzcon,  Not applicaple.  ,"October 28, 2015",gp:AOqpTOFn99iPt7WnyOmwxfDurXout8XYW-z-QbotfJciodwPWt9A5tjvSR7Y7dIcBZIhESTHcGztxTgyhLg_B6E,/store/apps/details?id=com.blizzard.blizzcon&reviewId=Z3A6QU9xcFRPRm45OWlQdDdXbnlPbXd4ZkR1clhvdXQ4WFlXLXotUWJvdGZKY2lvZHdQV3Q5QTV0anZTUjdZN2RJY0JaSWhFU1RIY0d6dHhUZ3loTGdfQjZF,N/A
5,https://lh3.googleusercontent.com/a-/AAuE7mDSZtQD1X94AFeRwqeHaNaAEIlNLGWUup6k8FDw=w48-h48-p-rw, ,1,com.blizzard.blizzcon,  I can't log in  ,"July 20, 2018",gp:AOqpTOEP1dusPcaDhKIigp_GJuF7BuyLxj1k7zEqJO02IhGBZDJrBHcvWFuESXxTlKdHwxr-aD9AbA4KRCbPrgc,/store/apps/details?id=com.blizzard.blizzcon&reviewId=Z3A6QU9xcFRPRVAxZHVzUGNhRGhLSWlncF9HSnVGN0J1eUx4ajFrN3pFcUpPMDJJaEdCWkRKckJIY3ZXRnVFU1h4VGxLZEh3eHItYUQ5QWJBNEtSQ2JQcmdj,
6,https://lh3.googleusercontent.com/a-/AAuE7mA3ESzIXv4lTWxqIs0DIYwBSmNh-rZYEttEox5MlQ=w48-h48-p-rw, ,5,com.blizzard.blizzcon,  Needs more cowbell  ,"October 26, 2017",gp:AOqpTOE_n2RiMCI1A4wx3v8kcw2FsYyR1oay0y2LgJ4pKtwMbbXfA4fa6cisuQFsqGFQbEnsYF78QlQcwrjDkSY,/store/apps/details?id=com.blizzard.blizzcon&reviewId=Z3A6QU9xcFRPRV9uMlJpTUNJMUE0d3gzdjhrY3cyRnNZeVIxb2F5MHkyTGdKNHBLdHdNYmJYZkE0ZmE2Y2lzdVFGc3FHRlFiRW5zWUY3OFFsUWN3cmpEa1NZ,
7,https://lh3.ggpht.com/EGemoI2NTXmTsBVtJqk8jxF9rh8ApRWfsIMQSt2uE4OcpQqbFu7f7NbTK05lx80nuSijCz7sc3a277R67g=w48-h48-p-rw, A Google User ,5,com.blizzard.blizzcon,  Can't wait to put it to some good use!  ,"October 23, 2014",gp:AOqpTOH9gVJ1oyCe9zwOT9bId6pJL9niSbLgnKbJpvAlDQ53TMUWiF501iY6Dz19FrDrBFciA7fUZd0CThuqeP4,/store/apps/details?id=com.blizzard.blizzcon&reviewId=Z3A6QU9xcFRPSDlnVkoxb3lDZTl6d09UOWJJZDZwSkw5bmlTYkxnbktiSnB2QWxEUTUzVE1VV2lGNTAxaVk2RHoxOUZyRHJCRmNpQTdmVVpkMENUaHVxZVA0,Awesome!
8,https://lh3.googleusercontent.com/a-/AAuE7mANq7RXWm577hj8iyIfuXOh57G6WamBMcL8-W_4oQ=w48-h48-p-rw, Karen Johnson ,5,com.blizzard.blizzcon,  Very intuitive and comprehensive for Blizzcon fans!!  ,"November 1, 2016",gp:AOqpTOFEHPTJz-unLEaax0cTxWXDtqeT5i6oUgLkdCxSyuKmNqwAH0USGH0XBxkQJFkiY1AymyKhDYqo-GjxA7I,/store/apps/details?id=com.blizzard.blizzcon&reviewId=Z3A6QU9xcFRPRkVIUFRKei11bkxFYWF4MGNUeFdYRHRxZVQ1aTZvVWdMa2RDeFN5dUttTnF3QUgwVVNHSDBYQnhrUUpGa2lZMUF5bXlLaERZcW8tR2p4QTdJ,LOVE
9,https://lh3.googleusercontent.com/-zmZe1xMSZ4k/AAAAAAAAAAI/AAAAAAAAAAA/9Iu-PuWKqN8/w48-h48-p-rw/photo.jpg, ,1,com.blizzard.blizzcon,  No chromecast support.  Why???  ,"November 3, 2017",gp:AOqpTOHW_53HambtQ-lE1ONjQmeWgCxzHfhiuM8Pre3RG0tdh-6-8FHy3GtdUeBLaa5mFINj3l1edLQVpFWWu2o,/store/apps/details?id=com.blizzard.blizzcon&reviewId=Z3A6QU9xcFRPSFdfNTNIYW1idFEtbEUxT05qUW1lV2dDeHpIZmhpdU04UHJlM1JHMHRkaC02LThGSHkzR3RkVWVCTGFhNW1GSU5qM2wxZWRMUVZwRldXdTJv,
10,https://lh3.googleusercontent.com/a-/AAuE7mBEi-QUCr2_1gU4jyojx2vOzeNNZLKWoZ0IE3HE=w48-h48-p-rw, ,5,com.blizzard.blizzcon,  Wowee good stuff here  ,"October 26, 2018",gp:AOqpTOEfkvQ7XU9w8Cjc_diWO4XOVnRhtqlf932TQFr7I2iChwgxuqfZygcjrPr4xhbtCfSxXZ7L_IBlxYxmQP8,/store/apps/details?id=com.blizzard.blizzcon&reviewId=Z3A6QU9xcFRPRWZrdlE3WFU5dzhDamNfZGlXTzRYT1ZuUmh0cWxmOTMyVFFGcjdJMmlDaHdneHVxZlp5Z2NqclByNHhoYnRDZlN4WFo3TF9JQmx4WXhtUVA4,
11,https://lh3.googleusercontent.com/a-/AAuE7mCUV9t60rpIKCakEFnReXpBgGzDxG9EaNuCfvMCmA=w48-h48-p-rw, Zubox Nemesis ,5,com.blizzard.blizzcon,  Great app wonderful service  ,"November 4, 2017",gp:AOqpTOELSOyqMBD2bHJF814BPUG0HYlMU20puTIoSPCW57qhbx5xz3L989dRGe5qGRFeYsgecnJ4Mpbw-mYcyrs,/store/apps/details?id=com.blizzard.blizzcon&reviewId=Z3A6QU9xcFRPRUxTT3lxTUJEMmJISkY4MTRCUFVHMEhZbE1VMjBwdVRJb1NQQ1c1N3FoYng1eHozTDk4OWRSR2U1cUdSRmVZc2dlY25KNE1wYnctbVljeXJz,
12,https://lh3.ggpht.com/EGemoI2NTXmTsBVtJqk8jxF9rh8ApRWfsIMQSt2uE4OcpQqbFu7f7NbTK05lx80nuSijCz7sc3a277R67g=w48-h48-p-rw, A Google User ,3,com.blizzard.blizzcon,  So I know  ,"December 24, 2014",gp:AOqpTOG1CIv32LIDnj031TrfiYUWPUF7j73ix4mvpAwboo9uHCizigyNddHGK8chgIGol_TO2Sov7Sm0hR5VhvA,/store/apps/details?id=com.blizzard.blizzcon&reviewId=Z3A6QU9xcFRPRzFDSXYzMkxJRG5qMDMxVHJmaVlVV1BVRjdqNzNpeDRtdnBBd2Jvbzl1SENpemlneU5kZEhHSzhjaGdJR29sX1RPMlNvdjdTbTBoUjVWaHZB,
13,https://lh3.googleusercontent.com/a-/AAuE7mBg_Q5TGrlf7EUh0OTOQTOIP6kVStmo57DjHLhaVw=w48-h48-p-rw, Robbie Barwise ,5,com.blizzard.blizzcon,  I love overwatch  ,"December 25, 2016",gp:AOqpTOH30PftFpHnyQiJmxziQeH3-K8pyDI6HfvgYOpmI4TX4Brlg0W4Pvi5Cf4f41Ga9i45zNN5paUIh8GofFs,/store/apps/details?id=com.blizzard.blizzcon&reviewId=Z3A6QU9xcFRPSDMwUGZ0RnBIbnlRaUpteHppUWVIMy1LOHB5REk2SGZ2Z1lPcG1JNFRYNEJybGcwVzRQdmk1Q2Y0ZjQxR2E5aTQ1ek5ONXBhVUloOEdvZkZz,
14,https://lh3.googleusercontent.com/a-/AAuE7mAfDdmT_STQnfcNX6TjesWPtHXYlwLmLN-IgonS=w48-h48-p-rw, mr.obeast I do voices overwactch ,5,com.blizzard.blizzcon,  Overwatch  ,"December 26, 2017",gp:AOqpTOGvw451ev2UB1qKmQol6TX161npPYzCtx0xFPc6U2GGpJhHZkk9uCd7phOwCqJOzkxDgEuo_ChJP32hIHg,/store/apps/details?id=com.blizzard.blizzcon&reviewId=Z3A6QU9xcFRPR3Z3NDUxZXYyVUIxcUttUW9sNlRYMTYxbnBQWXpDdHgweEZQYzZVMkdHcEpoSFprazl1Q2Q3cGhPd0NxSk96a3hEZ0V1b19DaEpQMzJoSUhn,
15,https://lh3.googleusercontent.com/a-/AAuE7mADvb6UuYJEV2-J385960r5Ztakz25F1pRenZre=w48-h48-p-rw, Saeid Hashame ,5,com.blizzard.blizzcon,  Ok.👌 tanks ✔ 🌟 🌟 🌟 🌟 🌟  ,"September 9, 2016",gp:AOqpTOFVGLcoIIeVeYGnP06rAW_F_FV1grPHs2i4xaGbq-MMmJOBnG_ymkI6EpyCNc3Vs2H0obwoDZ_jVq2_BXs,/store/apps/details?id=com.blizzard.blizzcon&reviewId=Z3A6QU9xcFRPRlZHTGNvSUllVmVZR25QMDZyQVdfRl9GVjFnclBIczJpNHhhR2JxLU1NbUpPQm5HX3lta0k2RXB5Q05jM1ZzMkgwb2J3b0RaX2pWcTJfQlhz,Ok.👍
16,https://lh3.googleusercontent.com/a-/AAuE7mBEQNrswwwzil3KYIv3NXDNwUxU9Mixhe2Nh6SZow=w48-h48-p-rw, Slayer 91 ,5,com.blizzard.blizzcon,  Cool.  ,"October 26, 2017",gp:AOqpTOECUvuPXwsVl4Su6RXLkHVc1NvThYo5PNvSvkceQWMFMBjzGIsLf_oPX_9RQKk5FwF0fvGsMqlOdSiP6EA,/store/apps/details?id=com.blizzard.blizzcon&reviewId=Z3A6QU9xcFRPRUNVdnVQWHdzVmw0U3U2UlhMa0hWYzFOdlRoWW81UE52U3ZrY2VRV01GTUJqekdJc0xmX29QWF85UlFLazVGd0YwZnZHc01xbE9kU2lQNkVB,
17,https://lh3.googleusercontent.com/a-/AAuE7mD-XJ0VpIzvF3Gp8MjopKyI3kRqymJ7dVtNUKiGNA=w48-h48-p-rw, Ramouz Simanjuntak ,2,com.kpuripemilu2019,"  Katanya bisa lapor online bila tidak terdaftar di dpt, tapi ga ada tombol daftar setelah cek data pemilih?  ","March 8, 2019",gp:AOqpTOE7PBLBcezMPXk8E4tkhAIVkePIK8nJo8p1p9RX0tWRqdPGAlLxuEu41RSfddD6QyfKOlhkMHQf1PB-pA,/store/apps/details?id=com.kpuripemilu2019&reviewId=Z3A6QU9xcFRPRTdQQkxCY2V6TVBYazhFNHRraEFJVmtlUElLOG5KbzhwMXA5UlgwdFdScWRQR0FsTHh1RXU0MVJTZmRkRDZReWZLT2xoa01IUWYxUEItcEE,
18,https://lh4.googleusercontent.com/-xgNTRGId58M/AAAAAAAAAAI/AAAAAAAAAAA/ACHi3reEMq8JNoi19xQKZ458ux6mfgY8yQ/w48-h48-p-rw/photo.jpg, Triara Adinda Sania Putri ,1,com.kpuripemilu2019,"  ga guna app ini, ujung""nya di direct ke website. Lalu saya ga ada trus mau lapor ga ada tombol lapor, ya percuma.  ","February 6, 2019",gp:AOqpTOGX3ngfwztkzQDceU6kvHuswdtNQONA-ImoB2byahXZHAy67uQ1NOzMAXUcZkTl7V0qClX1v3R4ShiT_Q,/store/apps/details?id=com.kpuripemilu2019&reviewId=Z3A6QU9xcFRPR1gzbmdmd3p0a3pRRGNlVTZrdkh1c3dkdE5RT05BLUltb0IyYnlhaFhaSEF5Njd1UTFOT3pNQVhVY1prVGw3VjBxQ2xYMXYzUjRTaGlUX1E,
19,https://lh3.googleusercontent.com/a-/AAuE7mBAblj9cA7OD9mEFqpPBzmb0r5aZ15mqVSFTGWoOw=w48-h48-p-rw, muhammad Iqbal Basagili ,1,com.kpuripemilu2019,"  bagus sekali, ada menu macam-macam sampai bisa bayar BPJS, listrik, PDAM, sampe top up gopay. sayangnya, itu semua cm harapan  ","February 16, 2019",gp:AOqpTOHPX-qiaM8nwIFxM99aBWCZ7PuM1sm6jUnLQwRBDiJTL3SdLvKGSecuZsOljZgP08x-CJci-g513WBmww,/store/apps/details?id=com.kpuripemilu2019&reviewId=Z3A6QU9xcFRPSFBYLXFpYU04bndJRnhNOTlhQldDWjdQdU0xc202alVuTFF3UkJEaUpUTDNTZEx2S0dTZWN1WnNPbGpaZ1AwOHgtQ0pjaS1nNTEzV0Jtd3c,
20,https://lh3.googleusercontent.com/a-/AAuE7mAlSya9dEmFmzIpF6EWs-NQByxKNalRF_UPxHNUpg=w48-h48-p-rw, Imam Hojali ,1,com.kpuripemilu2019,"  lambat dalam pencarian data, dan ini cm semacam gerbang menuju website saja. sama seperti buka website  ","February 13, 2019",gp:AOqpTOERjKwhz0Rhee1h4Hn0K2Wxy1BfymTNDCN3VJb25SCn-eKwOAzhkTwDE2Xsj59uDV4AgDqlSnmnqTX8mA,/store/apps/details?id=com.kpuripemilu2019&reviewId=Z3A6QU9xcFRPRVJqS3doejBSaGVlMWg0SG4wSzJXeHkxQmZ5bVRORENOM1ZKYjI1U0NuLWVLd09BemhrVHdERTJYc2o1OXVEVjRBZ0RxbFNubW5xVFg4bUE,
21,https://lh6.googleusercontent.com/-k99IPMYZgEw/AAAAAAAAAAI/AAAAAAAAAAA/ACHi3rfyMMs-Gn-gaBhKk-4h3r9lx2U1oQ/w48-h48-p-rw/photo.jpg, Andhika Widjaya ,1,com.kpuripemilu2019,"  no rating. no info kl blm terdaftar harus bagaimana. dalam satu kk , bisa ada yg terdaftar ada yg tidak?  ","March 11, 2019",gp:AOqpTOGGHzLrZri1cAWtdTeFPWalQrJr5eERT5olYI6-wwo6L8KwD-Ah4LqvSQRXePIgUZDdSEZD_9SvQ-KBFw,/store/apps/details?id=com.kpuripemilu2019&reviewId=Z3A6QU9xcFRPR0dIekxyWnJpMWNBV3RkVGVGUFdhbFFySnI1ZUVSVDVvbFlJNi13d282TDhLd0QtQWg0THF2U1FSWGVQSWdVWkRkU0VaRF85U3ZRLUtCRnc,
22,https://lh5.googleusercontent.com/-kU7AuvawBVg/AAAAAAAAAAI/AAAAAAAAAAA/ACHi3rccbPcNtyMToT06YpesbrBKdcl4VA/w48-h48-p-rw/photo.jpg, AHMAD SYAIFULLAH ,3,com.kpuripemilu2019,"  Aplikasinya mantab...pada Menu Cek Calon tolong ditambahkan ""Menu DPRD Kab/Kota"" dan ""Menu DPD""... Saran kalau bisa bisa beserta fotonya..  ","December 29, 2018",gp:AOqpTOGEIrpIi00WSg886-GXA79ANFQk6rfB_H2Byczkpk5aXroe-efLnc4U_DjVMRc1uVUmf72A225cIRoi9g,/store/apps/details?id=com.kpuripemilu2019&reviewId=Z3A6QU9xcFRPR0VJcnBJaTAwV1NnODg2LUdYQTc5QU5GUWs2cmZCX0gyQnljemtwazVhWHJvZS1lZkxuYzRVX0RqVk1SYzF1VlVtZjcyQTIyNWNJUm9pOWc,
23,https://lh5.googleusercontent.com/-5Q5gLTZwGWM/AAAAAAAAAAI/AAAAAAAAAAA/0oqXVsZOcFI/w48-h48-p-rw/photo.jpg, ,1,com.kpuripemilu2019,"  anything is possible if you lie !! ngomong doang ada fitur Lapor buat yang belum terdaftar, MANA???  ","March 27, 2019",gp:AOqpTOFUEMRxh6SXjwtDNj4yynWY2FGgSGlQj7-5hNOOXCUCq5olBvTIgHRNhdNuz88pGg8YdnGBeV_ZS4V1bw,/store/apps/details?id=com.kpuripemilu2019&reviewId=Z3A6QU9xcFRPRlVFTVJ4aDZTWGp3dEROajR5eW5XWTJGR2dTR2xRajctNWhOT09YQ1VDcTVvbEJ2VElnSFJOaGROdXo4OHBHZzhZZG5HQmVWX1pTNFYxYnc,
24,https://lh3.googleusercontent.com/a-/AAuE7mDtZO1on_Is4WdntvXpVm3COSr1pOGFEV329AKQuA=w48-h48-p-rw, Dede Firmansyah ,1,com.kpuripemilu2019,  Fitur cek pemilih pemilu tidak berfungsi..!! Atau memang saya belum terdaftar di DPT?  ,"November 1, 2018",gp:AOqpTOEvtzoJbj1uqggXs1_VNsUEI04GDz9CXzn3YoFiAEC8G_gHiUZo1v9NPTOBfGREFPw-PEGC7rNkHdcuDA,/store/apps/details?id=com.kpuripemilu2019&reviewId=Z3A6QU9xcFRPRXZ0em9KYmoxdXFnZ1hzMV9WTnNVRUkwNEdEejlDWHpuM1lvRmlBRUM4R19nSGlVWm8xdjlOUFRPQmZHUkVGUHctUEVHQzdyTmtIZGN1REE,
25,https://lh3.googleusercontent.com/a-/AAuE7mDdkOL6pcIc9w27Op_4PSe779C97Mk2Vma-JPRn=w48-h48-p-rw, adnan anwar ,3,com.kpuripemilu2019,"  Katanya bs urus via aplikasi jika blm terdaftar, tapi ternyata ga bisa.  ","March 7, 2019",gp:AOqpTOHRryHY7kfRBmhAMQrHNOnGPg0kFuiCf6cVCaS03Sz-K3W8AHlBPUhBwsUl17xKt0PSNYVHYQjdjmbWBQ,/store/apps/details?id=com.kpuripemilu2019&reviewId=Z3A6QU9xcFRPSFJyeUhZN2tmUkJtaEFNUXJITk9uR1BnMGtGdWlDZjZjVkNhUzAzU3otSzNXOEFIbEJQVWhCd3NVbDE3eEt0MFBTTllWSFlRamRqbWJXQlE,
26,https://lh3.googleusercontent.com/a-/AAuE7mBbZNBGVk-qRo0sWQa7Nch8jXRdLha_kvurf-1CNw=w48-h48-p-rw, jainal widianto ,1,com.kpuripemilu2019,"  malah diarahkan ke halaman web, gak bisa dibuka bos(sertipikat errrrrrrrrroooooooooooorrrrrrrr)  ","January 22, 2019",gp:AOqpTOGDvj17eBrWfWa34vrXTdwZ7hlaB1Hu4mFv7PURZ-_s_rctSQLEcruvgm-QQVuBRiWa5nxCo1XuDJE23A,/store/apps/details?id=com.kpuripemilu2019&reviewId=Z3A6QU9xcFRPR0R2ajE3ZUJyV2ZXYTM0dnJYVGR3WjdobGFCMUh1NG1GdjdQVVJaLV9zX3JjdFNRTEVjcnV2Z20tUVFWdUJSaVdhNW54Q28xWHVESkUyM0E,
27,https://lh3.googleusercontent.com/a-/AAuE7mB4vkuuzLhzmLQevUSOG-_WQ3ODPQgra5ALgcA1pg=w48-h48-p-rw, Nasrul Hamid ,1,com.kpuripemilu2019,  cek pemilih masih harus buka browser? buat apa appsnya? cek calon presiden tidak available.  ,"February 4, 2019",gp:AOqpTOHq1df-rXDCC9aP73YkAzh2kberQOBAvlOFSMkd2k63gs7I-1gYKD75hwFbAOWXgqmiH9wrnO3YNbwTxA,/store/apps/details?id=com.kpuripemilu2019&reviewId=Z3A6QU9xcFRPSHExZGYtclhEQ0M5YVA3M1lrQXpoMmtiZXJRT0JBdmxPRlNNa2QyazYzZ3M3SS0xZ1lLRDc1aHdGYkFPV1hncW1pSDl3cm5PM1lOYndUeEE,
28,https://lh3.googleusercontent.com/a-/AAuE7mANqhlebxT4i3QZM4VOJDhr4KCsQo6qtxVqx8qlwA=w48-h48-p-rw, ,1,com.kpuripemilu2019,  TIDAK BISA CEK! DI WEB JUGA SAMA. INI KALIAN BERNIAT BUAT WEB & APP ATAU TIDAK SIH?!!  ,"March 12, 2019",gp:AOqpTOEAXF_6J0xhLNBp7Yy4BlpMljLFX_XsWGgr2LIHQLGBkhYMiiW4_D5dTfSsS2zUV5uvgqTkFtCVrWoi1A,/store/apps/details?id=com.kpuripemilu2019&reviewId=Z3A6QU9xcFRPRUFYRl82SjB4aExOQnA3WXk0QmxwTWxqTEZYX1hzV0dncjJMSUhRTEdCa2hZTWlpVzRfRDVkVGZTc1MyelVWNXV2Z3FUa0Z0Q1ZyV29pMUE,
29,https://lh3.googleusercontent.com/a-/AAuE7mAj6UwfRV-YNf4B9lT1Z52PW0PJLhmjT1isKwTD=w48-h48-p-rw, Meiliana Mulyani ,1,com.kpuripemilu2019,  Cek hak pilih hanya menampilkan halaman kosong putih. Website pun hanya forever loading  ,"March 12, 2019",gp:AOqpTOEXR5dEWDuxJr1waI5AokVFUeJhTfhNKGzI4s1qr1KOIgSXB7EUdoV_4gD0IEVxKoxo9QHfZFtWsrBQqQ,/store/apps/details?id=com.kpuripemilu2019&reviewId=Z3A6QU9xcFRPRVhSNWRFV0R1eEpyMXdhSTVBb2tWRlVlSmhUZmhOS0d6STRzMXFyMUtPSWdTWEI3RVVkb1ZfNGdEMElFVnhLb3hvOVFIZlpGdFdzckJRcVE,
30,https://lh3.googleusercontent.com/a-/AAuE7mB4UTh8NpLr1doW4Ipw1-xpLmDFIPDS4fVf1iPlMA=w48-h48-p-rw, Abyan Adam ,2,com.kpuripemilu2019,  saya tidak bisa lapor kalau saya belum terdaftar sebagai pemilih seperti yg diberitakan.  ,"March 21, 2019",gp:AOqpTOHKzPxYA7WT8ppbs6cHwpVaNuv-P2dCDCT8vm5FuRu4zpv8iVmpTA8UbVviBtoyoWFAphJIl9-LH_YFHA,/store/apps/details?id=com.kpuripemilu2019&reviewId=Z3A6QU9xcFRPSEt6UHhZQTdXVDhwcGJzNmNId3BWYU51di1QMmRDRENUOHZtNUZ1UnU0enB2OGlWbXBUQThVYlZ2aUJ0b3lvV0ZBcGhKSWw5LUxIX1lGSEE,
31,https://lh3.googleusercontent.com/a-/AAuE7mCk5cMsa17RoUvobHn4CJceq_TXEmsjqwGniF9RkL0=w48-h48-p-rw, Aswin Pramono ,1,com.kpuripemilu2019,  Ngapain lah bikin aplikasi mobile kalo cuman buat link ke web doang..  ,"February 3, 2019",gp:AOqpTOGrBd3JeBIZQcXnW1122rcz77xypSCG9nf_nS8Zph0R44pwEL6R1F3mBn-8qNcwDNf8GIfUPea6-dzn2g,/store/apps/details?id=com.kpuripemilu2019&reviewId=Z3A6QU9xcFRPR3JCZDNKZUJJWlFjWG5XMTEyMnJjejc3eHlwU0NHOW5mX25TOFpwaDBSNDRwd0VMNlIxRjNtQm4tOHFOY3dETmY4R0lmVVBlYTYtZHpuMmc,
32,https://lh3.googleusercontent.com/a-/AAuE7mD_RPnNTTm0N3a5YX2Sl4Mc-weaommbloApPhyMjw=w48-h48-p-rw, Destrilistianto Rumapu ,1,com.kpuripemilu2019,  tidak ada opsi lapor jika tidak terdaftar di DPT.. KPU agar lebih serius  ,"February 3, 2019",gp:AOqpTOH9Ib_zzbSjAXJmbn9BZ0rPT--Dv3tUkIaM2dGcbp8lwF9flmDmXpoyCBJ6ms9ZADO0SSqi1JlGGaYHLw,/store/apps/details?id=com.kpuripemilu2019&reviewId=Z3A6QU9xcFRPSDlJYl96emJTakFYSm1ibjlCWjByUFQtLUR2M3RVa0lhTTJkR2NicDhsd0Y5ZmxtRG1YcG95Q0JKNm1zOVpBRE8wU1NxaTFKbEdHYVlITHc,
33,https://lh3.googleusercontent.com/a-/AAuE7mC8LmpHasUwJbhZP6k6j5g6PpuGmX02klakUmw6Cw=w48-h48-p-rw, Rizki Sindhuarta ,3,com.kpuripemilu2019,"  sebenarnya aplikasi ini kurang berguna, toh dibuka nyambung ke browser.  ","February 11, 2019",gp:AOqpTOHlNZVzhjMBXkcKAgJcnsM10ZjFsaxwhr-43pnvwfxvQ_ERsaEM6AEVrvQln7x2-5zdILTRqDBlmlHapA,/store/apps/details?id=com.kpuripemilu2019&reviewId=Z3A6QU9xcFRPSGxOWlZ6aGpNQlhrY0tBZ0pjbnNNMTBaakZzYXh3aHItNDNwbnZ3Znh2UV9FUnNhRU02QUVWcnZRbG43eDItNXpkSUxUUnFEQmxtbEhhcEE,
34,https://lh4.googleusercontent.com/-jv6PLXiZF4o/AAAAAAAAAAI/AAAAAAAAAAA/ACHi3rdlgOBV8szSVVCVtbiNfpVPjNCI8w/w48-h48-p-rw/photo.jpg, Rara Matra ,1,com.kpuripemilu2019,"  cukuplah memasukkan NIK karena memang NIK terdaftar untuk 1 orang,,gak mungkin 1 NIK banyak nama kecuali memang 'dipaksakan' ,,,,  ","February 26, 2019",gp:AOqpTOEG7pDb37Wz9Xuz7G5eY09X6AkOsgiF2y0s62V-XHE1auin3aW-OqC3LdqSOQL7g44UWYTY7NwyGBcLow,/store/apps/details?id=com.kpuripemilu2019&reviewId=Z3A6QU9xcFRPRUc3cERiMzdXejlYdXo3RzVlWTA5WDZBa09zZ2lGMnkwczYyVi1YSEUxYXVpbjNhVy1PcUMzTGRxU09RTDdnNDRVV1lUWTdOd3lHQmNMb3c,
35,https://lh3.googleusercontent.com/a-/AAuE7mCrqPQDepAfDhKShXFxTn2Zx8fe5RzkbQNc7zYXww=w48-h48-p-rw, Mas Agung Aji Priya Nanda ,1,com.kpuripemilu2019,"  aplikasinya terkesan setengah2. mau cek DPT, malah diarahkan ke web browser. udah gitu, d menu d web browser harus masukkan nama dan NIK. harusnya NIK aja dulu, baru kalo ada data yg sama, bisa ditampilin dalam list. dan, kalo hasilnya gak kedaftar, disitu keterangannya malah ""TIDAK TERDAFTAR ATAU SUSUNAN NAMA SALAH"", harusnya salah satu dong. terkesannya, aplikasi ini hnya untuk shortcut link dari browser saja. gedek gw, pdahal dah berminat nyoblos nanti tgl 7 April.  ","February 6, 2019",gp:AOqpTOGldf9YePhTFFQbM9ggzo0f9bd_eRVXSMAbwWRQ6wUE-pJ_UpaRPr-GEJBl3qhQEgArNk7Fy3p71MDHqA,/store/apps/details?id=com.kpuripemilu2019&reviewId=Z3A6QU9xcFRPR2xkZjlZZVBoVEZGUWJNOWdnem8wZjliZF9lUlZYU01BYndXUlE2d1VFLXBKX1VwYVJQci1HRUpCbDNxaFFFZ0FyTms3RnkzcDcxTURIcUE,
36,https://lh3.googleusercontent.com/a-/AAuE7mCoEoiV3Pb678JpYXnEdlxC5k3V1DvQ_RrFayjuwQ=w48-h48-p-rw, janto havianto ,5,com.kpuripemilu2019,"  Semoga bisa membantu dengan data yg akurat, cepat dan bisa dipertanggungjawabkan  ","February 23, 2019",gp:AOqpTOG733XGbt75lh2kGZX5G_S4ANvpL2TEyNkkyc4hsRxuhUOK6Kxh6nkroB7YdqM0XccNCMxBdIcUtulwUw,/store/apps/details?id=com.kpuripemilu2019&reviewId=Z3A6QU9xcFRPRzczM1hHYnQ3NWxoMmtHWlg1R19TNEFOdnBMMlRFeU5ra3ljNGhzUnh1aFVPSzZLeGg2bmtyb0I3WWRxTTBYY2NOQ014QmRJY1V0dWx3VXc,
37,https://lh5.googleusercontent.com/-QBFJpcMzLdo/AAAAAAAAAAI/AAAAAAAAAAA/ACHi3rfO4KI_KbQ33KFcH8EyDnMFZocclg/w48-h48-p-rw/photo.jpg, Irsyad Desman ,1,com.kpuripemilu2019,"  cuma di redirect ke web, bukan app dong namanya  ","February 17, 2019",gp:AOqpTOGuNPl_IXOpV8ZndFoFPQdLC5XTQ9UMEfiqHDmz-rWsH1f2GXC_nM0mCOeuL13Yxxmlgm1eYIOMBrjldw,/store/apps/details?id=com.kpuripemilu2019&reviewId=Z3A6QU9xcFRPR3VOUGxfSVhPcFY4Wm5kRm9GUFFkTEM1WFRROVVNRWZpcUhEbXotcldzSDFmMkdYQ19uTTBtQ09ldUwxM1l4eG1sZ20xZVlJT01CcmpsZHc,
38,https://lh3.googleusercontent.com/a-/AAuE7mD3apx5OE3aIuEw9SwFBucJAiwEVu1jXgQoyte6=w48-h48-p-rw, Carlos Paju ,2,com.kpuripemilu2019,  nama saya juga gk ada..mohon di cek data saya kpu  ,"March 23, 2019",gp:AOqpTOENf5hTdcCHi24MR1--xCf2d3YAVrkPvu3aHBnE1EixjWLgpbDG2wnjzR-Ia0Sk2DElgZXMN46spOeXsw,/store/apps/details?id=com.kpuripemilu2019&reviewId=Z3A6QU9xcFRPRU5mNWhUZGNDSGkyNE1SMS0teENmMmQzWUFWcmtQdnUzYUhCbkUxRWl4aldMZ3BiREcyd25qelItSWEwU2syREVsZ1pYTU40NnNwT2VYc3c,
39,https://lh3.googleusercontent.com/a-/AAuE7mCnyR-Q8tm_eGRJIV_Xu3RUG8ealnn3I-vQT5Hz=w48-h48-p-rw, budi syafrul ,1,com.kpuripemilu2019,  kombinasi nik ama no ktp koq bisa salah  ,"February 11, 2019",gp:AOqpTOFmw9o63bQJmZ9Yl6bEAzmz4RPu7kLLU0llKfhjuhsjxfSEt8JoJndHxfTLzNytULN8goLmlzaawiAwBQ,/store/apps/details?id=com.kpuripemilu2019&reviewId=Z3A6QU9xcFRPRm13OW82M2JRSm1aOVlsNmJFQXptejRSUHU3a0xMVTBsbEtmaGp1aHNqeGZTRXQ4Sm9KbmRIeGZUTHpOeXRVTE44Z29MbWx6YWF3aUF3QlE,
40,https://lh3.googleusercontent.com/a-/AAuE7mDuFQZwKFb_X64aTeyvjelecslv_Ky3Supcsnllnw=w48-h48-p-rw, Rudi Muryanta ,5,com.kpuripemilu2019,  Tolong disajikan juga data jumlah dpt per tps.  ,"January 10, 2019",gp:AOqpTOHxIjiXXxc6gZBaFqGK__H3sl72oat9EJKEJ7x4RjXNpS0yFfGf7Wm4-DpUU_Po015qKi5Qv35R3QWF0w,/store/apps/details?id=com.kpuripemilu2019&reviewId=Z3A6QU9xcFRPSHhJamlYWHhjNmdaQmFGcUdLX19IM3NsNzJvYXQ5RUpLRUo3eDRSalhOcFMweUZmR2Y3V200LURwVVVfUG8wMTVxS2k1UXYzNVIzUVdGMHc,
41,https://lh4.googleusercontent.com/-yFzIAli8tMk/AAAAAAAAAAI/AAAAAAAAAAA/ACHi3rf3PtuMlufH5gHYNmjiJx4CszWYsw/w48-h48-p-rw/photo.jpg, fuad arif.n157 ,1,com.kpuripemilu2019,"  saya sudah punya ktp kok belum terdaftar dpt,,aneh!  ","March 12, 2019",gp:AOqpTOF6GMOwey5dse4DrMzOYTUkQZ1Zl4i5rhG6FfxMsB85HZfJ3AoWeSHUczhQhyOdRCRXH3Xj5k90Z52CmA,/store/apps/details?id=com.kpuripemilu2019&reviewId=Z3A6QU9xcFRPRjZHTU93ZXk1ZHNlNERyTXpPWVRVa1FaMVpsNGk1cmhHNkZmeE1zQjg1SFpmSjNBb1dlU0hVY3poUWh5T2RSQ1JYSDNYajVrOTBaNTJDbUE,
42,https://lh3.googleusercontent.com/a-/AAuE7mDtDxN-2hfrV-SXUPKk7we0N_yY6BcCY9aTlmZByg=w48-h48-p-rw, diehard e98 ,1,com.kpuripemilu2019,"  Ga bisa lapor, ga bisa daftar. Ga ada gunanya sama sekali..  ","March 20, 2019",gp:AOqpTOG59BfUtog37-1-G9p9R-cXw8iqvyQu9MGSI8KSm6Hr8FBh_7M8ed5Aq8BskEAwWJojGE3LpMuuX9CUzg,/store/apps/details?id=com.kpuripemilu2019&reviewId=Z3A6QU9xcFRPRzU5QmZVdG9nMzctMS1HOXA5Ui1jWHc4aXF2eVF1OU1HU0k4S1NtNkhyOEZCaF83TThlZDVBcThCc2tFQXdXSm9qR0UzTHBNdXVYOUNVemc,
43,https://lh6.googleusercontent.com/-uE-fFps4cI4/AAAAAAAAAAI/AAAAAAAAAAA/ACHi3rfYtMqdFFx1BjbYbfhBU1cUMsiauQ/w48-h48-p-rw/photo.jpg, ani saban ,1,com.kpuripemilu2019,  Gak bisa cek daftar pemilih. Layar loading terus.  ,"March 15, 2019",gp:AOqpTOFubVqTPZ9TFSwqHzQETYpmJAnDCFnjEDJvopFGsH0AqtnuM4fxVLGAtrv4oAV0S2kE3OWzmL7DJ-_uMQ,/store/apps/details?id=com.kpuripemilu2019&reviewId=Z3A6QU9xcFRPRnViVnFUUFo5VEZTd3FIelFFVFlwbUpBbkRDRm5qRURKdm9wRkdzSDBBcXRudU00ZnhWTEdBdHJ2NG9BVjBTMmtFM09Xem1MN0RKLV91TVE,
44,https://lh3.googleusercontent.com/a-/AAuE7mB-tsXw3KsnhaBi_Hk2wbfbq--wCnfsyb52izI5=w48-h48-p-rw, Diego Yanda Setiawan ,1,com.kpuripemilu2019,  Mana fitur lapornya ? kok malah redirect web  ,"February 17, 2019",gp:AOqpTOH5huJs_oBbINFT_u_MIQfaTKw9P_hVB7sEN_rWNYX20seGfsMZCskAQktMdgzyxf9cT0SaKnKYuGWm0Q,/store/apps/details?id=com.kpuripemilu2019&reviewId=Z3A6QU9xcFRPSDVodUpzX29CYklORlRfdV9NSVFmYVRLdzlQX2hWQjdzRU5fcldOWVgyMHNlR2ZzTVpDc2tBUWt0TWRnenl4ZjljVDBTYUtuS1l1R1dtMFE,
45,https://lh3.googleusercontent.com/a-/AAuE7mCaH09TPcN2VYuwil-1Ew-g0d4Jl8adWrx5fmOm0g=w48-h48-p-rw, Weychan Sibarani ,1,com.kpuripemilu2019,  Masak NIK saya tidak terdaftar jadi WNI?  ,"March 10, 2019",gp:AOqpTOHUZCeE1c7KflmXV7W4xy2E-F-IV678xPHkd0jlcWvnPW2jL80bTx6Zbqm-d14xTSQnv-h7XLZxqgiwKA,/store/apps/details?id=com.kpuripemilu2019&reviewId=Z3A6QU9xcFRPSFVaQ2VFMWM3S2ZsbVhWN1c0eHkyRS1GLUlWNjc4eFBIa2QwamxjV3ZuUFcyakw4MGJUeDZaYnFtLWQxNHhUU1Fudi1oN1hMWnhxZ2l3S0E,
46,https://lh3.googleusercontent.com/-0YP4YjHJKuU/AAAAAAAAAAI/AAAAAAAAAAA/ACHi3rdJ8JuEN5OuQTF95S_PfeGDqEL17Q/w48-h48-p-rw/photo.jpg, Filipus Heryanto ,1,com.kpuripemilu2019,  program ndak bisa dipakai kok bangga  ,"March 4, 2019",gp:AOqpTOHEd8SZqaju7MscGoIaoOf4Ai0u-qcdKUVHz-90DdzKEPyja9y5kJvSb1KGemOBlX0hSL_xjHrry1IAwA,/store/apps/details?id=com.kpuripemilu2019&reviewId=Z3A6QU9xcFRPSEVkOFNacWFqdTdNc2NHb0lhb09mNEFpMHUtcWNkS1VWSHotOTBEZHpLRVB5amE5eTVrSnZTYjFLR2VtT0JsWDBoU0xfeGpIcnJ5MUlBd0E,
47,https://lh5.googleusercontent.com/-4r_I86r3bIQ/AAAAAAAAAAI/AAAAAAAAAAA/ACHi3rfXjgnptxlVvMV_Y-IOwujWDzRUWg/w48-h48-p-rw/photo.jpg, Rian Iskandar ,1,com.kpuripemilu2019,  Aplikasi apa bookmark? redirect ke browser semua -_-  ,"January 21, 2019",gp:AOqpTOFDf5oTykMbdNDGV2jaB0I9yrGBZH7nOJdImdI5orBpM8cjWAfWudxTOKcz2lDreoZsc648GVxhPbwCXQ,/store/apps/details?id=com.kpuripemilu2019&reviewId=Z3A6QU9xcFRPRkRmNW9UeWtNYmROREdWMmphQjBJOXlyR0JaSDduT0pkSW1kSTVvckJwTThjaldBZld1ZHhUT0tjejJsRHJlb1pzYzY0OEdWeGhQYndDWFE,
48,https://lh6.googleusercontent.com/-adArl3aSb0Q/AAAAAAAAAAI/AAAAAAAAAAA/ACHi3rcG4hb2rWmG0rfbDCtg3S2DV37wzg/w48-h48-p-rw/photo.jpg, Andi simatupang ,1,com.kpuripemilu2019,  apps yg tidak berguna. habisin anggaran saja.  ,"March 12, 2019",gp:AOqpTOG94DEjS6KUjKuhDRVTFvQ1eY4mas-4zXyQwp-Vtb8QpqgJrgVBnpLV23f2KI9aSanIoGWthSIq4obXIw,/store/apps/details?id=com.kpuripemilu2019&reviewId=Z3A6QU9xcFRPRzk0REVqUzZLVWpLdWhEUlZURnZRMWVZNG1hcy00elh5UXdwLVZ0YjhRcHFnSnJnVkJucExWMjNmMktJOWFTYW5Jb0dXdGhTSXE0b2JYSXc,
49,https://lh3.googleusercontent.com/a-/AAuE7mAc-aXVW38zRTp7IG8rC65tV-3f_CUC0P2eu15YHyQ=w48-h48-p-rw, mhaat myat ,1,com.kpuripemilu2019,  Gmana ceritanya ngga terdaftar di dpt :(  ,"January 18, 2019",gp:AOqpTOFo7RKZza67TUX2ND8ZBf-iVInXHpisbZv_X2DMDm_TyIK70AX_rJQEqCreMcnQJMGIHSwPaDG3R_mDRQ,/store/apps/details?id=com.kpuripemilu2019&reviewId=Z3A6QU9xcFRPRm83UktaemE2N1RVWDJORDhaQmYtaVZJblhIcGlzYlp2X1gyRE1EbV9UeUlLNzBBWF9ySlFFcUNyZU1jblFKTUdJSFN3UGFERzNSX21EUlE,
50,https://lh3.googleusercontent.com/a-/AAuE7mArpkXS6A_pH91Hpvo7Cj-rWH6xfxqwLGy1AwPg5w=w48-h48-p-rw, Lisa Kurnia ,5,com.kpuripemilu2019,  Bagus. Berjalan sesuai yg di tulis di arahan.  ,"March 1, 2019",gp:AOqpTOFbPA1UhpB3Y7p63dEra1t1Iflh0tG8sPXCiktOv3FAHSaCUwaHlWrvJelrQVkDW4X6DhAT7-W7XRNkrg,/store/apps/details?id=com.kpuripemilu2019&reviewId=Z3A6QU9xcFRPRmJQQTFVaHBCM1k3cDYzZEVyYTF0MUlmbGgwdEc4c1BYQ2lrdE92M0ZBSFNhQ1V3YUhsV3J2SmVsclFWa0RXNFg2RGhBVDctVzdYUk5rcmc,
51,https://lh6.googleusercontent.com/-Fl4-f-3X5d8/AAAAAAAAAAI/AAAAAAAAAAA/ACHi3rdnQHpAnr7TTqu9imPdB0ZJfI2Sew/w48-h48-p-rw/photo.jpg, Randy Taufik ,1,com.kpuripemilu2019,  Can't register the data via apps  ,"March 18, 2019",gp:AOqpTOFSr3dSWBiGY56BEeeqZlW1l2R72DM200zQqZX8slZNQpJM0V4yLcicnh-yOgBTYN8mdQcXjZaJGY9aYg,/store/apps/details?id=com.kpuripemilu2019&reviewId=Z3A6QU9xcFRPRlNyM2RTV0JpR1k1NkJFZWVxWmxXMWwyUjcyRE0yMDB6UXFaWDhzbFpOUXBKTTBWNHlMY2ljbmgteU9nQlRZTjhtZFFjWGpaYUpHWTlhWWc,
52,https://lh3.googleusercontent.com/a-/AAuE7mANaff7og0Pp9ZBCeC5rEu6OpLVqWYk5Q6gV7uC7A=w48-h48-p-rw, fionix evelyn ,1,com.kpuripemilu2019,  IT'S NOT WORKING AT ALL  ,"March 14, 2019",gp:AOqpTOFOK0fAFWF_BH7U-TpIQ-I3niVMNB45ohaqTjxqQgfAHRqN6JkhvcZnVd2YXmjc2y7gnf6HofpM8Vp9RA,/store/apps/details?id=com.kpuripemilu2019&reviewId=Z3A6QU9xcFRPRk9LMGZBRldGX0JIN1UtVHBJUS1JM25pVk1OQjQ1b2hhcVRqeHFRZ2ZBSFJxTjZKa2h2Y1puVmQyWVhtamMyeTdnbmY2SG9mcE04VnA5UkE,
53,https://lh6.googleusercontent.com/-qgzd-1GTPCI/AAAAAAAAAAI/AAAAAAAAAAA/ACHi3rfHaeCnHxAb-p54Uzk_3ddz_wCjuQ/w48-h48-p-rw/photo.jpg, Mustafa K ,1,com.kpuripemilu2019,  bintang berbicara lah ya  ,"February 5, 2019",gp:AOqpTOFn5NH1CPYYHyVGArdAstQuI9yq0xkRtgIKhhY01ND23utn958Y9bv9s9pdW6TR8TMaprMQz6zm1yv13w,/store/apps/details?id=com.kpuripemilu2019&reviewId=Z3A6QU9xcFRPRm41TkgxQ1BZWUh5VkdBcmRBc3RRdUk5eXEweGtSdGdJS2hoWTAxTkQyM3V0bjk1OFk5YnY5czlwZFc2VFI4VE1hcHJNUXo2em0xeXYxM3c,
54,https://lh3.googleusercontent.com/a-/AAuE7mDsiXc09LPYlQK7kUQO6r3EowubWoD0zsGeGYUEJg=w48-h48-p-rw, dwi yoga ,1,com.kpuripemilu2019,  hbs instal remove lagi  ,"February 12, 2019",gp:AOqpTOHJAlGpIt6rPUpu1TpAx5xgC5Qaw-6lzTBBSQpV95PSXV_vaUjSKpRZ1_80BBx0cxmcVToZc1QjVTy5Yg,/store/apps/details?id=com.kpuripemilu2019&reviewId=Z3A6QU9xcFRPSEpBbEdwSXQ2clBVcHUxVHBBeDV4Z0M1UWF3LTZselRCQlNRcFY5NVBTWFZfdmFValNLcFJaMV84MEJCeDBjeG1jVlRvWmMxUWpWVHk1WWc,
55,https://lh3.googleusercontent.com/a-/AAuE7mCJD2l8tUrHE8cMYjWIdDnDM4xm7TZlaWSkp0GTAg=w48-h48-p-rw, Ammar Kaafi ,1,com.kpuripemilu2019,  aplikasi sampah ga guna  ,"February 17, 2019",gp:AOqpTOFliVmEPTGJNdmAm-AZNHVv3oS5cBA32AOWz4BAJKNFgjM3g7O7gUyS1VkKKynyjSm_PRgZMvDU5rYsCA,/store/apps/details?id=com.kpuripemilu2019&reviewId=Z3A6QU9xcFRPRmxpVm1FUFRHSk5kbUFtLUFaTkhWdjNvUzVjQkEzMkFPV3o0QkFKS05GZ2pNM2c3TzdnVXlTMVZrS0t5bnlqU21fUFJnWk12RFU1cllzQ0E,
56,https://lh5.googleusercontent.com/-BMJgkYR7TSg/AAAAAAAAAAI/AAAAAAAAAAA/YPAT-d3-F9s/w48-h48-p-rw/photo.jpg, ,1,com.kpuripemilu2019,  tidak ada tombol pengaduan  ,"February 28, 2019",gp:AOqpTOG0PoCka18H-0Iw-h_1t_J6W71Hn3z9JgicyfefIu-4x01URs06YvIEXQmmyS96GypsvlJ4PINpb8iR7A,/store/apps/details?id=com.kpuripemilu2019&reviewId=Z3A6QU9xcFRPRzBQb0NrYTE4SC0wSXctaF8xdF9KNlc3MUhuM3o5SmdpY3lmZWZJdS00eDAxVVJzMDZZdklFWFFtbXlTOTZHeXBzdmxKNFBJTnBiOGlSN0E,
57,https://lh3.googleusercontent.com/a-/AAuE7mCtiZhoSMesJS5i7X2DDMau-5Hw9wnjM5zsBAwsGg=w48-h48-p-rw, shikta sanyal ,1,littleblackbook.com.littleblackbook.lbbdapp.lbb,"  Even after several updates,I have never been able to use your app.It never opens,just keeps on showing for hours that it's loading.Very disappointed.  ","September 23, 2017",gp:AOqpTOFCH8vkCXxa_7VzjFYt9TaOD8mChYk6FiaUdd1u1X6TxLWZIuTL3XKulLCH_pDe1YwwRm2TvLaS8Kh5,/store/apps/details?id=littleblackbook.com.littleblackbook.lbbdapp.lbb&reviewId=Z3A6QU9xcFRPRkNIOHZrQ1h4YV83VnpqRll0OVRhT0Q4bUNoWWs2RmlhVWRkMXUxWDZUeExXWkl1VEwzWEt1bExDSF9wRGUxWXd3Um0yVHZMYVM4S2g1,
58,https://lh3.googleusercontent.com/a-/AAuE7mCT9tyd-E-m6pDaqGX6VCiMDDtfwy1_1WNnvk_j3A=w48-h48-p-rw, Anuraj Jain ,2,littleblackbook.com.littleblackbook.lbbdapp.lbb,  Should have a feedback mechanism. I went for a tour i came across on the app and it was super lame. There's no way to let anyone know though.  ,"October 22, 2017",gp:AOqpTOEQo4OPI6m53GQYG2QctUFveSNKBhTJhsirTgOArZefdOWvLT73dvNRTXa2YBqndAKxT5078G7MgyiA,/store/apps/details?id=littleblackbook.com.littleblackbook.lbbdapp.lbb&reviewId=Z3A6QU9xcFRPRVFvNE9QSTZtNTNHUVlHMlFjdFVGdmVTTktCaFRKaHNpclRnT0FyWmVmZE9XdkxUNzNkdk5SVFhhMllCcW5kQUt4VDUwNzhHN01neWlB,
59,https://lh3.googleusercontent.com/a-/AAuE7mAgSRsVmE8_7F7MfxEhx3RUb8hKoLLKF55aS0ZB2Qg=w48-h48-p-rw, Sourav Chandra ,1,littleblackbook.com.littleblackbook.lbbdapp.lbb,  Not even able to load the first screen. Stuck at fetching location.  ,"September 24, 2017",gp:AOqpTOG1iWmSHhmG0gXhZE5GYo66DSbwgoGXVTEy_MTWIdfsS3Gf74E3Z7Gjy4xo1eQ8egpGgRlbKmAixThv,/store/apps/details?id=littleblackbook.com.littleblackbook.lbbdapp.lbb&reviewId=Z3A6QU9xcFRPRzFpV21TSGhtRzBnWGhaRTVHWW82NkRTYndnb0dYVlRFeV9NVFdJZGZzUzNHZjc0RTNaN0dqeTR4bzFlUThlZ3BHZ1JsYkttQWl4VGh2,
60,https://lh5.googleusercontent.com/-uw7WQTilwQE/AAAAAAAAAAI/AAAAAAAAAAA/ACHi3rfFrPlj-62E5R-2TXGs5G7R4uj-LA/w48-h48-p-rw/photo.jpg, Sourabh Salvi ,5,littleblackbook.com.littleblackbook.lbbdapp.lbb,  All of the city happenings under one app!!!!  ,"September 19, 2017",gp:AOqpTOGVfoU7tHXOxd3LBNHpLe35iZ9rEXj3nXSXLnTNAtrQBm7LzPHZ7WYK-JDOtPs6gYX-cE3tWEic1SUp,/store/apps/details?id=littleblackbook.com.littleblackbook.lbbdapp.lbb&reviewId=Z3A6QU9xcFRPR1Zmb1U3dEhYT3hkM0xCTkhwTGUzNWlaOXJFWGozblhTWExuVE5BdHJRQm03THpQSFo3V1lLLUpET3RQczZnWVgtY0UzdFdFaWMxU1Vw,
61,https://lh3.googleusercontent.com/a-/AAuE7mAjJNkuQ_vCBFAHwBfe_DQGh87rGmcK6HH9vxPvwzg=w48-h48-p-rw, Abhishek Sahni ,5,littleblackbook.com.littleblackbook.lbbdapp.lbb,"  All the great shots at one place, kuddos to this brilliant idea  ","September 27, 2017",gp:AOqpTOHu2Ay4SldKdxpvhhLdKMbCWSHWjPuBvla7ZLSHnBtrrhz3eg2Ph59HfrTHxlovYzg5r2HWuBuaiRxo,/store/apps/details?id=littleblackbook.com.littleblackbook.lbbdapp.lbb&reviewId=Z3A6QU9xcFRPSHUyQXk0U2xkS2R4cHZoaExkS01iQ1dTSFdqUHVCdmxhN1pMU0huQnRycmh6M2VnMlBoNTlIZnJUSHhsb3ZZemc1cjJIV3VCdWFpUnhv,
62,https://lh3.googleusercontent.com/a-/AAuE7mDylejXw7iFY_WdJb3fbQuxr8aqy6HF0vbMpARVjg=w48-h48-p-rw, rahul mohan ,5,littleblackbook.com.littleblackbook.lbbdapp.lbb,  I just love the app  ,"January 2, 2018",gp:AOqpTOH2Cl04-pvKQv-R882tZxfqZXMvhWVUyJbihJYtI2CX-LmIO5FjJUiKFZf-JyAqsjaYAJVaOXr2BTxT,/store/apps/details?id=littleblackbook.com.littleblackbook.lbbdapp.lbb&reviewId=Z3A6QU9xcFRPSDJDbDA0LXB2S1F2LVI4ODJ0WnhmcVpYTXZoV1ZVeUpiaWhKWXRJMkNYLUxtSU81RmpKVWlLRlpmLUp5QXFzamFZQUpWYU9YcjJCVHhU,
63,https://lh3.googleusercontent.com/a-/AAuE7mAFIsFiV5YW0vYLeDhaXGFtO4ifaBEdgLU22gPBDA=w48-h48-p-rw, Kinjal Surti ,5,littleblackbook.com.littleblackbook.lbbdapp.lbb,  Amazing app  ,"September 26, 2017",gp:AOqpTOGPFAkUghFz7yuqCsmS0t3jt9bZUJyjwdvfvnvKguf7xyreR-78jiXVlrPWXsDmdG9wj1gH33e27ba2,/store/apps/details?id=littleblackbook.com.littleblackbook.lbbdapp.lbb&reviewId=Z3A6QU9xcFRPR1BGQWtVZ2hGejd5dXFDc21TMHQzanQ5YlpVSnlqd2R2ZnZudktndWY3eHlyZVItNzhqaVhWbHJQV1hzRG1kRzl3ajFnSDMzZTI3YmEy,
64,https://lh3.googleusercontent.com/a-/AAuE7mB6bxudnOJ6q_WI1GyZAXed623fpU5lh_ERrbzZ=w48-h48-p-rw, Nguyen Dang Hoang Minh ,5,littleblackbook.com.littleblackbook.lbbdapp.lbb,  Perfect app for any explorer.  ,"September 18, 2017",gp:AOqpTOGSbKdl20J6vJkoi0JOROovrTnxPrVZWJxcCGk5Gkb_9Zn03AY97d-S-Fe9x1AyP3nixhYYkB6Uz_L5,/store/apps/details?id=littleblackbook.com.littleblackbook.lbbdapp.lbb&reviewId=Z3A6QU9xcFRPR1NiS2RsMjBKNnZKa29pMEpPUk9vdnJUbnhQclZaV0p4Y0NHazVHa2JfOVpuMDNBWTk3ZC1TLUZlOXgxQXlQM25peGhZWWtCNlV6X0w1,
65,https://lh3.googleusercontent.com/a-/AAuE7mBuhu4ZpXmHK526jsFjKFR0w2KYDVCku77274jS=w48-h48-p-rw, bebo ,4,littleblackbook.com.littleblackbook.lbbdapp.lbb,"  Great app! Could've been better. Crashes and lags a lot. Very slow at times. Please fix the app. App freezes most of the times that I have to restart my phone!!! Fix it, ASAP. Otherwise, this is a brilliant app! Thanks.  ","September 13, 2017",gp:AOqpTOHPTbImByLpFAImXMkS_H6kuLCXRfpsgJe-6QHx6vmIKtE-DK4d90isP8he2Cna76hh9dGtFmcruecY,/store/apps/details?id=littleblackbook.com.littleblackbook.lbbdapp.lbb&reviewId=Z3A6QU9xcFRPSFBUYkltQnlMcEZBSW1YTWtTX0g2a3VMQ1hSZnBzZ0plLTZRSHg2dm1JS3RFLURLNGQ5MGlzUDhoZTJDbmE3NmhoOWRHdEZtY3J1ZWNZ,
66,https://lh3.googleusercontent.com/a-/AAuE7mBfTJMDqwWV6u4F-_VBZ9zW6kKzDIEuEC84e8Tm9g=w48-h48-p-rw, Mayuresh Vaidya ,5,littleblackbook.com.littleblackbook.lbbdapp.lbb,  Love the app giving short reviews of places and things around in the city. Amazing work guys. Would like to have a more easy way to view the events around the city.  ,"September 16, 2017",gp:AOqpTOGF0gvdx4iryWRloWRhgjf4wqwVkmiwNJHQQsn_72j-48YEgDoOIfKxnoeok-qiYmg1053DWRuMb_mK,/store/apps/details?id=littleblackbook.com.littleblackbook.lbbdapp.lbb&reviewId=Z3A6QU9xcFRPR0YwZ3ZkeDRpcnlXUmxvV1JoZ2pmNHdxd1ZrbWl3TkpIUVFzbl83MmotNDhZRWdEb09JZkt4bm9lb2stcWlZbWcxMDUzRFdSdU1iX21L,
67,https://lh3.googleusercontent.com/a-/AAuE7mACxyUupQsTaX6QF1cjlqh6nVGpx494AMzx9ZtNmg=w48-h48-p-rw, sumit kapur ,5,littleblackbook.com.littleblackbook.lbbdapp.lbb,  Excellent app Best for newcomers to Pune and also those who haven't explored Pune despite being in town since years !  ,"September 14, 2017",gp:AOqpTOH4knOWQQSXah7kxKUJfUC4iGHqCNZbwltbtgP5q2r47UJbi28D-8bNGOqCys4NBnradiMc2XUBmbvU,/store/apps/details?id=littleblackbook.com.littleblackbook.lbbdapp.lbb&reviewId=Z3A6QU9xcFRPSDRrbk9XUVFTWGFoN2t4S1VKZlVDNGlHSHFDTlpid2x0YnRnUDVxMnI0N1VKYmkyOEQtOGJOR09xQ3lzNE5CbnJhZGlNYzJYVUJtYnZV,
68,https://lh3.googleusercontent.com/a-/AAuE7mAUZ5YcQGSYjMXQIc3EyQ9U9-ZnFN2XdAApeDaBYg=w48-h48-p-rw, ,5,littleblackbook.com.littleblackbook.lbbdapp.lbb,  It is simply great and very helpful to get to know the hot things happening around.  ,"September 14, 2017",gp:AOqpTOH6fksTK5U0t7cPtIv8m7TRIrv3pyHYNNRWFGOs3PXf-SK8kGWUvRT3xqs2O6a49B4qvq_KDPsmT_NK,/store/apps/details?id=littleblackbook.com.littleblackbook.lbbdapp.lbb&reviewId=Z3A6QU9xcFRPSDZma3NUSzVVMHQ3Y1B0SXY4bTdUUklydjNweUhZTk5SV0ZHT3MzUFhmLVNLOGtHV1V2UlQzeHFzMk82YTQ5QjRxdnFfS0RQc21UX05L,
69,https://lh4.googleusercontent.com/-UjcksLmzz2c/AAAAAAAAAAI/AAAAAAAAAAA/ACHi3rfRIL6Bav0xZgvF1nWLYnq1CgOnig/w48-h48-p-rw/photo.jpg, soumya seth ,3,littleblackbook.com.littleblackbook.lbbdapp.lbb,  Just add an in app notification system when new articles are posted  ,"September 17, 2017",gp:AOqpTOERJkZyCofq9DEb3hakMjHzWP9q1bWYu14HhbM97nXBZurG_UdUg_3_bChCihkCOx0Lj41Xbg5weSUp,/store/apps/details?id=littleblackbook.com.littleblackbook.lbbdapp.lbb&reviewId=Z3A6QU9xcFRPRVJKa1p5Q29mcTlERWIzaGFrTWpIeldQOXExYldZdTE0SGhiTTk3blhCWnVyR19VZFVnXzNfYkNoQ2loa0NPeDBMajQxWGJnNXdlU1Vw,
70,https://lh3.googleusercontent.com/a-/AAuE7mDf_durMBnnETRSBDxq1JI2b2Tx9Zq6fg5iH5P7=w48-h48-p-rw, Avinash Jadhav ,1,littleblackbook.com.littleblackbook.lbbdapp.lbb,  After update now working in Android Oreo as well. Thanks for update  ,"September 12, 2017",gp:AOqpTOFxnKzrq4lrob0TGzaNkIcT1QWXmoiP38Hs-45woQRD1rJvwWmpemPBExW0tZ3p0vj6OMWfK2NXepxI,/store/apps/details?id=littleblackbook.com.littleblackbook.lbbdapp.lbb&reviewId=Z3A6QU9xcFRPRnhuS3pycTRscm9iMFRHemFOa0ljVDFRV1htb2lQMzhIcy00NXdvUVJEMXJKdndXbXBlbVBCRXhXMHRaM3Awdmo2T01XZksyTlhlcHhJ,
71,https://lh3.googleusercontent.com/-5N0A0k8XQ_k/AAAAAAAAAAI/AAAAAAAAAAA/ACHi3re7VjmNh-0lPT3liGG7W0fib6pnAQ/w48-h48-p-rw/photo.jpg, Ida Mukhiya ,4,littleblackbook.com.littleblackbook.lbbdapp.lbb,  Great app😊. It's very useful for people who like to explore & live life to the fullest😊.  ,"September 15, 2017",gp:AOqpTOGaXfpI66lSZNGqEvK8btSPBwE18j57qoYKt3CpotSrjbIdo3Yj5wYrvQpyltMw3WO4HtrjrU1IQ7Ev,/store/apps/details?id=littleblackbook.com.littleblackbook.lbbdapp.lbb&reviewId=Z3A6QU9xcFRPR2FYZnBJNjZsU1pOR3FFdks4YnRTUEJ3RTE4ajU3cW9ZS3QzQ3BvdFNyamJJZG8zWWo1d1lydlFweWx0TXczV080SHRyanJVMUlRN0V2,
72,https://lh3.googleusercontent.com/a-/AAuE7mDGbYAh9OGF0VMDd7JpqrN-JZsxnxyOVEHu67oPtUs=w48-h48-p-rw, Debleena Guin ,5,littleblackbook.com.littleblackbook.lbbdapp.lbb,  The most up to date guide book for delhi.  ,"September 15, 2017",gp:AOqpTOHmWWq23_9OFX-0lixU8bavpyRp7gHIfU6y7D9GJ7is7hfUihN2EOpHN111et30aNDdv8Wa2SjP684b,/store/apps/details?id=littleblackbook.com.littleblackbook.lbbdapp.lbb&reviewId=Z3A6QU9xcFRPSG1XV3EyM185T0ZYLTBsaXhVOGJhdnB5UnA3Z0hJZlU2eTdEOUdKN2lzN2hmVWloTjJFT3BITjExMWV0MzBhTkRkdjhXYTJTalA2ODRi,
73,https://lh3.googleusercontent.com/a-/AAuE7mBJv-gqJFsBPDdRxZAi0C34mawkNnactIQKDD4l4Rg=w48-h48-p-rw, Gulshan Kumar ,5,littleblackbook.com.littleblackbook.lbbdapp.lbb,  Awesome...  ,"September 13, 2017",gp:AOqpTOGf40X3enTLjZsnW3ln2ZbihrSBOqAOYU-rD0wLFbU7HLGeNMs3jt-zGrsgGDTLWCxcOlhKAEExCYCR,/store/apps/details?id=littleblackbook.com.littleblackbook.lbbdapp.lbb&reviewId=Z3A6QU9xcFRPR2Y0MFgzZW5UTGpac25XM2xuMlpiaWhyU0JPcUFPWVUtckQwd0xGYlU3SExHZU5NczNqdC16R3JzZ0dEVExXQ3hjT2xoS0FFRXhDWUNS,
74,https://lh6.googleusercontent.com/-pc5Tb7P2m3M/AAAAAAAAAAI/AAAAAAAAAAA/ACHi3rfk3sukPIPZHcoccTue_6a6yBjfqQ/w48-h48-p-rw/photo.jpg, Aditi bharadwaj ,1,littleblackbook.com.littleblackbook.lbbdapp.lbb,"  This app has cool stuff but everytime I open it, a minute later it freezes my phone and crashes it and I have to wait for it to restart.  ","September 12, 2017",gp:AOqpTOFueXCrN37aqGCqxZ8pGvnK13m7zzHDlREwlJgkhVHx33dV20S4I-iXr416WK3-yTFHfduMnB_5zg-k,/store/apps/details?id=littleblackbook.com.littleblackbook.lbbdapp.lbb&reviewId=Z3A6QU9xcFRPRnVlWENyTjM3YXFHQ3F4WjhwR3ZuSzEzbTd6ekhEbFJFd2xKZ2toVkh4MzNkVjIwUzRJLWlYcjQxNldLMy15VEZIZmR1TW5CXzV6Zy1r,
75,https://lh3.googleusercontent.com/a-/AAuE7mCu9BRz7x5q3OD0NISBvEhxcvhhPz03TF_xT_sDsg=w48-h48-p-rw, Mohammed Imran ,5,littleblackbook.com.littleblackbook.lbbdapp.lbb,  The best thing about it is that I can promote my parties here for free.  ,"September 10, 2017",gp:AOqpTOFs7krsNVwgdwDfCkZ-ppMQjAtnyIPxgUKHmpwHwfkD158WtZtU2IHGFft2CtISBQQQtVEFGpF9jUFi,/store/apps/details?id=littleblackbook.com.littleblackbook.lbbdapp.lbb&reviewId=Z3A6QU9xcFRPRnM3a3JzTlZ3Z2R3RGZDa1otcHBNUWpBdG55SVB4Z1VLSG1wd0h3ZmtEMTU4V3RadFUySUhHRmZ0MkN0SVNCUVFRdFZFRkdwRjlqVUZp,
76,https://lh3.googleusercontent.com/a-/AAuE7mDR4nb8FcYNMmZtOVa18iaSrH0j3ROBQRxcboAGgRs=w48-h48-p-rw, Kapil Sharma ,5,littleblackbook.com.littleblackbook.lbbdapp.lbb,  Awsome app with awsome updates  ,"September 10, 2017",gp:AOqpTOGvhf1b8dg6TWEyb100OMJgDyCcm2Z4jyYKSf758KncPjEgvfyYIk9T-L4rQfiMJhhoVSH06lHwIK0P,/store/apps/details?id=littleblackbook.com.littleblackbook.lbbdapp.lbb&reviewId=Z3A6QU9xcFRPR3ZoZjFiOGRnNlRXRXliMTAwT01KZ0R5Q2NtMlo0anlZS1NmNzU4S25jUGpFZ3ZmeVlJazlULUw0clFmaU1KaGhvVlNIMDZsSHdJSzBQ,
77,https://lh3.googleusercontent.com/a-/AAuE7mBVMjeguSrPzo6CzOetZeSyFXuUYqQSwEAVCfsOVw=w48-h48-p-rw, abhishek sisodiya ,5,littleblackbook.com.littleblackbook.lbbdapp.lbb,  NiCe place to gather info  ,"September 8, 2017",gp:AOqpTOFVZgLay8IAng2zfOHU6nNnSYyiPNCMXX37W97CRmFLsUgRnsWCoGDMxZMDTBRfdxSgaWQIqPopv0ig,/store/apps/details?id=littleblackbook.com.littleblackbook.lbbdapp.lbb&reviewId=Z3A6QU9xcFRPRlZaZ0xheThJQW5nMnpmT0hVNm5OblNZeWlQTkNNWFgzN1c5N0NSbUZMc1VnUm5zV0NvR0RNeFpNRFRCUmZkeFNnYVdRSXFQb3B2MGln,
78,https://lh3.googleusercontent.com/a-/AAuE7mAI0ywAOv4UcI5rLeOwGeDuqOeiLD8kFx8nGhIwY0k=w48-h48-p-rw, Tinni Sur ,5,littleblackbook.com.littleblackbook.lbbdapp.lbb,  Great app  ,"September 12, 2017",gp:AOqpTOH54S_vubrHGD_pvD9VDxuFQ8n4xax6XM721jBdJDq0FXYSnCXOxN3wMbo0jhDITtVT5pvR-iTiKcTk,/store/apps/details?id=littleblackbook.com.littleblackbook.lbbdapp.lbb&reviewId=Z3A6QU9xcFRPSDU0U192dWJySEdEX3B2RDlWRHh1RlE4bjR4YXg2WE03MjFqQmRKRHEwRlhZU25DWE94TjN3TWJvMGpoRElUdFZUNXB2Ui1pVGlLY1Rr,
79,https://lh3.googleusercontent.com/a-/AAuE7mAu-vmmAmp2DunQNlAVEwh6QfcjmBB4mRSArbux=w48-h48-p-rw, Arijit Bose ,4,littleblackbook.com.littleblackbook.lbbdapp.lbb,  Very unique one...maximum updates are unknown. Good to go guyz !!!  ,"September 21, 2017",gp:AOqpTOH0_uk-m1ugBmPgs1xHrr9O61x8BzxPurmTdph0abKRSJB6qetkxDpUN_PJCel9jIzIhQ10e34F13H4,/store/apps/details?id=littleblackbook.com.littleblackbook.lbbdapp.lbb&reviewId=Z3A6QU9xcFRPSDBfdWstbTF1Z0JtUGdzMXhIcnI5TzYxeDhCenhQdXJtVGRwaDBhYktSU0pCNnFldGt4RHBVTl9QSkNlbDlqSXpJaFExMGUzNEYxM0g0,
80,https://lh3.googleusercontent.com/a-/AAuE7mAXRQasqd5sVEp1-QK945oXBsDyS4kClbP5l2dcLy4=w48-h48-p-rw, Ketki Chodankar ,5,littleblackbook.com.littleblackbook.lbbdapp.lbb,  It's not only a restaurant game... It provides options on many other things happening around the city  ,"September 4, 2017",gp:AOqpTOFiB0btuEmr8a9sqmDtqXlXX8e317sqjBLZCVp_RyCG9V6bGRdgHgpsiHGQQcL5zR4T5Iu7M3oQZUpa,/store/apps/details?id=littleblackbook.com.littleblackbook.lbbdapp.lbb&reviewId=Z3A6QU9xcFRPRmlCMGJ0dUVtcjhhOXNxbUR0cVhsWFg4ZTMxN3NxakJMWkNWcF9SeUNHOVY2YkdSZGdIZ3BzaUhHUVFjTDV6UjRUNUl1N00zb1FaVXBh,
81,https://lh3.googleusercontent.com/a-/AAuE7mBTqz7DnOtbbfU9LGMq5M288MvxPyGF6Bf7IbySLQ=w48-h48-p-rw, Prasad Solanki ,3,littleblackbook.com.littleblackbook.lbbdapp.lbb,  Can't upload images. At all. Very disappointing as I am a photographer  ,"September 2, 2017",gp:AOqpTOHM2rCtaTd2jXuII0NAcZNbyr4b8YdRp-G9HfAcGGpdSUybJJNkgSZvnccbH8V8kwAXyzwIgcNGdJau,/store/apps/details?id=littleblackbook.com.littleblackbook.lbbdapp.lbb&reviewId=Z3A6QU9xcFRPSE0yckN0YVRkMmpYdUlJME5BY1pOYnlyNGI4WWRScC1HOUhmQWNHR3BkU1V5YkpKTmtnU1p2bmNjYkg4Vjhrd0FYeXp3SWdjTkdkSmF1,
82,https://lh6.googleusercontent.com/-wXyzPBk8_Bw/AAAAAAAAAAI/AAAAAAAAAAA/ACHi3rcHK6cb6dnr7AUS0EnOssI_OxswTg/w48-h48-p-rw/photo.jpg, Shashank Negi ,1,littleblackbook.com.littleblackbook.lbbdapp.lbb,  App not working after update.Tell me the solution quick.  ,"September 4, 2017",gp:AOqpTOF4IVvAZIZ1v0rpvKH6CZr6aVnow8_Rm2u2ist3Wh2-f_qyrn6lWl5hAu66LUIX8NwwiS8E0i-01J94,/store/apps/details?id=littleblackbook.com.littleblackbook.lbbdapp.lbb&reviewId=Z3A6QU9xcFRPRjRJVnZBWklaMXYwcnB2S0g2Q1pyNmFWbm93OF9SbTJ1MmlzdDNXaDItZl9xeXJuNmxXbDVoQXU2NkxVSVg4Tnd3aVM4RTBpLTAxSjk0,
83,https://lh3.googleusercontent.com/a-/AAuE7mCWY89sjWN7XTSdz_MRRzS3zowu3j1h4tYG3LiQBg=w48-h48-p-rw, ,5,littleblackbook.com.littleblackbook.lbbdapp.lbb,"  Best app for the Traveller those who wanna explore new cities for hanging out , dates , and partying much more  ","September 7, 2017",gp:AOqpTOGUhgvShPtPqtBh8bN0gutXhp6ZT9lqK-wrCI6CWDpYpBAP8hFWZyx4UYB9CGCg51O0Ju1Kw7VNXd_l,/store/apps/details?id=littleblackbook.com.littleblackbook.lbbdapp.lbb&reviewId=Z3A6QU9xcFRPR1VoZ3ZTaFB0UHF0Qmg4Yk4wZ3V0WGhwNlpUOWxxSy13ckNJNkNXRHBZcEJBUDhoRldaeXg0VVlCOUNHQ2c1MU8wSnUxS3c3Vk5YZF9s,
84,https://lh3.googleusercontent.com/-goGoSQuaZZQ/AAAAAAAAAAI/AAAAAAAAAAA/ACHi3re-5u_xUh7FC0jon-gdVTOOTxSZng/w48-h48-p-rw/photo.jpg, aaratie m ,5,littleblackbook.com.littleblackbook.lbbdapp.lbb,  Its an excellent medium to discover and explore places  ,"September 2, 2017",gp:AOqpTOEg-Rv4Okttnha2kXuQXmCJsc4cydeWqYSf96tIc1wBwMDdtzGVf1rOy3w-wWcy5jegY9pzUS5X74_w,/store/apps/details?id=littleblackbook.com.littleblackbook.lbbdapp.lbb&reviewId=Z3A6QU9xcFRPRWctUnY0T2t0dG5oYTJrWHVRWG1DSnNjNGN5ZGVXcVlTZjk2dEljMXdCd01EZHR6R1ZmMXJPeTN3LXdXY3k1amVnWTlwelVTNVg3NF93,
85,https://lh4.googleusercontent.com/-a2Us2X6hzvk/AAAAAAAAAAI/AAAAAAAAAAA/ACHi3rfqOGbywXXOYVcsu6V-2Tumn4Jgtw/w48-h48-p-rw/photo.jpg, aman shrey ,5,littleblackbook.com.littleblackbook.lbbdapp.lbb,  Kolkata 😍  ,"September 5, 2017",gp:AOqpTOG39y05D2QYwbCEHm19HASRWSszH0wQfKyjezogJMzNviDN9bidrB-7GSBMG4bU3rmAX7h-xQG2Y7L6,/store/apps/details?id=littleblackbook.com.littleblackbook.lbbdapp.lbb&reviewId=Z3A6QU9xcFRPRzM5eTA1RDJRWXdiQ0VIbTE5SEFTUldTc3pIMHdRZkt5amV6b2dKTXpOdmlETjliaWRyQi03R1NCTUc0YlUzcm1BWDdoLXhRRzJZN0w2,
86,https://lh3.googleusercontent.com/a-/AAuE7mBSiqUBXLSnpBN5P6o5eUv9k9WELlcj65KJfEZr=w48-h48-p-rw, anil bisht ,5,littleblackbook.com.littleblackbook.lbbdapp.lbb,  Awesome app!!  ,"September 2, 2017",gp:AOqpTOHy6moQlAti3X4ZgfX_SLUkLVQ0ckIkQ4WC73x0r3O9M_N8KJVciEC_XcWZ93eX7bqjsy6uaEfjJo6F,/store/apps/details?id=littleblackbook.com.littleblackbook.lbbdapp.lbb&reviewId=Z3A6QU9xcFRPSHk2bW9RbEF0aTNYNFpnZlhfU0xVa0xWUTBja0lrUTRXQzczeDByM085TV9OOEtKVmNpRUNfWGNXWjkzZVg3YnFqc3k2dWFFZmpKbzZG,
87,https://lh3.googleusercontent.com/a-/AAuE7mDs6Zz1AqAePQeZ_WBQQyl9YLAdwQYRsKjyEnqe5Q=w48-h48-p-rw, Naresh Toocooltoohot ,5,littleblackbook.com.littleblackbook.lbbdapp.lbb,  Just awesome  ,"August 31, 2017",gp:AOqpTOEwskzYBzLa0WmFzvuEUWIrllDNedvo10WbNyrDspS9c3HCluX0azMOsk7FhQAorPK8LMRxC6_Prv3c,/store/apps/details?id=littleblackbook.com.littleblackbook.lbbdapp.lbb&reviewId=Z3A6QU9xcFRPRXdza3pZQnpMYTBXbUZ6dnVFVVdJcmxsRE5lZHZvMTBXYk55ckRzcFM5YzNIQ2x1WDBhek1Pc2s3RmhRQW9yUEs4TE1SeEM2X1BydjNj,
88,https://lh3.googleusercontent.com/a-/AAuE7mDAI0dt2e7sxl7osGGHkBFmSnP7b6IUUz_XNB0zw58=w48-h48-p-rw, Karthik Raju ,5,littleblackbook.com.littleblackbook.lbbdapp.lbb,  Really nice  ,"August 31, 2017",gp:AOqpTOGa4bo9ykzRSrrpPa2nsFrKU5uaHaEykJ2o1cAkiHzfho2TijkR3wZhE0X2w7P8P5Zgz6HWBDEhijw9,/store/apps/details?id=littleblackbook.com.littleblackbook.lbbdapp.lbb&reviewId=Z3A6QU9xcFRPR2E0Ym85eWt6UlNycnBQYTJuc0ZyS1U1dWFIYUV5a0oybzFjQWtpSHpmaG8yVGlqa1Izd1poRTBYMnc3UDhQNVpnejZIV0JERWhpanc5,
89,https://lh3.googleusercontent.com/a-/AAuE7mDruTLiyRcbjY7Dijb4pQheDlFMjFSG0C98VRtblA=w48-h48-p-rw, neha pradhan ,5,littleblackbook.com.littleblackbook.lbbdapp.lbb,"  This is the ultimate go-to guide while stepping out of your house, when your bored/lazy or hungry! The only suggestion I have for you LBB guys is, please put a reminder button when we save some reccomention so we can remember that we have to visit this place at this time.. This can turn out to be so helpful!! 😍  ","August 18, 2017",gp:AOqpTOG-gleanQ64aMjIa2WRI8oo9Gu22UBjBRayIN0T-nNA9j3WTtfNrqf7pckFmX_shQ-sQZCEokfQjqEd,/store/apps/details?id=littleblackbook.com.littleblackbook.lbbdapp.lbb&reviewId=Z3A6QU9xcFRPRy1nbGVhblE2NGFNaklhMldSSThvbzlHdTIyVUJqQlJheUlOMFQtbk5BOWozV1R0Zk5ycWY3cGNrRm1YX3NoUS1zUVpDRW9rZlFqcUVk,
90,https://lh3.googleusercontent.com/a-/AAuE7mAIgtfc_vHjugUj0nEzXzw_rM57CsiBHka4rx_f0A=w48-h48-p-rw, Debjyoti Samaddar ,5,littleblackbook.com.littleblackbook.lbbdapp.lbb,"  This app is amazing, and the writers in Calcutta are doing a stellar job. I really hope this gets some more traction, a little PR and this can be THE gone to going out in the cities. Good stuff! :D  ","August 22, 2017",gp:AOqpTOEdMz5g94ZnkFWkS0wsvzBkxJpfkuxG0oVilYcH8Z7J16ddd_PLtXj-CkcczMMADjtUg9Tvnm7JvqVM,/store/apps/details?id=littleblackbook.com.littleblackbook.lbbdapp.lbb&reviewId=Z3A6QU9xcFRPRWRNejVnOTRabmtGV2tTMHdzdnpCa3hKcGZrdXhHMG9WaWxZY0g4WjdKMTZkZGRfUEx0WGotQ2tjY3pNTUFEanRVZzlUdm5tN0p2cVZN,
91,https://lh3.googleusercontent.com/a-/AAuE7mCX9wKVGVgq70RFsSN-IqFzf6eP3ZxYI_EllIvVbw=w48-h48-p-rw, Shikha Jha ,5,littleblackbook.com.littleblackbook.lbbdapp.lbb,"  Amazing app. Could be more descriptive and more sections can be added like home decor, DIY or even area specific filters would add more to the app. A very innovative initiative! Love using it.  ","August 17, 2017",gp:AOqpTOHdb9lfRxfEtTk0oQyTBmZeK8eKrB_17Rht8fPbNAy_6EBZ6h5G13whjMD2jcjtCk2Fu-8SH2zJMk_s,/store/apps/details?id=littleblackbook.com.littleblackbook.lbbdapp.lbb&reviewId=Z3A6QU9xcFRPSGRiOWxmUnhmRXRUazBvUXlUQm1aZUs4ZUtyQl8xN1JodDhmUGJOQXlfNkVCWjZoNUcxM3doak1EMmpjanRDazJGdS04U0gyekpNa19z,
92,https://lh3.googleusercontent.com/a-/AAuE7mCOgiZrZhEuB-ohPHeDXrhH2R5ZMT1gk9Wlreg1G4w=w48-h48-p-rw, Sahana Govindraj ,5,littleblackbook.com.littleblackbook.lbbdapp.lbb,  Everything is just wonderful abt your app but if you separate the offer zone posts in a different section ...it would b more easy to access it ....  ,"August 12, 2017",gp:AOqpTOF4QDnq-mmk7IihQlWBntucxNgyhFXlD2OKf3SN4BiJdWl4bFLIngUlA7B-JrzQAFoJQpvUYCTlIhQw,/store/apps/details?id=littleblackbook.com.littleblackbook.lbbdapp.lbb&reviewId=Z3A6QU9xcFRPRjRRRG5xLW1tazdJaWhRbFdCbnR1Y3hOZ3loRlhsRDJPS2YzU040QmlKZFdsNGJGTEluZ1VsQTdCLUpyelFBRm9KUXB2VVlDVGxJaFF3,
93,https://lh3.googleusercontent.com/a-/AAuE7mC9YJlTbjHmqxB6Z9G5uhmw3Bq_WpXQubV9jfqp4Hw=w48-h48-p-rw, Sudhansu Mohanty ,5,littleblackbook.com.littleblackbook.lbbdapp.lbb,  Lovely app with useful info for those interested in knowing events around city.  ,"August 3, 2017",gp:AOqpTOGiCRQipPBL-oWcLkftwyfLbfYu5niCvQJQf-VD9W-EONDNEnhZMainjNMmIArlnSdw3t0r6PtfUU6Y,/store/apps/details?id=littleblackbook.com.littleblackbook.lbbdapp.lbb&reviewId=Z3A6QU9xcFRPR2lDUlFpcFBCTC1vV2NMa2Z0d3lmTGJmWXU1bmlDdlFKUWYtVkQ5Vy1FT05ETkVuaFpNYWluak5NbUlBcmxuU2R3M3QwcjZQdGZVVTZZ,
94,https://lh3.googleusercontent.com/a-/AAuE7mBLVZKL0TZGKGg2wtWPH2BRi5ToKOP4uJeiaMkBgw=w48-h48-p-rw, abhishek m3hra ,5,littleblackbook.com.littleblackbook.lbbdapp.lbb,  It took me to places which I thought did not exist  ,"August 17, 2017",gp:AOqpTOHbbyJzMnFREOQzTFLsMDDC2aVv8Wtbxkwolti_p4mvgsIP1spGZkpAWKrgFlptiJMDkOqc8VxLIfjO,/store/apps/details?id=littleblackbook.com.littleblackbook.lbbdapp.lbb&reviewId=Z3A6QU9xcFRPSGJieUp6TW5GUkVPUXpURkxzTUREQzJhVnY4V3RieGt3b2x0aV9wNG12Z3NJUDFzcEdaa3BBV0tyZ0ZscHRpSk1Ea09xYzhWeExJZmpP,
95,https://lh3.googleusercontent.com/a-/AAuE7mDZhCx7CHISzWBQcBepPVeOzmU7fNpMEbUnR2ERwQ=w48-h48-p-rw, Anusuya Baruah ,5,littleblackbook.com.littleblackbook.lbbdapp.lbb,  It has everything a person could ask for guidance around the city. Love it!  ,"August 7, 2017",gp:AOqpTOG6FZRswVpIndekZ6S0eYeLSEmqv7Oq7rAb95In9kudFrAvhqR6FFck_zN-Zwkc2L6513Hgisle6LkD,/store/apps/details?id=littleblackbook.com.littleblackbook.lbbdapp.lbb&reviewId=Z3A6QU9xcFRPRzZGWlJzd1ZwSW5kZWtaNlMwZVllTFNFbXF2N09xN3JBYjk1SW45a3VkRnJBdmhxUjZGRmNrX3pOLVp3a2MyTDY1MTNIZ2lzbGU2TGtE,
96,https://lh3.googleusercontent.com/a-/AAuE7mDdLdfB-4BOieARggrf7y_OhTl1oOAADHkvsSKj=w48-h48-p-rw, Arupparna Sengupta ,5,littleblackbook.com.littleblackbook.lbbdapp.lbb,"  Fantastic .. all that you need to experience a what makes a city and its people tick, is on your app ! :)  ","August 12, 2017",gp:AOqpTOH20mgVCFQtisdKoup4QcN6gJDCYuiLKq9yq2CgdBgajho3YZvoeVvKRmWTOEmYX9l79AHRWJWcZkZq,/store/apps/details?id=littleblackbook.com.littleblackbook.lbbdapp.lbb&reviewId=Z3A6QU9xcFRPSDIwbWdWQ0ZRdGlzZEtvdXA0UWNONmdKRENZdWlMS3E5eXEyQ2dkQmdhamhvM1ladm9lVnZLUm1XVE9FbVlYOWw3OUFIUldKV2Naa1px,
